format,date,team1,team2,venue,toss_winner,toss_decision,winner,result,team1_runs,team2_runs,team1_wickets,team2_wickets
IPL,2025-05-26,Mumbai Indians,Punjab Kings,"Sawai Mansingh Stadium, Jaipur",Punjab Kings,field,Punjab Kings,Unknown,184,187,7,3
IPL,2026-04-07,Rajasthan Royals,Mumbai Indians,"Barsapara Cricket Stadium, Guwahati",Mumbai Indians,field,Rajasthan Royals,Unknown,150,123,3,9
IPL,2023-04-23,Chennai Super Kings,Kolkata Knight Riders,"Eden Gardens, Kolkata",Kolkata Knight Riders,field,Chennai Super Kings,Unknown,235,186,4,8
IPL,2023-04-02,Mumbai Indians,Royal Challengers Bangalore,"M Chinnaswamy Stadium, Bengaluru",Royal Challengers Bangalore,field,Royal Challengers Bangalore,Unknown,171,172,7,2
IPL,2022-04-15,Kolkata Knight Riders,Sunrisers Hyderabad,"Brabourne Stadium, Mumbai",Sunrisers Hyderabad,field,Sunrisers Hyderabad,Unknown,175,176,8,3
IPL,2013-04-09,Royal Challengers Bangalore,Sunrisers Hyderabad,M Chinnaswamy Stadium,Sunrisers Hyderabad,bat,Royal Challengers Bangalore,Unknown,162,161,3,6
IPL,2011-05-10,Deccan Chargers,Pune Warriors,"Rajiv Gandhi International Stadium, Uppal",Deccan Chargers,bat,Pune Warriors,Unknown,136,137,8,4
IPL,2011-04-20,Mumbai Indians,Pune Warriors,Wankhede Stadium,Pune Warriors,bat,Mumbai Indians,Unknown,124,118,3,10
IPL,2017-04-27,Royal Challengers Bangalore,Gujarat Lions,M Chinnaswamy Stadium,Gujarat Lions,field,Gujarat Lions,Unknown,134,135,10,3
IPL,2020-10-10,Royal Challengers Bangalore,Chennai Super Kings,Dubai International Cricket Stadium,Royal Challengers Bangalore,bat,Royal Challengers Bangalore,Unknown,169,132,4,8
IPL,2011-05-25,Mumbai Indians,Kolkata Knight Riders,Wankhede Stadium,Mumbai Indians,field,Mumbai Indians,Unknown,148,147,6,7
IPL,2022-04-19,Royal Challengers Bangalore,Lucknow Super Giants,"Dr DY Patil Sports Academy, Mumbai",Lucknow Super Giants,field,Royal Challengers Bangalore,Unknown,181,163,6,8
IPL,2017-04-22,Rising Pune Supergiant,Sunrisers Hyderabad,Maharashtra Cricket Association Stadium,Rising Pune Supergiant,field,Rising Pune Supergiant,Unknown,179,176,4,3
IPL,2025-04-02,Royal Challengers Bengaluru,Gujarat Titans,"M Chinnaswamy Stadium, Bengaluru",Gujarat Titans,field,Gujarat Titans,Unknown,169,170,8,2
IPL,2016-04-17,Royal Challengers Bangalore,Delhi Daredevils,M Chinnaswamy Stadium,Delhi Daredevils,field,Delhi Daredevils,Unknown,191,192,5,3
IPL,2008-05-30,Delhi Daredevils,Rajasthan Royals,Wankhede Stadium,Delhi Daredevils,field,Rajasthan Royals,Unknown,87,192,10,9
IPL,2025-05-06,Mumbai Indians,Gujarat Titans,"Wankhede Stadium, Mumbai",Gujarat Titans,field,Gujarat Titans,Unknown,155,147,8,7
IPL,2025-04-15,Punjab Kings,Kolkata Knight Riders,"Maharaja Yadavindra Singh International Cricket Stadium, Mullanpur",Punjab Kings,bat,Punjab Kings,Unknown,111,95,10,10
IPL,2025-04-20,Punjab Kings,Royal Challengers Bengaluru,"Maharaja Yadavindra Singh International Cricket Stadium, Mullanpur",Royal Challengers Bengaluru,field,Royal Challengers Bengaluru,Unknown,157,159,6,3
IPL,2008-05-03,Royal Challengers Bangalore,Deccan Chargers,M Chinnaswamy Stadium,Deccan Chargers,field,Royal Challengers Bangalore,Unknown,156,153,8,6
IPL,2018-04-24,Sunrisers Hyderabad,Mumbai Indians,Wankhede Stadium,Mumbai Indians,field,Sunrisers Hyderabad,Unknown,118,87,10,10
IPL,2010-04-18,Kings XI Punjab,Chennai Super Kings,Himachal Pradesh Cricket Association Stadium,Chennai Super Kings,field,Chennai Super Kings,Unknown,192,195,3,4
IPL,2015-04-10,Kings XI Punjab,Rajasthan Royals,Maharashtra Cricket Association Stadium,Kings XI Punjab,field,Rajasthan Royals,Unknown,136,162,8,7
IPL,2022-04-01,Punjab Kings,Kolkata Knight Riders,"Wankhede Stadium, Mumbai",Kolkata Knight Riders,field,Kolkata Knight Riders,Unknown,137,141,10,4
IPL,2015-05-13,Kings XI Punjab,Royal Challengers Bangalore,"Punjab Cricket Association Stadium, Mohali",Royal Challengers Bangalore,field,Kings XI Punjab,Unknown,106,84,6,6
IPL,2008-04-20,Kolkata Knight Riders,Deccan Chargers,Eden Gardens,Deccan Chargers,bat,Kolkata Knight Riders,Unknown,112,110,5,10
IPL,2009-05-19,Royal Challengers Bangalore,Delhi Daredevils,New Wanderers Stadium,Delhi Daredevils,bat,Royal Challengers Bangalore,Unknown,135,134,3,7
IPL,2018-04-22,Chennai Super Kings,Sunrisers Hyderabad,Rajiv Gandhi International Stadium,Sunrisers Hyderabad,field,Chennai Super Kings,Unknown,182,178,3,6
IPL,2010-03-26,Rajasthan Royals,Deccan Chargers,"Sardar Patel Stadium, Motera",Deccan Chargers,bat,Rajasthan Royals,Unknown,151,148,2,9
IPL,2024-04-24,Delhi Capitals,Gujarat Titans,"Arun Jaitley Stadium, Delhi",Gujarat Titans,field,Delhi Capitals,Unknown,224,220,4,8
IPL,2010-04-08,Royal Challengers Bangalore,Deccan Chargers,M Chinnaswamy Stadium,Deccan Chargers,field,Deccan Chargers,Unknown,184,186,6,3
IPL,2011-04-09,Kochi Tuskers Kerala,Royal Challengers Bangalore,Nehru Stadium,Kochi Tuskers Kerala,bat,Royal Challengers Bangalore,Unknown,161,162,5,4
IPL,2021-04-30,Punjab Kings,Royal Challengers Bangalore,"Narendra Modi Stadium, Ahmedabad",Royal Challengers Bangalore,field,Punjab Kings,Unknown,179,145,5,8
IPL,2012-04-15,Royal Challengers Bangalore,Rajasthan Royals,M Chinnaswamy Stadium,Rajasthan Royals,bat,Rajasthan Royals,Unknown,136,195,10,2
IPL,2011-04-25,Chennai Super Kings,Pune Warriors,"MA Chidambaram Stadium, Chepauk",Pune Warriors,field,Chennai Super Kings,Unknown,142,117,6,9
IPL,2013-04-15,Chennai Super Kings,Pune Warriors,"MA Chidambaram Stadium, Chepauk",Pune Warriors,bat,Pune Warriors,Unknown,135,159,8,5
IPL,2024-04-23,Chennai Super Kings,Lucknow Super Giants,"MA Chidambaram Stadium, Chepauk, Chennai",Lucknow Super Giants,field,Lucknow Super Giants,Unknown,210,213,4,4
IPL,2026-05-23,Lucknow Super Giants,Punjab Kings,"Bharat Ratna Shri Atal Bihari Vajpayee Ekana Cricket Stadium, Lucknow",Punjab Kings,field,Punjab Kings,Unknown,196,200,6,3
IPL,2021-10-06,Sunrisers Hyderabad,Royal Challengers Bangalore,"Zayed Cricket Stadium, Abu Dhabi",Royal Challengers Bangalore,field,Sunrisers Hyderabad,Unknown,141,137,7,6
IPL,2020-10-29,Kolkata Knight Riders,Chennai Super Kings,Dubai International Cricket Stadium,Chennai Super Kings,field,Chennai Super Kings,Unknown,172,178,5,4
IPL,2009-05-10,Delhi Daredevils,Kolkata Knight Riders,New Wanderers Stadium,Delhi Daredevils,field,Delhi Daredevils,Unknown,125,123,3,8
IPL,2024-03-31,Sunrisers Hyderabad,Gujarat Titans,"Narendra Modi Stadium, Ahmedabad",Sunrisers Hyderabad,bat,Gujarat Titans,Unknown,162,168,8,3
IPL,2025-03-26,Rajasthan Royals,Kolkata Knight Riders,"Barsapara Cricket Stadium, Guwahati",Kolkata Knight Riders,field,Kolkata Knight Riders,Unknown,151,153,9,2
IPL,2014-05-09,Royal Challengers Bangalore,Kings XI Punjab,M Chinnaswamy Stadium,Royal Challengers Bangalore,field,Kings XI Punjab,Unknown,166,198,9,8
IPL,2014-05-20,Kolkata Knight Riders,Chennai Super Kings,Eden Gardens,Kolkata Knight Riders,field,Kolkata Knight Riders,Unknown,156,154,2,4
IPL,2019-04-18,Mumbai Indians,Delhi Capitals,Arun Jaitley Stadium,Mumbai Indians,bat,Mumbai Indians,Unknown,168,128,5,9
IPL,2011-05-08,Kings XI Punjab,Pune Warriors,"Punjab Cricket Association Stadium, Mohali",Kings XI Punjab,bat,Pune Warriors,Unknown,119,120,8,5
IPL,2018-05-19,Sunrisers Hyderabad,Kolkata Knight Riders,Rajiv Gandhi International Stadium,Sunrisers Hyderabad,bat,Kolkata Knight Riders,Unknown,172,173,9,5
IPL,2014-04-18,Chennai Super Kings,Kings XI Punjab,Sheikh Zayed Stadium,Chennai Super Kings,bat,Kings XI Punjab,Unknown,205,206,4,4
IPL,2012-05-14,Royal Challengers Bangalore,Mumbai Indians,M Chinnaswamy Stadium,Mumbai Indians,field,Mumbai Indians,Unknown,171,173,6,5
IPL,2022-05-12,Chennai Super Kings,Mumbai Indians,"Wankhede Stadium, Mumbai",Mumbai Indians,field,Mumbai Indians,Unknown,97,103,10,5
IPL,2023-05-04,Kolkata Knight Riders,Sunrisers Hyderabad,"Rajiv Gandhi International Stadium, Uppal, Hyderabad",Kolkata Knight Riders,bat,Kolkata Knight Riders,Unknown,171,166,9,8
IPL,2014-05-05,Rajasthan Royals,Kolkata Knight Riders,"Sardar Patel Stadium, Motera",Kolkata Knight Riders,field,Rajasthan Royals,Unknown,170,160,6,6
IPL,2012-05-22,Delhi Daredevils,Kolkata Knight Riders,Subrata Roy Sahara Stadium,Kolkata Knight Riders,bat,Kolkata Knight Riders,Unknown,144,162,8,4
IPL,2014-05-14,Kolkata Knight Riders,Mumbai Indians,Barabati Stadium,Kolkata Knight Riders,field,Kolkata Knight Riders,Unknown,142,141,4,5
IPL,2019-04-14,Delhi Capitals,Sunrisers Hyderabad,Rajiv Gandhi International Stadium,Sunrisers Hyderabad,field,Delhi Capitals,Unknown,155,116,7,10
IPL,2010-03-16,Royal Challengers Bangalore,Kings XI Punjab,M Chinnaswamy Stadium,Kings XI Punjab,bat,Royal Challengers Bangalore,Unknown,204,203,2,3
IPL,2014-05-18,Sunrisers Hyderabad,Kolkata Knight Riders,"Rajiv Gandhi International Stadium, Uppal",Sunrisers Hyderabad,bat,Kolkata Knight Riders,Unknown,142,146,8,3
IPL,2026-04-16,Mumbai Indians,Punjab Kings,"Wankhede Stadium, Mumbai",Punjab Kings,field,Punjab Kings,Unknown,195,198,6,3
IPL,2011-04-10,Delhi Daredevils,Mumbai Indians,Feroz Shah Kotla,Delhi Daredevils,bat,Mumbai Indians,Unknown,95,99,10,2
IPL,2021-09-19,Chennai Super Kings,Mumbai Indians,Dubai International Cricket Stadium,Chennai Super Kings,bat,Chennai Super Kings,Unknown,156,136,7,8
IPL,2013-04-05,Sunrisers Hyderabad,Pune Warriors,"Rajiv Gandhi International Stadium, Uppal",Pune Warriors,field,Sunrisers Hyderabad,Unknown,126,104,6,10
IPL,2011-04-22,Mumbai Indians,Chennai Super Kings,Wankhede Stadium,Chennai Super Kings,field,Mumbai Indians,Unknown,164,156,4,9
IPL,2010-03-31,Chennai Super Kings,Royal Challengers Bangalore,"MA Chidambaram Stadium, Chepauk",Royal Challengers Bangalore,bat,Chennai Super Kings,Unknown,162,161,5,4
IPL,2018-05-01,Royal Challengers Bangalore,Mumbai Indians,M.Chinnaswamy Stadium,Mumbai Indians,field,Royal Challengers Bangalore,Unknown,167,153,7,7
IPL,2022-04-09,Chennai Super Kings,Sunrisers Hyderabad,"Dr DY Patil Sports Academy, Mumbai",Sunrisers Hyderabad,field,Sunrisers Hyderabad,Unknown,154,155,7,2
IPL,2013-05-14,Royal Challengers Bangalore,Kings XI Punjab,M Chinnaswamy Stadium,Kings XI Punjab,field,Kings XI Punjab,Unknown,174,176,5,3
IPL,2015-04-29,Royal Challengers Bangalore,Rajasthan Royals,M Chinnaswamy Stadium,Rajasthan Royals,field,no result,no result,200,0,7,0
IPL,2008-05-23,Kings XI Punjab,Deccan Chargers,"Punjab Cricket Association Stadium, Mohali",Kings XI Punjab,field,Kings XI Punjab,Unknown,178,175,4,4
IPL,2011-04-13,Pune Warriors,Kochi Tuskers Kerala,Dr DY Patil Sports Academy,Kochi Tuskers Kerala,bat,Pune Warriors,Unknown,151,148,6,8
IPL,2022-04-18,Rajasthan Royals,Kolkata Knight Riders,"Brabourne Stadium, Mumbai",Kolkata Knight Riders,field,Rajasthan Royals,Unknown,217,210,5,10
IPL,2008-04-26,Royal Challengers Bangalore,Rajasthan Royals,M Chinnaswamy Stadium,Rajasthan Royals,field,Rajasthan Royals,Unknown,135,138,8,3
IPL,2026-04-18,Sunrisers Hyderabad,Chennai Super Kings,"Rajiv Gandhi International Stadium, Uppal, Hyderabad",Chennai Super Kings,field,Sunrisers Hyderabad,Unknown,194,184,9,8
IPL,2021-05-02,Punjab Kings,Delhi Capitals,"Narendra Modi Stadium, Ahmedabad",Delhi Capitals,field,Delhi Capitals,Unknown,166,167,6,3
IPL,2014-05-22,Kolkata Knight Riders,Royal Challengers Bangalore,Eden Gardens,Royal Challengers Bangalore,field,Kolkata Knight Riders,Unknown,195,165,4,5
IPL,2017-04-16,Royal Challengers Bangalore,Rising Pune Supergiant,M Chinnaswamy Stadium,Royal Challengers Bangalore,field,Rising Pune Supergiant,Unknown,134,161,9,8
IPL,2018-04-09,Rajasthan Royals,Sunrisers Hyderabad,Rajiv Gandhi International Stadium,Sunrisers Hyderabad,field,Sunrisers Hyderabad,Unknown,125,127,9,1
IPL,2011-04-30,Kochi Tuskers Kerala,Delhi Daredevils,Nehru Stadium,Delhi Daredevils,bat,Delhi Daredevils,Unknown,119,157,10,7
IPL,2013-05-08,Sunrisers Hyderabad,Chennai Super Kings,"Rajiv Gandhi International Stadium, Uppal",Sunrisers Hyderabad,field,Chennai Super Kings,Unknown,146,223,8,3
IPL,2010-03-13,Kings XI Punjab,Delhi Daredevils,"Punjab Cricket Association Stadium, Mohali",Delhi Daredevils,field,Delhi Daredevils,Unknown,142,146,9,5
IPL,2017-04-12,Mumbai Indians,Sunrisers Hyderabad,Wankhede Stadium,Mumbai Indians,field,Mumbai Indians,Unknown,159,158,6,8
IPL,2012-05-07,Delhi Daredevils,Kolkata Knight Riders,Feroz Shah Kotla,Delhi Daredevils,bat,Kolkata Knight Riders,Unknown,153,154,9,4
IPL,2026-05-03,Sunrisers Hyderabad,Kolkata Knight Riders,"Rajiv Gandhi International Stadium, Uppal, Hyderabad",Sunrisers Hyderabad,bat,Kolkata Knight Riders,Unknown,165,169,10,3
IPL,2018-04-14,Kolkata Knight Riders,Sunrisers Hyderabad,Eden Gardens,Sunrisers Hyderabad,field,Sunrisers Hyderabad,Unknown,138,139,8,5
IPL,2022-05-08,Chennai Super Kings,Delhi Capitals,"Dr DY Patil Sports Academy, Mumbai",Delhi Capitals,field,Chennai Super Kings,Unknown,208,117,6,10
IPL,2017-04-06,Rising Pune Supergiant,Mumbai Indians,Maharashtra Cricket Association Stadium,Rising Pune Supergiant,field,Rising Pune Supergiant,Unknown,187,184,3,8
IPL,2015-05-17,Royal Challengers Bangalore,Delhi Daredevils,M Chinnaswamy Stadium,Royal Challengers Bangalore,field,no result,no result,2,187,0,5
IPL,2025-05-05,Delhi Capitals,Sunrisers Hyderabad,"Rajiv Gandhi International Stadium, Uppal, Hyderabad",Sunrisers Hyderabad,field,no result,no result,133,0,7,0
IPL,2016-04-22,Rising Pune Supergiants,Royal Challengers Bangalore,Maharashtra Cricket Association Stadium,Rising Pune Supergiants,field,Royal Challengers Bangalore,Unknown,172,185,9,3
IPL,2016-05-22,Delhi Daredevils,Royal Challengers Bangalore,Shaheed Veer Narayan Singh International Stadium,Royal Challengers Bangalore,field,Royal Challengers Bangalore,Unknown,138,139,8,4
IPL,2009-05-02,Chennai Super Kings,Delhi Daredevils,New Wanderers Stadium,Delhi Daredevils,field,Chennai Super Kings,Unknown,163,145,10,8
IPL,2019-04-27,Sunrisers Hyderabad,Rajasthan Royals,Sawai Mansingh Stadium,Rajasthan Royals,field,Rajasthan Royals,Unknown,160,161,8,3
IPL,2019-04-16,Kings XI Punjab,Rajasthan Royals,Punjab Cricket Association IS Bindra Stadium,Rajasthan Royals,field,Kings XI Punjab,Unknown,182,170,6,7
IPL,2018-05-03,Chennai Super Kings,Kolkata Knight Riders,Eden Gardens,Kolkata Knight Riders,field,Kolkata Knight Riders,Unknown,177,180,5,4
IPL,2009-05-21,Royal Challengers Bangalore,Deccan Chargers,SuperSport Park,Royal Challengers Bangalore,bat,Royal Challengers Bangalore,Unknown,170,158,4,6
IPL,2024-04-29,Delhi Capitals,Kolkata Knight Riders,"Eden Gardens, Kolkata",Delhi Capitals,bat,Kolkata Knight Riders,Unknown,153,157,9,3
IPL,2020-10-26,Kolkata Knight Riders,Kings XI Punjab,Sharjah Cricket Stadium,Kings XI Punjab,field,Kings XI Punjab,Unknown,149,150,9,2
IPL,2023-04-07,Sunrisers Hyderabad,Lucknow Super Giants,"Bharat Ratna Shri Atal Bihari Vajpayee Ekana Cricket Stadium, Lucknow",Sunrisers Hyderabad,bat,Lucknow Super Giants,Unknown,121,127,8,5
IPL,2023-05-02,Delhi Capitals,Gujarat Titans,"Narendra Modi Stadium, Ahmedabad",Delhi Capitals,bat,Delhi Capitals,Unknown,130,125,8,6
IPL,2015-05-10,Mumbai Indians,Royal Challengers Bangalore,Wankhede Stadium,Royal Challengers Bangalore,bat,Royal Challengers Bangalore,Unknown,196,235,7,1
IPL,2014-04-26,Kolkata Knight Riders,Kings XI Punjab,Sheikh Zayed Stadium,Kolkata Knight Riders,field,Kings XI Punjab,Unknown,109,132,10,9
IPL,2008-04-24,Deccan Chargers,Rajasthan Royals,"Rajiv Gandhi International Stadium, Uppal",Rajasthan Royals,field,Rajasthan Royals,Unknown,214,217,5,7
IPL,2016-05-01,Rising Pune Supergiants,Mumbai Indians,Maharashtra Cricket Association Stadium,Mumbai Indians,field,Mumbai Indians,Unknown,159,161,5,2
IPL,2014-04-16,Mumbai Indians,Kolkata Knight Riders,Sheikh Zayed Stadium,Kolkata Knight Riders,bat,Kolkata Knight Riders,Unknown,122,163,7,5
IPL,2008-04-20,Mumbai Indians,Royal Challengers Bangalore,Wankhede Stadium,Mumbai Indians,bat,Royal Challengers Bangalore,Unknown,165,166,7,5
IPL,2022-05-06,Mumbai Indians,Gujarat Titans,"Brabourne Stadium, Mumbai",Gujarat Titans,field,Mumbai Indians,Unknown,177,172,6,5
IPL,2019-04-13,Mumbai Indians,Rajasthan Royals,Wankhede Stadium,Rajasthan Royals,field,Rajasthan Royals,Unknown,187,188,5,6
IPL,2022-05-21,Delhi Capitals,Mumbai Indians,"Wankhede Stadium, Mumbai",Mumbai Indians,field,Mumbai Indians,Unknown,159,160,7,5
IPL,2016-05-11,Royal Challengers Bangalore,Mumbai Indians,M Chinnaswamy Stadium,Mumbai Indians,field,Mumbai Indians,Unknown,151,153,4,4
IPL,2026-05-17,Royal Challengers Bengaluru,Punjab Kings,"Himachal Pradesh Cricket Association Stadium, Dharamsala",Punjab Kings,field,Royal Challengers Bengaluru,Unknown,222,199,4,8
IPL,2024-05-05,Kolkata Knight Riders,Lucknow Super Giants,"Bharat Ratna Shri Atal Bihari Vajpayee Ekana Cricket Stadium, Lucknow",Lucknow Super Giants,field,Kolkata Knight Riders,Unknown,235,137,6,10
IPL,2022-04-30,Royal Challengers Bangalore,Gujarat Titans,"Brabourne Stadium, Mumbai",Royal Challengers Bangalore,bat,Gujarat Titans,Unknown,170,174,6,4
IPL,2009-05-21,Delhi Daredevils,Mumbai Indians,SuperSport Park,Delhi Daredevils,field,Delhi Daredevils,Unknown,166,165,6,8
IPL,2026-04-11,Sunrisers Hyderabad,Punjab Kings,"Maharaja Yadavindra Singh International Cricket Stadium, New Chandigarh",Punjab Kings,field,Punjab Kings,Unknown,219,223,6,4
IPL,2017-04-17,Sunrisers Hyderabad,Kings XI Punjab,"Rajiv Gandhi International Stadium, Uppal",Kings XI Punjab,field,Sunrisers Hyderabad,Unknown,159,154,6,10
IPL,2026-05-08,Delhi Capitals,Kolkata Knight Riders,"Arun Jaitley Stadium, Delhi",Kolkata Knight Riders,field,Kolkata Knight Riders,Unknown,142,147,8,2
IPL,2011-05-22,Royal Challengers Bangalore,Chennai Super Kings,M Chinnaswamy Stadium,Royal Challengers Bangalore,field,Royal Challengers Bangalore,Unknown,129,128,2,8
IPL,2025-04-19,Delhi Capitals,Gujarat Titans,"Narendra Modi Stadium, Ahmedabad",Gujarat Titans,field,Gujarat Titans,Unknown,203,204,8,3
IPL,2023-05-13,Punjab Kings,Delhi Capitals,"Arun Jaitley Stadium, Delhi",Delhi Capitals,field,Punjab Kings,Unknown,167,136,7,8
IPL,2012-05-06,Mumbai Indians,Chennai Super Kings,Wankhede Stadium,Mumbai Indians,field,Mumbai Indians,Unknown,174,173,8,8
IPL,2022-03-30,Kolkata Knight Riders,Royal Challengers Bangalore,"Dr DY Patil Sports Academy, Mumbai",Royal Challengers Bangalore,field,Royal Challengers Bangalore,Unknown,128,132,10,7
IPL,2014-05-03,Delhi Daredevils,Rajasthan Royals,Feroz Shah Kotla,Rajasthan Royals,field,Rajasthan Royals,Unknown,152,156,5,3
IPL,2016-05-12,Sunrisers Hyderabad,Delhi Daredevils,"Rajiv Gandhi International Stadium, Uppal",Delhi Daredevils,field,Delhi Daredevils,Unknown,146,150,8,3
IPL,2024-05-18,Royal Challengers Bengaluru,Chennai Super Kings,"M Chinnaswamy Stadium, Bengaluru",Chennai Super Kings,field,Royal Challengers Bengaluru,Unknown,218,191,5,7
IPL,2017-04-29,Rising Pune Supergiant,Royal Challengers Bangalore,Maharashtra Cricket Association Stadium,Royal Challengers Bangalore,field,Rising Pune Supergiant,Unknown,157,96,3,9
IPL,2023-04-29,Sunrisers Hyderabad,Delhi Capitals,"Arun Jaitley Stadium, Delhi",Sunrisers Hyderabad,bat,Sunrisers Hyderabad,Unknown,197,188,6,6
IPL,2009-04-28,Delhi Daredevils,Rajasthan Royals,SuperSport Park,Delhi Daredevils,bat,Rajasthan Royals,Unknown,143,147,7,5
IPL,2012-05-23,Chennai Super Kings,Mumbai Indians,M Chinnaswamy Stadium,Mumbai Indians,field,Chennai Super Kings,Unknown,187,149,5,9
IPL,2024-04-28,Gujarat Titans,Royal Challengers Bengaluru,"Narendra Modi Stadium, Ahmedabad",Royal Challengers Bengaluru,field,Royal Challengers Bengaluru,Unknown,200,206,3,1
IPL,2011-05-16,Pune Warriors,Deccan Chargers,Dr DY Patil Sports Academy,Deccan Chargers,field,Deccan Chargers,Unknown,136,138,9,4
IPL,2013-05-05,Mumbai Indians,Chennai Super Kings,Wankhede Stadium,Mumbai Indians,bat,Mumbai Indians,Unknown,139,79,5,10
IPL,2024-03-28,Rajasthan Royals,Delhi Capitals,"Sawai Mansingh Stadium, Jaipur",Delhi Capitals,field,Rajasthan Royals,Unknown,185,173,5,5
IPL,2023-04-13,Punjab Kings,Gujarat Titans,"Punjab Cricket Association IS Bindra Stadium, Mohali, Chandigarh",Gujarat Titans,field,Gujarat Titans,Unknown,153,154,8,4
IPL,2021-04-18,Punjab Kings,Delhi Capitals,"Wankhede Stadium, Mumbai",Delhi Capitals,field,Delhi Capitals,Unknown,195,198,4,4
IPL,2018-05-04,Kings XI Punjab,Mumbai Indians,Holkar Cricket Stadium,Mumbai Indians,field,Mumbai Indians,Unknown,174,176,6,4
IPL,2026-05-07,Lucknow Super Giants,Royal Challengers Bengaluru,"Bharat Ratna Shri Atal Bihari Vajpayee Ekana Cricket Stadium, Lucknow",Royal Challengers Bengaluru,field,Lucknow Super Giants,Unknown,209,203,3,6
IPL,2021-04-29,Rajasthan Royals,Mumbai Indians,"Arun Jaitley Stadium, Delhi",Mumbai Indians,field,Mumbai Indians,Unknown,171,172,4,3
IPL,2024-04-01,Mumbai Indians,Rajasthan Royals,"Wankhede Stadium, Mumbai",Rajasthan Royals,field,Rajasthan Royals,Unknown,125,127,9,4
IPL,2015-04-09,Chennai Super Kings,Delhi Daredevils,"MA Chidambaram Stadium, Chepauk",Delhi Daredevils,field,Chennai Super Kings,Unknown,150,149,7,9
IPL,2008-05-26,Rajasthan Royals,Mumbai Indians,Sawai Mansingh Stadium,Rajasthan Royals,field,Rajasthan Royals,Unknown,146,145,5,7
IPL,2025-05-21,Mumbai Indians,Delhi Capitals,"Wankhede Stadium, Mumbai",Delhi Capitals,field,Mumbai Indians,Unknown,180,121,5,10
IPL,2014-04-28,Kings XI Punjab,Royal Challengers Bangalore,Dubai International Cricket Stadium,Kings XI Punjab,field,Kings XI Punjab,Unknown,127,124,5,8
IPL,2023-04-30,Chennai Super Kings,Punjab Kings,"MA Chidambaram Stadium, Chepauk, Chennai",Chennai Super Kings,bat,Punjab Kings,Unknown,200,201,4,6
IPL,2008-05-04,Rajasthan Royals,Chennai Super Kings,Sawai Mansingh Stadium,Chennai Super Kings,bat,Rajasthan Royals,Unknown,110,109,2,10
IPL,2025-04-25,Chennai Super Kings,Sunrisers Hyderabad,"MA Chidambaram Stadium, Chepauk, Chennai",Sunrisers Hyderabad,field,Sunrisers Hyderabad,Unknown,154,155,10,5
IPL,2022-04-20,Punjab Kings,Delhi Capitals,"Brabourne Stadium, Mumbai",Delhi Capitals,field,Delhi Capitals,Unknown,115,119,10,1
IPL,2012-04-28,Chennai Super Kings,Kings XI Punjab,"MA Chidambaram Stadium, Chepauk",Kings XI Punjab,bat,Kings XI Punjab,Unknown,149,156,8,8
IPL,2012-04-30,Chennai Super Kings,Kolkata Knight Riders,"MA Chidambaram Stadium, Chepauk",Chennai Super Kings,bat,Kolkata Knight Riders,Unknown,139,140,5,5
IPL,2013-04-03,Kolkata Knight Riders,Delhi Daredevils,Eden Gardens,Kolkata Knight Riders,field,Kolkata Knight Riders,Unknown,129,128,4,10
IPL,2011-05-24,Royal Challengers Bangalore,Chennai Super Kings,Wankhede Stadium,Chennai Super Kings,field,Chennai Super Kings,Unknown,175,177,4,4
IPL,2011-05-07,Kolkata Knight Riders,Chennai Super Kings,Eden Gardens,Chennai Super Kings,bat,Kolkata Knight Riders,Unknown,61,114,2,4
IPL,2009-05-22,Delhi Daredevils,Deccan Chargers,SuperSport Park,Deccan Chargers,field,Deccan Chargers,Unknown,153,154,8,4
IPL,2019-04-29,Sunrisers Hyderabad,Kings XI Punjab,Rajiv Gandhi International Stadium,Kings XI Punjab,field,Sunrisers Hyderabad,Unknown,212,167,6,8
IPL,2025-04-27,Delhi Capitals,Royal Challengers Bengaluru,"Arun Jaitley Stadium, Delhi",Royal Challengers Bengaluru,field,Royal Challengers Bengaluru,Unknown,162,165,8,4
IPL,2026-05-02,Mumbai Indians,Chennai Super Kings,"MA Chidambaram Stadium, Chepauk, Chennai",Mumbai Indians,bat,Chennai Super Kings,Unknown,159,160,7,2
IPL,2019-04-11,Rajasthan Royals,Chennai Super Kings,Sawai Mansingh Stadium,Chennai Super Kings,field,Chennai Super Kings,Unknown,151,155,7,6
IPL,2017-04-29,Gujarat Lions,Mumbai Indians,Saurashtra Cricket Association Stadium,Gujarat Lions,bat,tie,tie,159,164,9,12
IPL,2025-04-05,Rajasthan Royals,Punjab Kings,"Maharaja Yadavindra Singh International Cricket Stadium, Mullanpur",Punjab Kings,field,Rajasthan Royals,Unknown,205,155,4,9
IPL,2010-03-17,Delhi Daredevils,Mumbai Indians,Feroz Shah Kotla,Delhi Daredevils,field,Mumbai Indians,Unknown,120,218,9,7
IPL,2019-04-13,Kings XI Punjab,Royal Challengers Bangalore,Punjab Cricket Association IS Bindra Stadium,Royal Challengers Bangalore,field,Royal Challengers Bangalore,Unknown,173,174,4,2
IPL,2013-05-19,Pune Warriors,Delhi Daredevils,Subrata Roy Sahara Stadium,Pune Warriors,bat,Pune Warriors,Unknown,172,134,5,9
IPL,2011-05-12,Chennai Super Kings,Delhi Daredevils,"MA Chidambaram Stadium, Chepauk",Chennai Super Kings,bat,Chennai Super Kings,Unknown,176,158,4,6
IPL,2008-04-22,Deccan Chargers,Delhi Daredevils,"Rajiv Gandhi International Stadium, Uppal",Deccan Chargers,bat,Delhi Daredevils,Unknown,142,143,8,1
IPL,2011-05-22,Kolkata Knight Riders,Mumbai Indians,Eden Gardens,Mumbai Indians,field,Mumbai Indians,Unknown,175,178,7,5
IPL,2018-04-21,Delhi Daredevils,Royal Challengers Bangalore,M.Chinnaswamy Stadium,Royal Challengers Bangalore,field,Royal Challengers Bangalore,Unknown,174,176,5,4
IPL,2020-10-10,Kolkata Knight Riders,Kings XI Punjab,Sheikh Zayed Stadium,Kolkata Knight Riders,bat,Kolkata Knight Riders,Unknown,164,162,6,5
IPL,2009-04-27,Kolkata Knight Riders,Mumbai Indians,St George's Park,Mumbai Indians,bat,Mumbai Indians,Unknown,95,187,9,6
IPL,2014-05-02,Chennai Super Kings,Kolkata Knight Riders,JSCA International Stadium Complex,Chennai Super Kings,bat,Chennai Super Kings,Unknown,148,114,3,9
IPL,2010-03-23,Royal Challengers Bangalore,Chennai Super Kings,M Chinnaswamy Stadium,Chennai Super Kings,field,Royal Challengers Bangalore,Unknown,171,135,5,7
IPL,2014-04-25,Sunrisers Hyderabad,Delhi Daredevils,Dubai International Cricket Stadium,Sunrisers Hyderabad,bat,Sunrisers Hyderabad,Unknown,184,180,1,4
IPL,2011-04-10,Pune Warriors,Kings XI Punjab,Dr DY Patil Sports Academy,Kings XI Punjab,bat,Pune Warriors,Unknown,113,112,3,8
IPL,2022-04-09,Mumbai Indians,Royal Challengers Bangalore,"Maharashtra Cricket Association Stadium, Pune",Royal Challengers Bangalore,field,Royal Challengers Bangalore,Unknown,151,152,6,3
IPL,2013-04-10,Kings XI Punjab,Chennai Super Kings,"Punjab Cricket Association Stadium, Mohali",Chennai Super Kings,field,Chennai Super Kings,Unknown,138,139,10,0
IPL,2009-04-26,Kings XI Punjab,Rajasthan Royals,Newlands,Kings XI Punjab,bat,Kings XI Punjab,Unknown,139,112,6,7
IPL,2021-10-08,Mumbai Indians,Sunrisers Hyderabad,"Zayed Cricket Stadium, Abu Dhabi",Mumbai Indians,bat,Mumbai Indians,Unknown,235,193,9,8
IPL,2009-04-23,Chennai Super Kings,Delhi Daredevils,Kingsmead,Delhi Daredevils,bat,Delhi Daredevils,Unknown,180,189,9,5
IPL,2022-04-17,Punjab Kings,Sunrisers Hyderabad,"Dr DY Patil Sports Academy, Mumbai",Sunrisers Hyderabad,field,Sunrisers Hyderabad,Unknown,151,152,10,3
IPL,2012-05-06,Royal Challengers Bangalore,Deccan Chargers,M Chinnaswamy Stadium,Royal Challengers Bangalore,field,Royal Challengers Bangalore,Unknown,185,181,5,2
IPL,2014-04-30,Mumbai Indians,Sunrisers Hyderabad,Dubai International Cricket Stadium,Mumbai Indians,field,Sunrisers Hyderabad,Unknown,157,172,7,5
IPL,2022-04-04,Lucknow Super Giants,Sunrisers Hyderabad,"Dr DY Patil Sports Academy, Mumbai",Sunrisers Hyderabad,field,Lucknow Super Giants,Unknown,169,157,7,9
IPL,2025-04-22,Lucknow Super Giants,Delhi Capitals,"Bharat Ratna Shri Atal Bihari Vajpayee Ekana Cricket Stadium, Lucknow",Delhi Capitals,field,Delhi Capitals,Unknown,159,161,6,2
IPL,2025-03-28,Royal Challengers Bengaluru,Chennai Super Kings,"MA Chidambaram Stadium, Chepauk, Chennai",Chennai Super Kings,field,Royal Challengers Bengaluru,Unknown,196,146,7,8
IPL,2025-03-31,Kolkata Knight Riders,Mumbai Indians,"Wankhede Stadium, Mumbai",Mumbai Indians,field,Mumbai Indians,Unknown,116,121,10,2
IPL,2008-05-24,Delhi Daredevils,Mumbai Indians,Feroz Shah Kotla,Delhi Daredevils,field,Delhi Daredevils,Unknown,179,176,5,8
IPL,2023-05-06,Royal Challengers Bangalore,Delhi Capitals,"Arun Jaitley Stadium, Delhi",Royal Challengers Bangalore,bat,Delhi Capitals,Unknown,181,187,4,3
IPL,2012-05-08,Pune Warriors,Rajasthan Royals,Subrata Roy Sahara Stadium,Pune Warriors,bat,Rajasthan Royals,Unknown,125,126,6,3
IPL,2021-04-20,Mumbai Indians,Delhi Capitals,"MA Chidambaram Stadium, Chepauk, Chennai",Mumbai Indians,bat,Delhi Capitals,Unknown,137,138,9,4
IPL,2013-04-28,Delhi Daredevils,Pune Warriors,Shaheed Veer Narayan Singh International Stadium,Pune Warriors,field,Delhi Daredevils,Unknown,164,149,5,4
IPL,2017-04-08,Royal Challengers Bangalore,Delhi Daredevils,M.Chinnaswamy Stadium,Royal Challengers Bangalore,bat,Royal Challengers Bangalore,Unknown,157,142,8,9
IPL,2023-04-12,Rajasthan Royals,Chennai Super Kings,"MA Chidambaram Stadium, Chepauk, Chennai",Chennai Super Kings,field,Rajasthan Royals,Unknown,175,172,8,6
IPL,2020-10-04,Kings XI Punjab,Chennai Super Kings,Dubai International Cricket Stadium,Kings XI Punjab,bat,Chennai Super Kings,Unknown,178,181,4,0
IPL,2024-04-03,Kolkata Knight Riders,Delhi Capitals,"Dr. Y.S. Rajasekhara Reddy ACA-VDCA Cricket Stadium, Visakhapatnam",Kolkata Knight Riders,bat,Kolkata Knight Riders,Unknown,272,166,7,10
IPL,2013-04-06,Chennai Super Kings,Mumbai Indians,"MA Chidambaram Stadium, Chepauk",Mumbai Indians,bat,Mumbai Indians,Unknown,139,148,9,6
IPL,2010-04-22,Chennai Super Kings,Deccan Chargers,Dr DY Patil Sports Academy,Chennai Super Kings,bat,Chennai Super Kings,Unknown,142,104,7,10
IPL,2024-04-04,Gujarat Titans,Punjab Kings,"Narendra Modi Stadium, Ahmedabad",Punjab Kings,field,Punjab Kings,Unknown,199,200,4,7
IPL,2016-04-15,Delhi Daredevils,Kings XI Punjab,Feroz Shah Kotla,Delhi Daredevils,field,Delhi Daredevils,Unknown,113,111,2,9
IPL,2024-04-07,Mumbai Indians,Delhi Capitals,"Wankhede Stadium, Mumbai",Delhi Capitals,field,Mumbai Indians,Unknown,234,205,5,8
IPL,2023-04-19,Lucknow Super Giants,Rajasthan Royals,"Sawai Mansingh Stadium, Jaipur",Rajasthan Royals,field,Lucknow Super Giants,Unknown,154,144,7,6
IPL,2011-04-12,Rajasthan Royals,Delhi Daredevils,Sawai Mansingh Stadium,Delhi Daredevils,bat,Rajasthan Royals,Unknown,152,151,4,6
IPL,2016-05-16,Kolkata Knight Riders,Royal Challengers Bangalore,Eden Gardens,Royal Challengers Bangalore,field,Royal Challengers Bangalore,Unknown,183,186,5,1
IPL,2010-04-04,Delhi Daredevils,Royal Challengers Bangalore,Feroz Shah Kotla,Delhi Daredevils,bat,Delhi Daredevils,Unknown,184,147,5,9
IPL,2016-04-23,Sunrisers Hyderabad,Kings XI Punjab,"Rajiv Gandhi International Stadium, Uppal",Sunrisers Hyderabad,field,Sunrisers Hyderabad,Unknown,146,143,5,6
IPL,2024-04-10,Rajasthan Royals,Gujarat Titans,"Sawai Mansingh Stadium, Jaipur",Gujarat Titans,field,Gujarat Titans,Unknown,196,199,3,7
IPL,2010-03-30,Mumbai Indians,Kings XI Punjab,Brabourne Stadium,Mumbai Indians,field,Mumbai Indians,Unknown,164,163,6,10
IPL,2021-04-18,Royal Challengers Bangalore,Kolkata Knight Riders,"MA Chidambaram Stadium, Chepauk, Chennai",Royal Challengers Bangalore,bat,Royal Challengers Bangalore,Unknown,204,166,4,8
IPL,2017-04-07,Gujarat Lions,Kolkata Knight Riders,Saurashtra Cricket Association Stadium,Kolkata Knight Riders,field,Kolkata Knight Riders,Unknown,183,184,4,0
IPL,2015-05-07,Rajasthan Royals,Sunrisers Hyderabad,Brabourne Stadium,Rajasthan Royals,field,Sunrisers Hyderabad,Unknown,194,201,7,4
IPL,2025-05-18,Punjab Kings,Rajasthan Royals,"Sawai Mansingh Stadium, Jaipur",Punjab Kings,bat,Punjab Kings,Unknown,219,209,5,7
IPL,2016-05-04,Kolkata Knight Riders,Kings XI Punjab,Eden Gardens,Kings XI Punjab,field,Kolkata Knight Riders,Unknown,164,157,3,9
IPL,2020-09-26,Sunrisers Hyderabad,Kolkata Knight Riders,Sheikh Zayed Stadium,Sunrisers Hyderabad,bat,Kolkata Knight Riders,Unknown,142,145,4,3
IPL,2024-05-19,Punjab Kings,Sunrisers Hyderabad,"Rajiv Gandhi International Stadium, Uppal, Hyderabad",Punjab Kings,bat,Sunrisers Hyderabad,Unknown,214,215,5,6
IPL,2009-04-19,Deccan Chargers,Kolkata Knight Riders,Newlands,Kolkata Knight Riders,bat,Deccan Chargers,Unknown,104,101,2,10
IPL,2020-10-18,Mumbai Indians,Kings XI Punjab,Dubai International Cricket Stadium,Mumbai Indians,bat,tie,tie,192,196,8,8
IPL,2008-05-01,Rajasthan Royals,Kolkata Knight Riders,Sawai Mansingh Stadium,Rajasthan Royals,bat,Rajasthan Royals,Unknown,196,151,7,10
IPL,2009-04-18,Chennai Super Kings,Mumbai Indians,Newlands,Chennai Super Kings,field,Mumbai Indians,Unknown,146,165,7,7
IPL,2026-05-17,Rajasthan Royals,Delhi Capitals,"Arun Jaitley Stadium, Delhi",Delhi Capitals,field,Delhi Capitals,Unknown,193,197,8,5
IPL,2016-04-24,Gujarat Lions,Royal Challengers Bangalore,Saurashtra Cricket Association Stadium,Royal Challengers Bangalore,bat,Gujarat Lions,Unknown,182,180,4,2
IPL,2019-03-31,Sunrisers Hyderabad,Royal Challengers Bangalore,Rajiv Gandhi International Stadium,Royal Challengers Bangalore,field,Sunrisers Hyderabad,Unknown,231,113,2,10
IPL,2023-05-03,Lucknow Super Giants,Chennai Super Kings,"Bharat Ratna Shri Atal Bihari Vajpayee Ekana Cricket Stadium, Lucknow",Chennai Super Kings,field,no result,no result,125,0,7,0
IPL,2010-03-21,Deccan Chargers,Delhi Daredevils,Barabati Stadium,Deccan Chargers,bat,Deccan Chargers,Unknown,171,161,6,9
IPL,2025-05-01,Mumbai Indians,Rajasthan Royals,"Sawai Mansingh Stadium, Jaipur",Rajasthan Royals,field,Mumbai Indians,Unknown,217,117,2,10
IPL,2013-04-14,Rajasthan Royals,Kings XI Punjab,Sawai Mansingh Stadium,Rajasthan Royals,field,Rajasthan Royals,Unknown,126,124,4,10
IPL,2016-04-12,Royal Challengers Bangalore,Sunrisers Hyderabad,M Chinnaswamy Stadium,Sunrisers Hyderabad,field,Royal Challengers Bangalore,Unknown,227,182,4,6
IPL,2019-04-01,Kings XI Punjab,Delhi Capitals,Punjab Cricket Association IS Bindra Stadium,Delhi Capitals,field,Kings XI Punjab,Unknown,166,152,9,10
IPL,2024-03-30,Lucknow Super Giants,Punjab Kings,"Bharat Ratna Shri Atal Bihari Vajpayee Ekana Cricket Stadium, Lucknow",Lucknow Super Giants,bat,Lucknow Super Giants,Unknown,199,178,8,5
IPL,2023-04-22,Gujarat Titans,Lucknow Super Giants,"Bharat Ratna Shri Atal Bihari Vajpayee Ekana Cricket Stadium, Lucknow",Gujarat Titans,bat,Gujarat Titans,Unknown,135,128,6,7
IPL,2020-10-13,Chennai Super Kings,Sunrisers Hyderabad,Dubai International Cricket Stadium,Chennai Super Kings,bat,Chennai Super Kings,Unknown,167,147,6,8
IPL,2022-04-12,Chennai Super Kings,Royal Challengers Bangalore,"Dr DY Patil Sports Academy, Mumbai",Royal Challengers Bangalore,field,Chennai Super Kings,Unknown,216,193,4,9
IPL,2011-05-09,Rajasthan Royals,Chennai Super Kings,Sawai Mansingh Stadium,Rajasthan Royals,field,Chennai Super Kings,Unknown,133,196,10,3
IPL,2010-04-25,Chennai Super Kings,Mumbai Indians,Dr DY Patil Sports Academy,Chennai Super Kings,bat,Chennai Super Kings,Unknown,168,146,5,9
IPL,2012-05-01,Deccan Chargers,Pune Warriors,Barabati Stadium,Deccan Chargers,bat,Deccan Chargers,Unknown,186,173,4,5
IPL,2024-05-11,Kolkata Knight Riders,Mumbai Indians,"Eden Gardens, Kolkata",Mumbai Indians,field,Kolkata Knight Riders,Unknown,157,139,7,8
IPL,2011-05-20,Mumbai Indians,Rajasthan Royals,Wankhede Stadium,Mumbai Indians,bat,Rajasthan Royals,Unknown,133,134,5,0
IPL,2022-05-02,Rajasthan Royals,Kolkata Knight Riders,"Wankhede Stadium, Mumbai",Kolkata Knight Riders,field,Kolkata Knight Riders,Unknown,152,158,5,3
IPL,2021-09-23,Mumbai Indians,Kolkata Knight Riders,"Zayed Cricket Stadium, Abu Dhabi",Kolkata Knight Riders,field,Kolkata Knight Riders,Unknown,155,159,6,3
IPL,2024-04-27,Delhi Capitals,Mumbai Indians,"Arun Jaitley Stadium, Delhi",Mumbai Indians,field,Delhi Capitals,Unknown,257,247,4,9
IPL,2020-10-22,Rajasthan Royals,Sunrisers Hyderabad,Dubai International Cricket Stadium,Sunrisers Hyderabad,field,Sunrisers Hyderabad,Unknown,154,156,6,2
IPL,2022-05-11,Rajasthan Royals,Delhi Capitals,"Dr DY Patil Sports Academy, Mumbai",Delhi Capitals,field,Delhi Capitals,Unknown,160,161,6,2
IPL,2009-05-18,Chennai Super Kings,Kolkata Knight Riders,SuperSport Park,Chennai Super Kings,bat,Kolkata Knight Riders,Unknown,188,189,3,3
IPL,2011-04-18,Kochi Tuskers Kerala,Chennai Super Kings,Nehru Stadium,Kochi Tuskers Kerala,field,Kochi Tuskers Kerala,Unknown,135,131,3,4
IPL,2014-04-27,Sunrisers Hyderabad,Chennai Super Kings,Sharjah Cricket Stadium,Sunrisers Hyderabad,bat,Chennai Super Kings,Unknown,145,146,5,5
IPL,2017-04-21,Kolkata Knight Riders,Gujarat Lions,Eden Gardens,Gujarat Lions,field,Gujarat Lions,Unknown,187,188,5,6
IPL,2018-05-10,Delhi Daredevils,Sunrisers Hyderabad,Arun Jaitley Stadium,Delhi Daredevils,bat,Sunrisers Hyderabad,Unknown,187,191,5,1
IPL,2022-05-20,Chennai Super Kings,Rajasthan Royals,"Brabourne Stadium, Mumbai",Chennai Super Kings,bat,Rajasthan Royals,Unknown,150,151,6,5
IPL,2026-04-11,Chennai Super Kings,Delhi Capitals,"MA Chidambaram Stadium, Chepauk, Chennai",Delhi Capitals,field,Chennai Super Kings,Unknown,212,189,2,10
IPL,2012-04-22,Mumbai Indians,Kings XI Punjab,Wankhede Stadium,Mumbai Indians,bat,Kings XI Punjab,Unknown,163,164,6,4
IPL,2010-03-22,Mumbai Indians,Kolkata Knight Riders,Brabourne Stadium,Kolkata Knight Riders,bat,Mumbai Indians,Unknown,156,155,3,3
IPL,2016-04-13,Kolkata Knight Riders,Mumbai Indians,Eden Gardens,Mumbai Indians,field,Mumbai Indians,Unknown,187,188,5,4
IPL,2013-05-13,Mumbai Indians,Sunrisers Hyderabad,Wankhede Stadium,Sunrisers Hyderabad,bat,Mumbai Indians,Unknown,184,178,4,3
IPL,2025-04-18,Royal Challengers Bengaluru,Punjab Kings,"M Chinnaswamy Stadium, Bengaluru",Punjab Kings,field,Punjab Kings,Unknown,95,98,9,5
IPL,2013-04-19,Sunrisers Hyderabad,Kings XI Punjab,"Rajiv Gandhi International Stadium, Uppal",Kings XI Punjab,bat,Sunrisers Hyderabad,Unknown,127,123,5,9
IPL,2022-04-14,Gujarat Titans,Rajasthan Royals,"Dr DY Patil Sports Academy, Mumbai",Rajasthan Royals,field,Gujarat Titans,Unknown,192,155,4,9
IPL,2021-10-13,Delhi Capitals,Kolkata Knight Riders,Sharjah Cricket Stadium,Kolkata Knight Riders,field,Kolkata Knight Riders,Unknown,135,136,5,7
IPL,2023-04-17,Chennai Super Kings,Royal Challengers Bangalore,"M Chinnaswamy Stadium, Bengaluru",Royal Challengers Bangalore,field,Chennai Super Kings,Unknown,226,218,6,8
IPL,2015-04-14,Rajasthan Royals,Mumbai Indians,"Sardar Patel Stadium, Motera",Mumbai Indians,bat,Rajasthan Royals,Unknown,165,164,3,6
IPL,2026-05-09,Gujarat Titans,Rajasthan Royals,"Sawai Mansingh Stadium, Jaipur",Rajasthan Royals,field,Gujarat Titans,Unknown,229,152,4,10
IPL,2026-05-20,Mumbai Indians,Kolkata Knight Riders,"Eden Gardens, Kolkata",Kolkata Knight Riders,field,Kolkata Knight Riders,Unknown,147,148,8,6
IPL,2010-04-18,Delhi Daredevils,Deccan Chargers,Feroz Shah Kotla,Deccan Chargers,bat,Deccan Chargers,Unknown,134,145,7,7
IPL,2020-10-24,Kings XI Punjab,Sunrisers Hyderabad,Dubai International Cricket Stadium,Sunrisers Hyderabad,field,Kings XI Punjab,Unknown,126,114,7,10
IPL,2012-04-17,Royal Challengers Bangalore,Pune Warriors,M Chinnaswamy Stadium,Pune Warriors,bat,Royal Challengers Bangalore,Unknown,186,182,4,6
IPL,2008-05-04,Mumbai Indians,Delhi Daredevils,Dr DY Patil Sports Academy,Delhi Daredevils,field,Mumbai Indians,Unknown,162,133,8,10
IPL,2024-04-06,Royal Challengers Bengaluru,Rajasthan Royals,"Sawai Mansingh Stadium, Jaipur",Rajasthan Royals,field,Rajasthan Royals,Unknown,183,189,3,4
IPL,2011-04-29,Rajasthan Royals,Mumbai Indians,Sawai Mansingh Stadium,Rajasthan Royals,field,Rajasthan Royals,Unknown,95,94,3,8
IPL,2026-04-04,Mumbai Indians,Delhi Capitals,"Arun Jaitley Stadium, Delhi",Delhi Capitals,field,Delhi Capitals,Unknown,162,164,6,4
IPL,2026-04-26,Kolkata Knight Riders,Lucknow Super Giants,"Bharat Ratna Shri Atal Bihari Vajpayee Ekana Cricket Stadium, Lucknow",Lucknow Super Giants,field,tie,tie,159,156,7,10
IPL,2008-05-03,Kings XI Punjab,Kolkata Knight Riders,"Punjab Cricket Association Stadium, Mohali",Kings XI Punjab,bat,Kings XI Punjab,Unknown,178,169,6,6
IPL,2017-04-05,Sunrisers Hyderabad,Royal Challengers Bangalore,"Rajiv Gandhi International Stadium, Uppal",Royal Challengers Bangalore,field,Sunrisers Hyderabad,Unknown,207,172,4,10
IPL,2021-09-20,Royal Challengers Bangalore,Kolkata Knight Riders,"Zayed Cricket Stadium, Abu Dhabi",Royal Challengers Bangalore,bat,Kolkata Knight Riders,Unknown,92,94,10,1
IPL,2023-04-08,Rajasthan Royals,Delhi Capitals,"Barsapara Cricket Stadium, Guwahati",Delhi Capitals,field,Rajasthan Royals,Unknown,199,142,4,9
IPL,2017-04-09,Sunrisers Hyderabad,Gujarat Lions,"Rajiv Gandhi International Stadium, Uppal",Sunrisers Hyderabad,field,Sunrisers Hyderabad,Unknown,140,135,1,7
IPL,2013-05-05,Rajasthan Royals,Pune Warriors,Sawai Mansingh Stadium,Pune Warriors,bat,Rajasthan Royals,Unknown,182,178,5,4
IPL,2013-04-27,Rajasthan Royals,Sunrisers Hyderabad,Sawai Mansingh Stadium,Sunrisers Hyderabad,bat,Rajasthan Royals,Unknown,146,144,2,9
IPL,2015-05-10,Chennai Super Kings,Rajasthan Royals,"MA Chidambaram Stadium, Chepauk",Chennai Super Kings,bat,Chennai Super Kings,Unknown,157,145,5,9
IPL,2008-05-07,Mumbai Indians,Rajasthan Royals,Dr DY Patil Sports Academy,Mumbai Indians,field,Mumbai Indians,Unknown,104,103,3,10
IPL,2017-05-11,Mumbai Indians,Kings XI Punjab,Wankhede Stadium,Mumbai Indians,field,Kings XI Punjab,Unknown,223,230,6,3
IPL,2021-04-17,Mumbai Indians,Sunrisers Hyderabad,"MA Chidambaram Stadium, Chepauk, Chennai",Mumbai Indians,bat,Mumbai Indians,Unknown,150,137,5,10
IPL,2017-04-28,Kings XI Punjab,Sunrisers Hyderabad,"Punjab Cricket Association IS Bindra Stadium, Mohali",Kings XI Punjab,field,Sunrisers Hyderabad,Unknown,181,207,9,3
IPL,2016-04-25,Kings XI Punjab,Mumbai Indians,"Punjab Cricket Association IS Bindra Stadium, Mohali",Kings XI Punjab,field,Mumbai Indians,Unknown,164,189,7,6
IPL,2023-04-26,Kolkata Knight Riders,Royal Challengers Bangalore,"M Chinnaswamy Stadium, Bengaluru",Royal Challengers Bangalore,field,Kolkata Knight Riders,Unknown,200,179,5,8
IPL,2020-09-28,Royal Challengers Bangalore,Mumbai Indians,Dubai International Cricket Stadium,Mumbai Indians,field,tie,tie,212,208,3,6
IPL,2022-05-09,Kolkata Knight Riders,Mumbai Indians,"Dr DY Patil Sports Academy, Mumbai",Mumbai Indians,field,Kolkata Knight Riders,Unknown,165,113,9,10
IPL,2025-04-03,Kolkata Knight Riders,Sunrisers Hyderabad,"Eden Gardens, Kolkata",Sunrisers Hyderabad,field,Kolkata Knight Riders,Unknown,200,120,6,10
IPL,2012-05-08,Deccan Chargers,Kings XI Punjab,"Rajiv Gandhi International Stadium, Uppal",Deccan Chargers,field,Kings XI Punjab,Unknown,145,170,8,5
IPL,2023-04-09,Gujarat Titans,Kolkata Knight Riders,"Narendra Modi Stadium, Ahmedabad",Gujarat Titans,bat,Kolkata Knight Riders,Unknown,204,207,4,7
IPL,2016-04-17,Kings XI Punjab,Rising Pune Supergiants,"Punjab Cricket Association IS Bindra Stadium, Mohali",Rising Pune Supergiants,bat,Kings XI Punjab,Unknown,153,152,4,7
IPL,2021-04-23,Mumbai Indians,Punjab Kings,"MA Chidambaram Stadium, Chepauk, Chennai",Punjab Kings,field,Punjab Kings,Unknown,131,132,6,1
IPL,2024-05-02,Sunrisers Hyderabad,Rajasthan Royals,"Rajiv Gandhi International Stadium, Uppal, Hyderabad",Sunrisers Hyderabad,bat,Sunrisers Hyderabad,Unknown,201,200,3,7
IPL,2024-04-14,Chennai Super Kings,Mumbai Indians,"Wankhede Stadium, Mumbai",Mumbai Indians,field,Chennai Super Kings,Unknown,206,186,4,6
IPL,2009-05-01,Kolkata Knight Riders,Mumbai Indians,Buffalo Park,Mumbai Indians,bat,Mumbai Indians,Unknown,139,148,6,6
IPL,2016-05-17,Rising Pune Supergiants,Delhi Daredevils,Dr. Y.S. Rajasekhara Reddy ACA-VDCA Cricket Stadium,Rising Pune Supergiants,field,Rising Pune Supergiants,Unknown,76,121,1,6
IPL,2026-05-18,Chennai Super Kings,Sunrisers Hyderabad,"MA Chidambaram Stadium, Chepauk, Chennai",Chennai Super Kings,bat,Sunrisers Hyderabad,Unknown,180,181,7,5
IPL,2019-03-30,Mumbai Indians,Kings XI Punjab,Punjab Cricket Association IS Bindra Stadium,Kings XI Punjab,field,Kings XI Punjab,Unknown,176,177,7,2
IPL,2015-05-16,Kings XI Punjab,Chennai Super Kings,"Punjab Cricket Association Stadium, Mohali",Kings XI Punjab,bat,Chennai Super Kings,Unknown,130,134,7,3
IPL,2010-04-12,Deccan Chargers,Royal Challengers Bangalore,"Vidarbha Cricket Association Stadium, Jamtha",Royal Challengers Bangalore,field,Deccan Chargers,Unknown,151,138,6,10
IPL,2017-04-18,Gujarat Lions,Royal Challengers Bangalore,Saurashtra Cricket Association Stadium,Gujarat Lions,field,Royal Challengers Bangalore,Unknown,192,213,7,2
IPL,2015-05-24,Mumbai Indians,Chennai Super Kings,Eden Gardens,Chennai Super Kings,field,Mumbai Indians,Unknown,202,161,5,8
IPL,2013-04-06,Delhi Daredevils,Rajasthan Royals,Feroz Shah Kotla,Rajasthan Royals,bat,Rajasthan Royals,Unknown,160,165,6,7
IPL,2010-04-11,Delhi Daredevils,Kings XI Punjab,Feroz Shah Kotla,Delhi Daredevils,bat,Kings XI Punjab,Unknown,111,112,10,3
IPL,2014-05-05,Delhi Daredevils,Chennai Super Kings,Feroz Shah Kotla,Chennai Super Kings,field,Chennai Super Kings,Unknown,178,181,5,2
IPL,2023-05-20,Chennai Super Kings,Delhi Capitals,"Arun Jaitley Stadium, Delhi",Chennai Super Kings,bat,Chennai Super Kings,Unknown,223,146,3,9
IPL,2012-05-19,Kings XI Punjab,Delhi Daredevils,Himachal Pradesh Cricket Association Stadium,Delhi Daredevils,field,Delhi Daredevils,Unknown,141,145,8,4
IPL,2019-04-28,Delhi Capitals,Royal Challengers Bangalore,Arun Jaitley Stadium,Delhi Capitals,bat,Delhi Capitals,Unknown,187,171,5,7
IPL,2012-04-19,Chennai Super Kings,Pune Warriors,"MA Chidambaram Stadium, Chepauk",Pune Warriors,field,Chennai Super Kings,Unknown,164,151,5,7
IPL,2016-05-14,Royal Challengers Bangalore,Gujarat Lions,M Chinnaswamy Stadium,Gujarat Lions,field,Royal Challengers Bangalore,Unknown,248,104,3,10
IPL,2026-03-28,Sunrisers Hyderabad,Royal Challengers Bengaluru,"M Chinnaswamy Stadium, Bengaluru",Royal Challengers Bengaluru,field,Royal Challengers Bengaluru,Unknown,201,203,9,4
IPL,2018-05-13,Sunrisers Hyderabad,Chennai Super Kings,Maharashtra Cricket Association Stadium,Chennai Super Kings,field,Chennai Super Kings,Unknown,179,180,4,2
IPL,2015-04-11,Kolkata Knight Riders,Royal Challengers Bangalore,Eden Gardens,Royal Challengers Bangalore,field,Royal Challengers Bangalore,Unknown,177,179,6,7
IPL,2025-05-20,Chennai Super Kings,Rajasthan Royals,"Arun Jaitley Stadium, Delhi",Rajasthan Royals,field,Rajasthan Royals,Unknown,187,188,8,4
IPL,2010-03-18,Royal Challengers Bangalore,Rajasthan Royals,M Chinnaswamy Stadium,Royal Challengers Bangalore,field,Royal Challengers Bangalore,Unknown,93,92,0,10
IPL,2025-05-29,Punjab Kings,Royal Challengers Bengaluru,"Maharaja Yadavindra Singh International Cricket Stadium, Mullanpur",Royal Challengers Bengaluru,field,Royal Challengers Bengaluru,Unknown,101,106,10,2
IPL,2020-10-20,Delhi Capitals,Kings XI Punjab,Dubai International Cricket Stadium,Delhi Capitals,bat,Kings XI Punjab,Unknown,164,167,5,5
IPL,2010-03-12,Deccan Chargers,Kolkata Knight Riders,Dr DY Patil Sports Academy,Deccan Chargers,field,Kolkata Knight Riders,Unknown,150,161,7,4
IPL,2017-04-08,Kings XI Punjab,Rising Pune Supergiant,Holkar Cricket Stadium,Kings XI Punjab,field,Kings XI Punjab,Unknown,164,163,4,6
IPL,2010-04-07,Kolkata Knight Riders,Delhi Daredevils,Eden Gardens,Kolkata Knight Riders,bat,Kolkata Knight Riders,Unknown,181,167,3,8
IPL,2012-04-28,Kolkata Knight Riders,Royal Challengers Bangalore,Eden Gardens,Kolkata Knight Riders,bat,Kolkata Knight Riders,Unknown,190,143,4,6
IPL,2022-04-03,Punjab Kings,Chennai Super Kings,"Brabourne Stadium, Mumbai",Chennai Super Kings,field,Punjab Kings,Unknown,180,126,8,10
IPL,2023-05-17,Delhi Capitals,Punjab Kings,"Himachal Pradesh Cricket Association Stadium, Dharamsala",Punjab Kings,field,Delhi Capitals,Unknown,213,198,2,8
IPL,2021-10-07,Chennai Super Kings,Punjab Kings,Dubai International Cricket Stadium,Punjab Kings,field,Punjab Kings,Unknown,134,139,6,4
IPL,2012-04-23,Rajasthan Royals,Royal Challengers Bangalore,Sawai Mansingh Stadium,Rajasthan Royals,field,Royal Challengers Bangalore,Unknown,143,189,7,3
IPL,2025-04-04,Lucknow Super Giants,Mumbai Indians,"Bharat Ratna Shri Atal Bihari Vajpayee Ekana Cricket Stadium, Lucknow",Mumbai Indians,field,Lucknow Super Giants,Unknown,203,191,8,5
IPL,2019-04-17,Chennai Super Kings,Sunrisers Hyderabad,Rajiv Gandhi International Stadium,Chennai Super Kings,bat,Sunrisers Hyderabad,Unknown,132,137,5,4
IPL,2010-04-11,Rajasthan Royals,Mumbai Indians,Sawai Mansingh Stadium,Rajasthan Royals,field,Mumbai Indians,Unknown,137,174,8,5
IPL,2010-03-14,Kolkata Knight Riders,Royal Challengers Bangalore,Eden Gardens,Kolkata Knight Riders,field,Kolkata Knight Riders,Unknown,136,135,3,7
IPL,2010-03-28,Deccan Chargers,Mumbai Indians,Dr DY Patil Sports Academy,Deccan Chargers,field,Mumbai Indians,Unknown,131,172,10,7
IPL,2009-05-01,Royal Challengers Bangalore,Kings XI Punjab,Kingsmead,Royal Challengers Bangalore,bat,Royal Challengers Bangalore,Unknown,145,137,9,7
IPL,2012-04-04,Chennai Super Kings,Mumbai Indians,"MA Chidambaram Stadium, Chepauk",Mumbai Indians,field,Mumbai Indians,Unknown,112,115,10,3
IPL,2012-05-15,Delhi Daredevils,Kings XI Punjab,Feroz Shah Kotla,Kings XI Punjab,bat,Delhi Daredevils,Unknown,140,136,5,8
IPL,2018-04-07,Mumbai Indians,Chennai Super Kings,Wankhede Stadium,Chennai Super Kings,field,Chennai Super Kings,Unknown,165,169,4,9
IPL,2010-04-05,Deccan Chargers,Rajasthan Royals,"Vidarbha Cricket Association Stadium, Jamtha",Rajasthan Royals,bat,Rajasthan Royals,Unknown,157,159,10,10
IPL,2018-05-11,Chennai Super Kings,Rajasthan Royals,Sawai Mansingh Stadium,Chennai Super Kings,bat,Rajasthan Royals,Unknown,176,177,4,6
IPL,2026-04-04,Rajasthan Royals,Gujarat Titans,"Narendra Modi Stadium, Ahmedabad",Rajasthan Royals,bat,Rajasthan Royals,Unknown,210,204,6,8
IPL,2012-05-12,Chennai Super Kings,Delhi Daredevils,"MA Chidambaram Stadium, Chepauk",Chennai Super Kings,field,Chennai Super Kings,Unknown,115,114,1,5
IPL,2020-09-25,Delhi Capitals,Chennai Super Kings,Dubai International Cricket Stadium,Chennai Super Kings,field,Delhi Capitals,Unknown,175,131,3,7
IPL,2023-05-05,Rajasthan Royals,Gujarat Titans,"Sawai Mansingh Stadium, Jaipur",Rajasthan Royals,bat,Gujarat Titans,Unknown,118,119,10,1
IPL,2012-05-10,Deccan Chargers,Delhi Daredevils,"Rajiv Gandhi International Stadium, Uppal",Deccan Chargers,bat,Delhi Daredevils,Unknown,187,193,4,1
IPL,2009-05-06,Deccan Chargers,Mumbai Indians,SuperSport Park,Deccan Chargers,bat,Deccan Chargers,Unknown,145,126,6,8
IPL,2013-04-07,Sunrisers Hyderabad,Royal Challengers Bangalore,"Rajiv Gandhi International Stadium, Uppal",Royal Challengers Bangalore,bat,tie,tie,150,145,7,8
IPL,2015-04-22,Royal Challengers Bangalore,Chennai Super Kings,M Chinnaswamy Stadium,Royal Challengers Bangalore,field,Chennai Super Kings,Unknown,154,181,8,8
IPL,2011-04-21,Kings XI Punjab,Rajasthan Royals,"Punjab Cricket Association Stadium, Mohali",Rajasthan Royals,field,Kings XI Punjab,Unknown,195,147,7,7
IPL,2015-05-15,Sunrisers Hyderabad,Royal Challengers Bangalore,"Rajiv Gandhi International Stadium, Uppal",Sunrisers Hyderabad,bat,Royal Challengers Bangalore,Unknown,135,83,3,4
IPL,2013-05-04,Sunrisers Hyderabad,Delhi Daredevils,"Rajiv Gandhi International Stadium, Uppal",Delhi Daredevils,bat,Sunrisers Hyderabad,Unknown,81,80,4,10
IPL,2024-04-13,Punjab Kings,Rajasthan Royals,"Maharaja Yadavindra Singh International Cricket Stadium, Mullanpur",Rajasthan Royals,field,Rajasthan Royals,Unknown,147,152,8,7
IPL,2014-05-13,Royal Challengers Bangalore,Delhi Daredevils,M Chinnaswamy Stadium,Delhi Daredevils,field,Royal Challengers Bangalore,Unknown,186,170,4,7
IPL,2022-04-16,Lucknow Super Giants,Mumbai Indians,"Brabourne Stadium, Mumbai",Mumbai Indians,field,Lucknow Super Giants,Unknown,199,181,4,9
IPL,2026-05-19,Lucknow Super Giants,Rajasthan Royals,"Sawai Mansingh Stadium, Jaipur",Rajasthan Royals,field,Rajasthan Royals,Unknown,220,225,5,3
IPL,2023-04-10,Royal Challengers Bangalore,Lucknow Super Giants,"M Chinnaswamy Stadium, Bengaluru",Lucknow Super Giants,field,Lucknow Super Giants,Unknown,212,213,2,9
IPL,2021-10-01,Kolkata Knight Riders,Punjab Kings,Dubai International Cricket Stadium,Punjab Kings,field,Punjab Kings,Unknown,165,168,7,5
IPL,2021-10-02,Mumbai Indians,Delhi Capitals,Sharjah Cricket Stadium,Delhi Capitals,field,Delhi Capitals,Unknown,129,132,8,6
IPL,2023-04-23,Royal Challengers Bangalore,Rajasthan Royals,"M Chinnaswamy Stadium, Bengaluru",Rajasthan Royals,field,Royal Challengers Bangalore,Unknown,189,182,9,6
IPL,2009-04-25,Deccan Chargers,Mumbai Indians,Kingsmead,Deccan Chargers,bat,Deccan Chargers,Unknown,168,156,9,7
IPL,2016-05-27,Gujarat Lions,Sunrisers Hyderabad,Feroz Shah Kotla,Sunrisers Hyderabad,field,Sunrisers Hyderabad,Unknown,162,163,7,6
IPL,2022-05-18,Lucknow Super Giants,Kolkata Knight Riders,"Dr DY Patil Sports Academy, Mumbai",Lucknow Super Giants,bat,Lucknow Super Giants,Unknown,210,208,0,8
IPL,2013-04-29,Rajasthan Royals,Royal Challengers Bangalore,Sawai Mansingh Stadium,Rajasthan Royals,field,Rajasthan Royals,Unknown,173,171,6,6
IPL,2012-05-13,Rajasthan Royals,Pune Warriors,Sawai Mansingh Stadium,Rajasthan Royals,bat,Rajasthan Royals,Unknown,170,125,4,9
IPL,2021-10-08,Delhi Capitals,Royal Challengers Bangalore,Dubai International Cricket Stadium,Royal Challengers Bangalore,field,Royal Challengers Bangalore,Unknown,164,166,5,3
IPL,2013-05-17,Sunrisers Hyderabad,Rajasthan Royals,"Rajiv Gandhi International Stadium, Uppal",Sunrisers Hyderabad,bat,Sunrisers Hyderabad,Unknown,136,113,9,9
IPL,2017-04-30,Kings XI Punjab,Delhi Daredevils,"Punjab Cricket Association IS Bindra Stadium, Mohali",Kings XI Punjab,field,Kings XI Punjab,Unknown,68,67,0,10
IPL,2021-04-16,Punjab Kings,Chennai Super Kings,"Wankhede Stadium, Mumbai",Chennai Super Kings,field,Chennai Super Kings,Unknown,106,107,8,4
IPL,2010-04-02,Kings XI Punjab,Royal Challengers Bangalore,"Punjab Cricket Association Stadium, Mohali",Kings XI Punjab,bat,Royal Challengers Bangalore,Unknown,181,184,5,4
IPL,2024-05-08,Lucknow Super Giants,Sunrisers Hyderabad,"Rajiv Gandhi International Stadium, Uppal, Hyderabad",Lucknow Super Giants,bat,Sunrisers Hyderabad,Unknown,165,167,4,0
IPL,2025-04-19,Lucknow Super Giants,Rajasthan Royals,"Sawai Mansingh Stadium, Jaipur",Lucknow Super Giants,bat,Lucknow Super Giants,Unknown,180,178,5,5
IPL,2019-04-22,Rajasthan Royals,Delhi Capitals,Sawai Mansingh Stadium,Delhi Capitals,field,Delhi Capitals,Unknown,191,193,6,4
IPL,2025-05-07,Kolkata Knight Riders,Chennai Super Kings,"Eden Gardens, Kolkata",Kolkata Knight Riders,bat,Chennai Super Kings,Unknown,179,183,6,8
IPL,2017-05-04,Delhi Daredevils,Gujarat Lions,Feroz Shah Kotla,Delhi Daredevils,field,Delhi Daredevils,Unknown,214,208,3,7
IPL,2017-04-15,Delhi Daredevils,Kings XI Punjab,Feroz Shah Kotla,Delhi Daredevils,bat,Delhi Daredevils,Unknown,188,137,6,9
IPL,2016-05-05,Delhi Daredevils,Rising Pune Supergiants,Feroz Shah Kotla,Rising Pune Supergiants,field,Rising Pune Supergiants,Unknown,162,166,7,3
IPL,2019-03-25,Kings XI Punjab,Rajasthan Royals,Sawai Mansingh Stadium,Rajasthan Royals,field,Kings XI Punjab,Unknown,184,170,4,9
IPL,2010-04-19,Kolkata Knight Riders,Mumbai Indians,Eden Gardens,Mumbai Indians,bat,Kolkata Knight Riders,Unknown,135,133,1,8
IPL,2026-05-31,Gujarat Titans,Royal Challengers Bengaluru,"Narendra Modi Stadium, Ahmedabad",Royal Challengers Bengaluru,field,Royal Challengers Bengaluru,Unknown,155,161,8,5
IPL,2011-05-03,Deccan Chargers,Kolkata Knight Riders,"Rajiv Gandhi International Stadium, Uppal",Deccan Chargers,field,Kolkata Knight Riders,Unknown,149,169,6,4
IPL,2024-03-31,Delhi Capitals,Chennai Super Kings,"Dr. Y.S. Rajasekhara Reddy ACA-VDCA Cricket Stadium, Visakhapatnam",Delhi Capitals,bat,Delhi Capitals,Unknown,191,171,5,6
IPL,2023-04-11,Delhi Capitals,Mumbai Indians,"Arun Jaitley Stadium, Delhi",Mumbai Indians,field,Mumbai Indians,Unknown,172,173,10,4
IPL,2022-04-11,Gujarat Titans,Sunrisers Hyderabad,"Dr DY Patil Sports Academy, Mumbai",Sunrisers Hyderabad,field,Sunrisers Hyderabad,Unknown,162,168,7,3
IPL,2010-03-24,Kings XI Punjab,Rajasthan Royals,"Punjab Cricket Association Stadium, Mohali",Kings XI Punjab,field,Rajasthan Royals,Unknown,152,183,10,5
IPL,2018-05-27,Sunrisers Hyderabad,Chennai Super Kings,Wankhede Stadium,Chennai Super Kings,field,Chennai Super Kings,Unknown,178,181,6,2
IPL,2024-04-19,Chennai Super Kings,Lucknow Super Giants,"Bharat Ratna Shri Atal Bihari Vajpayee Ekana Cricket Stadium, Lucknow",Lucknow Super Giants,field,Lucknow Super Giants,Unknown,176,180,6,2
IPL,2025-04-27,Mumbai Indians,Lucknow Super Giants,"Wankhede Stadium, Mumbai",Lucknow Super Giants,field,Mumbai Indians,Unknown,215,161,7,10
IPL,2022-04-24,Lucknow Super Giants,Mumbai Indians,"Wankhede Stadium, Mumbai",Mumbai Indians,field,Lucknow Super Giants,Unknown,168,132,6,8
IPL,2015-04-25,Chennai Super Kings,Kings XI Punjab,"MA Chidambaram Stadium, Chepauk",Chennai Super Kings,bat,Chennai Super Kings,Unknown,192,95,3,9
IPL,2012-05-16,Mumbai Indians,Kolkata Knight Riders,Wankhede Stadium,Mumbai Indians,field,Kolkata Knight Riders,Unknown,108,140,10,7
IPL,2012-04-07,Royal Challengers Bangalore,Delhi Daredevils,M Chinnaswamy Stadium,Delhi Daredevils,field,Royal Challengers Bangalore,Unknown,157,137,8,7
IPL,2016-05-08,Kolkata Knight Riders,Gujarat Lions,Eden Gardens,Gujarat Lions,field,Gujarat Lions,Unknown,158,164,4,5
IPL,2020-10-21,Kolkata Knight Riders,Royal Challengers Bangalore,Sheikh Zayed Stadium,Kolkata Knight Riders,bat,Royal Challengers Bangalore,Unknown,84,85,8,2
IPL,2012-04-09,Deccan Chargers,Mumbai Indians,Dr. Y.S. Rajasekhara Reddy ACA-VDCA Cricket Stadium,Deccan Chargers,bat,Mumbai Indians,Unknown,138,142,9,5
IPL,2022-05-14,Kolkata Knight Riders,Sunrisers Hyderabad,"Maharashtra Cricket Association Stadium, Pune",Kolkata Knight Riders,bat,Kolkata Knight Riders,Unknown,177,123,6,8
IPL,2010-03-31,Delhi Daredevils,Rajasthan Royals,Feroz Shah Kotla,Delhi Daredevils,bat,Delhi Daredevils,Unknown,188,121,6,10
IPL,2016-05-15,Mumbai Indians,Delhi Daredevils,Dr. Y.S. Rajasekhara Reddy ACA-VDCA Cricket Stadium,Delhi Daredevils,field,Mumbai Indians,Unknown,206,126,4,10
IPL,2013-04-25,Chennai Super Kings,Sunrisers Hyderabad,"MA Chidambaram Stadium, Chepauk",Sunrisers Hyderabad,bat,Chennai Super Kings,Unknown,160,159,5,6
IPL,2026-04-25,Delhi Capitals,Punjab Kings,"Arun Jaitley Stadium, Delhi",Delhi Capitals,bat,Punjab Kings,Unknown,264,265,2,4
IPL,2023-03-31,Chennai Super Kings,Gujarat Titans,"Narendra Modi Stadium, Ahmedabad",Gujarat Titans,field,Gujarat Titans,Unknown,178,182,7,5
IPL,2022-04-10,Rajasthan Royals,Lucknow Super Giants,"Wankhede Stadium, Mumbai",Lucknow Super Giants,field,Rajasthan Royals,Unknown,165,162,6,8
IPL,2021-09-28,Delhi Capitals,Kolkata Knight Riders,Sharjah Cricket Stadium,Kolkata Knight Riders,field,Kolkata Knight Riders,Unknown,127,130,9,7
IPL,2025-04-01,Lucknow Super Giants,Punjab Kings,"Bharat Ratna Shri Atal Bihari Vajpayee Ekana Cricket Stadium, Lucknow",Punjab Kings,field,Punjab Kings,Unknown,171,177,7,2
IPL,2023-04-29,Kolkata Knight Riders,Gujarat Titans,"Eden Gardens, Kolkata",Gujarat Titans,field,Gujarat Titans,Unknown,179,180,7,3
IPL,2022-04-05,Rajasthan Royals,Royal Challengers Bangalore,"Wankhede Stadium, Mumbai",Royal Challengers Bangalore,field,Royal Challengers Bangalore,Unknown,169,173,3,6
IPL,2022-04-21,Mumbai Indians,Chennai Super Kings,"Dr DY Patil Sports Academy, Mumbai",Chennai Super Kings,field,Chennai Super Kings,Unknown,155,156,7,7
IPL,2023-05-15,Gujarat Titans,Sunrisers Hyderabad,"Narendra Modi Stadium, Ahmedabad",Sunrisers Hyderabad,field,Gujarat Titans,Unknown,188,154,9,9
IPL,2022-05-27,Royal Challengers Bangalore,Rajasthan Royals,"Narendra Modi Stadium, Ahmedabad",Rajasthan Royals,field,Rajasthan Royals,Unknown,157,161,8,3
IPL,2025-05-04,Kolkata Knight Riders,Rajasthan Royals,"Eden Gardens, Kolkata",Kolkata Knight Riders,bat,Kolkata Knight Riders,Unknown,206,205,4,8
IPL,2014-06-01,Kolkata Knight Riders,Kings XI Punjab,M Chinnaswamy Stadium,Kolkata Knight Riders,field,Kolkata Knight Riders,Unknown,200,199,7,4
IPL,2016-05-20,Delhi Daredevils,Sunrisers Hyderabad,Shaheed Veer Narayan Singh International Stadium,Delhi Daredevils,field,Delhi Daredevils,Unknown,161,158,4,7
IPL,2013-05-12,Rajasthan Royals,Chennai Super Kings,Sawai Mansingh Stadium,Rajasthan Royals,field,Rajasthan Royals,Unknown,144,141,5,4
IPL,2025-04-30,Chennai Super Kings,Punjab Kings,"MA Chidambaram Stadium, Chepauk, Chennai",Punjab Kings,field,Punjab Kings,Unknown,190,194,10,6
IPL,2021-04-25,Chennai Super Kings,Royal Challengers Bangalore,"Wankhede Stadium, Mumbai",Chennai Super Kings,bat,Chennai Super Kings,Unknown,191,122,4,9
IPL,2015-04-11,Chennai Super Kings,Sunrisers Hyderabad,"MA Chidambaram Stadium, Chepauk",Chennai Super Kings,bat,Chennai Super Kings,Unknown,209,164,4,6
IPL,2009-05-17,Deccan Chargers,Kings XI Punjab,New Wanderers Stadium,Deccan Chargers,field,Kings XI Punjab,Unknown,133,134,8,7
IPL,2020-11-06,Royal Challengers Bangalore,Sunrisers Hyderabad,Sheikh Zayed Stadium,Sunrisers Hyderabad,field,Sunrisers Hyderabad,Unknown,131,132,7,4
IPL,2016-05-10,Rising Pune Supergiants,Sunrisers Hyderabad,Dr. Y.S. Rajasekhara Reddy ACA-VDCA Cricket Stadium,Sunrisers Hyderabad,bat,Sunrisers Hyderabad,Unknown,133,137,8,8
IPL,2014-05-04,Royal Challengers Bangalore,Sunrisers Hyderabad,M Chinnaswamy Stadium,Royal Challengers Bangalore,field,Royal Challengers Bangalore,Unknown,158,155,6,6
IPL,2019-04-24,Royal Challengers Bangalore,Kings XI Punjab,M.Chinnaswamy Stadium,Kings XI Punjab,field,Royal Challengers Bangalore,Unknown,202,185,4,7
IPL,2014-05-30,Chennai Super Kings,Kings XI Punjab,Wankhede Stadium,Chennai Super Kings,field,Kings XI Punjab,Unknown,202,226,7,6
IPL,2015-05-09,Kolkata Knight Riders,Kings XI Punjab,Eden Gardens,Kings XI Punjab,bat,Kolkata Knight Riders,Unknown,184,183,9,5
IPL,2025-03-24,Lucknow Super Giants,Delhi Capitals,"Dr. Y.S. Rajasekhara Reddy ACA-VDCA Cricket Stadium, Visakhapatnam",Delhi Capitals,field,Delhi Capitals,Unknown,209,211,8,9
IPL,2022-05-25,Royal Challengers Bangalore,Lucknow Super Giants,"Eden Gardens, Kolkata",Lucknow Super Giants,field,Royal Challengers Bangalore,Unknown,207,193,4,6
IPL,2021-09-22,Sunrisers Hyderabad,Delhi Capitals,Dubai International Cricket Stadium,Sunrisers Hyderabad,bat,Delhi Capitals,Unknown,134,139,9,2
IPL,2017-04-22,Mumbai Indians,Delhi Daredevils,Wankhede Stadium,Delhi Daredevils,field,Mumbai Indians,Unknown,142,128,8,7
IPL,2012-04-11,Mumbai Indians,Rajasthan Royals,Wankhede Stadium,Rajasthan Royals,field,Mumbai Indians,Unknown,197,170,6,10
IPL,2012-05-17,Delhi Daredevils,Royal Challengers Bangalore,Feroz Shah Kotla,Delhi Daredevils,field,Royal Challengers Bangalore,Unknown,194,215,9,1
IPL,2026-05-01,Rajasthan Royals,Delhi Capitals,"Sawai Mansingh Stadium, Jaipur",Rajasthan Royals,bat,Delhi Capitals,Unknown,225,226,6,3
IPL,2013-05-22,Rajasthan Royals,Sunrisers Hyderabad,Feroz Shah Kotla,Sunrisers Hyderabad,bat,Rajasthan Royals,Unknown,135,132,6,7
IPL,2018-04-15,Rajasthan Royals,Royal Challengers Bangalore,M.Chinnaswamy Stadium,Royal Challengers Bangalore,field,Rajasthan Royals,Unknown,217,198,4,6
IPL,2017-04-28,Kolkata Knight Riders,Delhi Daredevils,Eden Gardens,Kolkata Knight Riders,field,Kolkata Knight Riders,Unknown,161,160,3,6
IPL,2015-04-18,Kings XI Punjab,Kolkata Knight Riders,Maharashtra Cricket Association Stadium,Kolkata Knight Riders,field,Kolkata Knight Riders,Unknown,155,159,9,6
IPL,2013-05-10,Delhi Daredevils,Royal Challengers Bangalore,Feroz Shah Kotla,Delhi Daredevils,field,Royal Challengers Bangalore,Unknown,179,183,7,4
IPL,2020-10-05,Delhi Capitals,Royal Challengers Bangalore,Dubai International Cricket Stadium,Royal Challengers Bangalore,field,Delhi Capitals,Unknown,196,137,4,9
IPL,2012-04-19,Delhi Daredevils,Deccan Chargers,Feroz Shah Kotla,Deccan Chargers,bat,Delhi Daredevils,Unknown,162,157,5,8
IPL,2013-05-15,Kolkata Knight Riders,Pune Warriors,JSCA International Stadium Complex,Kolkata Knight Riders,field,Pune Warriors,Unknown,163,170,7,4
IPL,2026-05-04,Lucknow Super Giants,Mumbai Indians,"Wankhede Stadium, Mumbai",Mumbai Indians,field,Mumbai Indians,Unknown,228,229,5,4
IPL,2026-04-12,Lucknow Super Giants,Gujarat Titans,"Bharat Ratna Shri Atal Bihari Vajpayee Ekana Cricket Stadium, Lucknow",Gujarat Titans,field,Gujarat Titans,Unknown,164,165,8,3
IPL,2026-04-26,Chennai Super Kings,Gujarat Titans,"MA Chidambaram Stadium, Chepauk, Chennai",Gujarat Titans,field,Gujarat Titans,Unknown,158,162,7,2
IPL,2021-10-10,Delhi Capitals,Chennai Super Kings,Dubai International Cricket Stadium,Chennai Super Kings,field,Chennai Super Kings,Unknown,172,173,5,6
IPL,2015-04-25,Mumbai Indians,Sunrisers Hyderabad,Wankhede Stadium,Mumbai Indians,bat,Mumbai Indians,Unknown,157,137,8,8
IPL,2025-05-18,Delhi Capitals,Gujarat Titans,"Arun Jaitley Stadium, Delhi",Gujarat Titans,field,Gujarat Titans,Unknown,199,205,3,0
IPL,2020-10-02,Sunrisers Hyderabad,Chennai Super Kings,Dubai International Cricket Stadium,Sunrisers Hyderabad,bat,Sunrisers Hyderabad,Unknown,164,157,5,5
IPL,2020-10-24,Kolkata Knight Riders,Delhi Capitals,Sheikh Zayed Stadium,Delhi Capitals,field,Kolkata Knight Riders,Unknown,194,135,6,9
IPL,2019-04-04,Delhi Capitals,Sunrisers Hyderabad,Arun Jaitley Stadium,Sunrisers Hyderabad,field,Sunrisers Hyderabad,Unknown,129,131,8,5
IPL,2019-04-14,Kolkata Knight Riders,Chennai Super Kings,Eden Gardens,Chennai Super Kings,field,Chennai Super Kings,Unknown,161,162,8,5
IPL,2024-04-22,Mumbai Indians,Rajasthan Royals,"Sawai Mansingh Stadium, Jaipur",Mumbai Indians,bat,Rajasthan Royals,Unknown,179,183,9,1
IPL,2012-05-27,Kolkata Knight Riders,Chennai Super Kings,"MA Chidambaram Stadium, Chepauk",Chennai Super Kings,bat,Kolkata Knight Riders,Unknown,192,190,5,3
IPL,2026-03-31,Gujarat Titans,Punjab Kings,"Maharaja Yadavindra Singh International Cricket Stadium, New Chandigarh",Punjab Kings,field,Punjab Kings,Unknown,162,165,6,7
IPL,2022-04-07,Delhi Capitals,Lucknow Super Giants,"Dr DY Patil Sports Academy, Mumbai",Lucknow Super Giants,field,Lucknow Super Giants,Unknown,149,155,3,4
IPL,2020-09-27,Kings XI Punjab,Rajasthan Royals,Sharjah Cricket Stadium,Rajasthan Royals,field,Rajasthan Royals,Unknown,223,226,2,6
IPL,2026-03-30,Chennai Super Kings,Rajasthan Royals,"Barsapara Cricket Stadium, Guwahati",Rajasthan Royals,field,Rajasthan Royals,Unknown,127,128,10,2
IPL,2025-04-12,Punjab Kings,Sunrisers Hyderabad,"Rajiv Gandhi International Stadium, Uppal, Hyderabad",Punjab Kings,bat,Sunrisers Hyderabad,Unknown,245,247,6,2
IPL,2026-04-30,Royal Challengers Bengaluru,Gujarat Titans,"Narendra Modi Stadium, Ahmedabad",Gujarat Titans,field,Gujarat Titans,Unknown,155,158,10,6
IPL,2022-05-29,Rajasthan Royals,Gujarat Titans,"Narendra Modi Stadium, Ahmedabad",Rajasthan Royals,bat,Gujarat Titans,Unknown,130,133,9,3
IPL,2018-04-21,Kolkata Knight Riders,Kings XI Punjab,Eden Gardens,Kings XI Punjab,field,Kings XI Punjab,Unknown,191,126,7,1
IPL,2012-04-12,Kings XI Punjab,Pune Warriors,"Punjab Cricket Association Stadium, Mohali",Kings XI Punjab,field,Kings XI Punjab,Unknown,116,115,3,10
IPL,2011-05-02,Delhi Daredevils,Kochi Tuskers Kerala,Feroz Shah Kotla,Kochi Tuskers Kerala,field,Kochi Tuskers Kerala,Unknown,140,141,6,3
IPL,2025-03-23,Mumbai Indians,Chennai Super Kings,"MA Chidambaram Stadium, Chepauk, Chennai",Chennai Super Kings,field,Chennai Super Kings,Unknown,155,158,9,6
IPL,2015-04-22,Sunrisers Hyderabad,Kolkata Knight Riders,Dr. Y.S. Rajasekhara Reddy ACA-VDCA Cricket Stadium,Kolkata Knight Riders,field,Sunrisers Hyderabad,Unknown,176,101,4,4
IPL,2026-04-17,Kolkata Knight Riders,Gujarat Titans,"Narendra Modi Stadium, Ahmedabad",Kolkata Knight Riders,bat,Gujarat Titans,Unknown,180,181,10,5
IPL,2013-04-17,Pune Warriors,Sunrisers Hyderabad,Maharashtra Cricket Association Stadium,Pune Warriors,field,Sunrisers Hyderabad,Unknown,108,119,10,8
IPL,2022-03-27,Mumbai Indians,Delhi Capitals,"Brabourne Stadium, Mumbai",Delhi Capitals,field,Delhi Capitals,Unknown,177,179,5,6
IPL,2015-05-20,Royal Challengers Bangalore,Rajasthan Royals,Maharashtra Cricket Association Stadium,Royal Challengers Bangalore,bat,Royal Challengers Bangalore,Unknown,180,109,4,10
IPL,2024-04-21,Punjab Kings,Gujarat Titans,"Maharaja Yadavindra Singh International Cricket Stadium, Mullanpur",Punjab Kings,bat,Gujarat Titans,Unknown,142,146,10,7
IPL,2008-04-27,Kings XI Punjab,Delhi Daredevils,"Punjab Cricket Association Stadium, Mohali",Delhi Daredevils,bat,Kings XI Punjab,Unknown,162,158,6,8
IPL,2021-04-24,Kolkata Knight Riders,Rajasthan Royals,"Wankhede Stadium, Mumbai",Rajasthan Royals,field,Rajasthan Royals,Unknown,133,134,9,4
IPL,2023-04-25,Gujarat Titans,Mumbai Indians,"Narendra Modi Stadium, Ahmedabad",Mumbai Indians,field,Gujarat Titans,Unknown,207,152,6,9
IPL,2011-04-24,Rajasthan Royals,Kochi Tuskers Kerala,Sawai Mansingh Stadium,Rajasthan Royals,field,Rajasthan Royals,Unknown,111,109,2,10
IPL,2018-04-11,Rajasthan Royals,Delhi Daredevils,Sawai Mansingh Stadium,Delhi Daredevils,field,Rajasthan Royals,Unknown,153,60,5,4
IPL,2013-05-14,Chennai Super Kings,Delhi Daredevils,"MA Chidambaram Stadium, Chepauk",Chennai Super Kings,bat,Chennai Super Kings,Unknown,168,135,4,9
IPL,2008-05-01,Deccan Chargers,Kings XI Punjab,"Rajiv Gandhi International Stadium, Uppal",Kings XI Punjab,field,Kings XI Punjab,Unknown,164,167,8,3
IPL,2011-04-16,Deccan Chargers,Kings XI Punjab,"Rajiv Gandhi International Stadium, Uppal",Kings XI Punjab,field,Kings XI Punjab,Unknown,165,166,8,2
IPL,2015-05-01,Mumbai Indians,Rajasthan Royals,Wankhede Stadium,Rajasthan Royals,field,Mumbai Indians,Unknown,187,179,5,7
IPL,2024-03-23,Kolkata Knight Riders,Sunrisers Hyderabad,"Eden Gardens, Kolkata",Sunrisers Hyderabad,field,Kolkata Knight Riders,Unknown,208,204,7,7
IPL,2013-05-11,Kings XI Punjab,Sunrisers Hyderabad,"Punjab Cricket Association Stadium, Mohali",Kings XI Punjab,field,Sunrisers Hyderabad,Unknown,120,150,9,7
IPL,2012-05-03,Pune Warriors,Mumbai Indians,Subrata Roy Sahara Stadium,Mumbai Indians,bat,Mumbai Indians,Unknown,119,120,6,9
IPL,2008-05-20,Kolkata Knight Riders,Rajasthan Royals,Eden Gardens,Rajasthan Royals,field,Rajasthan Royals,Unknown,147,150,8,4
IPL,2026-05-21,Gujarat Titans,Chennai Super Kings,"Narendra Modi Stadium, Ahmedabad",Chennai Super Kings,field,Gujarat Titans,Unknown,229,140,4,10
IPL,2026-05-15,Chennai Super Kings,Lucknow Super Giants,"Bharat Ratna Shri Atal Bihari Vajpayee Ekana Cricket Stadium, Lucknow",Lucknow Super Giants,field,Lucknow Super Giants,Unknown,187,188,5,3
IPL,2011-04-17,Pune Warriors,Delhi Daredevils,Dr DY Patil Sports Academy,Delhi Daredevils,field,Delhi Daredevils,Unknown,187,190,5,7
IPL,2009-05-14,Royal Challengers Bangalore,Chennai Super Kings,Kingsmead,Chennai Super Kings,bat,Royal Challengers Bangalore,Unknown,132,129,8,10
IPL,2010-03-25,Chennai Super Kings,Mumbai Indians,"Brabourne Stadium, Mumbai",Mumbai Indians,field,Mumbai Indians,Unknown,180,181,2,5
IPL,2016-04-30,Delhi Daredevils,Kolkata Knight Riders,Feroz Shah Kotla,Kolkata Knight Riders,field,Delhi Daredevils,Unknown,186,159,8,10
IPL,2016-04-30,Sunrisers Hyderabad,Royal Challengers Bangalore,"Rajiv Gandhi International Stadium, Uppal",Royal Challengers Bangalore,field,Sunrisers Hyderabad,Unknown,194,179,5,6
IPL,2019-03-26,Delhi Capitals,Chennai Super Kings,Arun Jaitley Stadium,Delhi Capitals,bat,Chennai Super Kings,Unknown,147,150,6,4
IPL,2016-05-19,Gujarat Lions,Kolkata Knight Riders,Green Park,Gujarat Lions,field,Gujarat Lions,Unknown,125,124,4,8
IPL,2011-05-13,Kochi Tuskers Kerala,Kings XI Punjab,Holkar Cricket Stadium,Kings XI Punjab,field,Kings XI Punjab,Unknown,178,181,7,4
IPL,2016-04-11,Kings XI Punjab,Gujarat Lions,"Punjab Cricket Association IS Bindra Stadium, Mohali",Gujarat Lions,field,Gujarat Lions,Unknown,161,162,6,5
IPL,2021-10-03,Sunrisers Hyderabad,Kolkata Knight Riders,Dubai International Cricket Stadium,Sunrisers Hyderabad,bat,Kolkata Knight Riders,Unknown,115,119,8,4
IPL,2024-03-26,Chennai Super Kings,Gujarat Titans,"MA Chidambaram Stadium, Chepauk, Chennai",Gujarat Titans,field,Chennai Super Kings,Unknown,206,143,6,8
IPL,2016-04-16,Sunrisers Hyderabad,Kolkata Knight Riders,"Rajiv Gandhi International Stadium, Uppal",Sunrisers Hyderabad,bat,Kolkata Knight Riders,Unknown,142,146,7,2
IPL,2012-05-25,Delhi Daredevils,Chennai Super Kings,"MA Chidambaram Stadium, Chepauk",Delhi Daredevils,field,Chennai Super Kings,Unknown,136,222,10,5
IPL,2020-11-10,Delhi Capitals,Mumbai Indians,Dubai International Cricket Stadium,Delhi Capitals,bat,Mumbai Indians,Unknown,156,157,7,5
IPL,2022-04-02,Rajasthan Royals,Mumbai Indians,"Dr DY Patil Sports Academy, Mumbai",Mumbai Indians,field,Rajasthan Royals,Unknown,193,170,8,8
IPL,2011-04-19,Delhi Daredevils,Deccan Chargers,Feroz Shah Kotla,Deccan Chargers,bat,Deccan Chargers,Unknown,152,168,7,4
IPL,2009-04-29,Kings XI Punjab,Mumbai Indians,Kingsmead,Kings XI Punjab,bat,Kings XI Punjab,Unknown,119,116,8,7
IPL,2018-04-19,Kings XI Punjab,Sunrisers Hyderabad,Punjab Cricket Association IS Bindra Stadium,Kings XI Punjab,bat,Kings XI Punjab,Unknown,193,178,3,5
IPL,2011-04-14,Deccan Chargers,Royal Challengers Bangalore,"Rajiv Gandhi International Stadium, Uppal",Royal Challengers Bangalore,field,Deccan Chargers,Unknown,175,142,5,9
IPL,2023-04-28,Lucknow Super Giants,Punjab Kings,"Punjab Cricket Association IS Bindra Stadium, Mohali, Chandigarh",Punjab Kings,field,Lucknow Super Giants,Unknown,257,201,5,10
IPL,2022-04-08,Punjab Kings,Gujarat Titans,"Brabourne Stadium, Mumbai",Gujarat Titans,field,Gujarat Titans,Unknown,189,190,9,4
IPL,2011-05-15,Kochi Tuskers Kerala,Rajasthan Royals,Holkar Cricket Stadium,Kochi Tuskers Kerala,field,Kochi Tuskers Kerala,Unknown,98,97,2,10
IPL,2017-05-13,Gujarat Lions,Sunrisers Hyderabad,Green Park,Sunrisers Hyderabad,field,Sunrisers Hyderabad,Unknown,154,158,10,2
IPL,2020-10-27,Sunrisers Hyderabad,Delhi Capitals,Dubai International Cricket Stadium,Delhi Capitals,field,Sunrisers Hyderabad,Unknown,219,131,2,10
IPL,2022-05-08,Royal Challengers Bangalore,Sunrisers Hyderabad,"Wankhede Stadium, Mumbai",Royal Challengers Bangalore,bat,Royal Challengers Bangalore,Unknown,192,125,3,10
IPL,2019-04-02,Royal Challengers Bangalore,Rajasthan Royals,Sawai Mansingh Stadium,Rajasthan Royals,field,Rajasthan Royals,Unknown,158,164,4,3
IPL,2023-04-05,Punjab Kings,Rajasthan Royals,"Barsapara Cricket Stadium, Guwahati",Rajasthan Royals,field,Punjab Kings,Unknown,197,192,5,7
IPL,2021-04-15,Delhi Capitals,Rajasthan Royals,"Wankhede Stadium, Mumbai",Rajasthan Royals,field,Rajasthan Royals,Unknown,147,150,8,7
IPL,2012-04-10,Delhi Daredevils,Chennai Super Kings,Feroz Shah Kotla,Delhi Daredevils,field,Delhi Daredevils,Unknown,111,110,2,8
IPL,2025-05-04,Punjab Kings,Lucknow Super Giants,"Himachal Pradesh Cricket Association Stadium, Dharamsala",Lucknow Super Giants,field,Punjab Kings,Unknown,236,199,5,7
IPL,2025-05-19,Lucknow Super Giants,Sunrisers Hyderabad,"Bharat Ratna Shri Atal Bihari Vajpayee Ekana Cricket Stadium, Lucknow",Sunrisers Hyderabad,field,Sunrisers Hyderabad,Unknown,205,206,7,5
IPL,2018-05-12,Kolkata Knight Riders,Kings XI Punjab,Holkar Cricket Stadium,Kings XI Punjab,field,Kolkata Knight Riders,Unknown,245,214,6,8
IPL,2018-04-22,Mumbai Indians,Rajasthan Royals,Sawai Mansingh Stadium,Mumbai Indians,bat,Rajasthan Royals,Unknown,167,168,7,7
IPL,2021-09-29,Rajasthan Royals,Royal Challengers Bangalore,Dubai International Cricket Stadium,Royal Challengers Bangalore,field,Royal Challengers Bangalore,Unknown,149,153,9,3
IPL,2012-04-07,Deccan Chargers,Chennai Super Kings,Dr. Y.S. Rajasekhara Reddy ACA-VDCA Cricket Stadium,Deccan Chargers,field,Chennai Super Kings,Unknown,119,193,10,6
IPL,2021-09-28,Punjab Kings,Mumbai Indians,"Zayed Cricket Stadium, Abu Dhabi",Mumbai Indians,field,Mumbai Indians,Unknown,135,137,6,4
IPL,2023-04-16,Kolkata Knight Riders,Mumbai Indians,"Wankhede Stadium, Mumbai",Mumbai Indians,field,Mumbai Indians,Unknown,185,186,6,5
IPL,2009-04-20,Royal Challengers Bangalore,Chennai Super Kings,St George's Park,Chennai Super Kings,bat,Chennai Super Kings,Unknown,87,179,10,5
IPL,2024-03-24,Gujarat Titans,Mumbai Indians,"Narendra Modi Stadium, Ahmedabad",Mumbai Indians,field,Gujarat Titans,Unknown,168,162,6,9
IPL,2014-04-21,Chennai Super Kings,Delhi Daredevils,Sheikh Zayed Stadium,Chennai Super Kings,bat,Chennai Super Kings,Unknown,177,84,7,9
IPL,2013-04-04,Royal Challengers Bangalore,Mumbai Indians,M Chinnaswamy Stadium,Mumbai Indians,field,Royal Challengers Bangalore,Unknown,156,154,5,5
IPL,2012-04-29,Mumbai Indians,Deccan Chargers,Wankhede Stadium,Mumbai Indians,field,Mumbai Indians,Unknown,101,100,5,10
IPL,2010-03-20,Mumbai Indians,Royal Challengers Bangalore,Brabourne Stadium,Mumbai Indians,bat,Royal Challengers Bangalore,Unknown,151,155,9,3
IPL,2019-04-07,Royal Challengers Bangalore,Delhi Capitals,M.Chinnaswamy Stadium,Delhi Capitals,field,Delhi Capitals,Unknown,149,152,8,6
IPL,2023-05-23,Chennai Super Kings,Gujarat Titans,"MA Chidambaram Stadium, Chepauk, Chennai",Gujarat Titans,field,Chennai Super Kings,Unknown,172,157,7,10
IPL,2025-04-08,Punjab Kings,Chennai Super Kings,"Maharaja Yadavindra Singh International Cricket Stadium, Mullanpur",Punjab Kings,bat,Punjab Kings,Unknown,219,201,6,5
IPL,2018-05-07,Sunrisers Hyderabad,Royal Challengers Bangalore,Rajiv Gandhi International Stadium,Royal Challengers Bangalore,field,Sunrisers Hyderabad,Unknown,146,141,10,6
IPL,2011-05-19,Pune Warriors,Kolkata Knight Riders,Dr DY Patil Sports Academy,Kolkata Knight Riders,field,Kolkata Knight Riders,Unknown,118,119,7,3
IPL,2018-05-19,Rajasthan Royals,Royal Challengers Bangalore,Sawai Mansingh Stadium,Rajasthan Royals,bat,Rajasthan Royals,Unknown,164,134,5,10
IPL,2014-04-24,Royal Challengers Bangalore,Kolkata Knight Riders,Sharjah Cricket Stadium,Royal Challengers Bangalore,field,Kolkata Knight Riders,Unknown,148,150,5,7
IPL,2012-04-21,Delhi Daredevils,Pune Warriors,Feroz Shah Kotla,Delhi Daredevils,field,Pune Warriors,Unknown,172,192,7,3
IPL,2016-04-21,Gujarat Lions,Sunrisers Hyderabad,Saurashtra Cricket Association Stadium,Sunrisers Hyderabad,field,Sunrisers Hyderabad,Unknown,135,137,8,0
IPL,2020-10-07,Kolkata Knight Riders,Chennai Super Kings,Sheikh Zayed Stadium,Kolkata Knight Riders,bat,Kolkata Knight Riders,Unknown,167,157,10,5
IPL,2016-05-18,Royal Challengers Bangalore,Kings XI Punjab,M Chinnaswamy Stadium,Kings XI Punjab,field,Royal Challengers Bangalore,Unknown,211,120,3,9
IPL,2016-05-03,Gujarat Lions,Delhi Daredevils,Saurashtra Cricket Association Stadium,Delhi Daredevils,field,Delhi Daredevils,Unknown,149,150,7,2
IPL,2019-03-24,Delhi Capitals,Mumbai Indians,Wankhede Stadium,Mumbai Indians,field,Delhi Capitals,Unknown,213,176,6,9
IPL,2020-10-11,Sunrisers Hyderabad,Rajasthan Royals,Dubai International Cricket Stadium,Sunrisers Hyderabad,bat,Rajasthan Royals,Unknown,158,163,4,5
IPL,2012-04-15,Kolkata Knight Riders,Kings XI Punjab,Eden Gardens,Kolkata Knight Riders,field,Kings XI Punjab,Unknown,132,134,7,9
IPL,2010-03-15,Rajasthan Royals,Delhi Daredevils,"Sardar Patel Stadium, Motera",Delhi Daredevils,field,Delhi Daredevils,Unknown,141,142,6,4
IPL,2011-04-17,Kolkata Knight Riders,Rajasthan Royals,Eden Gardens,Kolkata Knight Riders,field,Kolkata Knight Riders,Unknown,85,81,2,10
IPL,2018-04-28,Chennai Super Kings,Mumbai Indians,Maharashtra Cricket Association Stadium,Mumbai Indians,field,Mumbai Indians,Unknown,169,170,5,2
IPL,2020-10-06,Mumbai Indians,Rajasthan Royals,Sheikh Zayed Stadium,Mumbai Indians,bat,Mumbai Indians,Unknown,193,136,4,10
IPL,2010-04-10,Deccan Chargers,Chennai Super Kings,"Vidarbha Cricket Association Stadium, Jamtha",Chennai Super Kings,bat,Deccan Chargers,Unknown,139,138,4,8
IPL,2019-05-05,Kolkata Knight Riders,Mumbai Indians,Wankhede Stadium,Mumbai Indians,field,Mumbai Indians,Unknown,133,134,7,1
IPL,2020-10-25,Mumbai Indians,Rajasthan Royals,Sheikh Zayed Stadium,Mumbai Indians,bat,Rajasthan Royals,Unknown,195,196,5,2
IPL,2015-05-02,Royal Challengers Bangalore,Kolkata Knight Riders,M Chinnaswamy Stadium,Royal Challengers Bangalore,field,Royal Challengers Bangalore,Unknown,115,111,3,4
IPL,2012-05-02,Royal Challengers Bangalore,Kings XI Punjab,M Chinnaswamy Stadium,Kings XI Punjab,field,Kings XI Punjab,Unknown,158,163,5,6
IPL,2016-04-23,Delhi Daredevils,Mumbai Indians,Feroz Shah Kotla,Mumbai Indians,field,Delhi Daredevils,Unknown,164,154,4,7
IPL,2024-05-06,Sunrisers Hyderabad,Mumbai Indians,"Wankhede Stadium, Mumbai",Mumbai Indians,field,Mumbai Indians,Unknown,173,174,8,3
IPL,2019-04-25,Kolkata Knight Riders,Rajasthan Royals,Eden Gardens,Rajasthan Royals,field,Rajasthan Royals,Unknown,175,177,6,7
IPL,2014-05-23,Mumbai Indians,Delhi Daredevils,Wankhede Stadium,Delhi Daredevils,field,Mumbai Indians,Unknown,173,158,10,4
IPL,2012-05-09,Mumbai Indians,Royal Challengers Bangalore,Wankhede Stadium,Royal Challengers Bangalore,field,Royal Challengers Bangalore,Unknown,141,142,6,1
IPL,2015-05-14,Mumbai Indians,Kolkata Knight Riders,Wankhede Stadium,Kolkata Knight Riders,field,Mumbai Indians,Unknown,171,166,4,7
IPL,2026-04-05,Sunrisers Hyderabad,Lucknow Super Giants,"Rajiv Gandhi International Stadium, Uppal, Hyderabad",Lucknow Super Giants,field,Lucknow Super Giants,Unknown,156,160,9,5
IPL,2023-04-15,Lucknow Super Giants,Punjab Kings,"Bharat Ratna Shri Atal Bihari Vajpayee Ekana Cricket Stadium, Lucknow",Punjab Kings,field,Punjab Kings,Unknown,159,161,8,8
IPL,2022-04-17,Chennai Super Kings,Gujarat Titans,"Maharashtra Cricket Association Stadium, Pune",Gujarat Titans,field,Gujarat Titans,Unknown,169,170,5,7
IPL,2015-04-17,Mumbai Indians,Chennai Super Kings,Wankhede Stadium,Mumbai Indians,bat,Chennai Super Kings,Unknown,183,189,7,4
IPL,2009-04-19,Delhi Daredevils,Kings XI Punjab,Newlands,Delhi Daredevils,field,Delhi Daredevils,Unknown,58,104,0,7
IPL,2015-05-17,Sunrisers Hyderabad,Mumbai Indians,"Rajiv Gandhi International Stadium, Uppal",Sunrisers Hyderabad,bat,Mumbai Indians,Unknown,113,114,10,1
IPL,2016-04-24,Rising Pune Supergiants,Kolkata Knight Riders,Maharashtra Cricket Association Stadium,Kolkata Knight Riders,field,Kolkata Knight Riders,Unknown,160,162,5,8
IPL,2009-04-22,Royal Challengers Bangalore,Deccan Chargers,Newlands,Deccan Chargers,bat,Deccan Chargers,Unknown,160,184,8,6
IPL,2016-05-21,Rising Pune Supergiants,Kings XI Punjab,Dr. Y.S. Rajasekhara Reddy ACA-VDCA Cricket Stadium,Kings XI Punjab,bat,Rising Pune Supergiants,Unknown,173,172,6,7
IPL,2015-04-18,Sunrisers Hyderabad,Delhi Daredevils,Dr. Y.S. Rajasekhara Reddy ACA-VDCA Cricket Stadium,Delhi Daredevils,bat,Delhi Daredevils,Unknown,163,167,8,4
IPL,2020-10-18,Kolkata Knight Riders,Sunrisers Hyderabad,Sheikh Zayed Stadium,Sunrisers Hyderabad,field,tie,tie,166,165,5,8
IPL,2026-04-21,Sunrisers Hyderabad,Delhi Capitals,"Rajiv Gandhi International Stadium, Uppal, Hyderabad",Delhi Capitals,field,Sunrisers Hyderabad,Unknown,242,195,2,9
IPL,2020-09-20,Delhi Capitals,Kings XI Punjab,Dubai International Cricket Stadium,Kings XI Punjab,field,tie,tie,160,159,8,10
IPL,2013-04-09,Mumbai Indians,Delhi Daredevils,Wankhede Stadium,Mumbai Indians,bat,Mumbai Indians,Unknown,209,165,5,9
IPL,2024-05-17,Lucknow Super Giants,Mumbai Indians,"Wankhede Stadium, Mumbai",Mumbai Indians,field,Lucknow Super Giants,Unknown,214,196,6,6
IPL,2011-04-24,Deccan Chargers,Mumbai Indians,"Rajiv Gandhi International Stadium, Uppal",Deccan Chargers,field,Mumbai Indians,Unknown,135,172,8,4
IPL,2010-04-24,Royal Challengers Bangalore,Deccan Chargers,Dr DY Patil Sports Academy,Deccan Chargers,bat,Royal Challengers Bangalore,Unknown,86,82,1,10
IPL,2016-05-24,Gujarat Lions,Royal Challengers Bangalore,M Chinnaswamy Stadium,Royal Challengers Bangalore,field,Royal Challengers Bangalore,Unknown,158,159,10,6
IPL,2012-04-14,Pune Warriors,Chennai Super Kings,Subrata Roy Sahara Stadium,Chennai Super Kings,bat,Pune Warriors,Unknown,156,155,3,5
IPL,2009-05-14,Mumbai Indians,Rajasthan Royals,Kingsmead,Rajasthan Royals,bat,Rajasthan Royals,Unknown,143,145,10,7
IPL,2010-04-13,Chennai Super Kings,Kolkata Knight Riders,"MA Chidambaram Stadium, Chepauk",Kolkata Knight Riders,bat,Chennai Super Kings,Unknown,143,139,1,8
IPL,2024-04-18,Mumbai Indians,Punjab Kings,"Maharaja Yadavindra Singh International Cricket Stadium, Mullanpur",Punjab Kings,field,Mumbai Indians,Unknown,192,183,7,10
IPL,2015-05-02,Sunrisers Hyderabad,Chennai Super Kings,"Rajiv Gandhi International Stadium, Uppal",Chennai Super Kings,field,Sunrisers Hyderabad,Unknown,192,170,7,6
IPL,2018-05-20,Delhi Daredevils,Mumbai Indians,Arun Jaitley Stadium,Delhi Daredevils,bat,Delhi Daredevils,Unknown,174,163,4,10
IPL,2026-04-01,Lucknow Super Giants,Delhi Capitals,"Bharat Ratna Shri Atal Bihari Vajpayee Ekana Cricket Stadium, Lucknow",Delhi Capitals,field,Delhi Capitals,Unknown,141,145,10,4
IPL,2024-05-14,Delhi Capitals,Lucknow Super Giants,"Arun Jaitley Stadium, Delhi",Lucknow Super Giants,field,Delhi Capitals,Unknown,208,189,4,9
IPL,2024-05-04,Gujarat Titans,Royal Challengers Bengaluru,"M Chinnaswamy Stadium, Bengaluru",Royal Challengers Bengaluru,field,Royal Challengers Bengaluru,Unknown,147,152,10,6
IPL,2016-04-28,Mumbai Indians,Kolkata Knight Riders,Wankhede Stadium,Mumbai Indians,field,Mumbai Indians,Unknown,178,174,4,5
IPL,2013-04-21,Delhi Daredevils,Mumbai Indians,Feroz Shah Kotla,Mumbai Indians,bat,Delhi Daredevils,Unknown,165,161,1,4
IPL,2023-05-09,Royal Challengers Bangalore,Mumbai Indians,"Wankhede Stadium, Mumbai",Mumbai Indians,field,Mumbai Indians,Unknown,199,200,6,4
IPL,2020-10-17,Chennai Super Kings,Delhi Capitals,Sharjah Cricket Stadium,Chennai Super Kings,bat,Delhi Capitals,Unknown,179,185,4,5
IPL,2024-05-21,Sunrisers Hyderabad,Kolkata Knight Riders,"Narendra Modi Stadium, Ahmedabad",Sunrisers Hyderabad,bat,Kolkata Knight Riders,Unknown,159,164,10,2
IPL,2021-10-05,Rajasthan Royals,Mumbai Indians,Sharjah Cricket Stadium,Mumbai Indians,field,Mumbai Indians,Unknown,90,94,9,2
IPL,2023-04-18,Mumbai Indians,Sunrisers Hyderabad,"Rajiv Gandhi International Stadium, Uppal, Hyderabad",Sunrisers Hyderabad,field,Mumbai Indians,Unknown,192,178,5,10
IPL,2026-04-13,Sunrisers Hyderabad,Rajasthan Royals,"Rajiv Gandhi International Stadium, Uppal, Hyderabad",Rajasthan Royals,field,Sunrisers Hyderabad,Unknown,216,159,6,10
IPL,2018-05-05,Delhi Daredevils,Sunrisers Hyderabad,Rajiv Gandhi International Stadium,Delhi Daredevils,bat,Sunrisers Hyderabad,Unknown,163,164,5,3
IPL,2012-04-08,Pune Warriors,Kings XI Punjab,Subrata Roy Sahara Stadium,Pune Warriors,bat,Pune Warriors,Unknown,166,144,6,8
IPL,2015-05-07,Kolkata Knight Riders,Delhi Daredevils,Eden Gardens,Kolkata Knight Riders,bat,Kolkata Knight Riders,Unknown,171,158,7,6
IPL,2008-05-13,Kolkata Knight Riders,Delhi Daredevils,Eden Gardens,Kolkata Knight Riders,bat,Kolkata Knight Riders,Unknown,133,110,6,10
IPL,2020-11-05,Mumbai Indians,Delhi Capitals,Dubai International Cricket Stadium,Delhi Capitals,field,Mumbai Indians,Unknown,200,143,5,8
IPL,2020-10-15,Royal Challengers Bangalore,Kings XI Punjab,Sharjah Cricket Stadium,Royal Challengers Bangalore,bat,Kings XI Punjab,Unknown,171,177,6,2
IPL,2013-04-30,Pune Warriors,Chennai Super Kings,Subrata Roy Sahara Stadium,Chennai Super Kings,bat,Chennai Super Kings,Unknown,127,164,9,3
IPL,2025-04-24,Royal Challengers Bengaluru,Rajasthan Royals,"M Chinnaswamy Stadium, Bengaluru",Rajasthan Royals,field,Royal Challengers Bengaluru,Unknown,205,194,5,9
IPL,2011-05-01,Chennai Super Kings,Deccan Chargers,"MA Chidambaram Stadium, Chepauk",Chennai Super Kings,bat,Chennai Super Kings,Unknown,165,146,5,8
IPL,2009-04-24,Royal Challengers Bangalore,Kings XI Punjab,Kingsmead,Royal Challengers Bangalore,bat,Kings XI Punjab,Unknown,168,173,9,3
IPL,2020-10-08,Sunrisers Hyderabad,Kings XI Punjab,Dubai International Cricket Stadium,Sunrisers Hyderabad,bat,Sunrisers Hyderabad,Unknown,201,132,6,10
IPL,2009-05-02,Deccan Chargers,Rajasthan Royals,St George's Park,Deccan Chargers,bat,Rajasthan Royals,Unknown,141,142,5,7
IPL,2021-04-22,Rajasthan Royals,Royal Challengers Bangalore,"Wankhede Stadium, Mumbai",Royal Challengers Bangalore,field,Royal Challengers Bangalore,Unknown,177,181,9,0
IPL,2020-11-01,Kings XI Punjab,Chennai Super Kings,Sheikh Zayed Stadium,Chennai Super Kings,field,Chennai Super Kings,Unknown,153,154,6,1
IPL,2014-05-14,Sunrisers Hyderabad,Kings XI Punjab,"Rajiv Gandhi International Stadium, Uppal",Kings XI Punjab,field,Kings XI Punjab,Unknown,205,211,5,4
IPL,2024-04-26,Kolkata Knight Riders,Punjab Kings,"Eden Gardens, Kolkata",Punjab Kings,field,Punjab Kings,Unknown,261,262,6,2
IPL,2025-03-22,Kolkata Knight Riders,Royal Challengers Bengaluru,"Eden Gardens, Kolkata",Royal Challengers Bengaluru,field,Royal Challengers Bengaluru,Unknown,174,177,8,3
IPL,2013-04-13,Mumbai Indians,Pune Warriors,Wankhede Stadium,Mumbai Indians,bat,Mumbai Indians,Unknown,183,142,3,8
IPL,2021-04-10,Chennai Super Kings,Delhi Capitals,"Wankhede Stadium, Mumbai",Delhi Capitals,field,Delhi Capitals,Unknown,188,190,7,3
IPL,2011-04-28,Delhi Daredevils,Kolkata Knight Riders,Feroz Shah Kotla,Delhi Daredevils,field,Kolkata Knight Riders,Unknown,131,148,9,7
IPL,2012-04-12,Chennai Super Kings,Royal Challengers Bangalore,"MA Chidambaram Stadium, Chepauk",Royal Challengers Bangalore,bat,Chennai Super Kings,Unknown,208,205,5,8
IPL,2012-05-05,Kolkata Knight Riders,Pune Warriors,Eden Gardens,Kolkata Knight Riders,bat,Kolkata Knight Riders,Unknown,150,143,5,8
IPL,2020-09-22,Rajasthan Royals,Chennai Super Kings,Sharjah Cricket Stadium,Chennai Super Kings,field,Rajasthan Royals,Unknown,216,200,7,6
IPL,2015-04-20,Delhi Daredevils,Kolkata Knight Riders,Feroz Shah Kotla,Kolkata Knight Riders,field,Kolkata Knight Riders,Unknown,146,147,8,4
IPL,2018-04-14,Mumbai Indians,Delhi Daredevils,Wankhede Stadium,Delhi Daredevils,field,Delhi Daredevils,Unknown,194,195,7,3
IPL,2016-05-01,Gujarat Lions,Kings XI Punjab,Saurashtra Cricket Association Stadium,Gujarat Lions,field,Kings XI Punjab,Unknown,131,154,9,10
IPL,2023-04-27,Rajasthan Royals,Chennai Super Kings,"Sawai Mansingh Stadium, Jaipur",Rajasthan Royals,bat,Rajasthan Royals,Unknown,202,170,5,6
IPL,2013-04-18,Delhi Daredevils,Chennai Super Kings,Feroz Shah Kotla,Chennai Super Kings,bat,Chennai Super Kings,Unknown,83,169,10,4
IPL,2016-05-13,Mumbai Indians,Kings XI Punjab,Dr. Y.S. Rajasekhara Reddy ACA-VDCA Cricket Stadium,Mumbai Indians,bat,Kings XI Punjab,Unknown,124,127,9,3
IPL,2019-04-07,Rajasthan Royals,Kolkata Knight Riders,Sawai Mansingh Stadium,Kolkata Knight Riders,field,Kolkata Knight Riders,Unknown,139,140,3,2
IPL,2011-05-14,Royal Challengers Bangalore,Kolkata Knight Riders,M Chinnaswamy Stadium,Royal Challengers Bangalore,field,Royal Challengers Bangalore,Unknown,105,89,6,4
IPL,2026-04-29,Mumbai Indians,Sunrisers Hyderabad,"Wankhede Stadium, Mumbai",Mumbai Indians,bat,Sunrisers Hyderabad,Unknown,243,249,5,4
IPL,2026-05-05,Delhi Capitals,Chennai Super Kings,"Arun Jaitley Stadium, Delhi",Delhi Capitals,bat,Chennai Super Kings,Unknown,155,159,7,2
IPL,2011-05-18,Chennai Super Kings,Kochi Tuskers Kerala,"MA Chidambaram Stadium, Chepauk",Chennai Super Kings,bat,Chennai Super Kings,Unknown,152,141,5,5
IPL,2020-10-03,Delhi Capitals,Kolkata Knight Riders,Sharjah Cricket Stadium,Kolkata Knight Riders,field,Delhi Capitals,Unknown,228,210,4,8
IPL,2019-04-19,Royal Challengers Bangalore,Kolkata Knight Riders,Eden Gardens,Kolkata Knight Riders,field,Royal Challengers Bangalore,Unknown,213,203,4,5
IPL,2010-03-28,Rajasthan Royals,Chennai Super Kings,"Sardar Patel Stadium, Motera",Rajasthan Royals,bat,Rajasthan Royals,Unknown,177,160,8,6
IPL,2013-05-11,Pune Warriors,Mumbai Indians,Subrata Roy Sahara Stadium,Pune Warriors,bat,Mumbai Indians,Unknown,112,116,8,5
IPL,2013-05-01,Delhi Daredevils,Kolkata Knight Riders,Shaheed Veer Narayan Singh International Stadium,Kolkata Knight Riders,bat,Delhi Daredevils,Unknown,137,136,3,7
IPL,2024-03-22,Royal Challengers Bengaluru,Chennai Super Kings,"MA Chidambaram Stadium, Chepauk, Chennai",Royal Challengers Bengaluru,bat,Chennai Super Kings,Unknown,173,176,6,4
IPL,2011-05-05,Deccan Chargers,Delhi Daredevils,"Rajiv Gandhi International Stadium, Uppal",Delhi Daredevils,field,Delhi Daredevils,Unknown,175,179,5,6
IPL,2023-05-18,Sunrisers Hyderabad,Royal Challengers Bangalore,"Rajiv Gandhi International Stadium, Uppal, Hyderabad",Royal Challengers Bangalore,field,Royal Challengers Bangalore,Unknown,186,187,5,2
IPL,2025-04-11,Chennai Super Kings,Kolkata Knight Riders,"MA Chidambaram Stadium, Chepauk, Chennai",Kolkata Knight Riders,field,Kolkata Knight Riders,Unknown,103,107,9,2
IPL,2024-04-12,Lucknow Super Giants,Delhi Capitals,"Bharat Ratna Shri Atal Bihari Vajpayee Ekana Cricket Stadium, Lucknow",Lucknow Super Giants,bat,Delhi Capitals,Unknown,167,170,7,4
IPL,2019-05-10,Delhi Capitals,Chennai Super Kings,Dr. Y.S. Rajasekhara Reddy ACA-VDCA Cricket Stadium,Chennai Super Kings,field,Chennai Super Kings,Unknown,147,151,9,4
IPL,2021-04-28,Sunrisers Hyderabad,Chennai Super Kings,"Arun Jaitley Stadium, Delhi",Sunrisers Hyderabad,bat,Chennai Super Kings,Unknown,171,173,3,3
IPL,2024-04-20,Sunrisers Hyderabad,Delhi Capitals,"Arun Jaitley Stadium, Delhi",Delhi Capitals,field,Sunrisers Hyderabad,Unknown,266,199,7,10
IPL,2008-04-18,Royal Challengers Bangalore,Kolkata Knight Riders,M Chinnaswamy Stadium,Royal Challengers Bangalore,field,Kolkata Knight Riders,Unknown,82,222,10,3
IPL,2025-04-09,Gujarat Titans,Rajasthan Royals,"Narendra Modi Stadium, Ahmedabad",Rajasthan Royals,field,Gujarat Titans,Unknown,217,159,6,10
IPL,2023-04-04,Delhi Capitals,Gujarat Titans,"Arun Jaitley Stadium, Delhi",Gujarat Titans,field,Gujarat Titans,Unknown,162,163,8,4
IPL,2016-05-25,Sunrisers Hyderabad,Kolkata Knight Riders,Feroz Shah Kotla,Kolkata Knight Riders,field,Sunrisers Hyderabad,Unknown,162,140,8,8
IPL,2023-05-07,Rajasthan Royals,Sunrisers Hyderabad,"Sawai Mansingh Stadium, Jaipur",Rajasthan Royals,bat,Sunrisers Hyderabad,Unknown,214,217,2,6
IPL,2018-04-20,Chennai Super Kings,Rajasthan Royals,Maharashtra Cricket Association Stadium,Rajasthan Royals,field,Chennai Super Kings,Unknown,204,140,5,10
IPL,2018-04-13,Kings XI Punjab,Royal Challengers Bangalore,M.Chinnaswamy Stadium,Royal Challengers Bangalore,field,Royal Challengers Bangalore,Unknown,155,159,10,6
IPL,2013-05-16,Kings XI Punjab,Delhi Daredevils,Himachal Pradesh Cricket Association Stadium,Delhi Daredevils,field,Kings XI Punjab,Unknown,171,164,4,7
IPL,2017-04-19,Sunrisers Hyderabad,Delhi Daredevils,"Rajiv Gandhi International Stadium, Uppal",Sunrisers Hyderabad,bat,Sunrisers Hyderabad,Unknown,191,176,4,5
IPL,2021-09-25,Delhi Capitals,Rajasthan Royals,"Zayed Cricket Stadium, Abu Dhabi",Rajasthan Royals,field,Delhi Capitals,Unknown,154,121,6,6
IPL,2026-04-15,Lucknow Super Giants,Royal Challengers Bengaluru,"M Chinnaswamy Stadium, Bengaluru",Royal Challengers Bengaluru,field,Royal Challengers Bengaluru,Unknown,146,149,10,5
IPL,2011-04-09,Deccan Chargers,Rajasthan Royals,"Rajiv Gandhi International Stadium, Uppal",Rajasthan Royals,field,Rajasthan Royals,Unknown,137,141,8,2
IPL,2018-05-12,Delhi Daredevils,Royal Challengers Bangalore,Arun Jaitley Stadium,Royal Challengers Bangalore,field,Royal Challengers Bangalore,Unknown,181,187,4,5
IPL,2021-10-07,Kolkata Knight Riders,Rajasthan Royals,Sharjah Cricket Stadium,Rajasthan Royals,field,Kolkata Knight Riders,Unknown,171,85,4,10
IPL,2021-10-04,Chennai Super Kings,Delhi Capitals,Dubai International Cricket Stadium,Delhi Capitals,field,Delhi Capitals,Unknown,136,139,5,7
IPL,2008-05-08,Kolkata Knight Riders,Royal Challengers Bangalore,Eden Gardens,Kolkata Knight Riders,bat,Kolkata Knight Riders,Unknown,129,124,7,4
IPL,2009-05-10,Royal Challengers Bangalore,Mumbai Indians,St George's Park,Mumbai Indians,bat,Mumbai Indians,Unknown,141,157,7,2
IPL,2018-05-20,Kings XI Punjab,Chennai Super Kings,Maharashtra Cricket Association Stadium,Chennai Super Kings,field,Chennai Super Kings,Unknown,153,159,10,5
IPL,2023-05-12,Mumbai Indians,Gujarat Titans,"Wankhede Stadium, Mumbai",Gujarat Titans,field,Mumbai Indians,Unknown,218,191,5,8
IPL,2021-05-02,Rajasthan Royals,Sunrisers Hyderabad,"Arun Jaitley Stadium, Delhi",Sunrisers Hyderabad,field,Rajasthan Royals,Unknown,220,165,3,8
IPL,2021-04-12,Punjab Kings,Rajasthan Royals,"Wankhede Stadium, Mumbai",Rajasthan Royals,field,Punjab Kings,Unknown,221,217,6,7
IPL,2022-03-31,Chennai Super Kings,Lucknow Super Giants,"Brabourne Stadium, Mumbai",Lucknow Super Giants,field,Lucknow Super Giants,Unknown,210,211,7,4
IPL,2017-05-07,Kings XI Punjab,Gujarat Lions,"Punjab Cricket Association IS Bindra Stadium, Mohali",Gujarat Lions,field,Gujarat Lions,Unknown,189,192,3,4
IPL,2014-05-28,Chennai Super Kings,Mumbai Indians,Brabourne Stadium,Chennai Super Kings,field,Chennai Super Kings,Unknown,176,173,3,8
IPL,2019-03-31,Chennai Super Kings,Rajasthan Royals,MA Chidambaram Stadium,Rajasthan Royals,field,Chennai Super Kings,Unknown,175,167,5,8
IPL,2023-05-03,Punjab Kings,Mumbai Indians,"Punjab Cricket Association IS Bindra Stadium, Mohali, Chandigarh",Mumbai Indians,field,Mumbai Indians,Unknown,214,216,3,4
IPL,2026-04-02,Sunrisers Hyderabad,Kolkata Knight Riders,"Eden Gardens, Kolkata",Kolkata Knight Riders,field,Sunrisers Hyderabad,Unknown,226,161,8,10
IPL,2017-05-06,Delhi Daredevils,Mumbai Indians,Feroz Shah Kotla,Delhi Daredevils,field,Mumbai Indians,Unknown,66,212,10,3
IPL,2022-04-25,Punjab Kings,Chennai Super Kings,"Wankhede Stadium, Mumbai",Chennai Super Kings,field,Punjab Kings,Unknown,187,176,4,6
IPL,2008-04-25,Kings XI Punjab,Mumbai Indians,"Punjab Cricket Association Stadium, Mohali",Mumbai Indians,field,Kings XI Punjab,Unknown,182,116,10,9
IPL,2020-10-30,Kings XI Punjab,Rajasthan Royals,Sheikh Zayed Stadium,Rajasthan Royals,field,Rajasthan Royals,Unknown,185,186,4,3
IPL,2012-05-13,Kings XI Punjab,Deccan Chargers,"Punjab Cricket Association Stadium, Mohali",Deccan Chargers,bat,Kings XI Punjab,Unknown,194,190,6,4
IPL,2026-05-03,Punjab Kings,Gujarat Titans,"Narendra Modi Stadium, Ahmedabad",Gujarat Titans,field,Gujarat Titans,Unknown,163,167,9,6
IPL,2020-10-04,Mumbai Indians,Sunrisers Hyderabad,Sharjah Cricket Stadium,Mumbai Indians,bat,Mumbai Indians,Unknown,208,174,5,7
IPL,2025-04-14,Lucknow Super Giants,Chennai Super Kings,"Bharat Ratna Shri Atal Bihari Vajpayee Ekana Cricket Stadium, Lucknow",Chennai Super Kings,field,Chennai Super Kings,Unknown,166,168,7,5
IPL,2018-04-29,Royal Challengers Bangalore,Kolkata Knight Riders,M.Chinnaswamy Stadium,Kolkata Knight Riders,field,Kolkata Knight Riders,Unknown,175,176,4,5
IPL,2019-04-21,Kolkata Knight Riders,Sunrisers Hyderabad,Rajiv Gandhi International Stadium,Sunrisers Hyderabad,field,Sunrisers Hyderabad,Unknown,159,161,8,1
IPL,2025-06-03,Royal Challengers Bengaluru,Punjab Kings,"Narendra Modi Stadium, Ahmedabad",Punjab Kings,field,Royal Challengers Bengaluru,Unknown,190,184,9,7
IPL,2014-05-18,Chennai Super Kings,Royal Challengers Bangalore,JSCA International Stadium Complex,Chennai Super Kings,bat,Royal Challengers Bangalore,Unknown,138,142,4,5
IPL,2020-10-31,Delhi Capitals,Mumbai Indians,Dubai International Cricket Stadium,Mumbai Indians,field,Mumbai Indians,Unknown,110,111,9,1
IPL,2008-04-23,Chennai Super Kings,Mumbai Indians,"MA Chidambaram Stadium, Chepauk",Mumbai Indians,field,Chennai Super Kings,Unknown,208,202,5,7
IPL,2011-04-08,Chennai Super Kings,Kolkata Knight Riders,"MA Chidambaram Stadium, Chepauk",Chennai Super Kings,bat,Chennai Super Kings,Unknown,153,151,4,7
IPL,2023-04-14,Sunrisers Hyderabad,Kolkata Knight Riders,"Eden Gardens, Kolkata",Kolkata Knight Riders,field,Sunrisers Hyderabad,Unknown,228,205,4,7
IPL,2010-04-01,Kolkata Knight Riders,Deccan Chargers,Eden Gardens,Kolkata Knight Riders,bat,Kolkata Knight Riders,Unknown,181,157,6,5
IPL,2026-04-28,Punjab Kings,Rajasthan Royals,"Maharaja Yadavindra Singh International Cricket Stadium, New Chandigarh",Rajasthan Royals,field,Rajasthan Royals,Unknown,222,228,4,4
IPL,2008-05-27,Deccan Chargers,Chennai Super Kings,"Rajiv Gandhi International Stadium, Uppal",Deccan Chargers,bat,Chennai Super Kings,Unknown,147,148,8,3
IPL,2024-04-17,Gujarat Titans,Delhi Capitals,"Narendra Modi Stadium, Ahmedabad",Delhi Capitals,field,Delhi Capitals,Unknown,89,92,10,4
IPL,2024-03-23,Delhi Capitals,Punjab Kings,"Maharaja Yadavindra Singh International Cricket Stadium, Mullanpur",Punjab Kings,field,Punjab Kings,Unknown,174,177,9,6
IPL,2011-05-14,Mumbai Indians,Deccan Chargers,Wankhede Stadium,Deccan Chargers,bat,Deccan Chargers,Unknown,125,135,8,6
IPL,2009-05-05,Delhi Daredevils,Kolkata Knight Riders,Kingsmead,Kolkata Knight Riders,bat,Delhi Daredevils,Unknown,157,154,1,3
IPL,2017-05-12,Delhi Daredevils,Rising Pune Supergiant,Feroz Shah Kotla,Delhi Daredevils,bat,Delhi Daredevils,Unknown,168,161,8,7
IPL,2011-05-01,Rajasthan Royals,Pune Warriors,Sawai Mansingh Stadium,Rajasthan Royals,field,Rajasthan Royals,Unknown,144,143,4,7
IPL,2019-03-28,Mumbai Indians,Royal Challengers Bangalore,M.Chinnaswamy Stadium,Royal Challengers Bangalore,field,Mumbai Indians,Unknown,187,181,8,5
IPL,2025-06-01,Mumbai Indians,Punjab Kings,"Narendra Modi Stadium, Ahmedabad",Punjab Kings,field,Punjab Kings,Unknown,203,207,6,5
IPL,2024-04-25,Royal Challengers Bengaluru,Sunrisers Hyderabad,"Rajiv Gandhi International Stadium, Uppal, Hyderabad",Royal Challengers Bengaluru,bat,Royal Challengers Bengaluru,Unknown,206,171,7,8
IPL,2019-04-26,Mumbai Indians,Chennai Super Kings,MA Chidambaram Stadium,Chennai Super Kings,field,Mumbai Indians,Unknown,155,109,4,10
IPL,2009-05-24,Royal Challengers Bangalore,Deccan Chargers,New Wanderers Stadium,Royal Challengers Bangalore,field,Deccan Chargers,Unknown,137,143,9,6
IPL,2026-04-08,Gujarat Titans,Delhi Capitals,"Arun Jaitley Stadium, Delhi",Delhi Capitals,field,Gujarat Titans,Unknown,210,209,4,8
IPL,2008-05-11,Deccan Chargers,Kolkata Knight Riders,"Rajiv Gandhi International Stadium, Uppal",Kolkata Knight Riders,bat,Kolkata Knight Riders,Unknown,181,204,7,4
IPL,2013-05-01,Sunrisers Hyderabad,Mumbai Indians,"Rajiv Gandhi International Stadium, Uppal",Mumbai Indians,bat,Sunrisers Hyderabad,Unknown,130,129,3,4
IPL,2017-04-11,Rising Pune Supergiant,Delhi Daredevils,Maharashtra Cricket Association Stadium,Rising Pune Supergiant,field,Delhi Daredevils,Unknown,108,205,10,4
IPL,2025-04-28,Gujarat Titans,Rajasthan Royals,"Sawai Mansingh Stadium, Jaipur",Rajasthan Royals,field,Rajasthan Royals,Unknown,209,212,4,2
IPL,2023-04-20,Kolkata Knight Riders,Delhi Capitals,"Arun Jaitley Stadium, Delhi",Delhi Capitals,field,Delhi Capitals,Unknown,127,128,10,6
IPL,2013-04-28,Chennai Super Kings,Kolkata Knight Riders,"MA Chidambaram Stadium, Chepauk",Kolkata Knight Riders,field,Chennai Super Kings,Unknown,200,186,3,4
IPL,2020-10-12,Royal Challengers Bangalore,Kolkata Knight Riders,Sharjah Cricket Stadium,Royal Challengers Bangalore,bat,Royal Challengers Bangalore,Unknown,194,112,2,9
IPL,2009-05-07,Chennai Super Kings,Kings XI Punjab,SuperSport Park,Chennai Super Kings,bat,Chennai Super Kings,Unknown,185,174,3,3
IPL,2018-04-18,Rajasthan Royals,Kolkata Knight Riders,Sawai Mansingh Stadium,Kolkata Knight Riders,field,Kolkata Knight Riders,Unknown,160,163,8,3
IPL,2025-05-30,Mumbai Indians,Gujarat Titans,"Maharaja Yadavindra Singh International Cricket Stadium, New Chandigarh",Mumbai Indians,bat,Mumbai Indians,Unknown,228,208,5,6
IPL,2016-05-14,Kolkata Knight Riders,Rising Pune Supergiants,Eden Gardens,Rising Pune Supergiants,bat,Kolkata Knight Riders,Unknown,66,103,2,6
IPL,2014-05-25,Mumbai Indians,Rajasthan Royals,Wankhede Stadium,Mumbai Indians,field,Mumbai Indians,Unknown,195,189,5,4
IPL,2018-04-26,Sunrisers Hyderabad,Kings XI Punjab,Rajiv Gandhi International Stadium,Kings XI Punjab,field,Sunrisers Hyderabad,Unknown,132,119,6,10
IPL,2015-05-01,Delhi Daredevils,Kings XI Punjab,Feroz Shah Kotla,Delhi Daredevils,field,Delhi Daredevils,Unknown,119,118,1,8
IPL,2018-05-16,Mumbai Indians,Kings XI Punjab,Wankhede Stadium,Kings XI Punjab,field,Mumbai Indians,Unknown,186,183,8,5
IPL,2008-05-25,Kolkata Knight Riders,Kings XI Punjab,Eden Gardens,Kings XI Punjab,bat,Kolkata Knight Riders,Unknown,175,174,7,6
IPL,2016-04-10,Kolkata Knight Riders,Delhi Daredevils,Eden Gardens,Kolkata Knight Riders,field,Kolkata Knight Riders,Unknown,99,98,1,10
IPL,2011-05-27,Royal Challengers Bangalore,Mumbai Indians,"MA Chidambaram Stadium, Chepauk",Mumbai Indians,field,Royal Challengers Bangalore,Unknown,185,142,4,8
IPL,2025-04-13,Mumbai Indians,Delhi Capitals,"Arun Jaitley Stadium, Delhi",Delhi Capitals,field,Mumbai Indians,Unknown,205,193,5,10
IPL,2015-04-19,Royal Challengers Bangalore,Mumbai Indians,M Chinnaswamy Stadium,Royal Challengers Bangalore,field,Mumbai Indians,Unknown,191,209,7,7
IPL,2012-05-01,Rajasthan Royals,Delhi Daredevils,Sawai Mansingh Stadium,Rajasthan Royals,bat,Delhi Daredevils,Unknown,141,144,6,4
IPL,2016-04-19,Kings XI Punjab,Kolkata Knight Riders,"Punjab Cricket Association IS Bindra Stadium, Mohali",Kolkata Knight Riders,field,Kolkata Knight Riders,Unknown,138,141,8,4
IPL,2011-04-30,Kolkata Knight Riders,Kings XI Punjab,Eden Gardens,Kolkata Knight Riders,field,Kolkata Knight Riders,Unknown,120,119,2,6
IPL,2023-04-20,Royal Challengers Bangalore,Punjab Kings,"Punjab Cricket Association IS Bindra Stadium, Mohali, Chandigarh",Punjab Kings,field,Royal Challengers Bangalore,Unknown,174,150,4,10
IPL,2024-05-05,Chennai Super Kings,Punjab Kings,"Himachal Pradesh Cricket Association Stadium, Dharamsala",Punjab Kings,field,Chennai Super Kings,Unknown,167,139,9,9
IPL,2013-05-03,Kolkata Knight Riders,Rajasthan Royals,Eden Gardens,Rajasthan Royals,bat,Kolkata Knight Riders,Unknown,133,132,2,6
IPL,2026-05-13,Kolkata Knight Riders,Royal Challengers Bengaluru,"Shaheed Veer Narayan Singh International Stadium, Raipur",Royal Challengers Bengaluru,field,Royal Challengers Bengaluru,Unknown,192,194,4,4
IPL,2010-03-14,Chennai Super Kings,Deccan Chargers,"MA Chidambaram Stadium, Chepauk",Deccan Chargers,bat,Deccan Chargers,Unknown,159,190,9,4
IPL,2025-05-25,Sunrisers Hyderabad,Kolkata Knight Riders,"Arun Jaitley Stadium, Delhi",Sunrisers Hyderabad,bat,Sunrisers Hyderabad,Unknown,278,168,3,10
IPL,2012-05-11,Pune Warriors,Royal Challengers Bangalore,Subrata Roy Sahara Stadium,Pune Warriors,field,Royal Challengers Bangalore,Unknown,138,173,9,3
IPL,2009-04-23,Kolkata Knight Riders,Rajasthan Royals,Newlands,Kolkata Knight Riders,field,tie,tie,165,168,9,6
IPL,2026-05-11,Punjab Kings,Delhi Capitals,"Himachal Pradesh Cricket Association Stadium, Dharamsala",Delhi Capitals,field,Delhi Capitals,Unknown,210,216,5,7
IPL,2022-04-26,Rajasthan Royals,Royal Challengers Bangalore,"Maharashtra Cricket Association Stadium, Pune",Royal Challengers Bangalore,field,Rajasthan Royals,Unknown,144,115,8,10
IPL,2014-04-29,Kolkata Knight Riders,Rajasthan Royals,Sheikh Zayed Stadium,Rajasthan Royals,bat,tie,tie,163,163,10,5
IPL,2017-05-02,Delhi Daredevils,Sunrisers Hyderabad,Feroz Shah Kotla,Delhi Daredevils,field,Delhi Daredevils,Unknown,189,185,4,3
IPL,2024-03-25,Punjab Kings,Royal Challengers Bengaluru,"M Chinnaswamy Stadium, Bengaluru",Royal Challengers Bengaluru,field,Royal Challengers Bengaluru,Unknown,176,178,6,6
IPL,2026-05-10,Lucknow Super Giants,Chennai Super Kings,"MA Chidambaram Stadium, Chepauk, Chennai",Chennai Super Kings,field,Chennai Super Kings,Unknown,203,208,8,5
IPL,2010-03-19,Delhi Daredevils,Chennai Super Kings,Feroz Shah Kotla,Delhi Daredevils,bat,Chennai Super Kings,Unknown,185,190,6,5
IPL,2009-04-29,Royal Challengers Bangalore,Kolkata Knight Riders,Kingsmead,Kolkata Knight Riders,bat,Royal Challengers Bangalore,Unknown,143,139,5,6
IPL,2009-05-16,Deccan Chargers,Kolkata Knight Riders,New Wanderers Stadium,Deccan Chargers,field,Deccan Chargers,Unknown,166,160,4,5
IPL,2015-04-27,Kings XI Punjab,Sunrisers Hyderabad,"Punjab Cricket Association Stadium, Mohali",Kings XI Punjab,field,Sunrisers Hyderabad,Unknown,130,150,9,6
IPL,2023-05-21,Royal Challengers Bangalore,Gujarat Titans,"M Chinnaswamy Stadium, Bengaluru",Gujarat Titans,field,Gujarat Titans,Unknown,197,198,5,4
IPL,2025-05-02,Gujarat Titans,Sunrisers Hyderabad,"Narendra Modi Stadium, Ahmedabad",Sunrisers Hyderabad,field,Gujarat Titans,Unknown,224,186,6,6
IPL,2022-05-17,Sunrisers Hyderabad,Mumbai Indians,"Wankhede Stadium, Mumbai",Mumbai Indians,field,Sunrisers Hyderabad,Unknown,193,190,6,7
IPL,2012-04-17,Rajasthan Royals,Deccan Chargers,Sawai Mansingh Stadium,Deccan Chargers,bat,Rajasthan Royals,Unknown,197,196,5,2
IPL,2012-04-08,Rajasthan Royals,Kolkata Knight Riders,Sawai Mansingh Stadium,Kolkata Knight Riders,field,Rajasthan Royals,Unknown,164,142,5,10
IPL,2011-04-15,Rajasthan Royals,Kolkata Knight Riders,Sawai Mansingh Stadium,Kolkata Knight Riders,field,Kolkata Knight Riders,Unknown,159,160,4,1
IPL,2019-04-20,Kings XI Punjab,Delhi Capitals,Arun Jaitley Stadium,Delhi Capitals,field,Delhi Capitals,Unknown,163,166,7,5
IPL,2013-04-20,Royal Challengers Bangalore,Rajasthan Royals,M Chinnaswamy Stadium,Royal Challengers Bangalore,field,Royal Challengers Bangalore,Unknown,123,117,3,10
IPL,2013-04-16,Kings XI Punjab,Kolkata Knight Riders,"Punjab Cricket Association Stadium, Mohali",Kolkata Knight Riders,field,Kings XI Punjab,Unknown,157,153,9,9
IPL,2022-04-30,Rajasthan Royals,Mumbai Indians,"Dr DY Patil Sports Academy, Mumbai",Mumbai Indians,field,Mumbai Indians,Unknown,158,161,6,5
IPL,2016-05-09,Kings XI Punjab,Royal Challengers Bangalore,"Punjab Cricket Association IS Bindra Stadium, Mohali",Kings XI Punjab,field,Royal Challengers Bangalore,Unknown,174,175,4,6
IPL,2014-05-07,Delhi Daredevils,Kolkata Knight Riders,Feroz Shah Kotla,Delhi Daredevils,bat,Kolkata Knight Riders,Unknown,160,161,5,2
IPL,2015-05-03,Rajasthan Royals,Delhi Daredevils,Brabourne Stadium,Delhi Daredevils,field,Rajasthan Royals,Unknown,189,175,2,7
IPL,2024-04-11,Royal Challengers Bengaluru,Mumbai Indians,"Wankhede Stadium, Mumbai",Mumbai Indians,field,Mumbai Indians,Unknown,196,199,8,3
IPL,2019-04-05,Royal Challengers Bangalore,Kolkata Knight Riders,M.Chinnaswamy Stadium,Kolkata Knight Riders,field,Kolkata Knight Riders,Unknown,205,206,3,5
IPL,2019-05-04,Sunrisers Hyderabad,Royal Challengers Bangalore,M.Chinnaswamy Stadium,Royal Challengers Bangalore,field,Royal Challengers Bangalore,Unknown,175,178,7,6
IPL,2011-05-04,Chennai Super Kings,Rajasthan Royals,"MA Chidambaram Stadium, Chepauk",Rajasthan Royals,bat,Chennai Super Kings,Unknown,149,147,2,6
IPL,2024-04-02,Lucknow Super Giants,Royal Challengers Bengaluru,"M Chinnaswamy Stadium, Bengaluru",Royal Challengers Bengaluru,field,Lucknow Super Giants,Unknown,181,153,5,10
IPL,2023-04-09,Punjab Kings,Sunrisers Hyderabad,"Rajiv Gandhi International Stadium, Uppal, Hyderabad",Sunrisers Hyderabad,field,Sunrisers Hyderabad,Unknown,143,145,9,2
IPL,2012-04-13,Kolkata Knight Riders,Rajasthan Royals,Eden Gardens,Rajasthan Royals,bat,Kolkata Knight Riders,Unknown,137,131,5,5
IPL,2021-04-27,Royal Challengers Bangalore,Delhi Capitals,"Narendra Modi Stadium, Ahmedabad",Delhi Capitals,field,Royal Challengers Bangalore,Unknown,171,170,5,4
IPL,2010-03-13,Mumbai Indians,Rajasthan Royals,Brabourne Stadium,Mumbai Indians,bat,Mumbai Indians,Unknown,212,208,7,7
IPL,2020-09-29,Sunrisers Hyderabad,Delhi Capitals,Sheikh Zayed Stadium,Delhi Capitals,field,Sunrisers Hyderabad,Unknown,162,147,4,7
IPL,2021-10-03,Royal Challengers Bangalore,Punjab Kings,Sharjah Cricket Stadium,Royal Challengers Bangalore,bat,Royal Challengers Bangalore,Unknown,164,158,7,6
IPL,2018-04-30,Chennai Super Kings,Delhi Daredevils,Maharashtra Cricket Association Stadium,Delhi Daredevils,field,Chennai Super Kings,Unknown,211,198,4,5
IPL,2018-05-25,Sunrisers Hyderabad,Kolkata Knight Riders,Eden Gardens,Kolkata Knight Riders,field,Sunrisers Hyderabad,Unknown,174,160,7,9
IPL,2025-03-23,Sunrisers Hyderabad,Rajasthan Royals,"Rajiv Gandhi International Stadium, Uppal, Hyderabad",Rajasthan Royals,field,Sunrisers Hyderabad,Unknown,286,242,6,6
IPL,2021-09-21,Rajasthan Royals,Punjab Kings,Dubai International Cricket Stadium,Punjab Kings,field,Rajasthan Royals,Unknown,185,183,10,4
IPL,2026-05-14,Punjab Kings,Mumbai Indians,"Himachal Pradesh Cricket Association Stadium, Dharamsala",Mumbai Indians,field,Mumbai Indians,Unknown,200,205,8,4
IPL,2014-04-20,Rajasthan Royals,Kings XI Punjab,Sharjah Cricket Stadium,Kings XI Punjab,field,Kings XI Punjab,Unknown,191,193,5,3
IPL,2022-04-06,Mumbai Indians,Kolkata Knight Riders,"Maharashtra Cricket Association Stadium, Pune",Kolkata Knight Riders,field,Kolkata Knight Riders,Unknown,161,162,4,5
IPL,2022-05-05,Delhi Capitals,Sunrisers Hyderabad,"Brabourne Stadium, Mumbai",Sunrisers Hyderabad,field,Delhi Capitals,Unknown,207,186,3,8
IPL,2019-03-24,Sunrisers Hyderabad,Kolkata Knight Riders,Eden Gardens,Kolkata Knight Riders,field,Kolkata Knight Riders,Unknown,181,183,3,4
IPL,2012-04-10,Royal Challengers Bangalore,Kolkata Knight Riders,M Chinnaswamy Stadium,Royal Challengers Bangalore,field,Kolkata Knight Riders,Unknown,123,165,9,8
IPL,2016-05-29,Royal Challengers Bangalore,Sunrisers Hyderabad,M Chinnaswamy Stadium,Sunrisers Hyderabad,bat,Sunrisers Hyderabad,Unknown,200,208,7,7
IPL,2022-05-07,Lucknow Super Giants,Kolkata Knight Riders,"Maharashtra Cricket Association Stadium, Pune",Kolkata Knight Riders,field,Lucknow Super Giants,Unknown,176,101,7,10
IPL,2016-05-22,Kolkata Knight Riders,Sunrisers Hyderabad,Eden Gardens,Sunrisers Hyderabad,field,Kolkata Knight Riders,Unknown,171,149,6,8
IPL,2022-05-15,Chennai Super Kings,Gujarat Titans,"Wankhede Stadium, Mumbai",Chennai Super Kings,bat,Gujarat Titans,Unknown,133,137,5,3
IPL,2021-04-29,Kolkata Knight Riders,Delhi Capitals,"Narendra Modi Stadium, Ahmedabad",Delhi Capitals,field,Delhi Capitals,Unknown,154,156,6,3
IPL,2025-04-29,Kolkata Knight Riders,Delhi Capitals,"Arun Jaitley Stadium, Delhi",Delhi Capitals,field,Kolkata Knight Riders,Unknown,204,190,9,9
IPL,2012-04-21,Chennai Super Kings,Rajasthan Royals,"MA Chidambaram Stadium, Chepauk",Rajasthan Royals,bat,Chennai Super Kings,Unknown,147,146,3,4
IPL,2019-03-30,Kolkata Knight Riders,Delhi Capitals,Arun Jaitley Stadium,Delhi Capitals,field,tie,tie,192,195,9,7
IPL,2021-04-14,Royal Challengers Bangalore,Sunrisers Hyderabad,"MA Chidambaram Stadium, Chepauk, Chennai",Sunrisers Hyderabad,field,Royal Challengers Bangalore,Unknown,149,143,8,9
IPL,2011-05-04,Pune Warriors,Mumbai Indians,Dr DY Patil Sports Academy,Pune Warriors,field,Mumbai Indians,Unknown,139,160,7,7
IPL,2015-05-12,Delhi Daredevils,Chennai Super Kings,Shaheed Veer Narayan Singh International Stadium,Chennai Super Kings,bat,Delhi Daredevils,Unknown,120,119,4,6
IPL,2013-05-18,Royal Challengers Bangalore,Chennai Super Kings,M Chinnaswamy Stadium,Chennai Super Kings,field,Royal Challengers Bangalore,Unknown,106,82,2,6
IPL,2009-04-21,Kings XI Punjab,Kolkata Knight Riders,Kingsmead,Kolkata Knight Riders,field,Kolkata Knight Riders,Unknown,158,79,6,1
IPL,2016-04-14,Gujarat Lions,Rising Pune Supergiants,Saurashtra Cricket Association Stadium,Rising Pune Supergiants,bat,Gujarat Lions,Unknown,164,163,3,5
IPL,2013-05-18,Kings XI Punjab,Mumbai Indians,Himachal Pradesh Cricket Association Stadium,Mumbai Indians,field,Kings XI Punjab,Unknown,183,133,8,9
IPL,2018-04-15,Kings XI Punjab,Chennai Super Kings,Punjab Cricket Association IS Bindra Stadium,Chennai Super Kings,field,Kings XI Punjab,Unknown,197,193,7,5
IPL,2010-04-17,Kolkata Knight Riders,Rajasthan Royals,Eden Gardens,Rajasthan Royals,bat,Kolkata Knight Riders,Unknown,133,132,2,9
IPL,2014-05-07,Kings XI Punjab,Chennai Super Kings,Barabati Stadium,Chennai Super Kings,field,Kings XI Punjab,Unknown,231,187,4,6
IPL,2008-04-27,Mumbai Indians,Deccan Chargers,Dr DY Patil Sports Academy,Deccan Chargers,field,Deccan Chargers,Unknown,154,155,7,0
IPL,2023-05-06,Mumbai Indians,Chennai Super Kings,"MA Chidambaram Stadium, Chepauk, Chennai",Chennai Super Kings,field,Chennai Super Kings,Unknown,139,140,8,4
IPL,2018-05-14,Kings XI Punjab,Royal Challengers Bangalore,Holkar Cricket Stadium,Royal Challengers Bangalore,field,Royal Challengers Bangalore,Unknown,88,92,10,0
IPL,2010-03-27,Kings XI Punjab,Kolkata Knight Riders,"Punjab Cricket Association Stadium, Mohali",Kolkata Knight Riders,bat,Kolkata Knight Riders,Unknown,144,183,6,5
IPL,2020-11-01,Kolkata Knight Riders,Rajasthan Royals,Dubai International Cricket Stadium,Rajasthan Royals,field,Kolkata Knight Riders,Unknown,191,131,7,9
IPL,2023-04-02,Rajasthan Royals,Sunrisers Hyderabad,"Rajiv Gandhi International Stadium, Uppal, Hyderabad",Sunrisers Hyderabad,field,Rajasthan Royals,Unknown,203,131,5,8
IPL,2013-05-19,Sunrisers Hyderabad,Kolkata Knight Riders,"Rajiv Gandhi International Stadium, Uppal",Kolkata Knight Riders,bat,Sunrisers Hyderabad,Unknown,132,130,5,7
IPL,2008-05-17,Delhi Daredevils,Kings XI Punjab,Feroz Shah Kotla,Delhi Daredevils,bat,Kings XI Punjab,Unknown,118,94,4,3
IPL,2009-05-20,Chennai Super Kings,Kings XI Punjab,Kingsmead,Chennai Super Kings,bat,Chennai Super Kings,Unknown,116,92,9,8
IPL,2023-04-06,Kolkata Knight Riders,Royal Challengers Bangalore,"Eden Gardens, Kolkata",Royal Challengers Bangalore,field,Kolkata Knight Riders,Unknown,204,123,7,10
IPL,2011-05-06,Royal Challengers Bangalore,Kings XI Punjab,M Chinnaswamy Stadium,Kings XI Punjab,field,Royal Challengers Bangalore,Unknown,205,120,6,9
IPL,2019-03-29,Rajasthan Royals,Sunrisers Hyderabad,Rajiv Gandhi International Stadium,Rajasthan Royals,bat,Sunrisers Hyderabad,Unknown,198,201,2,5
IPL,2014-04-18,Sunrisers Hyderabad,Rajasthan Royals,Sheikh Zayed Stadium,Rajasthan Royals,field,Rajasthan Royals,Unknown,133,135,6,6
IPL,2023-04-01,Punjab Kings,Kolkata Knight Riders,"Punjab Cricket Association IS Bindra Stadium, Mohali, Chandigarh",Kolkata Knight Riders,field,Punjab Kings,Unknown,191,146,5,7
IPL,2024-03-29,Royal Challengers Bengaluru,Kolkata Knight Riders,"M Chinnaswamy Stadium, Bengaluru",Kolkata Knight Riders,field,Kolkata Knight Riders,Unknown,182,186,6,3
IPL,2024-05-07,Delhi Capitals,Rajasthan Royals,"Arun Jaitley Stadium, Delhi",Rajasthan Royals,field,Delhi Capitals,Unknown,221,201,8,8
IPL,2025-04-08,Lucknow Super Giants,Kolkata Knight Riders,"Eden Gardens, Kolkata",Kolkata Knight Riders,field,Lucknow Super Giants,Unknown,238,234,3,7
IPL,2025-05-25,Chennai Super Kings,Gujarat Titans,"Narendra Modi Stadium, Ahmedabad",Chennai Super Kings,bat,Chennai Super Kings,Unknown,230,147,5,10
IPL,2017-04-13,Kolkata Knight Riders,Kings XI Punjab,Eden Gardens,Kolkata Knight Riders,field,Kolkata Knight Riders,Unknown,171,170,2,9
IPL,2025-04-26,Punjab Kings,Kolkata Knight Riders,"Eden Gardens, Kolkata",Punjab Kings,bat,no result,no result,201,7,4,0
IPL,2014-05-19,Rajasthan Royals,Mumbai Indians,"Sardar Patel Stadium, Motera",Mumbai Indians,bat,Mumbai Indians,Unknown,153,178,8,3
IPL,2021-04-19,Chennai Super Kings,Rajasthan Royals,"Wankhede Stadium, Mumbai",Rajasthan Royals,field,Chennai Super Kings,Unknown,188,143,9,9
IPL,2021-10-11,Royal Challengers Bangalore,Kolkata Knight Riders,Sharjah Cricket Stadium,Royal Challengers Bangalore,bat,Kolkata Knight Riders,Unknown,138,139,7,6
IPL,2012-05-17,Kings XI Punjab,Chennai Super Kings,Himachal Pradesh Cricket Association Stadium,Kings XI Punjab,field,Kings XI Punjab,Unknown,123,120,4,7
IPL,2021-04-21,Punjab Kings,Sunrisers Hyderabad,"MA Chidambaram Stadium, Chepauk, Chennai",Punjab Kings,bat,Sunrisers Hyderabad,Unknown,120,121,10,1
IPL,2022-05-16,Delhi Capitals,Punjab Kings,"Dr DY Patil Sports Academy, Mumbai",Punjab Kings,field,Delhi Capitals,Unknown,159,142,7,9
IPL,2019-04-28,Kolkata Knight Riders,Mumbai Indians,Eden Gardens,Mumbai Indians,field,Kolkata Knight Riders,Unknown,232,198,2,7
IPL,2017-05-10,Gujarat Lions,Delhi Daredevils,Green Park,Delhi Daredevils,field,Delhi Daredevils,Unknown,195,197,5,8
IPL,2016-05-21,Gujarat Lions,Mumbai Indians,Green Park,Gujarat Lions,field,Gujarat Lions,Unknown,173,172,4,8
IPL,2009-05-12,Royal Challengers Bangalore,Kolkata Knight Riders,SuperSport Park,Royal Challengers Bangalore,field,Royal Challengers Bangalore,Unknown,176,173,4,4
IPL,2016-04-27,Delhi Daredevils,Gujarat Lions,Feroz Shah Kotla,Delhi Daredevils,field,Gujarat Lions,Unknown,171,172,5,6
IPL,2024-04-28,Chennai Super Kings,Sunrisers Hyderabad,"MA Chidambaram Stadium, Chepauk, Chennai",Sunrisers Hyderabad,field,Chennai Super Kings,Unknown,212,134,3,10
IPL,2010-04-13,Mumbai Indians,Delhi Daredevils,Brabourne Stadium,Mumbai Indians,bat,Mumbai Indians,Unknown,183,144,4,7
IPL,2016-04-29,Rising Pune Supergiants,Gujarat Lions,Maharashtra Cricket Association Stadium,Gujarat Lions,field,Gujarat Lions,Unknown,195,196,3,7
IPL,2022-03-27,Royal Challengers Bangalore,Punjab Kings,"Dr DY Patil Sports Academy, Mumbai",Punjab Kings,field,Punjab Kings,Unknown,205,208,2,5
IPL,2024-05-15,Rajasthan Royals,Punjab Kings,"Barsapara Cricket Stadium, Guwahati",Rajasthan Royals,bat,Punjab Kings,Unknown,144,145,9,5
IPL,2008-06-01,Chennai Super Kings,Rajasthan Royals,Dr DY Patil Sports Academy,Rajasthan Royals,field,Rajasthan Royals,Unknown,163,164,5,7
IPL,2012-05-20,Deccan Chargers,Royal Challengers Bangalore,"Rajiv Gandhi International Stadium, Uppal",Royal Challengers Bangalore,field,Deccan Chargers,Unknown,132,123,7,9
IPL,2023-04-08,Mumbai Indians,Chennai Super Kings,"Wankhede Stadium, Mumbai",Chennai Super Kings,field,Chennai Super Kings,Unknown,157,159,8,3
IPL,2008-05-11,Rajasthan Royals,Delhi Daredevils,Sawai Mansingh Stadium,Rajasthan Royals,field,Rajasthan Royals,Unknown,159,156,7,7
IPL,2010-03-19,Deccan Chargers,Kings XI Punjab,Barabati Stadium,Kings XI Punjab,field,Deccan Chargers,Unknown,170,164,8,8
IPL,2023-05-14,Royal Challengers Bangalore,Rajasthan Royals,"Sawai Mansingh Stadium, Jaipur",Royal Challengers Bangalore,bat,Royal Challengers Bangalore,Unknown,171,59,5,10
IPL,2020-10-03,Rajasthan Royals,Royal Challengers Bangalore,Sheikh Zayed Stadium,Rajasthan Royals,bat,Royal Challengers Bangalore,Unknown,154,158,6,2
IPL,2018-05-09,Mumbai Indians,Kolkata Knight Riders,Eden Gardens,Kolkata Knight Riders,field,Mumbai Indians,Unknown,210,108,6,10
IPL,2008-04-19,Delhi Daredevils,Rajasthan Royals,Feroz Shah Kotla,Rajasthan Royals,bat,Delhi Daredevils,Unknown,132,129,1,8
IPL,2011-04-22,Kolkata Knight Riders,Royal Challengers Bangalore,Eden Gardens,Royal Challengers Bangalore,field,Royal Challengers Bangalore,Unknown,171,175,5,1
IPL,2022-03-28,Lucknow Super Giants,Gujarat Titans,"Wankhede Stadium, Mumbai",Gujarat Titans,field,Gujarat Titans,Unknown,158,161,6,5
IPL,2009-05-05,Kings XI Punjab,Rajasthan Royals,Kingsmead,Kings XI Punjab,field,Rajasthan Royals,Unknown,133,211,8,4
IPL,2021-10-15,Chennai Super Kings,Kolkata Knight Riders,Dubai International Cricket Stadium,Kolkata Knight Riders,field,Chennai Super Kings,Unknown,192,165,3,9
IPL,2026-04-05,Royal Challengers Bengaluru,Chennai Super Kings,"M Chinnaswamy Stadium, Bengaluru",Chennai Super Kings,field,Royal Challengers Bengaluru,Unknown,250,207,3,10
IPL,2018-05-22,Sunrisers Hyderabad,Chennai Super Kings,Wankhede Stadium,Chennai Super Kings,field,Chennai Super Kings,Unknown,139,140,7,8
IPL,2023-04-30,Rajasthan Royals,Mumbai Indians,"Wankhede Stadium, Mumbai",Rajasthan Royals,bat,Mumbai Indians,Unknown,212,214,7,4
IPL,2023-04-01,Lucknow Super Giants,Delhi Capitals,"Bharat Ratna Shri Atal Bihari Vajpayee Ekana Cricket Stadium, Lucknow",Delhi Capitals,field,Lucknow Super Giants,Unknown,193,143,6,9
IPL,2010-03-25,Royal Challengers Bangalore,Delhi Daredevils,M Chinnaswamy Stadium,Royal Challengers Bangalore,field,Delhi Daredevils,Unknown,166,183,9,4
IPL,2026-04-23,Chennai Super Kings,Mumbai Indians,"Wankhede Stadium, Mumbai",Mumbai Indians,field,Chennai Super Kings,Unknown,207,104,6,10
IPL,2022-04-10,Delhi Capitals,Kolkata Knight Riders,"Brabourne Stadium, Mumbai",Kolkata Knight Riders,field,Delhi Capitals,Unknown,215,171,5,10
IPL,2009-04-30,Chennai Super Kings,Rajasthan Royals,SuperSport Park,Rajasthan Royals,field,Chennai Super Kings,Unknown,164,126,5,9
IPL,2010-04-06,Chennai Super Kings,Mumbai Indians,"MA Chidambaram Stadium, Chepauk",Chennai Super Kings,bat,Chennai Super Kings,Unknown,165,141,4,9
IPL,2011-04-29,Royal Challengers Bangalore,Pune Warriors,M Chinnaswamy Stadium,Pune Warriors,field,Royal Challengers Bangalore,Unknown,181,155,5,5
IPL,2012-04-05,Kolkata Knight Riders,Delhi Daredevils,Eden Gardens,Delhi Daredevils,field,Delhi Daredevils,Unknown,97,100,9,2
IPL,2022-05-03,Gujarat Titans,Punjab Kings,"Dr DY Patil Sports Academy, Mumbai",Gujarat Titans,bat,Punjab Kings,Unknown,143,145,8,2
IPL,2011-05-02,Mumbai Indians,Kings XI Punjab,Wankhede Stadium,Kings XI Punjab,field,Mumbai Indians,Unknown,159,136,5,8
IPL,2022-05-13,Punjab Kings,Royal Challengers Bangalore,"Brabourne Stadium, Mumbai",Royal Challengers Bangalore,field,Punjab Kings,Unknown,209,155,9,9
IPL,2020-11-02,Royal Challengers Bangalore,Delhi Capitals,Sheikh Zayed Stadium,Delhi Capitals,field,Delhi Capitals,Unknown,152,154,7,4
IPL,2009-05-04,Chennai Super Kings,Deccan Chargers,Buffalo Park,Chennai Super Kings,bat,Chennai Super Kings,Unknown,178,100,3,10
IPL,2014-04-17,Delhi Daredevils,Royal Challengers Bangalore,Sharjah Cricket Stadium,Royal Challengers Bangalore,field,Royal Challengers Bangalore,Unknown,145,146,4,2
IPL,2026-04-03,Chennai Super Kings,Punjab Kings,"MA Chidambaram Stadium, Chepauk, Chennai",Punjab Kings,field,Punjab Kings,Unknown,209,210,5,5
IPL,2014-05-10,Delhi Daredevils,Sunrisers Hyderabad,Feroz Shah Kotla,Sunrisers Hyderabad,field,Sunrisers Hyderabad,Unknown,143,44,7,2
IPL,2017-05-13,Kolkata Knight Riders,Mumbai Indians,Eden Gardens,Kolkata Knight Riders,field,Mumbai Indians,Unknown,164,173,8,5
IPL,2022-04-22,Rajasthan Royals,Delhi Capitals,"Wankhede Stadium, Mumbai",Delhi Capitals,field,Rajasthan Royals,Unknown,222,207,2,8
IPL,2013-04-23,Royal Challengers Bangalore,Pune Warriors,M Chinnaswamy Stadium,Pune Warriors,field,Royal Challengers Bangalore,Unknown,263,133,5,9
IPL,2011-05-17,Kings XI Punjab,Royal Challengers Bangalore,Himachal Pradesh Cricket Association Stadium,Kings XI Punjab,bat,Kings XI Punjab,Unknown,232,121,2,10
IPL,2013-04-20,Kolkata Knight Riders,Chennai Super Kings,Eden Gardens,Kolkata Knight Riders,bat,Chennai Super Kings,Unknown,119,124,9,6
IPL,2013-05-02,Pune Warriors,Royal Challengers Bangalore,Subrata Roy Sahara Stadium,Royal Challengers Bangalore,bat,Royal Challengers Bangalore,Unknown,170,187,9,3
IPL,2025-04-13,Rajasthan Royals,Royal Challengers Bengaluru,"Sawai Mansingh Stadium, Jaipur",Royal Challengers Bengaluru,field,Royal Challengers Bengaluru,Unknown,173,175,4,1
IPL,2013-04-17,Rajasthan Royals,Mumbai Indians,Sawai Mansingh Stadium,Rajasthan Royals,bat,Rajasthan Royals,Unknown,179,92,3,10
IPL,2008-05-28,Kings XI Punjab,Rajasthan Royals,"Punjab Cricket Association Stadium, Mohali",Rajasthan Royals,field,Kings XI Punjab,Unknown,221,180,3,7
IPL,2025-04-10,Royal Challengers Bengaluru,Delhi Capitals,"M Chinnaswamy Stadium, Bengaluru",Delhi Capitals,field,Delhi Capitals,Unknown,163,169,7,4
IPL,2012-05-19,Pune Warriors,Kolkata Knight Riders,Subrata Roy Sahara Stadium,Kolkata Knight Riders,bat,Kolkata Knight Riders,Unknown,102,136,8,4
IPL,2009-05-16,Chennai Super Kings,Mumbai Indians,St George's Park,Mumbai Indians,bat,Chennai Super Kings,Unknown,151,147,3,5
IPL,2011-05-07,Mumbai Indians,Delhi Daredevils,Wankhede Stadium,Delhi Daredevils,field,Mumbai Indians,Unknown,178,146,4,10
IPL,2026-05-24,Rajasthan Royals,Mumbai Indians,"Wankhede Stadium, Mumbai",Mumbai Indians,field,Rajasthan Royals,Unknown,205,175,8,9
IPL,2020-10-28,Royal Challengers Bangalore,Mumbai Indians,Sheikh Zayed Stadium,Mumbai Indians,field,Mumbai Indians,Unknown,164,166,6,5
IPL,2025-04-23,Sunrisers Hyderabad,Mumbai Indians,"Rajiv Gandhi International Stadium, Uppal, Hyderabad",Mumbai Indians,field,Mumbai Indians,Unknown,143,146,8,3
IPL,2008-05-09,Rajasthan Royals,Deccan Chargers,Sawai Mansingh Stadium,Rajasthan Royals,field,Rajasthan Royals,Unknown,141,140,2,8
IPL,2022-04-13,Punjab Kings,Mumbai Indians,"Maharashtra Cricket Association Stadium, Pune",Mumbai Indians,field,Punjab Kings,Unknown,198,186,5,9
IPL,2018-05-17,Royal Challengers Bangalore,Sunrisers Hyderabad,M.Chinnaswamy Stadium,Sunrisers Hyderabad,field,Royal Challengers Bangalore,Unknown,218,204,6,3
IPL,2013-05-26,Chennai Super Kings,Mumbai Indians,Eden Gardens,Mumbai Indians,bat,Mumbai Indians,Unknown,125,148,9,9
IPL,2016-05-07,Kings XI Punjab,Delhi Daredevils,"Punjab Cricket Association IS Bindra Stadium, Mohali",Delhi Daredevils,field,Kings XI Punjab,Unknown,181,172,5,5
IPL,2009-05-23,Royal Challengers Bangalore,Chennai Super Kings,New Wanderers Stadium,Royal Challengers Bangalore,field,Royal Challengers Bangalore,Unknown,149,146,4,5
IPL,2015-04-15,Kings XI Punjab,Delhi Daredevils,Maharashtra Cricket Association Stadium,Kings XI Punjab,bat,Delhi Daredevils,Unknown,165,169,7,5
IPL,2015-04-24,Rajasthan Royals,Royal Challengers Bangalore,"Sardar Patel Stadium, Motera",Royal Challengers Bangalore,field,Royal Challengers Bangalore,Unknown,130,134,9,1
IPL,2023-05-29,Gujarat Titans,Chennai Super Kings,"Narendra Modi Stadium, Ahmedabad",Chennai Super Kings,field,Chennai Super Kings,Unknown,214,171,4,5
IPL,2011-05-15,Kings XI Punjab,Delhi Daredevils,Himachal Pradesh Cricket Association Stadium,Delhi Daredevils,field,Kings XI Punjab,Unknown,170,141,6,8
IPL,2011-05-05,Kochi Tuskers Kerala,Kolkata Knight Riders,Nehru Stadium,Kolkata Knight Riders,field,Kochi Tuskers Kerala,Unknown,156,139,5,7
IPL,2010-04-17,Royal Challengers Bangalore,Mumbai Indians,M Chinnaswamy Stadium,Royal Challengers Bangalore,field,Mumbai Indians,Unknown,134,191,9,4
IPL,2009-05-11,Deccan Chargers,Rajasthan Royals,De Beers Diamond Oval,Deccan Chargers,bat,Deccan Chargers,Unknown,166,113,7,10
IPL,2010-04-14,Rajasthan Royals,Royal Challengers Bangalore,Sawai Mansingh Stadium,Rajasthan Royals,bat,Royal Challengers Bangalore,Unknown,130,132,6,5
IPL,2021-04-09,Mumbai Indians,Royal Challengers Bangalore,"MA Chidambaram Stadium, Chepauk, Chennai",Royal Challengers Bangalore,field,Royal Challengers Bangalore,Unknown,159,160,9,8
IPL,2025-03-29,Gujarat Titans,Mumbai Indians,"Narendra Modi Stadium, Ahmedabad",Mumbai Indians,field,Gujarat Titans,Unknown,196,160,8,6
IPL,2020-10-23,Chennai Super Kings,Mumbai Indians,Sharjah Cricket Stadium,Mumbai Indians,field,Mumbai Indians,Unknown,114,116,9,0
IPL,2018-05-15,Rajasthan Royals,Kolkata Knight Riders,Eden Gardens,Kolkata Knight Riders,field,Kolkata Knight Riders,Unknown,142,145,10,4
IPL,2023-05-07,Gujarat Titans,Lucknow Super Giants,"Narendra Modi Stadium, Ahmedabad",Lucknow Super Giants,field,Gujarat Titans,Unknown,227,171,2,7
IPL,2024-03-27,Sunrisers Hyderabad,Mumbai Indians,"Rajiv Gandhi International Stadium, Uppal, Hyderabad",Mumbai Indians,field,Sunrisers Hyderabad,Unknown,277,246,3,5
IPL,2018-04-23,Kings XI Punjab,Delhi Daredevils,Arun Jaitley Stadium,Delhi Daredevils,field,Kings XI Punjab,Unknown,143,139,8,8
IPL,2017-04-30,Sunrisers Hyderabad,Kolkata Knight Riders,"Rajiv Gandhi International Stadium, Uppal",Kolkata Knight Riders,field,Sunrisers Hyderabad,Unknown,209,161,3,7
IPL,2010-04-10,Royal Challengers Bangalore,Kolkata Knight Riders,M Chinnaswamy Stadium,Royal Challengers Bangalore,field,Royal Challengers Bangalore,Unknown,162,160,3,9
IPL,2008-05-18,Kolkata Knight Riders,Chennai Super Kings,Eden Gardens,Kolkata Knight Riders,bat,Chennai Super Kings,Unknown,149,55,5,0
IPL,2022-05-15,Rajasthan Royals,Lucknow Super Giants,"Brabourne Stadium, Mumbai",Rajasthan Royals,bat,Rajasthan Royals,Unknown,178,154,6,8
IPL,2019-04-06,Mumbai Indians,Sunrisers Hyderabad,Rajiv Gandhi International Stadium,Sunrisers Hyderabad,field,Mumbai Indians,Unknown,136,96,7,10
IPL,2017-05-16,Mumbai Indians,Rising Pune Supergiant,Wankhede Stadium,Mumbai Indians,field,Rising Pune Supergiant,Unknown,142,162,9,4
IPL,2019-05-01,Chennai Super Kings,Delhi Capitals,MA Chidambaram Stadium,Delhi Capitals,field,Chennai Super Kings,Unknown,179,99,4,10
IPL,2019-04-21,Royal Challengers Bangalore,Chennai Super Kings,M.Chinnaswamy Stadium,Chennai Super Kings,field,Royal Challengers Bangalore,Unknown,161,160,7,8
IPL,2010-04-03,Mumbai Indians,Deccan Chargers,Brabourne Stadium,Mumbai Indians,bat,Mumbai Indians,Unknown,178,115,5,10
IPL,2010-04-07,Rajasthan Royals,Kings XI Punjab,Sawai Mansingh Stadium,Kings XI Punjab,bat,Rajasthan Royals,Unknown,157,153,1,6
IPL,2026-05-12,Gujarat Titans,Sunrisers Hyderabad,"Narendra Modi Stadium, Ahmedabad",Sunrisers Hyderabad,field,Gujarat Titans,Unknown,168,86,5,10
IPL,2008-05-25,Deccan Chargers,Royal Challengers Bangalore,"Rajiv Gandhi International Stadium, Uppal",Deccan Chargers,bat,Royal Challengers Bangalore,Unknown,165,171,10,5
IPL,2013-04-16,Royal Challengers Bangalore,Delhi Daredevils,M Chinnaswamy Stadium,Royal Challengers Bangalore,field,tie,tie,167,163,7,7
IPL,2018-05-05,Royal Challengers Bangalore,Chennai Super Kings,Maharashtra Cricket Association Stadium,Chennai Super Kings,field,Chennai Super Kings,Unknown,127,128,9,4
IPL,2022-05-04,Royal Challengers Bangalore,Chennai Super Kings,"Maharashtra Cricket Association Stadium, Pune",Chennai Super Kings,field,Royal Challengers Bangalore,Unknown,173,160,8,8
IPL,2014-04-23,Rajasthan Royals,Chennai Super Kings,Dubai International Cricket Stadium,Rajasthan Royals,field,Chennai Super Kings,Unknown,133,140,10,6
IPL,2021-04-21,Chennai Super Kings,Kolkata Knight Riders,"Wankhede Stadium, Mumbai",Kolkata Knight Riders,field,Chennai Super Kings,Unknown,220,202,3,10
IPL,2023-05-16,Lucknow Super Giants,Mumbai Indians,"Bharat Ratna Shri Atal Bihari Vajpayee Ekana Cricket Stadium, Lucknow",Mumbai Indians,field,Lucknow Super Giants,Unknown,177,172,4,5
IPL,2013-05-15,Mumbai Indians,Rajasthan Royals,Wankhede Stadium,Rajasthan Royals,field,Mumbai Indians,Unknown,166,152,8,7
IPL,2017-05-08,Sunrisers Hyderabad,Mumbai Indians,"Rajiv Gandhi International Stadium, Uppal",Mumbai Indians,bat,Sunrisers Hyderabad,Unknown,140,138,3,7
IPL,2013-05-07,Mumbai Indians,Kolkata Knight Riders,Wankhede Stadium,Mumbai Indians,bat,Mumbai Indians,Unknown,170,105,6,10
IPL,2015-04-30,Kolkata Knight Riders,Chennai Super Kings,Eden Gardens,Kolkata Knight Riders,field,Kolkata Knight Riders,Unknown,169,165,3,9
IPL,2015-05-04,Chennai Super Kings,Royal Challengers Bangalore,"MA Chidambaram Stadium, Chepauk",Chennai Super Kings,bat,Chennai Super Kings,Unknown,148,124,9,10
IPL,2023-05-21,Sunrisers Hyderabad,Mumbai Indians,"Wankhede Stadium, Mumbai",Mumbai Indians,field,Mumbai Indians,Unknown,200,201,5,2
IPL,2013-05-06,Kings XI Punjab,Royal Challengers Bangalore,"Punjab Cricket Association Stadium, Mohali",Kings XI Punjab,field,Kings XI Punjab,Unknown,194,190,4,3
IPL,2014-05-27,Kings XI Punjab,Kolkata Knight Riders,Eden Gardens,Kings XI Punjab,field,Kolkata Knight Riders,Unknown,135,163,8,8
IPL,2026-03-29,Kolkata Knight Riders,Mumbai Indians,"Wankhede Stadium, Mumbai",Mumbai Indians,field,Mumbai Indians,Unknown,220,224,4,4
IPL,2025-05-22,Lucknow Super Giants,Gujarat Titans,"Narendra Modi Stadium, Ahmedabad",Gujarat Titans,field,Lucknow Super Giants,Unknown,235,202,2,9
IPL,2021-04-11,Kolkata Knight Riders,Sunrisers Hyderabad,"MA Chidambaram Stadium, Chepauk, Chennai",Sunrisers Hyderabad,field,Kolkata Knight Riders,Unknown,187,177,6,5
IPL,2021-09-25,Punjab Kings,Sunrisers Hyderabad,Sharjah Cricket Stadium,Sunrisers Hyderabad,field,Punjab Kings,Unknown,125,120,7,7
IPL,2009-05-13,Deccan Chargers,Delhi Daredevils,Kingsmead,Deccan Chargers,field,Delhi Daredevils,Unknown,161,173,10,7
IPL,2013-04-29,Mumbai Indians,Kings XI Punjab,Wankhede Stadium,Mumbai Indians,bat,Mumbai Indians,Unknown,174,170,3,10
IPL,2026-05-24,Delhi Capitals,Kolkata Knight Riders,"Eden Gardens, Kolkata",Kolkata Knight Riders,field,Delhi Capitals,Unknown,203,163,5,10
IPL,2024-05-26,Sunrisers Hyderabad,Kolkata Knight Riders,"MA Chidambaram Stadium, Chepauk, Chennai",Sunrisers Hyderabad,bat,Kolkata Knight Riders,Unknown,113,114,10,2
IPL,2008-05-18,Deccan Chargers,Mumbai Indians,"Rajiv Gandhi International Stadium, Uppal",Deccan Chargers,field,Mumbai Indians,Unknown,153,178,7,7
IPL,2012-05-04,Chennai Super Kings,Deccan Chargers,"MA Chidambaram Stadium, Chepauk",Chennai Super Kings,bat,Chennai Super Kings,Unknown,160,150,6,5
IPL,2014-04-27,Delhi Daredevils,Mumbai Indians,Sharjah Cricket Stadium,Mumbai Indians,bat,Delhi Daredevils,Unknown,126,125,4,7
IPL,2013-04-27,Mumbai Indians,Royal Challengers Bangalore,Wankhede Stadium,Mumbai Indians,bat,Mumbai Indians,Unknown,194,136,7,7
IPL,2014-05-10,Mumbai Indians,Chennai Super Kings,Wankhede Stadium,Chennai Super Kings,field,Chennai Super Kings,Unknown,157,160,6,6
IPL,2008-04-29,Kolkata Knight Riders,Mumbai Indians,Eden Gardens,Kolkata Knight Riders,bat,Mumbai Indians,Unknown,137,138,8,3
IPL,2011-05-28,Chennai Super Kings,Royal Challengers Bangalore,"MA Chidambaram Stadium, Chepauk",Chennai Super Kings,bat,Chennai Super Kings,Unknown,205,147,5,8
IPL,2010-04-04,Kolkata Knight Riders,Kings XI Punjab,Eden Gardens,Kolkata Knight Riders,bat,Kings XI Punjab,Unknown,200,204,3,2
IPL,2014-05-22,Chennai Super Kings,Sunrisers Hyderabad,JSCA International Stadium Complex,Sunrisers Hyderabad,field,Sunrisers Hyderabad,Unknown,185,189,3,4
IPL,2013-05-09,Kings XI Punjab,Rajasthan Royals,"Punjab Cricket Association Stadium, Mohali",Rajasthan Royals,field,Rajasthan Royals,Unknown,145,147,6,2
IPL,2008-05-12,Kings XI Punjab,Royal Challengers Bangalore,"Punjab Cricket Association Stadium, Mohali",Royal Challengers Bangalore,bat,Kings XI Punjab,Unknown,144,143,1,8
IPL,2010-04-21,Royal Challengers Bangalore,Mumbai Indians,Dr DY Patil Sports Academy,Mumbai Indians,bat,Mumbai Indians,Unknown,149,184,9,5
IPL,2022-04-27,Sunrisers Hyderabad,Gujarat Titans,"Wankhede Stadium, Mumbai",Gujarat Titans,field,Gujarat Titans,Unknown,195,199,6,5
IPL,2023-04-16,Gujarat Titans,Rajasthan Royals,"Narendra Modi Stadium, Ahmedabad",Rajasthan Royals,field,Rajasthan Royals,Unknown,177,179,7,7
IPL,2019-04-20,Mumbai Indians,Rajasthan Royals,Sawai Mansingh Stadium,Rajasthan Royals,field,Rajasthan Royals,Unknown,161,162,5,5
IPL,2009-04-18,Royal Challengers Bangalore,Rajasthan Royals,Newlands,Royal Challengers Bangalore,bat,Royal Challengers Bangalore,Unknown,133,58,8,10
IPL,2008-05-21,Mumbai Indians,Kings XI Punjab,Wankhede Stadium,Mumbai Indians,field,Kings XI Punjab,Unknown,188,189,10,4
IPL,2015-05-06,Royal Challengers Bangalore,Kings XI Punjab,M Chinnaswamy Stadium,Kings XI Punjab,field,Royal Challengers Bangalore,Unknown,226,88,3,10
IPL,2020-10-19,Chennai Super Kings,Rajasthan Royals,Sheikh Zayed Stadium,Chennai Super Kings,bat,Rajasthan Royals,Unknown,125,126,5,3
IPL,2022-03-29,Rajasthan Royals,Sunrisers Hyderabad,"Maharashtra Cricket Association Stadium, Pune",Sunrisers Hyderabad,field,Rajasthan Royals,Unknown,210,149,6,7
IPL,2018-04-12,Mumbai Indians,Sunrisers Hyderabad,Rajiv Gandhi International Stadium,Sunrisers Hyderabad,field,Sunrisers Hyderabad,Unknown,147,151,8,9
IPL,2014-05-15,Rajasthan Royals,Delhi Daredevils,"Sardar Patel Stadium, Motera",Delhi Daredevils,field,Rajasthan Royals,Unknown,201,139,6,9
IPL,2012-04-18,Kings XI Punjab,Kolkata Knight Riders,"Punjab Cricket Association Stadium, Mohali",Kings XI Punjab,bat,Kolkata Knight Riders,Unknown,124,127,7,2
IPL,2024-05-10,Gujarat Titans,Chennai Super Kings,"Narendra Modi Stadium, Ahmedabad",Chennai Super Kings,field,Gujarat Titans,Unknown,231,196,3,8
IPL,2012-04-16,Mumbai Indians,Delhi Daredevils,Wankhede Stadium,Delhi Daredevils,field,Delhi Daredevils,Unknown,92,93,10,3
IPL,2024-05-24,Sunrisers Hyderabad,Rajasthan Royals,"MA Chidambaram Stadium, Chepauk, Chennai",Rajasthan Royals,field,Sunrisers Hyderabad,Unknown,175,139,9,7
IPL,2021-09-27,Rajasthan Royals,Sunrisers Hyderabad,Dubai International Cricket Stadium,Rajasthan Royals,bat,Sunrisers Hyderabad,Unknown,164,167,5,3
IPL,2026-05-16,Kolkata Knight Riders,Gujarat Titans,"Eden Gardens, Kolkata",Gujarat Titans,field,Kolkata Knight Riders,Unknown,247,218,2,4
IPL,2026-05-27,Rajasthan Royals,Sunrisers Hyderabad,"Maharaja Yadavindra Singh International Cricket Stadium, New Chandigarh",Sunrisers Hyderabad,field,Rajasthan Royals,Unknown,243,196,8,10
IPL,2024-04-05,Chennai Super Kings,Sunrisers Hyderabad,"Rajiv Gandhi International Stadium, Uppal, Hyderabad",Sunrisers Hyderabad,field,Sunrisers Hyderabad,Unknown,165,166,5,4
IPL,2015-05-11,Sunrisers Hyderabad,Kings XI Punjab,"Rajiv Gandhi International Stadium, Uppal",Sunrisers Hyderabad,bat,Sunrisers Hyderabad,Unknown,185,180,5,7
IPL,2010-04-09,Kings XI Punjab,Mumbai Indians,"Punjab Cricket Association Stadium, Mohali",Mumbai Indians,bat,Kings XI Punjab,Unknown,158,154,4,9
IPL,2025-04-07,Royal Challengers Bengaluru,Mumbai Indians,"Wankhede Stadium, Mumbai",Mumbai Indians,field,Royal Challengers Bengaluru,Unknown,221,209,5,9
IPL,2021-04-25,Delhi Capitals,Sunrisers Hyderabad,"MA Chidambaram Stadium, Chepauk, Chennai",Delhi Capitals,bat,tie,tie,167,166,4,7
IPL,2008-05-14,Mumbai Indians,Chennai Super Kings,Wankhede Stadium,Mumbai Indians,field,Mumbai Indians,Unknown,158,156,1,6
IPL,2020-09-19,Mumbai Indians,Chennai Super Kings,Sheikh Zayed Stadium,Chennai Super Kings,field,Chennai Super Kings,Unknown,162,166,9,5
IPL,2017-05-03,Kolkata Knight Riders,Rising Pune Supergiant,Eden Gardens,Rising Pune Supergiant,field,Rising Pune Supergiant,Unknown,155,158,8,6
IPL,2023-05-10,Chennai Super Kings,Delhi Capitals,"MA Chidambaram Stadium, Chepauk, Chennai",Chennai Super Kings,bat,Chennai Super Kings,Unknown,167,140,8,8
IPL,2008-05-15,Delhi Daredevils,Deccan Chargers,Feroz Shah Kotla,Deccan Chargers,field,Delhi Daredevils,Unknown,194,182,4,9
IPL,2011-05-10,Kings XI Punjab,Mumbai Indians,"Punjab Cricket Association Stadium, Mohali",Mumbai Indians,field,Kings XI Punjab,Unknown,163,87,8,10
IPL,2015-04-26,Delhi Daredevils,Royal Challengers Bangalore,Feroz Shah Kotla,Royal Challengers Bangalore,field,Royal Challengers Bangalore,Unknown,95,99,10,0
IPL,2010-03-29,Delhi Daredevils,Kolkata Knight Riders,Feroz Shah Kotla,Delhi Daredevils,bat,Delhi Daredevils,Unknown,177,137,4,9
IPL,2014-05-19,Delhi Daredevils,Kings XI Punjab,Feroz Shah Kotla,Kings XI Punjab,field,Kings XI Punjab,Unknown,164,165,7,6
IPL,2019-05-02,Mumbai Indians,Sunrisers Hyderabad,Wankhede Stadium,Mumbai Indians,bat,tie,tie,171,170,5,8
IPL,2011-04-12,Royal Challengers Bangalore,Mumbai Indians,M Chinnaswamy Stadium,Mumbai Indians,field,Mumbai Indians,Unknown,140,143,4,1
IPL,2018-05-02,Delhi Daredevils,Rajasthan Royals,Arun Jaitley Stadium,Rajasthan Royals,field,Delhi Daredevils,Unknown,196,146,6,5
IPL,2019-04-03,Mumbai Indians,Chennai Super Kings,Wankhede Stadium,Chennai Super Kings,field,Mumbai Indians,Unknown,170,133,5,8
IPL,2017-05-14,Rising Pune Supergiant,Kings XI Punjab,Maharashtra Cricket Association Stadium,Rising Pune Supergiant,field,Rising Pune Supergiant,Unknown,78,73,1,10
IPL,2010-03-16,Kolkata Knight Riders,Chennai Super Kings,Eden Gardens,Chennai Super Kings,bat,Chennai Super Kings,Unknown,109,164,10,3
IPL,2016-05-07,Royal Challengers Bangalore,Rising Pune Supergiants,M Chinnaswamy Stadium,Royal Challengers Bangalore,field,Royal Challengers Bangalore,Unknown,195,191,3,6
IPL,2023-04-15,Royal Challengers Bangalore,Delhi Capitals,"M Chinnaswamy Stadium, Bengaluru",Delhi Capitals,field,Royal Challengers Bangalore,Unknown,174,151,6,9
IPL,2019-04-09,Kolkata Knight Riders,Chennai Super Kings,MA Chidambaram Stadium,Chennai Super Kings,field,Chennai Super Kings,Unknown,108,111,9,3
IPL,2008-04-30,Delhi Daredevils,Royal Challengers Bangalore,Feroz Shah Kotla,Royal Challengers Bangalore,field,Delhi Daredevils,Unknown,191,181,5,5
IPL,2024-05-01,Chennai Super Kings,Punjab Kings,"MA Chidambaram Stadium, Chepauk, Chennai",Punjab Kings,field,Punjab Kings,Unknown,162,163,7,3
IPL,2014-04-22,Kings XI Punjab,Sunrisers Hyderabad,Sharjah Cricket Stadium,Sunrisers Hyderabad,field,Kings XI Punjab,Unknown,193,121,6,10
IPL,2019-05-03,Kings XI Punjab,Kolkata Knight Riders,Punjab Cricket Association IS Bindra Stadium,Kolkata Knight Riders,field,Kolkata Knight Riders,Unknown,183,185,6,3
IPL,2009-05-17,Delhi Daredevils,Rajasthan Royals,OUTsurance Oval,Delhi Daredevils,bat,Delhi Daredevils,Unknown,150,136,3,9
IPL,2017-05-19,Mumbai Indians,Kolkata Knight Riders,M Chinnaswamy Stadium,Mumbai Indians,field,Mumbai Indians,Unknown,111,107,4,10
IPL,2015-05-03,Kings XI Punjab,Mumbai Indians,"Punjab Cricket Association Stadium, Mohali",Mumbai Indians,bat,Mumbai Indians,Unknown,149,172,7,3
IPL,2024-05-12,Rajasthan Royals,Chennai Super Kings,"MA Chidambaram Stadium, Chepauk, Chennai",Rajasthan Royals,bat,Chennai Super Kings,Unknown,141,145,5,5
IPL,2019-04-12,Kolkata Knight Riders,Delhi Capitals,Eden Gardens,Delhi Capitals,field,Delhi Capitals,Unknown,178,180,7,3
IPL,2018-04-10,Kolkata Knight Riders,Chennai Super Kings,MA Chidambaram Stadium,Chennai Super Kings,field,Chennai Super Kings,Unknown,202,205,6,5
IPL,2013-04-12,Delhi Daredevils,Sunrisers Hyderabad,Feroz Shah Kotla,Delhi Daredevils,bat,Sunrisers Hyderabad,Unknown,114,115,8,7
IPL,2011-04-11,Kolkata Knight Riders,Deccan Chargers,Eden Gardens,Kolkata Knight Riders,bat,Kolkata Knight Riders,Unknown,163,154,4,8
IPL,2011-04-27,Pune Warriors,Chennai Super Kings,Dr DY Patil Sports Academy,Pune Warriors,bat,Chennai Super Kings,Unknown,141,145,6,2
IPL,2026-04-27,Delhi Capitals,Royal Challengers Bengaluru,"Arun Jaitley Stadium, Delhi",Royal Challengers Bengaluru,field,Royal Challengers Bengaluru,Unknown,75,77,10,1
IPL,2024-04-07,Lucknow Super Giants,Gujarat Titans,"Bharat Ratna Shri Atal Bihari Vajpayee Ekana Cricket Stadium, Lucknow",Lucknow Super Giants,bat,Lucknow Super Giants,Unknown,163,130,5,10
IPL,2011-04-27,Kochi Tuskers Kerala,Deccan Chargers,Nehru Stadium,Kochi Tuskers Kerala,field,Deccan Chargers,Unknown,74,129,10,7
IPL,2009-05-15,Delhi Daredevils,Kings XI Punjab,OUTsurance Oval,Kings XI Punjab,field,Kings XI Punjab,Unknown,120,123,9,4
IPL,2014-05-11,Kings XI Punjab,Kolkata Knight Riders,Barabati Stadium,Kolkata Knight Riders,field,Kolkata Knight Riders,Unknown,149,150,8,1
IPL,2008-05-02,Chennai Super Kings,Delhi Daredevils,"MA Chidambaram Stadium, Chepauk",Chennai Super Kings,bat,Delhi Daredevils,Unknown,169,172,6,2
IPL,2026-05-10,Mumbai Indians,Royal Challengers Bengaluru,"Shaheed Veer Narayan Singh International Stadium, Raipur",Royal Challengers Bengaluru,field,Royal Challengers Bengaluru,Unknown,166,167,7,8
IPL,2025-05-24,Punjab Kings,Delhi Capitals,"Sawai Mansingh Stadium, Jaipur",Delhi Capitals,field,Delhi Capitals,Unknown,206,208,8,4
IPL,2015-04-12,Delhi Daredevils,Rajasthan Royals,Feroz Shah Kotla,Rajasthan Royals,field,Rajasthan Royals,Unknown,184,186,3,7
IPL,2009-05-09,Chennai Super Kings,Rajasthan Royals,De Beers Diamond Oval,Rajasthan Royals,bat,Chennai Super Kings,Unknown,141,140,3,7
IPL,2016-05-08,Mumbai Indians,Sunrisers Hyderabad,Dr. Y.S. Rajasekhara Reddy ACA-VDCA Cricket Stadium,Mumbai Indians,field,Sunrisers Hyderabad,Unknown,92,177,10,3
IPL,2025-04-21,Gujarat Titans,Kolkata Knight Riders,"Eden Gardens, Kolkata",Kolkata Knight Riders,field,Gujarat Titans,Unknown,198,159,3,8
IPL,2015-05-09,Delhi Daredevils,Sunrisers Hyderabad,Shaheed Veer Narayan Singh International Stadium,Sunrisers Hyderabad,bat,Sunrisers Hyderabad,Unknown,157,163,4,4
IPL,2014-05-20,Sunrisers Hyderabad,Royal Challengers Bangalore,"Rajiv Gandhi International Stadium, Uppal",Royal Challengers Bangalore,bat,Sunrisers Hyderabad,Unknown,161,160,3,6
IPL,2014-04-26,Rajasthan Royals,Royal Challengers Bangalore,Sheikh Zayed Stadium,Rajasthan Royals,field,Rajasthan Royals,Unknown,71,70,4,10
IPL,2013-05-21,Chennai Super Kings,Mumbai Indians,Feroz Shah Kotla,Chennai Super Kings,bat,Chennai Super Kings,Unknown,192,144,1,10
IPL,2023-05-08,Punjab Kings,Kolkata Knight Riders,"Eden Gardens, Kolkata",Punjab Kings,bat,Kolkata Knight Riders,Unknown,179,182,7,5
IPL,2023-05-26,Gujarat Titans,Mumbai Indians,"Narendra Modi Stadium, Ahmedabad",Mumbai Indians,field,Gujarat Titans,Unknown,233,171,3,10
IPL,2024-04-08,Kolkata Knight Riders,Chennai Super Kings,"MA Chidambaram Stadium, Chepauk, Chennai",Chennai Super Kings,field,Chennai Super Kings,Unknown,137,141,9,3
IPL,2014-05-25,Kings XI Punjab,Delhi Daredevils,"Punjab Cricket Association Stadium, Mohali",Kings XI Punjab,field,Kings XI Punjab,Unknown,119,115,3,10
IPL,2019-04-15,Royal Challengers Bangalore,Mumbai Indians,Wankhede Stadium,Mumbai Indians,field,Mumbai Indians,Unknown,171,172,7,5
IPL,2009-05-03,Royal Challengers Bangalore,Mumbai Indians,New Wanderers Stadium,Mumbai Indians,bat,Royal Challengers Bangalore,Unknown,150,149,1,4
IPL,2017-04-14,Royal Challengers Bangalore,Mumbai Indians,M Chinnaswamy Stadium,Mumbai Indians,field,Mumbai Indians,Unknown,142,145,5,6
IPL,2015-04-16,Sunrisers Hyderabad,Rajasthan Royals,Dr. Y.S. Rajasekhara Reddy ACA-VDCA Cricket Stadium,Rajasthan Royals,field,Rajasthan Royals,Unknown,127,131,5,4
IPL,2015-04-23,Delhi Daredevils,Mumbai Indians,Feroz Shah Kotla,Mumbai Indians,field,Delhi Daredevils,Unknown,190,153,4,9
IPL,2019-05-05,Chennai Super Kings,Kings XI Punjab,Punjab Cricket Association IS Bindra Stadium,Kings XI Punjab,field,Kings XI Punjab,Unknown,170,173,5,4
IPL,2021-09-30,Sunrisers Hyderabad,Chennai Super Kings,Sharjah Cricket Stadium,Chennai Super Kings,field,Chennai Super Kings,Unknown,134,139,7,4
IPL,2018-04-08,Delhi Daredevils,Kings XI Punjab,Punjab Cricket Association IS Bindra Stadium,Kings XI Punjab,field,Kings XI Punjab,Unknown,166,167,7,4
IPL,2010-03-21,Chennai Super Kings,Kings XI Punjab,"MA Chidambaram Stadium, Chepauk",Chennai Super Kings,field,tie,tie,145,146,9,9
IPL,2015-05-22,Chennai Super Kings,Royal Challengers Bangalore,JSCA International Stadium Complex,Chennai Super Kings,field,Chennai Super Kings,Unknown,140,139,7,8
IPL,2012-05-20,Rajasthan Royals,Mumbai Indians,Sawai Mansingh Stadium,Rajasthan Royals,bat,Mumbai Indians,Unknown,162,163,6,0
IPL,2017-04-09,Mumbai Indians,Kolkata Knight Riders,Wankhede Stadium,Mumbai Indians,field,Mumbai Indians,Unknown,180,178,6,7
IPL,2008-05-24,Chennai Super Kings,Rajasthan Royals,"MA Chidambaram Stadium, Chepauk",Rajasthan Royals,bat,Rajasthan Royals,Unknown,201,211,7,5
IPL,2013-05-12,Kolkata Knight Riders,Royal Challengers Bangalore,JSCA International Stadium Complex,Kolkata Knight Riders,field,Kolkata Knight Riders,Unknown,116,115,5,9
IPL,2021-09-26,Kolkata Knight Riders,Chennai Super Kings,"Zayed Cricket Stadium, Abu Dhabi",Kolkata Knight Riders,bat,Chennai Super Kings,Unknown,171,172,6,8
IPL,2023-05-19,Punjab Kings,Rajasthan Royals,"Himachal Pradesh Cricket Association Stadium, Dharamsala",Rajasthan Royals,field,Rajasthan Royals,Unknown,187,189,5,6
IPL,2012-05-10,Rajasthan Royals,Chennai Super Kings,Sawai Mansingh Stadium,Chennai Super Kings,field,Chennai Super Kings,Unknown,126,127,6,6
IPL,2011-04-20,Kolkata Knight Riders,Kochi Tuskers Kerala,Eden Gardens,Kolkata Knight Riders,field,Kochi Tuskers Kerala,Unknown,126,132,9,7
IPL,2008-05-19,Royal Challengers Bangalore,Delhi Daredevils,M Chinnaswamy Stadium,Delhi Daredevils,field,Delhi Daredevils,Unknown,154,158,7,5
IPL,2020-09-21,Royal Challengers Bangalore,Sunrisers Hyderabad,Dubai International Cricket Stadium,Sunrisers Hyderabad,field,Royal Challengers Bangalore,Unknown,163,153,5,10
IPL,2018-05-06,Rajasthan Royals,Kings XI Punjab,Holkar Cricket Stadium,Kings XI Punjab,field,Kings XI Punjab,Unknown,152,155,9,4
IPL,2018-04-25,Royal Challengers Bangalore,Chennai Super Kings,M.Chinnaswamy Stadium,Chennai Super Kings,field,Chennai Super Kings,Unknown,205,207,8,5
IPL,2008-05-16,Mumbai Indians,Kolkata Knight Riders,Wankhede Stadium,Mumbai Indians,field,Mumbai Indians,Unknown,68,67,2,10
IPL,2017-04-16,Mumbai Indians,Gujarat Lions,Wankhede Stadium,Mumbai Indians,field,Mumbai Indians,Unknown,177,176,4,4
IPL,2022-05-01,Chennai Super Kings,Sunrisers Hyderabad,"Maharashtra Cricket Association Stadium, Pune",Sunrisers Hyderabad,field,Chennai Super Kings,Unknown,202,189,2,6
IPL,2023-04-03,Chennai Super Kings,Lucknow Super Giants,"MA Chidambaram Stadium, Chepauk, Chennai",Lucknow Super Giants,field,Chennai Super Kings,Unknown,217,205,7,7
IPL,2010-04-03,Chennai Super Kings,Rajasthan Royals,"MA Chidambaram Stadium, Chepauk",Chennai Super Kings,bat,Chennai Super Kings,Unknown,246,223,5,5
IPL,2023-05-11,Kolkata Knight Riders,Rajasthan Royals,"Eden Gardens, Kolkata",Rajasthan Royals,field,Rajasthan Royals,Unknown,149,151,8,1
IPL,2024-05-22,Royal Challengers Bengaluru,Rajasthan Royals,"Narendra Modi Stadium, Ahmedabad",Rajasthan Royals,field,Rajasthan Royals,Unknown,172,174,8,6
IPL,2012-04-24,Pune Warriors,Delhi Daredevils,Subrata Roy Sahara Stadium,Pune Warriors,bat,Delhi Daredevils,Unknown,146,148,2,2
IPL,2012-04-29,Delhi Daredevils,Rajasthan Royals,Feroz Shah Kotla,Delhi Daredevils,bat,Delhi Daredevils,Unknown,152,151,6,3
IPL,2011-05-08,Royal Challengers Bangalore,Kochi Tuskers Kerala,M Chinnaswamy Stadium,Kochi Tuskers Kerala,bat,Royal Challengers Bangalore,Unknown,128,125,1,9
IPL,2014-05-03,Mumbai Indians,Kings XI Punjab,Wankhede Stadium,Kings XI Punjab,bat,Mumbai Indians,Unknown,170,168,5,5
IPL,2022-05-24,Rajasthan Royals,Gujarat Titans,"Eden Gardens, Kolkata",Gujarat Titans,field,Gujarat Titans,Unknown,188,191,6,3
IPL,2017-04-23,Kolkata Knight Riders,Royal Challengers Bangalore,Eden Gardens,Royal Challengers Bangalore,field,Kolkata Knight Riders,Unknown,131,49,10,10
IPL,2014-05-13,Chennai Super Kings,Rajasthan Royals,JSCA International Stadium Complex,Rajasthan Royals,bat,Chennai Super Kings,Unknown,149,148,5,8
IPL,2009-05-07,Royal Challengers Bangalore,Rajasthan Royals,SuperSport Park,Rajasthan Royals,field,Rajasthan Royals,Unknown,105,107,10,3
IPL,2019-05-08,Sunrisers Hyderabad,Delhi Capitals,Dr. Y.S. Rajasekhara Reddy ACA-VDCA Cricket Stadium,Delhi Capitals,field,Delhi Capitals,Unknown,162,165,8,8
IPL,2016-05-06,Sunrisers Hyderabad,Gujarat Lions,"Rajiv Gandhi International Stadium, Uppal",Sunrisers Hyderabad,field,Sunrisers Hyderabad,Unknown,129,126,5,6
IPL,2022-04-29,Lucknow Super Giants,Punjab Kings,"Maharashtra Cricket Association Stadium, Pune",Punjab Kings,field,Lucknow Super Giants,Unknown,153,133,8,8
IPL,2023-04-22,Punjab Kings,Mumbai Indians,"Wankhede Stadium, Mumbai",Mumbai Indians,field,Punjab Kings,Unknown,214,201,8,6
IPL,2015-04-19,Rajasthan Royals,Chennai Super Kings,"Sardar Patel Stadium, Motera",Chennai Super Kings,bat,Rajasthan Royals,Unknown,157,156,2,4
IPL,2023-05-13,Sunrisers Hyderabad,Lucknow Super Giants,"Rajiv Gandhi International Stadium, Uppal, Hyderabad",Sunrisers Hyderabad,bat,Lucknow Super Giants,Unknown,182,185,6,3
IPL,2019-03-23,Royal Challengers Bangalore,Chennai Super Kings,MA Chidambaram Stadium,Chennai Super Kings,field,Chennai Super Kings,Unknown,70,71,10,3
IPL,2008-04-19,Kings XI Punjab,Chennai Super Kings,"Punjab Cricket Association Stadium, Mohali",Chennai Super Kings,bat,Chennai Super Kings,Unknown,207,240,4,5
IPL,2018-04-08,Royal Challengers Bangalore,Kolkata Knight Riders,Eden Gardens,Kolkata Knight Riders,field,Kolkata Knight Riders,Unknown,176,177,7,6
IPL,2026-04-19,Punjab Kings,Lucknow Super Giants,"Maharaja Yadavindra Singh International Cricket Stadium, New Chandigarh",Lucknow Super Giants,field,Punjab Kings,Unknown,254,200,7,5
IPL,2010-04-16,Kings XI Punjab,Deccan Chargers,Himachal Pradesh Cricket Association Stadium,Deccan Chargers,field,Deccan Chargers,Unknown,174,178,3,5
IPL,2008-04-26,Chennai Super Kings,Kolkata Knight Riders,"MA Chidambaram Stadium, Chepauk",Kolkata Knight Riders,bat,Chennai Super Kings,Unknown,152,147,1,9
IPL,2025-03-27,Sunrisers Hyderabad,Lucknow Super Giants,"Rajiv Gandhi International Stadium, Uppal, Hyderabad",Lucknow Super Giants,field,Lucknow Super Giants,Unknown,190,193,9,5
IPL,2008-04-28,Royal Challengers Bangalore,Chennai Super Kings,M Chinnaswamy Stadium,Chennai Super Kings,bat,Chennai Super Kings,Unknown,165,178,10,5
IPL,2020-09-23,Mumbai Indians,Kolkata Knight Riders,Sheikh Zayed Stadium,Kolkata Knight Riders,field,Mumbai Indians,Unknown,195,146,5,9
IPL,2025-04-05,Delhi Capitals,Chennai Super Kings,"MA Chidambaram Stadium, Chepauk, Chennai",Delhi Capitals,bat,Delhi Capitals,Unknown,183,158,6,5
IPL,2024-04-09,Sunrisers Hyderabad,Punjab Kings,"Maharaja Yadavindra Singh International Cricket Stadium, Mullanpur",Punjab Kings,field,Sunrisers Hyderabad,Unknown,182,180,9,6
IPL,2012-05-12,Kolkata Knight Riders,Mumbai Indians,Eden Gardens,Mumbai Indians,bat,Mumbai Indians,Unknown,155,182,4,1
IPL,2020-10-31,Royal Challengers Bangalore,Sunrisers Hyderabad,Sharjah Cricket Stadium,Sunrisers Hyderabad,field,Sunrisers Hyderabad,Unknown,120,121,7,5
IPL,2023-04-21,Sunrisers Hyderabad,Chennai Super Kings,"MA Chidambaram Stadium, Chepauk, Chennai",Chennai Super Kings,field,Chennai Super Kings,Unknown,134,138,7,3
IPL,2025-05-23,Sunrisers Hyderabad,Royal Challengers Bengaluru,"Bharat Ratna Shri Atal Bihari Vajpayee Ekana Cricket Stadium, Lucknow",Royal Challengers Bengaluru,field,Sunrisers Hyderabad,Unknown,231,189,6,10
IPL,2017-05-07,Royal Challengers Bangalore,Kolkata Knight Riders,M Chinnaswamy Stadium,Kolkata Knight Riders,field,Kolkata Knight Riders,Unknown,158,159,6,4
IPL,2011-04-15,Mumbai Indians,Kochi Tuskers Kerala,Wankhede Stadium,Kochi Tuskers Kerala,field,Kochi Tuskers Kerala,Unknown,182,184,2,2
IPL,2014-04-19,Kolkata Knight Riders,Delhi Daredevils,Dubai International Cricket Stadium,Kolkata Knight Riders,bat,Delhi Daredevils,Unknown,166,167,5,6
IPL,2017-05-05,Royal Challengers Bangalore,Kings XI Punjab,M Chinnaswamy Stadium,Royal Challengers Bangalore,field,Kings XI Punjab,Unknown,119,138,10,7
IPL,2017-04-23,Gujarat Lions,Kings XI Punjab,Saurashtra Cricket Association Stadium,Gujarat Lions,field,Kings XI Punjab,Unknown,162,188,7,7
IPL,2009-05-20,Kolkata Knight Riders,Rajasthan Royals,Kingsmead,Kolkata Knight Riders,field,Kolkata Knight Riders,Unknown,102,101,6,9
IPL,2021-09-26,Royal Challengers Bangalore,Mumbai Indians,Dubai International Cricket Stadium,Mumbai Indians,field,Royal Challengers Bangalore,Unknown,165,111,6,10
IPL,2009-05-09,Deccan Chargers,Kings XI Punjab,De Beers Diamond Oval,Kings XI Punjab,field,Kings XI Punjab,Unknown,168,169,5,7
IPL,2026-05-06,Sunrisers Hyderabad,Punjab Kings,"Rajiv Gandhi International Stadium, Uppal, Hyderabad",Punjab Kings,field,Sunrisers Hyderabad,Unknown,235,202,4,7
IPL,2025-04-16,Delhi Capitals,Rajasthan Royals,"Arun Jaitley Stadium, Delhi",Rajasthan Royals,field,tie,tie,201,199,5,7
IPL,2018-05-08,Rajasthan Royals,Kings XI Punjab,Sawai Mansingh Stadium,Rajasthan Royals,bat,Rajasthan Royals,Unknown,158,143,8,7
IPL,2009-04-30,Deccan Chargers,Delhi Daredevils,SuperSport Park,Delhi Daredevils,field,Delhi Daredevils,Unknown,148,150,9,4
IPL,2016-04-26,Sunrisers Hyderabad,Rising Pune Supergiants,"Rajiv Gandhi International Stadium, Uppal",Rising Pune Supergiants,field,Rising Pune Supergiants,Unknown,118,94,8,3
IPL,2019-05-12,Mumbai Indians,Chennai Super Kings,Rajiv Gandhi International Stadium,Mumbai Indians,bat,Mumbai Indians,Unknown,149,148,8,7
IPL,2014-04-25,Chennai Super Kings,Mumbai Indians,Dubai International Cricket Stadium,Mumbai Indians,bat,Chennai Super Kings,Unknown,142,141,3,7
IPL,2022-04-16,Royal Challengers Bangalore,Delhi Capitals,"Wankhede Stadium, Mumbai",Delhi Capitals,field,Royal Challengers Bangalore,Unknown,189,173,5,7
IPL,2018-04-27,Delhi Daredevils,Kolkata Knight Riders,Arun Jaitley Stadium,Kolkata Knight Riders,field,Delhi Daredevils,Unknown,219,164,4,9
IPL,2013-04-24,Kolkata Knight Riders,Mumbai Indians,Eden Gardens,Kolkata Knight Riders,bat,Mumbai Indians,Unknown,159,162,6,5
IPL,2013-04-11,Royal Challengers Bangalore,Kolkata Knight Riders,M Chinnaswamy Stadium,Royal Challengers Bangalore,field,Royal Challengers Bangalore,Unknown,158,154,2,8
IPL,2012-04-06,Rajasthan Royals,Kings XI Punjab,Sawai Mansingh Stadium,Kings XI Punjab,field,Rajasthan Royals,Unknown,191,160,4,9
IPL,2026-04-22,Rajasthan Royals,Lucknow Super Giants,"Bharat Ratna Shri Atal Bihari Vajpayee Ekana Cricket Stadium, Lucknow",Lucknow Super Giants,field,Rajasthan Royals,Unknown,159,119,6,10
IPL,2019-04-10,Kings XI Punjab,Mumbai Indians,Wankhede Stadium,Mumbai Indians,field,Mumbai Indians,Unknown,197,198,4,7
IPL,2020-09-30,Kolkata Knight Riders,Rajasthan Royals,Dubai International Cricket Stadium,Rajasthan Royals,field,Kolkata Knight Riders,Unknown,174,137,6,9
IPL,2026-04-12,Royal Challengers Bengaluru,Mumbai Indians,"Wankhede Stadium, Mumbai",Mumbai Indians,field,Royal Challengers Bengaluru,Unknown,240,222,4,6
IPL,2014-05-23,Kings XI Punjab,Rajasthan Royals,"Punjab Cricket Association Stadium, Mohali",Rajasthan Royals,field,Kings XI Punjab,Unknown,179,163,4,8
IPL,2012-04-06,Mumbai Indians,Pune Warriors,Wankhede Stadium,Mumbai Indians,field,Pune Warriors,Unknown,101,129,9,9
IPL,2022-05-19,Gujarat Titans,Royal Challengers Bangalore,"Wankhede Stadium, Mumbai",Gujarat Titans,bat,Royal Challengers Bangalore,Unknown,168,170,5,2
IPL,2017-05-01,Rising Pune Supergiant,Gujarat Lions,Maharashtra Cricket Association Stadium,Rising Pune Supergiant,field,Rising Pune Supergiant,Unknown,167,161,5,10
IPL,2013-04-22,Chennai Super Kings,Rajasthan Royals,"MA Chidambaram Stadium, Chepauk",Rajasthan Royals,bat,Chennai Super Kings,Unknown,186,185,5,4
IPL,2025-04-06,Sunrisers Hyderabad,Gujarat Titans,"Rajiv Gandhi International Stadium, Uppal, Hyderabad",Gujarat Titans,field,Gujarat Titans,Unknown,152,153,8,3
IPL,2019-04-30,Royal Challengers Bangalore,Rajasthan Royals,M.Chinnaswamy Stadium,Rajasthan Royals,field,no result,no result,62,41,7,1
IPL,2021-04-26,Punjab Kings,Kolkata Knight Riders,"Narendra Modi Stadium, Ahmedabad",Kolkata Knight Riders,field,Kolkata Knight Riders,Unknown,123,126,9,5
IPL,2013-04-23,Delhi Daredevils,Kings XI Punjab,Feroz Shah Kotla,Kings XI Punjab,field,Kings XI Punjab,Unknown,120,121,7,5
IPL,2011-04-26,Delhi Daredevils,Royal Challengers Bangalore,Feroz Shah Kotla,Royal Challengers Bangalore,field,Royal Challengers Bangalore,Unknown,160,161,6,7
IPL,2025-03-30,Sunrisers Hyderabad,Delhi Capitals,"Dr. Y.S. Rajasekhara Reddy ACA-VDCA Cricket Stadium, Visakhapatnam",Sunrisers Hyderabad,bat,Delhi Capitals,Unknown,163,166,10,3
IPL,2017-04-10,Kings XI Punjab,Royal Challengers Bangalore,Holkar Cricket Stadium,Royal Challengers Bangalore,bat,Kings XI Punjab,Unknown,150,148,2,4
IPL,2026-04-10,Royal Challengers Bengaluru,Rajasthan Royals,"Barsapara Cricket Stadium, Guwahati",Rajasthan Royals,field,Rajasthan Royals,Unknown,201,202,8,4
IPL,2008-05-28,Royal Challengers Bangalore,Mumbai Indians,M Chinnaswamy Stadium,Mumbai Indians,field,Mumbai Indians,Unknown,122,126,9,1
IPL,2017-05-06,Sunrisers Hyderabad,Rising Pune Supergiant,"Rajiv Gandhi International Stadium, Uppal",Sunrisers Hyderabad,field,Rising Pune Supergiant,Unknown,136,148,9,8
IPL,2025-05-08,Punjab Kings,Delhi Capitals,"Himachal Pradesh Cricket Association Stadium, Dharamsala",Punjab Kings,bat,no result,no result,122,0,1,0
IPL,2021-09-24,Royal Challengers Bangalore,Chennai Super Kings,Sharjah Cricket Stadium,Chennai Super Kings,field,Chennai Super Kings,Unknown,156,157,6,4
IPL,2009-04-26,Royal Challengers Bangalore,Delhi Daredevils,St George's Park,Royal Challengers Bangalore,bat,Delhi Daredevils,Unknown,149,150,7,4
IPL,2009-05-12,Kings XI Punjab,Mumbai Indians,SuperSport Park,Kings XI Punjab,bat,Mumbai Indians,Unknown,119,122,9,2
IPL,2009-05-08,Delhi Daredevils,Mumbai Indians,Buffalo Park,Mumbai Indians,bat,Delhi Daredevils,Unknown,118,116,3,10
IPL,2015-05-16,Rajasthan Royals,Kolkata Knight Riders,Brabourne Stadium,Rajasthan Royals,bat,Rajasthan Royals,Unknown,199,190,6,9
IPL,2026-05-22,Sunrisers Hyderabad,Royal Challengers Bengaluru,"Rajiv Gandhi International Stadium, Uppal, Hyderabad",Sunrisers Hyderabad,bat,Sunrisers Hyderabad,Unknown,255,200,4,4
IPL,2024-04-15,Sunrisers Hyderabad,Royal Challengers Bengaluru,"M Chinnaswamy Stadium, Bengaluru",Royal Challengers Bengaluru,field,Sunrisers Hyderabad,Unknown,287,262,3,7
IPL,2023-05-24,Mumbai Indians,Lucknow Super Giants,"MA Chidambaram Stadium, Chepauk, Chennai",Mumbai Indians,bat,Mumbai Indians,Unknown,182,101,8,10
IPL,2015-05-05,Mumbai Indians,Delhi Daredevils,Wankhede Stadium,Delhi Daredevils,bat,Mumbai Indians,Unknown,153,152,5,6
IPL,2020-09-24,Kings XI Punjab,Royal Challengers Bangalore,Dubai International Cricket Stadium,Royal Challengers Bangalore,field,Kings XI Punjab,Unknown,206,109,3,10
IPL,2013-04-11,Pune Warriors,Rajasthan Royals,Subrata Roy Sahara Stadium,Rajasthan Royals,bat,Pune Warriors,Unknown,148,145,3,5
IPL,2008-05-08,Delhi Daredevils,Chennai Super Kings,Feroz Shah Kotla,Chennai Super Kings,field,Chennai Super Kings,Unknown,187,188,5,6
IPL,2012-04-25,Kings XI Punjab,Mumbai Indians,"Punjab Cricket Association Stadium, Mohali",Kings XI Punjab,bat,Mumbai Indians,Unknown,168,171,3,6
IPL,2009-05-03,Kings XI Punjab,Kolkata Knight Riders,St George's Park,Kolkata Knight Riders,bat,Kings XI Punjab,Unknown,154,153,4,3
IPL,2019-05-07,Chennai Super Kings,Mumbai Indians,MA Chidambaram Stadium,Chennai Super Kings,bat,Mumbai Indians,Unknown,131,132,4,4
IPL,2013-05-02,Chennai Super Kings,Kings XI Punjab,"MA Chidambaram Stadium, Chepauk",Chennai Super Kings,bat,Chennai Super Kings,Unknown,186,171,4,6
IPL,2019-04-23,Sunrisers Hyderabad,Chennai Super Kings,MA Chidambaram Stadium,Chennai Super Kings,field,Chennai Super Kings,Unknown,175,176,3,4
IPL,2011-05-11,Rajasthan Royals,Royal Challengers Bangalore,Sawai Mansingh Stadium,Royal Challengers Bangalore,field,Royal Challengers Bangalore,Unknown,146,151,6,1
IPL,2024-04-16,Kolkata Knight Riders,Rajasthan Royals,"Eden Gardens, Kolkata",Rajasthan Royals,field,Rajasthan Royals,Unknown,223,224,6,8
IPL,2018-04-17,Mumbai Indians,Royal Challengers Bangalore,Wankhede Stadium,Royal Challengers Bangalore,field,Mumbai Indians,Unknown,213,167,6,8
IPL,2011-04-16,Chennai Super Kings,Royal Challengers Bangalore,"MA Chidambaram Stadium, Chepauk",Chennai Super Kings,bat,Chennai Super Kings,Unknown,183,162,5,7
IPL,2022-04-02,Gujarat Titans,Delhi Capitals,"Maharashtra Cricket Association Stadium, Pune",Delhi Capitals,field,Gujarat Titans,Unknown,171,157,6,9
IPL,2018-05-23,Kolkata Knight Riders,Rajasthan Royals,Eden Gardens,Rajasthan Royals,field,Kolkata Knight Riders,Unknown,169,144,7,4
IPL,2024-04-27,Lucknow Super Giants,Rajasthan Royals,"Bharat Ratna Shri Atal Bihari Vajpayee Ekana Cricket Stadium, Lucknow",Rajasthan Royals,field,Rajasthan Royals,Unknown,196,199,5,3
IPL,2017-04-14,Gujarat Lions,Rising Pune Supergiant,Saurashtra Cricket Association Stadium,Gujarat Lions,field,Gujarat Lions,Unknown,172,171,3,8
IPL,2026-04-19,Rajasthan Royals,Kolkata Knight Riders,"Eden Gardens, Kolkata",Rajasthan Royals,bat,Kolkata Knight Riders,Unknown,155,161,9,6
IPL,2022-05-10,Gujarat Titans,Lucknow Super Giants,"Maharashtra Cricket Association Stadium, Pune",Gujarat Titans,bat,Gujarat Titans,Unknown,144,82,4,10
IPL,2012-04-20,Kings XI Punjab,Royal Challengers Bangalore,"Punjab Cricket Association Stadium, Mohali",Royal Challengers Bangalore,field,Royal Challengers Bangalore,Unknown,163,166,6,5
IPL,2026-05-26,Royal Challengers Bengaluru,Gujarat Titans,"Himachal Pradesh Cricket Association Stadium, Dharamsala",Gujarat Titans,field,Royal Challengers Bengaluru,Unknown,254,162,5,10
IPL,2024-05-09,Royal Challengers Bengaluru,Punjab Kings,"Himachal Pradesh Cricket Association Stadium, Dharamsala",Punjab Kings,field,Royal Challengers Bengaluru,Unknown,241,181,7,10
IPL,2013-04-21,Kings XI Punjab,Pune Warriors,"Punjab Cricket Association Stadium, Mohali",Kings XI Punjab,field,Kings XI Punjab,Unknown,186,185,3,4
IPL,2022-05-07,Punjab Kings,Rajasthan Royals,"Wankhede Stadium, Mumbai",Punjab Kings,bat,Rajasthan Royals,Unknown,189,190,5,4
IPL,2024-04-21,Kolkata Knight Riders,Royal Challengers Bengaluru,"Eden Gardens, Kolkata",Royal Challengers Bengaluru,field,Kolkata Knight Riders,Unknown,222,221,6,10
IPL,2012-05-14,Kolkata Knight Riders,Chennai Super Kings,Eden Gardens,Chennai Super Kings,field,Chennai Super Kings,Unknown,158,160,6,5
IPL,2014-05-24,Royal Challengers Bangalore,Chennai Super Kings,M Chinnaswamy Stadium,Chennai Super Kings,field,Chennai Super Kings,Unknown,154,160,6,2
IPL,2012-05-18,Deccan Chargers,Rajasthan Royals,"Rajiv Gandhi International Stadium, Uppal",Rajasthan Royals,bat,Deccan Chargers,Unknown,128,126,5,8
IPL,2008-05-17,Rajasthan Royals,Royal Challengers Bangalore,Sawai Mansingh Stadium,Royal Challengers Bangalore,field,Rajasthan Royals,Unknown,197,132,1,9
IPL,2024-04-30,Mumbai Indians,Lucknow Super Giants,"Bharat Ratna Shri Atal Bihari Vajpayee Ekana Cricket Stadium, Lucknow",Lucknow Super Giants,field,Lucknow Super Giants,Unknown,144,145,7,6
IPL,2019-04-06,Chennai Super Kings,Kings XI Punjab,MA Chidambaram Stadium,Chennai Super Kings,bat,Chennai Super Kings,Unknown,160,138,3,5
IPL,2018-05-06,Mumbai Indians,Kolkata Knight Riders,Wankhede Stadium,Kolkata Knight Riders,field,Mumbai Indians,Unknown,181,168,4,6
IPL,2013-04-08,Rajasthan Royals,Kolkata Knight Riders,Sawai Mansingh Stadium,Kolkata Knight Riders,field,Rajasthan Royals,Unknown,144,125,6,10
IPL,2011-04-13,Kings XI Punjab,Chennai Super Kings,"Punjab Cricket Association Stadium, Mohali",Kings XI Punjab,field,Kings XI Punjab,Unknown,193,188,4,4
IPL,2022-05-22,Sunrisers Hyderabad,Punjab Kings,"Wankhede Stadium, Mumbai",Sunrisers Hyderabad,bat,Punjab Kings,Unknown,157,160,8,5
IPL,2020-10-14,Delhi Capitals,Rajasthan Royals,Dubai International Cricket Stadium,Delhi Capitals,bat,Delhi Capitals,Unknown,161,148,7,8
IPL,2011-05-21,Delhi Daredevils,Pune Warriors,Feroz Shah Kotla,Delhi Daredevils,bat,no result,no result,56,0,3,0
IPL,2014-05-06,Mumbai Indians,Royal Challengers Bangalore,Wankhede Stadium,Royal Challengers Bangalore,field,Mumbai Indians,Unknown,187,168,5,8
IPL,2013-04-07,Pune Warriors,Kings XI Punjab,Subrata Roy Sahara Stadium,Pune Warriors,bat,Kings XI Punjab,Unknown,99,100,9,2
IPL,2019-04-08,Sunrisers Hyderabad,Kings XI Punjab,Punjab Cricket Association IS Bindra Stadium,Kings XI Punjab,field,Kings XI Punjab,Unknown,150,151,4,4
IPL,2020-11-08,Delhi Capitals,Sunrisers Hyderabad,Sheikh Zayed Stadium,Delhi Capitals,bat,Delhi Capitals,Unknown,189,172,3,8
IPL,2018-05-13,Mumbai Indians,Rajasthan Royals,Wankhede Stadium,Rajasthan Royals,field,Rajasthan Royals,Unknown,168,171,6,3
IPL,2024-03-24,Rajasthan Royals,Lucknow Super Giants,"Sawai Mansingh Stadium, Jaipur",Rajasthan Royals,bat,Rajasthan Royals,Unknown,193,173,4,6
IPL,2022-05-01,Lucknow Super Giants,Delhi Capitals,"Wankhede Stadium, Mumbai",Lucknow Super Giants,bat,Lucknow Super Giants,Unknown,195,189,3,7
IPL,2011-05-21,Kings XI Punjab,Deccan Chargers,Himachal Pradesh Cricket Association Stadium,Kings XI Punjab,field,Deccan Chargers,Unknown,116,198,10,2
IPL,2016-05-02,Royal Challengers Bangalore,Kolkata Knight Riders,M Chinnaswamy Stadium,Kolkata Knight Riders,field,Kolkata Knight Riders,Unknown,185,189,7,5
IPL,2019-05-04,Rajasthan Royals,Delhi Capitals,Arun Jaitley Stadium,Rajasthan Royals,bat,Delhi Capitals,Unknown,115,121,9,5
IPL,2025-04-12,Gujarat Titans,Lucknow Super Giants,"Bharat Ratna Shri Atal Bihari Vajpayee Ekana Cricket Stadium, Lucknow",Lucknow Super Giants,field,Lucknow Super Giants,Unknown,180,186,6,4
IPL,2018-05-18,Delhi Daredevils,Chennai Super Kings,Arun Jaitley Stadium,Chennai Super Kings,field,Delhi Daredevils,Unknown,162,128,5,6
IPL,2025-04-20,Chennai Super Kings,Mumbai Indians,"Wankhede Stadium, Mumbai",Mumbai Indians,field,Mumbai Indians,Unknown,176,177,5,1
IPL,2017-05-01,Mumbai Indians,Royal Challengers Bangalore,Wankhede Stadium,Royal Challengers Bangalore,bat,Mumbai Indians,Unknown,165,162,6,8
IPL,2015-04-21,Rajasthan Royals,Kings XI Punjab,"Sardar Patel Stadium, Motera",Kings XI Punjab,field,tie,tie,197,206,8,8
IPL,2026-04-09,Kolkata Knight Riders,Lucknow Super Giants,"Eden Gardens, Kolkata",Lucknow Super Giants,field,Lucknow Super Giants,Unknown,181,182,4,7
IPL,2020-10-11,Delhi Capitals,Mumbai Indians,Sheikh Zayed Stadium,Delhi Capitals,bat,Mumbai Indians,Unknown,162,166,4,5
IPL,2009-04-27,Chennai Super Kings,Deccan Chargers,Kingsmead,Deccan Chargers,field,Deccan Chargers,Unknown,165,169,6,4
IPL,2017-05-14,Delhi Daredevils,Royal Challengers Bangalore,Feroz Shah Kotla,Royal Challengers Bangalore,bat,Royal Challengers Bangalore,Unknown,151,161,10,6
IPL,2012-05-05,Kings XI Punjab,Rajasthan Royals,"Punjab Cricket Association Stadium, Mohali",Rajasthan Royals,bat,Rajasthan Royals,Unknown,134,177,8,6
IPL,2023-05-01,Royal Challengers Bangalore,Lucknow Super Giants,"Bharat Ratna Shri Atal Bihari Vajpayee Ekana Cricket Stadium, Lucknow",Royal Challengers Bangalore,bat,Royal Challengers Bangalore,Unknown,126,108,9,10
IPL,2015-04-08,Kolkata Knight Riders,Mumbai Indians,Eden Gardens,Kolkata Knight Riders,field,Kolkata Knight Riders,Unknown,170,168,3,3
IPL,2015-05-04,Kolkata Knight Riders,Sunrisers Hyderabad,Eden Gardens,Sunrisers Hyderabad,field,Kolkata Knight Riders,Unknown,167,132,7,9
IPL,2026-04-18,Royal Challengers Bengaluru,Delhi Capitals,"M Chinnaswamy Stadium, Bengaluru",Delhi Capitals,field,Delhi Capitals,Unknown,175,179,8,5
IPL,2017-04-20,Kings XI Punjab,Mumbai Indians,Holkar Cricket Stadium,Mumbai Indians,field,Mumbai Indians,Unknown,198,199,4,2
IPL,2017-05-09,Kings XI Punjab,Kolkata Knight Riders,"Punjab Cricket Association IS Bindra Stadium, Mohali",Kolkata Knight Riders,field,Kings XI Punjab,Unknown,167,153,6,6
IPL,2010-03-20,Rajasthan Royals,Kolkata Knight Riders,"Sardar Patel Stadium, Motera",Rajasthan Royals,bat,Rajasthan Royals,Unknown,168,134,7,5
IPL,2013-05-09,Pune Warriors,Kolkata Knight Riders,Subrata Roy Sahara Stadium,Kolkata Knight Riders,bat,Kolkata Knight Riders,Unknown,106,152,10,6
IPL,2013-05-24,Mumbai Indians,Rajasthan Royals,Eden Gardens,Rajasthan Royals,bat,Mumbai Indians,Unknown,169,165,6,6
IPL,2021-10-02,Chennai Super Kings,Rajasthan Royals,"Zayed Cricket Stadium, Abu Dhabi",Rajasthan Royals,field,Rajasthan Royals,Unknown,189,190,4,3
IPL,2022-04-23,Royal Challengers Bangalore,Sunrisers Hyderabad,"Brabourne Stadium, Mumbai",Sunrisers Hyderabad,field,Sunrisers Hyderabad,Unknown,68,72,10,1
IPL,2017-04-17,Delhi Daredevils,Kolkata Knight Riders,Feroz Shah Kotla,Delhi Daredevils,bat,Kolkata Knight Riders,Unknown,168,169,7,6
IPL,2021-04-13,Mumbai Indians,Kolkata Knight Riders,"MA Chidambaram Stadium, Chepauk, Chennai",Kolkata Knight Riders,field,Mumbai Indians,Unknown,152,142,10,7
IPL,2016-05-15,Kings XI Punjab,Sunrisers Hyderabad,"Punjab Cricket Association IS Bindra Stadium, Mohali",Kings XI Punjab,bat,Sunrisers Hyderabad,Unknown,179,180,4,3
IPL,2026-04-24,Gujarat Titans,Royal Challengers Bengaluru,"M Chinnaswamy Stadium, Bengaluru",Royal Challengers Bengaluru,field,Royal Challengers Bengaluru,Unknown,205,206,3,5
IPL,2026-04-20,Mumbai Indians,Gujarat Titans,"Narendra Modi Stadium, Ahmedabad",Gujarat Titans,field,Mumbai Indians,Unknown,199,100,5,10
IPL,2025-05-27,Lucknow Super Giants,Royal Challengers Bengaluru,"Bharat Ratna Shri Atal Bihari Vajpayee Ekana Cricket Stadium, Lucknow",Royal Challengers Bengaluru,field,Royal Challengers Bengaluru,Unknown,227,230,3,4
IPL,2014-05-12,Sunrisers Hyderabad,Mumbai Indians,"Rajiv Gandhi International Stadium, Uppal",Sunrisers Hyderabad,bat,Mumbai Indians,Unknown,157,160,3,3
IPL,2018-04-29,Sunrisers Hyderabad,Rajasthan Royals,Sawai Mansingh Stadium,Sunrisers Hyderabad,bat,Sunrisers Hyderabad,Unknown,151,140,7,6
IPL,2025-05-03,Royal Challengers Bengaluru,Chennai Super Kings,"M Chinnaswamy Stadium, Bengaluru",Chennai Super Kings,field,Royal Challengers Bengaluru,Unknown,213,211,5,5
IPL,2008-05-06,Chennai Super Kings,Deccan Chargers,"MA Chidambaram Stadium, Chepauk",Deccan Chargers,field,Deccan Chargers,Unknown,144,148,7,3
IPL,2022-04-23,Gujarat Titans,Kolkata Knight Riders,"Dr DY Patil Sports Academy, Mumbai",Gujarat Titans,bat,Gujarat Titans,Unknown,156,148,9,8
IPL,2020-10-09,Delhi Capitals,Rajasthan Royals,Sharjah Cricket Stadium,Rajasthan Royals,field,Delhi Capitals,Unknown,184,138,8,10
IPL,2025-03-25,Punjab Kings,Gujarat Titans,"Narendra Modi Stadium, Ahmedabad",Gujarat Titans,field,Punjab Kings,Unknown,243,232,5,5
IPL,2023-05-20,Lucknow Super Giants,Kolkata Knight Riders,"Eden Gardens, Kolkata",Kolkata Knight Riders,field,Lucknow Super Giants,Unknown,176,175,8,7
IPL,2017-04-24,Mumbai Indians,Rising Pune Supergiant,Wankhede Stadium,Mumbai Indians,field,Rising Pune Supergiant,Unknown,157,160,8,6
IPL,2012-04-27,Delhi Daredevils,Mumbai Indians,Feroz Shah Kotla,Mumbai Indians,field,Delhi Daredevils,Unknown,207,170,5,9
IPL,2025-03-30,Rajasthan Royals,Chennai Super Kings,"Barsapara Cricket Stadium, Guwahati",Chennai Super Kings,field,Rajasthan Royals,Unknown,182,176,9,6
IPL,2024-05-12,Royal Challengers Bengaluru,Delhi Capitals,"M Chinnaswamy Stadium, Bengaluru",Delhi Capitals,field,Royal Challengers Bengaluru,Unknown,187,140,9,10
IPL,2018-04-16,Kolkata Knight Riders,Delhi Daredevils,Eden Gardens,Delhi Daredevils,field,Kolkata Knight Riders,Unknown,200,129,9,10
IPL,2022-04-28,Kolkata Knight Riders,Delhi Capitals,"Wankhede Stadium, Mumbai",Delhi Capitals,field,Delhi Capitals,Unknown,146,150,9,6
IPL,2013-04-26,Kolkata Knight Riders,Kings XI Punjab,Eden Gardens,Kings XI Punjab,bat,Kolkata Knight Riders,Unknown,150,149,4,6
IPL,2023-04-24,Delhi Capitals,Sunrisers Hyderabad,"Rajiv Gandhi International Stadium, Uppal, Hyderabad",Delhi Capitals,bat,Delhi Capitals,Unknown,144,137,9,6
IPL,2020-10-16,Kolkata Knight Riders,Mumbai Indians,Sheikh Zayed Stadium,Kolkata Knight Riders,bat,Mumbai Indians,Unknown,148,149,5,2
IPL,2016-04-18,Sunrisers Hyderabad,Mumbai Indians,"Rajiv Gandhi International Stadium, Uppal",Sunrisers Hyderabad,field,Sunrisers Hyderabad,Unknown,145,142,3,6
IPL,2020-10-17,Rajasthan Royals,Royal Challengers Bangalore,Dubai International Cricket Stadium,Rajasthan Royals,bat,Royal Challengers Bangalore,Unknown,177,179,6,3
IPL,2013-05-07,Rajasthan Royals,Delhi Daredevils,Sawai Mansingh Stadium,Delhi Daredevils,bat,Rajasthan Royals,Unknown,155,154,1,4
IPL,2015-04-12,Mumbai Indians,Kings XI Punjab,Wankhede Stadium,Mumbai Indians,field,Kings XI Punjab,Unknown,159,177,7,5
IPL,2008-05-10,Chennai Super Kings,Kings XI Punjab,"MA Chidambaram Stadium, Chepauk",Kings XI Punjab,field,Chennai Super Kings,Unknown,181,163,4,9
IPL,2013-04-14,Kolkata Knight Riders,Sunrisers Hyderabad,Eden Gardens,Kolkata Knight Riders,bat,Kolkata Knight Riders,Unknown,180,132,4,7
IPL,2021-05-01,Chennai Super Kings,Mumbai Indians,"Arun Jaitley Stadium, Delhi",Mumbai Indians,field,Mumbai Indians,Unknown,218,219,4,6
IPL,2010-04-15,Chennai Super Kings,Delhi Daredevils,"MA Chidambaram Stadium, Chepauk",Chennai Super Kings,bat,Delhi Daredevils,Unknown,112,113,9,4
IPL,2017-04-26,Rising Pune Supergiant,Kolkata Knight Riders,Maharashtra Cricket Association Stadium,Kolkata Knight Riders,field,Kolkata Knight Riders,Unknown,182,184,5,3
IPL,2020-10-25,Royal Challengers Bangalore,Chennai Super Kings,Dubai International Cricket Stadium,Royal Challengers Bangalore,bat,Chennai Super Kings,Unknown,145,150,6,2
IPL,2015-05-19,Chennai Super Kings,Mumbai Indians,Wankhede Stadium,Mumbai Indians,bat,Mumbai Indians,Unknown,162,187,10,6
IPL,2014-05-24,Kolkata Knight Riders,Sunrisers Hyderabad,Eden Gardens,Kolkata Knight Riders,field,Kolkata Knight Riders,Unknown,161,160,6,7
IPL,2017-05-21,Mumbai Indians,Rising Pune Supergiant,"Rajiv Gandhi International Stadium, Uppal",Mumbai Indians,bat,Mumbai Indians,Unknown,129,128,8,6
IPL,2016-04-09,Mumbai Indians,Rising Pune Supergiants,Wankhede Stadium,Mumbai Indians,bat,Rising Pune Supergiants,Unknown,121,126,8,1
IPL,2008-04-21,Rajasthan Royals,Kings XI Punjab,Sawai Mansingh Stadium,Kings XI Punjab,bat,Rajasthan Royals,Unknown,168,166,4,8
IPL,2020-10-01,Mumbai Indians,Kings XI Punjab,Sheikh Zayed Stadium,Kings XI Punjab,field,Mumbai Indians,Unknown,191,143,4,8
IPL,2025-04-17,Sunrisers Hyderabad,Mumbai Indians,"Wankhede Stadium, Mumbai",Mumbai Indians,field,Mumbai Indians,Unknown,162,166,5,6
IPL,2017-05-17,Sunrisers Hyderabad,Kolkata Knight Riders,M Chinnaswamy Stadium,Kolkata Knight Riders,field,Kolkata Knight Riders,Unknown,128,48,7,3
IPL,2022-03-26,Chennai Super Kings,Kolkata Knight Riders,"Wankhede Stadium, Mumbai",Kolkata Knight Riders,field,Kolkata Knight Riders,Unknown,131,133,5,4
IPL,2008-05-21,Chennai Super Kings,Royal Challengers Bangalore,"MA Chidambaram Stadium, Chepauk",Royal Challengers Bangalore,bat,Royal Challengers Bangalore,Unknown,112,126,8,8
IPL,2012-04-22,Deccan Chargers,Kolkata Knight Riders,Barabati Stadium,Kolkata Knight Riders,field,Kolkata Knight Riders,Unknown,126,127,7,5
IPL,2014-05-21,Kings XI Punjab,Mumbai Indians,"Punjab Cricket Association Stadium, Mohali",Mumbai Indians,field,Mumbai Indians,Unknown,156,159,8,3
IPL,2016-04-20,Mumbai Indians,Royal Challengers Bangalore,Wankhede Stadium,Mumbai Indians,field,Mumbai Indians,Unknown,171,170,4,7
IPL,2024-05-03,Kolkata Knight Riders,Mumbai Indians,"Wankhede Stadium, Mumbai",Mumbai Indians,field,Kolkata Knight Riders,Unknown,169,145,10,10
IPL,2023-05-14,Chennai Super Kings,Kolkata Knight Riders,"MA Chidambaram Stadium, Chepauk, Chennai",Chennai Super Kings,bat,Kolkata Knight Riders,Unknown,144,147,6,4
IPL,2016-04-16,Mumbai Indians,Gujarat Lions,Wankhede Stadium,Gujarat Lions,field,Gujarat Lions,Unknown,143,147,8,7
IPL,2019-03-27,Kolkata Knight Riders,Kings XI Punjab,Eden Gardens,Kings XI Punjab,field,Kolkata Knight Riders,Unknown,218,190,4,4
IPL,2014-05-11,Royal Challengers Bangalore,Rajasthan Royals,M Chinnaswamy Stadium,Royal Challengers Bangalore,bat,Rajasthan Royals,Unknown,190,191,5,5
IPL,2017-04-15,Kolkata Knight Riders,Sunrisers Hyderabad,Eden Gardens,Sunrisers Hyderabad,field,Kolkata Knight Riders,Unknown,172,155,6,6
IPL,2026-04-06,Kolkata Knight Riders,Punjab Kings,"Eden Gardens, Kolkata",Kolkata Knight Riders,bat,no result,no result,25,0,2,0
IPL,2026-04-14,Chennai Super Kings,Kolkata Knight Riders,"MA Chidambaram Stadium, Chepauk, Chennai",Kolkata Knight Riders,field,Chennai Super Kings,Unknown,192,160,5,7
IPL,2015-04-28,Chennai Super Kings,Kolkata Knight Riders,"MA Chidambaram Stadium, Chepauk",Kolkata Knight Riders,field,Chennai Super Kings,Unknown,134,132,6,9
IPL,2011-04-23,Delhi Daredevils,Kings XI Punjab,Feroz Shah Kotla,Kings XI Punjab,field,Delhi Daredevils,Unknown,231,202,4,6
IPL,2026-05-29,Rajasthan Royals,Gujarat Titans,"Maharaja Yadavindra Singh International Cricket Stadium, New Chandigarh",Rajasthan Royals,bat,Gujarat Titans,Unknown,214,219,6,3
IPL,2008-05-05,Royal Challengers Bangalore,Kings XI Punjab,M Chinnaswamy Stadium,Kings XI Punjab,field,Kings XI Punjab,Unknown,126,127,10,4
IPL,2026-04-25,Rajasthan Royals,Sunrisers Hyderabad,"Sawai Mansingh Stadium, Jaipur",Sunrisers Hyderabad,field,Sunrisers Hyderabad,Unknown,228,229,6,5
IPL,2020-11-03,Mumbai Indians,Sunrisers Hyderabad,Sharjah Cricket Stadium,Sunrisers Hyderabad,field,Sunrisers Hyderabad,Unknown,149,151,8,0
IPL,2014-04-19,Royal Challengers Bangalore,Mumbai Indians,Dubai International Cricket Stadium,Royal Challengers Bangalore,field,Royal Challengers Bangalore,Unknown,116,115,3,9
IPL,2012-04-26,Pune Warriors,Deccan Chargers,Subrata Roy Sahara Stadium,Deccan Chargers,bat,Deccan Chargers,Unknown,159,177,7,4
IPL,2008-05-31,Chennai Super Kings,Kings XI Punjab,Wankhede Stadium,Kings XI Punjab,bat,Chennai Super Kings,Unknown,116,112,1,8
IPL,2013-04-13,Chennai Super Kings,Royal Challengers Bangalore,"MA Chidambaram Stadium, Chepauk",Chennai Super Kings,field,Chennai Super Kings,Unknown,166,165,6,6
IPL,2015-05-08,Chennai Super Kings,Mumbai Indians,"MA Chidambaram Stadium, Chepauk",Chennai Super Kings,bat,Mumbai Indians,Unknown,158,159,5,4
IPL,2024-04-14,Lucknow Super Giants,Kolkata Knight Riders,"Eden Gardens, Kolkata",Kolkata Knight Riders,field,Kolkata Knight Riders,Unknown,161,162,7,2
IPL,2014-05-08,Rajasthan Royals,Sunrisers Hyderabad,"Sardar Patel Stadium, Motera",Rajasthan Royals,field,Sunrisers Hyderabad,Unknown,102,134,10,9
IPL,2015-04-13,Royal Challengers Bangalore,Sunrisers Hyderabad,M Chinnaswamy Stadium,Sunrisers Hyderabad,field,Sunrisers Hyderabad,Unknown,166,172,10,2
ODI,2004-01-22,India,Australia,Sydney Cricket Ground,India,bat,Australia,Unknown,296,225,4,8
ODI,2007-08-16,Scotland,India,Titwood,India,field,India,Unknown,203,212,9,3
ODI,2017-03-04,United Arab Emirates,Ireland,ICC Global Cricket Academy,United Arab Emirates,bat,Ireland,Unknown,202,203,10,2
ODI,2021-07-01,Sri Lanka,England,"Kennington Oval, London",England,field,England,Unknown,241,244,9,2
ODI,2018-03-10,New Zealand,England,Hagley Oval,England,field,England,Unknown,223,229,10,3
ODI,2026-06-10,Netherlands,Canada,"Maple Leaf North-West Ground, King City",Canada,field,Canada,Unknown,214,218,10,8
ODI,2007-10-20,Pakistan,South Africa,Gaddafi Stadium,Pakistan,bat,Pakistan,Unknown,265,240,9,10
ODI,2023-01-11,New Zealand,Pakistan,"National Stadium, Karachi",New Zealand,bat,New Zealand,Unknown,261,182,10,10
ODI,2018-10-23,Sri Lanka,England,"R.Premadasa Stadium, Khettarama",Sri Lanka,bat,Sri Lanka,Unknown,366,132,6,9
ODI,2007-05-12,Bangladesh,India,Shere Bangla National Stadium,India,bat,India,Unknown,238,284,9,8
ODI,2022-09-17,Namibia,United States of America,"Amini Park, Port Moresby",United States of America,field,Namibia,Unknown,254,186,5,7
ODI,2003-11-15,India,New Zealand,"Lal Bahadur Shastri Stadium, Hyderabad, Deccan",India,bat,India,Unknown,353,208,5,10
ODI,2007-03-18,Canada,England,"Beausejour Stadium, Gros Islet",Canada,field,England,Unknown,228,279,7,6
ODI,2023-07-04,Scotland,Zimbabwe,"Queens Sports Club, Bulawayo",Zimbabwe,field,Scotland,Unknown,234,203,8,10
ODI,2024-07-26,Scotland,Namibia,"Forthill, Dundee",Namibia,field,Scotland,Unknown,301,163,6,10
ODI,2015-02-28,New Zealand,Australia,Eden Park,Australia,bat,New Zealand,Unknown,152,151,9,10
ODI,2026-01-11,New Zealand,India,"Kotambi Stadium, Vadodara",India,field,India,Unknown,300,306,8,6
ODI,2004-12-05,England,Zimbabwe,Queens Sports Club,England,bat,England,Unknown,261,187,6,10
ODI,2006-02-22,New Zealand,West Indies,Queenstown Events Centre,New Zealand,field,New Zealand,Unknown,204,200,7,9
ODI,2008-02-01,South Africa,West Indies,Kingsmead,West Indies,bat,South Africa,Unknown,266,263,5,9
ODI,2019-09-22,Namibia,Papua New Guinea,Central Broward Regional Park Stadium Turf Ground,Papua New Guinea,bat,Namibia,Unknown,222,219,6,8
ODI,2013-12-26,New Zealand,West Indies,Eden Park,West Indies,field,West Indies,Unknown,156,157,10,8
ODI,2022-08-11,United Arab Emirates,United States of America,"Mannofield Park, Aberdeen",United Arab Emirates,bat,United States of America,Unknown,253,256,8,9
ODI,2019-01-30,South Africa,Pakistan,Newlands,South Africa,field,South Africa,Unknown,241,240,3,8
ODI,2016-02-08,New Zealand,Australia,Seddon Park,Australia,field,New Zealand,Unknown,246,191,10,10
ODI,2017-02-05,New Zealand,Australia,Seddon Park,New Zealand,bat,New Zealand,Unknown,281,257,9,10
ODI,2006-03-04,New Zealand,West Indies,Eden Park,New Zealand,bat,West Indies,Unknown,233,234,10,7
ODI,2011-10-22,Zimbabwe,New Zealand,Harare Sports Club,New Zealand,field,New Zealand,Unknown,259,261,8,6
ODI,2023-02-18,Namibia,Nepal,"Tribhuvan University International Cricket Ground, Kirtipur",Nepal,field,Nepal,Unknown,274,278,6,7
ODI,2019-05-03,Ireland,England,"The Village, Malahide",England,field,England,Unknown,198,199,10,6
ODI,2018-03-06,Hong Kong,Scotland,Bulawayo Athletic Club,Scotland,field,Scotland,Unknown,91,92,10,6
ODI,2023-11-04,New Zealand,Pakistan,"M Chinnaswamy Stadium, Bengaluru",Pakistan,field,Pakistan,Unknown,401,200,6,1
ODI,2019-07-01,Ireland,Zimbabwe,"Bready Cricket Club, Magheramason",Ireland,field,Ireland,Unknown,258,254,6,9
ODI,2023-01-23,Zimbabwe,Ireland,Harare Sports Club,Zimbabwe,bat,no result,no result,55,0,1,0
ODI,2015-07-26,Sri Lanka,Pakistan,"Mahinda Rajapaksa International Cricket Stadium, Sooriyawewa",Sri Lanka,bat,Sri Lanka,Unknown,368,203,4,10
ODI,2013-01-23,Australia,Sri Lanka,Bellerive Oval,Sri Lanka,field,Australia,Unknown,247,215,5,10
ODI,2011-08-22,Sri Lanka,Australia,R Premadasa Stadium,Sri Lanka,field,Sri Lanka,Unknown,213,211,6,10
ODI,2005-06-30,Bangladesh,Australia,St Lawrence Ground,Australia,field,Australia,Unknown,250,254,8,4
ODI,2015-09-13,England,Australia,Old Trafford,England,bat,Australia,Unknown,138,140,10,2
ODI,2010-12-07,India,New Zealand,M Chinnaswamy Stadium,India,field,India,Unknown,321,315,5,7
ODI,2025-06-01,West Indies,England,"Sophia Gardens, Cardiff",England,field,England,Unknown,308,312,10,7
ODI,2006-08-12,Kenya,Bangladesh,Gymkhana Club Ground,Bangladesh,field,Bangladesh,Unknown,168,170,10,4
ODI,2008-11-14,India,England,Madhavrao Scindia Cricket Ground,England,field,India,Unknown,387,229,5,10
ODI,2006-02-25,Bangladesh,Sri Lanka,Chittagong Divisional Stadium,Bangladesh,field,Sri Lanka,Unknown,231,309,9,7
ODI,2012-01-17,South Africa,Sri Lanka,Chevrolet Park,Sri Lanka,bat,South Africa,Unknown,179,266,5,9
ODI,2024-09-29,England,Australia,"County Ground, Bristol",Australia,field,Australia,Unknown,309,165,10,2
ODI,2026-08-09,United Arab Emirates,Scotland,"Forthill, Dundee",Scotland,field,Scotland,Unknown,231,235,8,9
ODI,2017-10-22,India,New Zealand,Wankhede Stadium,India,bat,New Zealand,Unknown,280,284,8,4
ODI,2005-04-05,India,Pakistan,Dr. Y.S. Rajasekhara Reddy ACA-VDCA Cricket Stadium,India,bat,India,Unknown,356,298,9,10
ODI,2018-09-21,Bangladesh,India,Dubai International Cricket Stadium,India,field,India,Unknown,173,174,10,3
ODI,2019-02-13,New Zealand,Bangladesh,McLean Park,Bangladesh,bat,New Zealand,Unknown,233,232,2,10
ODI,2021-07-11,Ireland,South Africa,"The Village, Malahide, Dublin",South Africa,field,no result,no result,195,0,4,0
ODI,2022-01-16,West Indies,Ireland,"Sabina Park, Kingston, Jamaica",Ireland,field,Ireland,Unknown,212,214,10,8
ODI,2021-03-23,Bangladesh,New Zealand,Hagley Oval,New Zealand,field,New Zealand,Unknown,271,275,6,5
ODI,2012-09-02,England,South Africa,Lord's,England,field,England,Unknown,224,220,4,8
ODI,2013-05-17,Scotland,Pakistan,"Grange Cricket Club Ground, Raeburn Place",Pakistan,bat,Pakistan,Unknown,135,231,10,7
ODI,2008-06-08,Bangladesh,Pakistan,Shere Bangla National Stadium,Bangladesh,field,Pakistan,Unknown,163,233,8,10
ODI,2008-08-29,Sri Lanka,India,R Premadasa Stadium,Sri Lanka,bat,Sri Lanka,Unknown,227,103,6,10
ODI,2007-07-23,Sri Lanka,Bangladesh,R Premadasa Stadium,Sri Lanka,field,Sri Lanka,Unknown,141,137,5,10
ODI,2026-07-14,England,India,"Edgbaston, Birmingham",England,bat,India,Unknown,258,262,10,5
ODI,2017-10-25,New Zealand,India,Maharashtra Cricket Association Stadium,New Zealand,bat,India,Unknown,230,232,9,4
ODI,2023-02-25,United Arab Emirates,Namibia,Dubai International Cricket Stadium,Namibia,field,Namibia,Unknown,166,167,9,3
ODI,2026-06-16,Netherlands,Canada,"Maple Leaf North-West Ground, King City",Netherlands,bat,no result,no result,15,0,1,0
ODI,2025-02-12,India,England,"Narendra Modi Stadium, Ahmedabad",England,field,India,Unknown,356,214,10,10
ODI,2010-07-08,England,Bangladesh,Trent Bridge,Bangladesh,bat,England,Unknown,251,250,4,9
ODI,2017-12-13,India,Sri Lanka,"Punjab Cricket Association IS Bindra Stadium, Mohali",Sri Lanka,field,India,Unknown,392,251,4,8
ODI,2026-07-23,Nepal,Netherlands,"Sportpark Maarschalkerweerd, Utrecht",Netherlands,field,Netherlands,Unknown,157,158,10,4
ODI,2018-07-22,Pakistan,Zimbabwe,Queens Sports Club,Pakistan,bat,Pakistan,Unknown,364,233,4,4
ODI,2007-03-13,West Indies,Pakistan,"Sabina Park, Kingston",Pakistan,field,West Indies,Unknown,241,187,9,10
ODI,2012-03-22,Bangladesh,Pakistan,Shere Bangla National Stadium,Bangladesh,field,Pakistan,Unknown,234,236,8,9
ODI,2013-11-27,South Africa,Pakistan,St George's Park,South Africa,field,Pakistan,Unknown,261,262,6,10
ODI,2016-11-16,Sri Lanka,West Indies,Harare Sports Club,Sri Lanka,field,West Indies,Unknown,165,227,10,10
ODI,2010-03-06,West Indies,Zimbabwe,Providence Stadium,Zimbabwe,bat,West Indies,Unknown,208,206,6,10
ODI,2010-01-11,Bangladesh,India,Shere Bangla National Stadium,India,field,India,Unknown,247,249,6,4
ODI,2022-03-11,Namibia,Oman,Sharjah Cricket Stadium,Namibia,bat,Oman,Unknown,275,276,8,3
ODI,2017-09-28,Australia,India,M.Chinnaswamy Stadium,Australia,bat,Australia,Unknown,334,313,5,8
ODI,2015-01-23,Australia,England,Bellerive Oval,Australia,field,Australia,Unknown,304,303,7,8
ODI,2007-03-24,England,Kenya,"Beausejour Stadium, Gros Islet",Kenya,bat,England,Unknown,178,177,3,10
ODI,2024-08-15,Netherlands,United States of America,"Sportpark Westvliet, The Hague",United States of America,field,Netherlands,Unknown,237,218,7,10
ODI,2009-02-05,Sri Lanka,India,R Premadasa Stadium,India,bat,India,Unknown,265,332,10,5
ODI,2022-08-07,Bangladesh,Zimbabwe,Harare Sports Club,Zimbabwe,field,Zimbabwe,Unknown,290,291,9,5
ODI,2022-06-04,United States of America,United Arab Emirates,"Moosa Cricket Stadium, Pearland",United Arab Emirates,field,United Arab Emirates,Unknown,198,200,10,2
ODI,2006-02-14,Australia,Sri Lanka,"Brisbane Cricket Ground, Woolloongabba",Sri Lanka,bat,Australia,Unknown,267,266,1,9
ODI,2019-07-01,Sri Lanka,West Indies,Riverside Ground,West Indies,field,Sri Lanka,Unknown,338,315,6,9
ODI,2011-04-09,Bangladesh,Australia,Shere Bangla National Stadium,Bangladesh,field,Australia,Unknown,210,270,5,7
ODI,2011-07-01,England,Sri Lanka,Headingley,England,field,Sri Lanka,Unknown,240,309,10,5
ODI,2014-02-17,Bangladesh,Sri Lanka,Shere Bangla National Stadium,Bangladesh,field,Sri Lanka,Unknown,167,180,10,10
ODI,2015-02-20,New Zealand,England,Westpac Stadium,England,bat,New Zealand,Unknown,125,123,2,10
ODI,2017-04-07,West Indies,Pakistan,Providence Stadium,West Indies,field,West Indies,Unknown,309,308,6,5
ODI,2017-01-30,New Zealand,Australia,Eden Park,Australia,field,New Zealand,Unknown,286,280,9,10
ODI,2020-11-03,Zimbabwe,Pakistan,Rawalpindi Cricket Stadium,Zimbabwe,bat,tie,tie,281,280,6,11
ODI,2017-12-10,India,Sri Lanka,Himachal Pradesh Cricket Association Stadium,Sri Lanka,field,Sri Lanka,Unknown,112,114,10,3
ODI,2010-09-06,Canada,Ireland,"Toronto Cricket, Skating and Curling Club",Ireland,bat,Canada,Unknown,163,175,4,9
ODI,2017-02-10,South Africa,Sri Lanka,SuperSport Park,Sri Lanka,field,South Africa,Unknown,384,296,6,8
ODI,2015-07-11,Sri Lanka,Pakistan,Rangiri Dambulla International Stadium,Pakistan,field,Pakistan,Unknown,255,259,8,4
ODI,2009-04-03,South Africa,Australia,Kingsmead,Australia,bat,Australia,Unknown,145,286,10,7
ODI,2017-01-24,United Arab Emirates,Scotland,Dubai International Cricket Stadium,Scotland,bat,United Arab Emirates,Unknown,174,173,6,10
ODI,2008-02-05,India,Sri Lanka,"Brisbane Cricket Ground, Woolloongabba",India,bat,no result,no result,267,0,4,0
ODI,2015-02-15,India,Pakistan,Adelaide Oval,India,bat,India,Unknown,300,224,7,10
ODI,2006-10-14,Sri Lanka,West Indies,Brabourne Stadium,West Indies,bat,Sri Lanka,Unknown,83,80,1,10
ODI,2013-10-29,Bangladesh,New Zealand,Shere Bangla National Stadium,New Zealand,field,Bangladesh,Unknown,265,162,10,9
ODI,2022-06-17,England,Netherlands,"VRA Ground, Amstelveen",Netherlands,field,England,Unknown,498,266,4,10
ODI,2012-12-08,Bangladesh,West Indies,Shere Bangla National Stadium,Bangladesh,field,Bangladesh,Unknown,221,217,8,10
ODI,2015-12-31,New Zealand,Sri Lanka,Saxton Oval,New Zealand,bat,Sri Lanka,Unknown,276,277,8,2
ODI,2007-10-26,Pakistan,South Africa,Multan Cricket Stadium,Pakistan,bat,South Africa,Unknown,230,233,9,3
ODI,2003-11-01,Australia,India,"Wankhede Stadium, Mumbai",Australia,bat,Australia,Unknown,286,209,8,10
ODI,2013-07-20,Sri Lanka,South Africa,R Premadasa Stadium,South Africa,field,Sri Lanka,Unknown,320,140,5,10
ODI,2011-12-05,India,West Indies,"Sardar Patel Stadium, Motera",India,field,West Indies,Unknown,244,260,10,6
ODI,2018-01-13,Ireland,United Arab Emirates,ICC Academy,Ireland,bat,Ireland,Unknown,301,234,5,10
ODI,2007-08-27,England,India,Edgbaston,India,field,England,Unknown,281,239,8,10
ODI,2006-09-14,India,West Indies,Kinrara Academy Oval,India,bat,West Indies,Unknown,309,141,5,2
ODI,2010-01-13,India,Sri Lanka,Shere Bangla National Stadium,Sri Lanka,field,Sri Lanka,Unknown,245,249,10,6
ODI,2017-07-10,Sri Lanka,Zimbabwe,"Mahinda Rajapaksa International Cricket Stadium, Sooriyawewa",Zimbabwe,field,Zimbabwe,Unknown,203,204,8,7
ODI,2018-03-22,United Arab Emirates,Zimbabwe,Harare Sports Club,Zimbabwe,field,United Arab Emirates,Unknown,235,226,7,7
ODI,2025-06-06,Scotland,Netherlands,"Forthill, Dundee",Netherlands,field,Scotland,Unknown,262,218,9,10
ODI,2016-06-13,Zimbabwe,India,Harare Sports Club,India,field,India,Unknown,126,129,9,2
ODI,2009-10-31,India,Australia,Feroz Shah Kotla,Australia,bat,India,Unknown,230,229,4,5
ODI,2023-10-21,Netherlands,Sri Lanka,"Bharat Ratna Shri Atal Bihari Vajpayee Ekana Cricket Stadium, Lucknow",Netherlands,bat,Sri Lanka,Unknown,262,263,10,5
ODI,2003-02-09,West Indies,South Africa,"Newlands, Cape Town",West Indies,bat,West Indies,Unknown,278,275,5,9
ODI,2020-01-05,Oman,United Arab Emirates,Al Amerat Cricket Ground Oman Cricket (Ministry Turf 1),Oman,field,Oman,Unknown,171,170,5,10
ODI,2023-03-19,India,Australia,"Dr. Y.S. Rajasekhara Reddy ACA-VDCA Cricket Stadium, Visakhapatnam",Australia,field,Australia,Unknown,117,121,10,0
ODI,2004-09-18,South Africa,West Indies,Kennington Oval,West Indies,field,West Indies,Unknown,246,249,6,5
ODI,2023-03-30,Jersey,Namibia,"Wanderers Cricket Ground, Windhoek",Jersey,bat,Namibia,Unknown,213,216,9,2
ODI,2005-02-13,England,South Africa,SuperSport Park,South Africa,field,South Africa,Unknown,240,241,10,7
ODI,2003-02-23,Canada,West Indies,"SuperSport Park, Centurion",West Indies,field,West Indies,Unknown,202,206,10,3
ODI,2019-05-11,Ireland,West Indies,"The Village, Malahide",Ireland,bat,West Indies,Unknown,327,331,5,5
ODI,2010-07-03,England,Australia,Lord's,Australia,bat,Australia,Unknown,235,277,10,7
ODI,2025-06-03,West Indies,England,"Kennington Oval, London",England,field,England,Unknown,251,246,9,3
ODI,2003-01-01,India,New Zealand,"Jade Stadium, Christchurch",India,bat,New Zealand,Unknown,108,109,10,5
ODI,2018-01-21,Zimbabwe,Sri Lanka,"Shere Bangla National Stadium, Mirpur",Zimbabwe,bat,Sri Lanka,Unknown,198,202,10,5
ODI,2013-01-06,India,Pakistan,Feroz Shah Kotla,India,bat,India,Unknown,167,157,10,10
ODI,2007-08-25,Zimbabwe,South Africa,Harare Sports Club,South Africa,field,South Africa,Unknown,247,251,7,2
ODI,2021-09-19,Oman,Nepal,Al Amerat Cricket Ground Oman Cricket (Ministry Turf 1),Nepal,field,Nepal,Unknown,121,122,10,3
ODI,2017-06-05,Australia,Bangladesh,Kennington Oval,Bangladesh,bat,no result,no result,83,182,1,10
ODI,2005-06-26,Bangladesh,England,Headingley,Bangladesh,bat,England,Unknown,208,209,7,5
ODI,2024-08-13,United States of America,Canada,"Sportpark Westvliet, The Hague",Canada,field,United States of America,Unknown,304,290,4,9
ODI,2019-01-31,New Zealand,India,Seddon Park,New Zealand,field,New Zealand,Unknown,93,92,2,10
ODI,2012-03-11,Bangladesh,Pakistan,Shere Bangla National Stadium,Bangladesh,field,Pakistan,Unknown,241,262,10,8
ODI,2015-07-14,Zimbabwe,India,Harare Sports Club,Zimbabwe,field,India,Unknown,193,276,10,5
ODI,2019-03-24,Australia,Pakistan,Sharjah Cricket Stadium,Pakistan,bat,Australia,Unknown,285,284,2,7
ODI,2003-04-10,Zimbabwe,Pakistan,Sharjah Cricket Association Stadium,Zimbabwe,bat,Pakistan,Unknown,168,172,10,2
ODI,2014-09-08,Ireland,Scotland,"The Village, Malahide",Ireland,field,Ireland,Unknown,173,172,3,10
ODI,2005-11-16,India,South Africa,"Rajiv Gandhi International Stadium, Uppal",South Africa,field,South Africa,Unknown,249,252,9,5
ODI,2007-04-01,West Indies,Sri Lanka,Providence Stadium,West Indies,field,Sri Lanka,Unknown,190,303,10,5
ODI,2010-02-14,Australia,West Indies,"Brisbane Cricket Ground, Woolloongabba",West Indies,field,Australia,Unknown,324,274,7,8
ODI,2011-09-16,England,India,Sophia Gardens,England,field,England,Unknown,241,304,4,6
ODI,2005-04-15,India,Pakistan,Green Park,India,bat,Pakistan,Unknown,249,252,6,5
ODI,2012-03-18,India,Pakistan,Shere Bangla National Stadium,Pakistan,bat,India,Unknown,330,329,4,6
ODI,2020-02-09,South Africa,England,The Wanderers Stadium,England,field,England,Unknown,256,257,7,8
ODI,2019-06-22,New Zealand,West Indies,Old Trafford,West Indies,field,New Zealand,Unknown,291,286,8,10
ODI,2006-04-26,Bangladesh,Australia,Narayanganj Osmani Stadium,Australia,bat,Australia,Unknown,183,250,10,5
ODI,2005-01-26,Australia,West Indies,Adelaide Oval,Australia,bat,Australia,Unknown,269,196,8,10
ODI,2008-07-02,Pakistan,India,National Stadium,India,bat,Pakistan,Unknown,309,308,3,7
ODI,2026-01-14,India,New Zealand,"Niranjan Shah Stadium, Rajkot",New Zealand,field,New Zealand,Unknown,284,286,7,3
ODI,2021-11-26,Namibia,Oman,"Wanderers Cricket Ground, Windhoek",Oman,field,Namibia,Unknown,228,188,10,10
ODI,2006-06-20,England,Sri Lanka,Kennington Oval,Sri Lanka,bat,Sri Lanka,Unknown,273,319,10,8
ODI,2006-03-17,Sri Lanka,Pakistan,R Premadasa Stadium,Sri Lanka,field,no result,no result,0,201,0,8
ODI,2003-03-12,Zimbabwe,Kenya,"Goodyear Park, Bloemfontein",Zimbabwe,bat,Kenya,Unknown,133,135,10,3
ODI,2013-11-01,Pakistan,South Africa,Dubai International Cricket Stadium,Pakistan,bat,Pakistan,Unknown,209,143,10,10
ODI,2010-06-01,Zimbabwe,Sri Lanka,Queens Sports Club,Sri Lanka,field,Sri Lanka,Unknown,118,119,10,1
ODI,2004-09-25,England,West Indies,Kennington Oval,West Indies,field,West Indies,Unknown,217,218,10,8
ODI,2007-04-21,West Indies,England,"Kensington Oval, Bridgetown",England,field,England,Unknown,300,301,10,9
ODI,2010-06-22,England,Australia,The Rose Bowl,Australia,bat,England,Unknown,268,267,6,7
ODI,2014-01-12,Australia,England,Melbourne Cricket Ground,England,bat,Australia,Unknown,270,269,4,7
ODI,2024-11-28,Pakistan,Zimbabwe,"Queens Sports Club, Bulawayo",Pakistan,bat,Pakistan,Unknown,303,204,6,10
ODI,2024-09-18,United Arab Emirates,United States of America,"United Cricket Club Ground, Windhoek",United States of America,field,United States of America,Unknown,106,107,10,0
ODI,2004-09-03,England,India,Kennington Oval,India,field,England,Unknown,307,237,5,10
ODI,2020-01-09,West Indies,Ireland,"Kensington Oval, Barbados",Ireland,bat,West Indies,Unknown,242,237,9,9
ODI,2016-10-23,India,New Zealand,"Punjab Cricket Association Stadium, Mohali",India,field,India,Unknown,289,285,3,10
ODI,2019-03-05,India,Australia,"Vidarbha Cricket Association Stadium, Jamtha",Australia,field,India,Unknown,250,242,10,10
ODI,2012-06-19,England,West Indies,Kennington Oval,England,field,England,Unknown,239,238,2,9
ODI,2016-11-19,Zimbabwe,West Indies,Queens Sports Club,Zimbabwe,bat,tie,tie,257,257,10,8
ODI,2023-09-17,Sri Lanka,India,"R Premadasa Stadium, Colombo",Sri Lanka,bat,India,Unknown,50,51,10,0
ODI,2022-05-29,Scotland,United States of America,"Choice Moosa Stadium, Pearland",Scotland,bat,Scotland,Unknown,300,189,7,10
ODI,2016-08-24,England,Pakistan,The Rose Bowl,Pakistan,bat,England,Unknown,194,260,3,6
ODI,2008-02-09,New Zealand,England,Westpac Stadium,England,bat,New Zealand,Unknown,131,130,4,10
ODI,2025-07-02,Sri Lanka,Bangladesh,"R Premadasa Stadium, Colombo",Sri Lanka,bat,Sri Lanka,Unknown,244,167,10,10
ODI,2003-01-15,Sri Lanka,Australia,"Brisbane Cricket Ground, Woolloongabba, Brisbane",Sri Lanka,bat,Australia,Unknown,211,214,9,6
ODI,2014-05-25,England,Sri Lanka,Riverside Ground,England,field,Sri Lanka,Unknown,99,256,10,8
ODI,2011-01-29,New Zealand,Pakistan,AMI Stadium,New Zealand,field,Pakistan,Unknown,250,293,9,7
ODI,2019-10-02,Pakistan,Sri Lanka,National Stadium,Sri Lanka,bat,Pakistan,Unknown,299,297,5,9
ODI,2007-01-19,Australia,England,"Brisbane Cricket Ground, Woolloongabba",England,bat,Australia,Unknown,156,155,6,10
ODI,2025-04-02,New Zealand,Pakistan,"Seddon Park, Hamilton",Pakistan,field,New Zealand,Unknown,292,208,8,11
ODI,2008-02-19,India,Sri Lanka,Adelaide Oval,Sri Lanka,bat,India,Unknown,239,238,8,6
ODI,2009-01-31,Kenya,Zimbabwe,Gymkhana Club Ground,Kenya,bat,Zimbabwe,Unknown,234,236,10,6
ODI,2013-02-06,Australia,West Indies,Manuka Oval,Australia,bat,Australia,Unknown,329,290,7,10
ODI,2021-09-02,Sri Lanka,South Africa,"R Premadasa Stadium, Colombo",Sri Lanka,bat,Sri Lanka,Unknown,300,286,9,7
ODI,2022-03-26,Nepal,Papua New Guinea,"Tribhuvan University International Cricket Ground, Kirtipur",Nepal,bat,Papua New Guinea,Unknown,278,283,8,7
ODI,2023-03-06,Nepal,United Arab Emirates,Dubai International Cricket Stadium,Nepal,bat,Nepal,Unknown,229,187,8,10
ODI,2023-03-25,Netherlands,Zimbabwe,Harare Sports Club,Netherlands,bat,Zimbabwe,Unknown,231,235,9,3
ODI,2025-05-23,West Indies,Ireland,"Castle Avenue, Dublin",Ireland,field,no result,no result,352,0,8,0
ODI,2023-03-23,Ireland,Bangladesh,Sylhet International Cricket Stadium,Ireland,bat,Bangladesh,Unknown,101,102,10,0
ODI,2003-02-12,India,Netherlands,"Boland Bank Park, Paarl",India,bat,India,Unknown,204,136,10,10
ODI,2025-02-23,Pakistan,India,Dubai International Cricket Stadium,Pakistan,bat,India,Unknown,241,244,10,4
ODI,2013-11-21,India,West Indies,Nehru Stadium,West Indies,bat,India,Unknown,212,211,4,10
ODI,2024-10-07,Ireland,South Africa,"Zayed Cricket Stadium, Abu Dhabi",Ireland,bat,Ireland,Unknown,284,215,9,10
ODI,2004-09-11,India,Kenya,The Rose Bowl,Kenya,field,India,Unknown,290,192,4,7
ODI,2009-01-26,Australia,South Africa,Adelaide Oval,Australia,bat,South Africa,Unknown,222,223,10,2
ODI,2007-09-08,England,India,Lord's,India,bat,England,Unknown,188,187,3,10
ODI,2013-02-22,West Indies,Zimbabwe,"National Cricket Stadium, St George's",Zimbabwe,field,West Indies,Unknown,337,181,4,9
ODI,2003-02-27,Australia,Namibia,"North West Cricket Stadium, Potchefstroom",Australia,bat,Australia,Unknown,301,45,6,10
ODI,2011-03-13,Canada,New Zealand,Wankhede Stadium,Canada,field,New Zealand,Unknown,261,358,9,6
ODI,2024-03-01,Scotland,Canada,Dubai International Cricket Stadium,Canada,field,Canada,Unknown,215,220,8,3
ODI,2018-07-20,Pakistan,Zimbabwe,Queens Sports Club,Pakistan,bat,Pakistan,Unknown,399,155,1,10
ODI,2011-11-18,Pakistan,Sri Lanka,Dubai International Cricket Stadium,Pakistan,bat,Pakistan,Unknown,257,236,8,10
ODI,2010-11-05,Australia,Sri Lanka,Sydney Cricket Ground,Sri Lanka,bat,Sri Lanka,Unknown,210,213,10,3
ODI,2012-07-24,Sri Lanka,India,"Mahinda Rajapaksa International Cricket Stadium, Sooriyawewa",India,bat,Sri Lanka,Unknown,139,138,1,10
ODI,2006-05-23,West Indies,India,"Warner Park, Basseterre",India,bat,West Indies,Unknown,248,245,6,9
ODI,2007-11-11,India,Pakistan,Green Park,Pakistan,field,India,Unknown,294,248,6,10
ODI,2015-01-25,South Africa,West Indies,St George's Park,West Indies,field,West Indies,Unknown,262,266,8,9
ODI,2022-12-10,India,Bangladesh,"Zahur Ahmed Chowdhury Stadium, Chattogram",Bangladesh,field,India,Unknown,409,182,8,10
ODI,2014-08-21,Zimbabwe,South Africa,Queens Sports Club,South Africa,field,South Africa,Unknown,165,171,10,3
ODI,2024-08-17,Netherlands,Canada,"Hazelaarweg, Rotterdam",Canada,field,Netherlands,Unknown,220,157,10,10
ODI,2012-03-20,Bangladesh,Sri Lanka,Shere Bangla National Stadium,Bangladesh,field,Bangladesh,Unknown,212,232,5,10
ODI,2013-08-01,Zimbabwe,India,Queens Sports Club,India,field,India,Unknown,144,145,10,1
ODI,2019-05-11,England,Pakistan,The Rose Bowl,Pakistan,field,England,Unknown,373,361,3,7
ODI,2022-12-05,Scotland,Namibia,"United Cricket Club Ground, Windhoek",Namibia,field,Namibia,Unknown,208,210,10,7
ODI,2019-05-21,Scotland,Sri Lanka,"Grange Cricket Club, Raeburn Place",Scotland,field,Sri Lanka,Unknown,199,322,10,8
ODI,2006-12-13,Pakistan,West Indies,Multan Cricket Stadium,Pakistan,bat,West Indies,Unknown,209,212,10,3
ODI,2008-06-25,England,New Zealand,Kennington Oval,New Zealand,field,New Zealand,Unknown,245,246,10,9
ODI,2013-01-15,India,England,Nehru Stadium,India,bat,India,Unknown,285,158,6,10
ODI,2010-02-12,Australia,West Indies,Sydney Cricket Ground,West Indies,field,no result,no result,225,6,10,0
ODI,2007-04-10,West Indies,South Africa,"National Cricket Stadium, St George's",West Indies,field,South Africa,Unknown,289,356,9,4
ODI,2016-01-05,New Zealand,Sri Lanka,Bay Oval,Sri Lanka,field,New Zealand,Unknown,294,258,5,10
ODI,2014-12-13,Sri Lanka,England,Pallekele International Cricket Stadium,Sri Lanka,bat,Sri Lanka,Unknown,292,202,7,10
ODI,2025-03-07,Netherlands,Namibia,"Wanderers Cricket Ground, Windhoek",Namibia,field,Netherlands,Unknown,159,106,10,10
ODI,2005-10-09,Australia,ICC World XI,Docklands Stadium,Australia,bat,Australia,Unknown,293,137,5,10
ODI,2020-01-14,India,Australia,Wankhede Stadium,Australia,field,Australia,Unknown,255,258,10,0
ODI,2019-05-05,Ireland,West Indies,Castle Avenue,Ireland,field,West Indies,Unknown,185,381,10,3
ODI,2011-02-26,Sri Lanka,Pakistan,R Premadasa Stadium,Pakistan,bat,Pakistan,Unknown,266,277,9,7
ODI,2026-04-12,Namibia,Scotland,"Namibia Cricket Ground, Windhoek",Namibia,bat,Scotland,Unknown,198,199,10,4
ODI,2015-02-28,India,United Arab Emirates,Western Australia Cricket Association Ground,United Arab Emirates,bat,India,Unknown,104,102,1,10
ODI,2013-03-17,South Africa,Pakistan,New Wanderers Stadium,Pakistan,field,South Africa,Unknown,343,309,5,10
ODI,2017-05-14,Ireland,New Zealand,Malahide,Ireland,field,New Zealand,Unknown,238,289,10,7
ODI,2015-04-17,Bangladesh,Pakistan,Shere Bangla National Stadium,Bangladesh,bat,Bangladesh,Unknown,329,250,6,10
ODI,2016-12-31,New Zealand,Bangladesh,Saxton Oval,Bangladesh,bat,New Zealand,Unknown,239,236,3,9
ODI,2008-08-30,Australia,Bangladesh,Marrara Cricket Ground,Bangladesh,field,Australia,Unknown,254,74,8,10
ODI,2012-03-25,West Indies,Australia,"Beausejour Stadium, Gros Islet",West Indies,field,Australia,Unknown,251,281,10,9
ODI,2004-12-05,Australia,New Zealand,Docklands Stadium,New Zealand,field,New Zealand,Unknown,246,247,9,6
ODI,2007-07-04,England,West Indies,Edgbaston,England,field,West Indies,Unknown,217,278,10,5
ODI,2007-02-20,New Zealand,Australia,Seddon Park,Australia,bat,New Zealand,Unknown,350,346,9,5
ODI,2008-04-19,Pakistan,Bangladesh,National Stadium,Pakistan,bat,Pakistan,Unknown,329,179,9,10
ODI,2016-06-18,Ireland,Sri Lanka,"The Village, Malahide",Ireland,field,Sri Lanka,Unknown,241,377,10,8
ODI,2009-08-11,Zimbabwe,Bangladesh,Queens Sports Club,Zimbabwe,field,Bangladesh,Unknown,271,320,10,8
ODI,2015-01-11,New Zealand,Sri Lanka,Hagley Oval,Sri Lanka,bat,New Zealand,Unknown,219,218,7,9
ODI,2019-08-11,West Indies,India,"Queen's Park Oval, Trinidad",India,bat,India,Unknown,210,279,10,7
ODI,2022-07-24,South Africa,England,"Headingley, Leeds",South Africa,bat,no result,no result,159,0,2,0
ODI,2011-10-20,India,England,"Punjab Cricket Association Stadium, Mohali",England,bat,India,Unknown,300,298,5,4
ODI,2022-01-08,West Indies,Ireland,"Sabina Park, Kingston, Jamaica",Ireland,field,West Indies,Unknown,269,245,10,11
ODI,2011-03-07,Canada,Kenya,Feroz Shah Kotla,Kenya,bat,Canada,Unknown,199,198,5,10
ODI,2009-01-28,Sri Lanka,India,Rangiri Dambulla International Stadium,India,field,India,Unknown,246,247,7,4
ODI,2009-04-27,Australia,Pakistan,Sheikh Zayed Stadium,Australia,bat,Australia,Unknown,198,171,7,10
ODI,2017-01-26,Australia,Pakistan,Adelaide Oval,Australia,bat,Australia,Unknown,369,312,7,10
ODI,2012-08-24,England,South Africa,Sophia Gardens,South Africa,field,no result,no result,37,0,0,0
ODI,2020-07-30,Ireland,England,The Rose Bowl,England,field,England,Unknown,172,174,10,4
ODI,2016-06-29,England,Sri Lanka,Kennington Oval,England,field,England,Unknown,309,305,4,5
ODI,2023-11-12,India,Netherlands,"M Chinnaswamy Stadium, Bengaluru",India,bat,India,Unknown,410,250,4,10
ODI,2008-08-31,England,South Africa,Lord's,England,field,England,Unknown,137,183,3,6
ODI,2024-09-21,Australia,England,"Headingley, Leeds",England,field,Australia,Unknown,270,202,10,10
ODI,2017-12-23,New Zealand,West Indies,Hagley Oval,West Indies,field,New Zealand,Unknown,325,121,6,10
ODI,2007-04-18,Ireland,Sri Lanka,"National Cricket Stadium, St George's",Sri Lanka,field,Sri Lanka,Unknown,77,81,10,2
ODI,2015-11-07,Bangladesh,Zimbabwe,Shere Bangla National Stadium,Zimbabwe,field,Bangladesh,Unknown,273,128,9,9
ODI,2025-02-19,New Zealand,Pakistan,"National Stadium, Karachi",Pakistan,field,New Zealand,Unknown,320,260,5,10
ODI,2005-01-24,Zimbabwe,Bangladesh,MA Aziz Stadium,Zimbabwe,bat,Zimbabwe,Unknown,237,206,5,10
ODI,2007-09-05,England,India,Kennington Oval,England,bat,India,Unknown,316,317,6,8
ODI,2022-02-06,West Indies,India,"Narendra Modi Stadium, Ahmedabad",India,field,India,Unknown,176,178,10,4
ODI,2024-11-04,Nepal,Scotland,"Grand Prairie Stadium, Dallas",Scotland,field,no result,no result,26,0,1,0
ODI,2004-02-22,Sri Lanka,Australia,Rangiri Dambulla International Stadium,Sri Lanka,bat,Sri Lanka,Unknown,245,244,10,5
ODI,2010-12-12,Bangladesh,Zimbabwe,Zahur Ahmed Chowdhury Stadium,Zimbabwe,bat,Bangladesh,Unknown,189,188,4,6
ODI,2019-01-25,United Arab Emirates,Nepal,ICC Academy,United Arab Emirates,field,United Arab Emirates,Unknown,116,113,7,10
ODI,2020-02-22,Sri Lanka,West Indies,Sinhalese Sports Club Ground,Sri Lanka,field,Sri Lanka,Unknown,290,289,9,7
ODI,2007-12-07,Zimbabwe,West Indies,Queens Sports Club,West Indies,field,West Indies,Unknown,232,234,9,5
ODI,2017-10-18,South Africa,Bangladesh,Boland Park,Bangladesh,field,South Africa,Unknown,353,249,6,10
ODI,2011-09-20,Ireland,Canada,Clontarf Cricket Club Ground,Ireland,bat,Ireland,Unknown,249,193,7,10
ODI,2005-11-28,South Africa,India,Wankhede Stadium,India,field,India,Unknown,221,224,6,5
ODI,2019-05-14,England,Pakistan,County Ground,England,field,England,Unknown,359,358,4,9
ODI,2006-04-30,West Indies,Zimbabwe,"Antigua Recreation Ground, St John's",West Indies,bat,West Indies,Unknown,242,144,9,10
ODI,2011-12-08,India,West Indies,Holkar Cricket Stadium,India,bat,India,Unknown,418,265,5,10
ODI,2021-07-18,Sri Lanka,India,"R Premadasa Stadium, Colombo",Sri Lanka,bat,India,Unknown,262,263,9,3
ODI,2006-08-15,Kenya,Bangladesh,Gymkhana Club Ground,Bangladesh,field,Bangladesh,Unknown,118,120,10,4
ODI,2022-07-15,New Zealand,Ireland,"The Village, Malahide, Dublin",New Zealand,bat,New Zealand,Unknown,360,359,6,9
ODI,2023-03-03,England,Bangladesh,"Shere Bangla National Stadium, Mirpur",Bangladesh,field,England,Unknown,326,194,7,10
ODI,2026-04-06,Namibia,Scotland,"Namibia Cricket Ground, Windhoek",Scotland,field,no result,no result,189,0,8,0
ODI,2016-12-09,Australia,New Zealand,Melbourne Cricket Ground,Australia,bat,Australia,Unknown,264,147,8,10
ODI,2017-10-20,Sri Lanka,Pakistan,Sharjah Cricket Stadium,Sri Lanka,bat,Pakistan,Unknown,173,177,10,3
ODI,2008-04-10,West Indies,Sri Lanka,"Queen's Park Oval, Port of Spain",West Indies,field,West Indies,Unknown,236,235,9,7
ODI,2004-09-10,New Zealand,United States of America,Kennington Oval,United States of America,field,New Zealand,Unknown,347,137,4,10
ODI,2014-12-08,New Zealand,Pakistan,Dubai International Cricket Stadium,Pakistan,field,Pakistan,Unknown,246,250,7,7
ODI,2009-07-26,West Indies,Bangladesh,"Windsor Park, Roseau",West Indies,field,Bangladesh,Unknown,194,246,10,9
ODI,2007-06-26,India,South Africa,"Civil Service Cricket Club, Stormont",South Africa,field,South Africa,Unknown,242,245,8,6
ODI,2022-08-18,Zimbabwe,India,Harare Sports Club,India,field,India,Unknown,189,192,10,0
ODI,2018-10-13,England,Sri Lanka,Rangiri Dambulla International Stadium,Sri Lanka,field,England,Unknown,278,140,9,5
ODI,2017-09-27,West Indies,England,Kennington Oval,England,field,England,Unknown,356,258,6,5
ODI,2011-08-14,Sri Lanka,Australia,"Mahinda Rajapaksa International Cricket Stadium, Sooriyawewa",Sri Lanka,bat,Australia,Unknown,208,211,10,2
ODI,2023-03-29,Canada,United States of America,"Wanderers Cricket Ground, Windhoek",United States of America,field,Canada,Unknown,198,172,10,10
ODI,2016-01-20,Australia,India,Manuka Oval,Australia,bat,Australia,Unknown,348,323,8,10
ODI,2014-11-19,Australia,South Africa,Manuka Oval,Australia,bat,Australia,Unknown,329,256,5,9
ODI,2008-09-03,England,South Africa,Sophia Gardens,England,field,no result,no result,0,6,0,1
ODI,2018-01-27,Sri Lanka,Bangladesh,"Shere Bangla National Stadium, Mirpur",Sri Lanka,bat,Sri Lanka,Unknown,221,142,10,9
ODI,2016-10-02,South Africa,Australia,New Wanderers Stadium,Australia,field,South Africa,Unknown,361,219,6,10
ODI,2020-03-07,South Africa,Australia,Senwes Park,South Africa,field,South Africa,Unknown,258,254,4,7
ODI,2026-07-25,Netherlands,Namibia,"Sportpark Maarschalkerweerd, Utrecht",Namibia,field,Netherlands,Unknown,251,193,6,10
ODI,2013-05-08,Zimbabwe,Bangladesh,Queens Sports Club,Zimbabwe,field,Zimbabwe,Unknown,251,247,3,9
ODI,2009-09-12,Sri Lanka,India,R Premadasa Stadium,Sri Lanka,bat,Sri Lanka,Unknown,307,168,6,10
ODI,2022-01-18,Zimbabwe,Sri Lanka,Pallekele International Cricket Stadium,Zimbabwe,bat,Zimbabwe,Unknown,302,280,8,9
ODI,2024-11-07,United Arab Emirates,Oman,Al Amerat Cricket Ground Oman Cricket (Ministry Turf 1),Oman,field,Oman,Unknown,78,79,10,6
ODI,2023-05-01,United Arab Emirates,Nepal,"Tribhuvan University International Cricket Ground, Kirtipur",Nepal,field,Nepal,Unknown,117,118,10,3
ODI,2022-06-11,Nepal,United States of America,"Moosa Cricket Stadium, Pearland",Nepal,bat,tie,tie,274,274,10,6
ODI,2008-06-25,Hong Kong,India,National Stadium,India,bat,India,Unknown,118,374,10,4
ODI,2023-10-26,England,Sri Lanka,"M Chinnaswamy Stadium, Bengaluru",England,bat,Sri Lanka,Unknown,156,160,10,2
ODI,2015-12-28,New Zealand,Sri Lanka,Hagley Oval,Sri Lanka,bat,New Zealand,Unknown,118,117,0,10
ODI,2011-03-20,Kenya,Zimbabwe,Eden Gardens,Zimbabwe,bat,Zimbabwe,Unknown,147,308,10,6
ODI,2016-11-08,Hong Kong,Papua New Guinea,"Mission Road Ground, Mong Kok",Papua New Guinea,bat,Hong Kong,Unknown,181,244,3,7
ODI,2020-03-03,Bangladesh,Zimbabwe,Sylhet International Cricket Stadium,Bangladesh,bat,Bangladesh,Unknown,322,318,8,8
ODI,2003-02-19,Canada,Sri Lanka,"Boland Bank Park, Paarl",Sri Lanka,field,Sri Lanka,Unknown,36,37,10,1
ODI,2022-04-10,Scotland,Oman,Dubai International Cricket Stadium,Scotland,bat,Scotland,Unknown,215,211,10,10
ODI,2007-02-04,Australia,New Zealand,Melbourne Cricket Ground,New Zealand,bat,Australia,Unknown,291,290,5,7
ODI,2010-02-09,Australia,West Indies,Adelaide Oval,West Indies,bat,Australia,Unknown,171,170,2,10
ODI,2022-07-17,Nepal,Scotland,"Titwood, Glasgow",Scotland,field,Scotland,Unknown,128,130,10,2
ODI,2022-06-19,Netherlands,England,"VRA Ground, Amstelveen",Netherlands,bat,England,Unknown,235,239,7,4
ODI,2022-08-19,New Zealand,West Indies,"Kensington Oval, Bridgetown, Barbados",West Indies,field,New Zealand,Unknown,212,161,10,10
ODI,2023-12-20,Bangladesh,New Zealand,"Saxton Oval, Nelson",New Zealand,field,New Zealand,Unknown,291,296,10,3
ODI,2022-09-08,Australia,New Zealand,"Cazaly's Stadium, Cairns",New Zealand,field,Australia,Unknown,195,82,9,10
ODI,2018-01-09,Pakistan,New Zealand,Saxton Oval,Pakistan,bat,New Zealand,Unknown,246,151,9,2
ODI,2023-05-12,Ireland,Bangladesh,"County Ground, Chelmsford",Bangladesh,field,Bangladesh,Unknown,319,320,6,7
ODI,2023-10-28,Netherlands,Bangladesh,"Eden Gardens, Kolkata",Netherlands,bat,Netherlands,Unknown,229,142,10,10
ODI,2024-07-16,Oman,Scotland,"Forthill, Dundee",Scotland,field,no result,no result,123,99,10,2
ODI,2004-09-16,New Zealand,Australia,Kennington Oval,Australia,field,Australia,Unknown,198,199,9,3
ODI,2007-02-09,South Africa,Pakistan,St George's Park,Pakistan,bat,no result,no result,0,245,0,8
ODI,2018-01-16,Scotland,Ireland,ICC Academy,Ireland,field,Ireland,Unknown,219,223,10,4
ODI,2020-02-04,South Africa,England,Newlands,South Africa,field,South Africa,Unknown,259,258,3,8
ODI,2018-01-21,Scotland,United Arab Emirates,ICC Academy,United Arab Emirates,field,Scotland,Unknown,249,218,8,10
ODI,2011-05-05,West Indies,Pakistan,Providence Stadium,Pakistan,bat,West Indies,Unknown,140,139,0,10
ODI,2010-06-18,Sri Lanka,Bangladesh,Rangiri Dambulla International Stadium,Sri Lanka,bat,Sri Lanka,Unknown,312,186,4,10
ODI,2009-09-30,India,West Indies,New Wanderers Stadium,India,field,India,Unknown,130,129,3,10
ODI,2010-06-30,England,Australia,Kennington Oval,England,field,Australia,Unknown,212,290,10,5
ODI,2004-10-03,Zimbabwe,Pakistan,Arbab Niaz Stadium,Pakistan,field,Pakistan,Unknown,252,258,4,7
ODI,2006-09-18,Australia,West Indies,Kinrara Academy Oval,Australia,bat,West Indies,Unknown,272,273,6,7
ODI,2025-03-01,England,South Africa,"National Stadium, Karachi",England,bat,South Africa,Unknown,179,181,10,3
ODI,2003-11-12,Bangladesh,England,"Bangabandhu National Stadium, Dhaka",Bangladesh,bat,England,Unknown,182,185,10,3
ODI,2015-02-19,United Arab Emirates,Zimbabwe,Saxton Oval,Zimbabwe,field,Zimbabwe,Unknown,285,286,7,6
ODI,2003-04-05,Kenya,Zimbabwe,Sharjah Cricket Association Stadium,Kenya,bat,Zimbabwe,Unknown,225,230,6,5
ODI,2023-10-10,England,Bangladesh,"Himachal Pradesh Cricket Association Stadium, Dharamsala",Bangladesh,field,England,Unknown,364,227,9,10
ODI,2019-06-25,England,Australia,Lord's,England,field,Australia,Unknown,221,285,10,7
ODI,2018-03-06,Papua New Guinea,Ireland,Harare Sports Club,Ireland,field,Ireland,Unknown,235,237,10,6
ODI,2008-04-13,Pakistan,Bangladesh,Gaddafi Stadium,Pakistan,bat,Pakistan,Unknown,308,285,8,7
ODI,2014-08-30,Sri Lanka,Pakistan,Rangiri Dambulla International Stadium,Pakistan,bat,Sri Lanka,Unknown,104,102,3,10
ODI,2011-02-20,Kenya,New Zealand,"MA Chidambaram Stadium, Chepauk",Kenya,bat,New Zealand,Unknown,69,72,10,0
ODI,2011-02-06,Sri Lanka,West Indies,Sinhalese Sports Club Ground,West Indies,field,Sri Lanka,Unknown,277,251,9,10
ODI,2010-09-17,England,Pakistan,Kennington Oval,Pakistan,bat,Pakistan,Unknown,218,241,10,10
ODI,2004-12-27,India,Bangladesh,Bangabandhu National Stadium,India,bat,India,Unknown,348,257,5,9
ODI,2016-06-15,Zimbabwe,India,Harare Sports Club,Zimbabwe,bat,India,Unknown,123,126,10,0
ODI,2010-02-27,India,South Africa,"Sardar Patel Stadium, Motera",South Africa,bat,South Africa,Unknown,275,365,10,2
ODI,2007-01-16,England,New Zealand,Bellerive Oval,New Zealand,bat,England,Unknown,206,205,7,9
ODI,2019-01-19,South Africa,Pakistan,St George's Park,South Africa,bat,Pakistan,Unknown,266,267,2,5
ODI,2025-02-24,Bangladesh,New Zealand,Rawalpindi Cricket Stadium,New Zealand,field,New Zealand,Unknown,236,240,9,5
ODI,2014-01-08,New Zealand,West Indies,Seddon Park,New Zealand,field,West Indies,Unknown,160,363,10,4
ODI,2004-08-23,Australia,India,VRA Cricket Ground,Australia,bat,no result,no result,175,0,7,0
ODI,2009-01-23,Bangladesh,Zimbabwe,Shere Bangla National Stadium,Bangladesh,field,Bangladesh,Unknown,121,119,4,9
ODI,2014-06-15,Bangladesh,India,Shere Bangla National Stadium,Bangladesh,bat,India,Unknown,272,153,9,3
ODI,2007-10-11,India,Australia,Reliance Stadium,India,bat,Australia,Unknown,148,149,10,1
ODI,2023-03-05,United Arab Emirates,Papua New Guinea,Dubai International Cricket Stadium,Papua New Guinea,field,Papua New Guinea,Unknown,97,98,10,5
ODI,2011-02-28,Netherlands,West Indies,Feroz Shah Kotla,Netherlands,field,West Indies,Unknown,115,330,10,8
ODI,2010-12-03,Bangladesh,Zimbabwe,Shere Bangla National Stadium,Bangladesh,field,Bangladesh,Unknown,194,191,4,10
ODI,2006-12-10,Pakistan,West Indies,Gaddafi Stadium,Pakistan,field,Pakistan,Unknown,192,207,3,7
ODI,2014-08-23,Sri Lanka,Pakistan,"Mahinda Rajapaksa International Cricket Stadium, Sooriyawewa",Pakistan,field,Pakistan,Unknown,275,277,7,6
ODI,2019-06-16,India,Pakistan,Old Trafford,Pakistan,field,India,Unknown,336,212,5,6
ODI,2006-01-22,Australia,Sri Lanka,Sydney Cricket Ground,Sri Lanka,bat,Sri Lanka,Unknown,258,309,10,7
ODI,2023-09-08,England,New Zealand,"Sophia Gardens, Cardiff",New Zealand,field,New Zealand,Unknown,291,297,6,2
ODI,2003-08-02,Bangladesh,Australia,"Bundaberg Rum Stadium, Cairns",Australia,field,Australia,Unknown,105,107,10,2
ODI,2010-09-22,England,Pakistan,The Rose Bowl,England,bat,England,Unknown,256,135,6,10
ODI,2022-12-07,Bangladesh,India,"Shere Bangla National Stadium, Mirpur",Bangladesh,bat,Bangladesh,Unknown,271,266,7,9
ODI,2017-01-13,Australia,Pakistan,"Brisbane Cricket Ground, Woolloongabba",Australia,bat,Australia,Unknown,268,176,9,10
ODI,2010-05-28,Zimbabwe,India,Queens Sports Club,India,bat,Zimbabwe,Unknown,289,285,4,5
ODI,2007-10-17,India,Australia,Wankhede Stadium,Australia,bat,India,Unknown,195,193,8,10
ODI,2016-06-21,England,Sri Lanka,Trent Bridge,England,field,tie,tie,286,286,8,9
ODI,2024-10-20,West Indies,Sri Lanka,Pallekele International Cricket Stadium,West Indies,bat,Sri Lanka,Unknown,185,234,4,5
ODI,2021-07-26,West Indies,Australia,"Kensington Oval, Bridgetown, Barbados",West Indies,bat,Australia,Unknown,152,153,10,4
ODI,2024-10-04,South Africa,Ireland,"Zayed Cricket Stadium, Abu Dhabi",South Africa,bat,South Africa,Unknown,343,169,5,10
ODI,2018-10-21,West Indies,India,Barsapara Cricket Stadium,India,field,India,Unknown,322,326,8,2
ODI,2009-01-23,Australia,South Africa,Sydney Cricket Ground,Australia,bat,South Africa,Unknown,269,270,10,7
ODI,2013-11-03,Bangladesh,New Zealand,Khan Shaheb Osman Ali Stadium,Bangladesh,field,Bangladesh,Unknown,309,307,6,5
ODI,2018-03-15,Scotland,United Arab Emirates,Queens Sports Club,Scotland,bat,Scotland,Unknown,322,249,6,10
ODI,2025-02-12,Sri Lanka,Australia,"R Premadasa Stadium, Colombo",Sri Lanka,bat,Sri Lanka,Unknown,214,165,10,10
ODI,2024-08-07,Sri Lanka,India,"R Premadasa Stadium, Colombo",Sri Lanka,bat,Sri Lanka,Unknown,248,138,7,10
ODI,2014-10-27,New Zealand,South Africa,Seddon Park,New Zealand,field,no result,no result,0,157,0,3
ODI,2011-03-05,Sri Lanka,Australia,R Premadasa Stadium,Sri Lanka,bat,no result,no result,146,0,3,0
ODI,2023-05-09,Bangladesh,Ireland,"County Ground, Chelmsford",Ireland,field,no result,no result,246,65,9,3
ODI,2006-05-28,West Indies,India,"Queen's Park Oval, Port of Spain",India,field,West Indies,Unknown,255,236,6,10
ODI,2022-03-18,United Arab Emirates,Nepal,Dubai International Cricket Stadium,United Arab Emirates,bat,United Arab Emirates,Unknown,168,120,10,10
ODI,2025-06-04,Netherlands,Nepal,"Forthill, Dundee",Netherlands,bat,Nepal,Unknown,225,226,10,5
ODI,2022-11-23,Papua New Guinea,Namibia,"Wanderers Cricket Ground, Windhoek",Papua New Guinea,bat,Namibia,Unknown,236,241,10,7
ODI,2025-02-20,Bangladesh,India,Dubai International Cricket Stadium,Bangladesh,bat,India,Unknown,228,231,10,4
ODI,2023-01-15,India,Sri Lanka,"Greenfield International Stadium, Thiruvananthapuram",India,bat,India,Unknown,390,73,5,9
ODI,2005-02-27,South Africa,Zimbabwe,Kingsmead,Zimbabwe,field,South Africa,Unknown,329,198,6,7
ODI,2003-11-29,New Zealand,Pakistan,"Gaddafi Stadium, Lahore",New Zealand,bat,Pakistan,Unknown,291,292,5,7
ODI,2009-09-26,Australia,West Indies,New Wanderers Stadium,West Indies,field,Australia,Unknown,275,225,8,9
ODI,2013-09-14,England,Australia,Sophia Gardens,England,field,England,Unknown,231,227,7,10
ODI,2012-06-07,Sri Lanka,Pakistan,Pallekele International Cricket Stadium,Sri Lanka,bat,Pakistan,Unknown,135,135,8,4
ODI,2026-07-29,Netherlands,Nepal,"Sportpark Maarschalkerweerd, Utrecht",Nepal,field,Netherlands,Unknown,225,168,9,10
ODI,2022-11-17,England,Australia,Adelaide Oval,Australia,field,Australia,Unknown,287,291,9,4
ODI,2022-07-27,India,West Indies,"Queen's Park Oval, Port of Spain, Trinidad",India,bat,India,Unknown,225,137,3,10
ODI,2015-10-25,India,South Africa,Wankhede Stadium,South Africa,bat,South Africa,Unknown,224,438,10,5
ODI,2013-07-16,West Indies,Pakistan,Providence Stadium,Pakistan,field,West Indies,Unknown,232,195,8,10
ODI,2006-03-28,India,England,Feroz Shah Kotla,England,field,India,Unknown,203,164,10,10
ODI,2018-09-23,Pakistan,India,Dubai International Cricket Stadium,Pakistan,bat,India,Unknown,237,238,7,1
ODI,2022-07-14,England,India,"Lord's, London",India,field,England,Unknown,246,146,10,10
ODI,2019-08-20,Scotland,Papua New Guinea,Mannofield Park,Papua New Guinea,field,Scotland,Unknown,242,204,7,9
ODI,2015-02-24,West Indies,Zimbabwe,Manuka Oval,West Indies,bat,West Indies,Unknown,372,289,2,10
ODI,2020-02-08,Nepal,United States of America,Tribhuvan University International Cricket Ground,United States of America,field,Nepal,Unknown,190,155,10,10
ODI,2009-01-31,Sri Lanka,India,R Premadasa Stadium,India,bat,India,Unknown,241,256,10,9
ODI,2022-01-13,West Indies,Ireland,"Sabina Park, Kingston, Jamaica",Ireland,field,Ireland,Unknown,229,168,10,5
ODI,2015-01-20,New Zealand,Sri Lanka,Saxton Oval,Sri Lanka,bat,New Zealand,Unknown,280,276,6,10
ODI,2006-04-23,Bangladesh,Australia,Chittagong Divisional Stadium,Bangladesh,bat,Australia,Unknown,195,196,10,6
ODI,2009-11-27,South Africa,England,Newlands,South Africa,bat,South Africa,Unknown,354,242,6,10
ODI,2025-11-11,Pakistan,Sri Lanka,Rawalpindi Cricket Stadium,Sri Lanka,field,Pakistan,Unknown,299,293,5,9
ODI,2012-07-07,England,Australia,Riverside Ground,England,field,England,Unknown,201,200,2,9
ODI,2014-02-28,West Indies,England,"Sir Vivian Richards Stadium, North Sound",England,field,West Indies,Unknown,269,254,6,6
ODI,2014-03-06,Bangladesh,Sri Lanka,Shere Bangla National Stadium,Bangladesh,bat,Sri Lanka,Unknown,204,208,9,7
ODI,2017-01-15,Australia,Pakistan,Melbourne Cricket Ground,Australia,bat,Pakistan,Unknown,220,221,10,4
ODI,2025-08-29,Sri Lanka,Zimbabwe,Harare Sports Club,Zimbabwe,field,Sri Lanka,Unknown,298,291,6,8
ODI,2025-05-29,England,West Indies,"Edgbaston, Birmingham",West Indies,field,England,Unknown,400,162,8,10
ODI,2013-07-07,West Indies,Sri Lanka,"Queen's Park Oval, Port of Spain",West Indies,field,Sri Lanka,Unknown,190,219,9,8
ODI,2013-11-10,Sri Lanka,New Zealand,"Mahinda Rajapaksa International Cricket Stadium, Sooriyawewa",New Zealand,field,no result,no result,288,13,9,1
ODI,2009-02-10,Australia,New Zealand,Adelaide Oval,New Zealand,bat,Australia,Unknown,247,244,4,8
ODI,2004-08-21,Pakistan,India,VRA Cricket Ground,India,field,Pakistan,Unknown,192,127,6,10
ODI,2008-09-06,Australia,Bangladesh,Marrara Cricket Ground,Australia,bat,Australia,Unknown,198,125,5,9
ODI,2009-09-23,Pakistan,West Indies,New Wanderers Stadium,West Indies,bat,Pakistan,Unknown,134,133,5,10
ODI,2023-02-14,Namibia,Nepal,"Tribhuvan University International Cricket Ground, Kirtipur",Nepal,field,Nepal,Unknown,285,287,10,8
ODI,2022-12-04,Nepal,Scotland,"United Cricket Club Ground, Windhoek",Scotland,field,Scotland,Unknown,137,143,10,7
ODI,2013-01-22,South Africa,New Zealand,De Beers Diamond Oval,South Africa,field,New Zealand,Unknown,252,279,10,8
ODI,2023-10-27,Pakistan,South Africa,"MA Chidambaram Stadium, Chepauk, Chennai",Pakistan,bat,South Africa,Unknown,270,271,10,9
ODI,2023-03-20,Bangladesh,Ireland,Sylhet International Cricket Stadium,Ireland,field,no result,no result,349,0,6,0
ODI,2025-11-30,India,South Africa,"JSCA International Stadium Complex, Ranchi",South Africa,field,India,Unknown,349,332,8,10
ODI,2013-12-27,Pakistan,Sri Lanka,Sheikh Zayed Stadium,Pakistan,bat,Sri Lanka,Unknown,232,235,10,8
ODI,2006-09-15,South Africa,Zimbabwe,Goodyear Park,Zimbabwe,bat,South Africa,Unknown,202,201,5,7
ODI,2003-02-12,Kenya,South Africa,"North West Cricket Stadium, Potchefstroom",Kenya,bat,South Africa,Unknown,140,142,10,0
ODI,2026-06-06,Canada,United States of America,"Maple Leaf North-West Ground, King City",United States of America,field,United States of America,Unknown,231,235,8,2
ODI,2003-10-29,New Zealand,Australia,"Nahar Singh Stadium, Faridabad",New Zealand,bat,Australia,Unknown,97,101,10,2
ODI,2010-12-10,India,New Zealand,"MA Chidambaram Stadium, Chepauk",New Zealand,bat,India,Unknown,107,103,2,10
ODI,2026-05-12,Scotland,Nepal,"Tribhuvan University International Cricket Ground, Kirtipur",Scotland,bat,Scotland,Unknown,243,218,8,7
ODI,2009-04-09,South Africa,Australia,Newlands,South Africa,bat,South Africa,Unknown,289,264,6,7
ODI,2016-01-23,Australia,India,Sydney Cricket Ground,India,field,India,Unknown,330,331,7,4
ODI,2022-06-21,Sri Lanka,Australia,"R Premadasa Stadium, Colombo",Australia,field,Sri Lanka,Unknown,258,254,10,10
ODI,2025-11-19,West Indies,New Zealand,"McLean Park, Napier",New Zealand,field,New Zealand,Unknown,247,248,9,5
ODI,2013-11-16,Sri Lanka,New Zealand,Rangiri Dambulla International Stadium,New Zealand,field,Sri Lanka,Unknown,211,126,8,6
ODI,2010-10-17,Bangladesh,New Zealand,Shere Bangla National Stadium,Bangladesh,bat,Bangladesh,Unknown,174,171,10,10
ODI,2003-06-26,England,Zimbabwe,"Trent Bridge, Nottingham",Zimbabwe,field,Zimbabwe,Unknown,191,195,8,6
ODI,2006-06-13,Ireland,England,"Civil Service Cricket Club, Stormont",England,bat,England,Unknown,263,301,9,7
ODI,2016-11-04,Hong Kong,Papua New Guinea,"Mission Road Ground, Mong Kok",Hong Kong,bat,Hong Kong,Unknown,269,163,10,10
ODI,2023-03-23,Zimbabwe,Netherlands,Harare Sports Club,Zimbabwe,bat,Zimbabwe,Unknown,271,270,10,10
ODI,2011-03-19,Australia,Pakistan,R Premadasa Stadium,Australia,bat,Pakistan,Unknown,176,178,10,6
ODI,2003-02-16,South Africa,New Zealand,"New Wanderers Stadium, Johannesburg",South Africa,bat,New Zealand,Unknown,306,229,6,1
ODI,2019-05-13,Bangladesh,West Indies,"The Village, Malahide",West Indies,bat,Bangladesh,Unknown,248,247,5,9
ODI,2007-02-06,England,New Zealand,"Brisbane Cricket Ground, Woolloongabba",England,bat,England,Unknown,270,256,7,8
ODI,2018-07-13,Pakistan,Zimbabwe,Queens Sports Club,Zimbabwe,field,Pakistan,Unknown,308,107,7,10
ODI,2007-06-09,Africa XI,Asia XI,"MA Chidambaram Stadium, Chepauk",Asia XI,bat,Asia XI,Unknown,306,337,10,7
ODI,2023-03-30,United Arab Emirates,United States of America,"United Cricket Club Ground, Windhoek",United Arab Emirates,bat,United States of America,Unknown,279,281,9,5
ODI,2004-06-27,England,West Indies,Trent Bridge,West Indies,field,West Indies,Unknown,147,148,10,3
ODI,2012-01-22,South Africa,Sri Lanka,New Wanderers Stadium,Sri Lanka,field,Sri Lanka,Unknown,312,314,4,8
ODI,2013-03-25,Sri Lanka,Bangladesh,"Mahinda Rajapaksa International Cricket Stadium, Sooriyawewa",Bangladesh,field,no result,no result,33,0,0,0
ODI,2026-04-08,Oman,Scotland,"Namibia Cricket Ground, Windhoek",Scotland,field,Oman,Unknown,163,151,7,9
ODI,2004-05-29,Zimbabwe,Australia,Harare Sports Club,Australia,field,Australia,Unknown,196,199,10,2
ODI,2009-11-08,India,Australia,Nehru Stadium,India,bat,Australia,Unknown,170,172,10,4
ODI,2012-02-17,Australia,Sri Lanka,Sydney Cricket Ground,Australia,bat,Sri Lanka,Unknown,158,152,10,2
ODI,2003-05-10,Pakistan,Sri Lanka,Rangiri Dambulla International Stadium,Sri Lanka,field,Pakistan,Unknown,199,120,8,10
ODI,2022-08-13,United States of America,Scotland,"Mannofield Park, Aberdeen",Scotland,field,Scotland,Unknown,295,301,8,5
ODI,2019-12-09,Scotland,United States of America,Sharjah Cricket Stadium,United States of America,bat,United States of America,Unknown,247,282,10,8
ODI,2003-03-23,Australia,India,"New Wanderers Stadium, Johannesburg",India,field,Australia,Unknown,359,234,2,10
ODI,2023-10-12,South Africa,Australia,"Bharat Ratna Shri Atal Bihari Vajpayee Ekana Cricket Stadium, Lucknow",Australia,field,South Africa,Unknown,311,177,7,10
ODI,2004-01-09,Australia,India,Melbourne Cricket Ground,Australia,bat,Australia,Unknown,288,270,10,10
ODI,2026-04-20,New Zealand,Bangladesh,"Shere Bangla National Stadium, Mirpur",New Zealand,bat,Bangladesh,Unknown,198,199,10,5
ODI,2016-10-05,South Africa,Australia,Kingsmead,Australia,bat,South Africa,Unknown,372,371,6,6
ODI,2017-01-19,Australia,Pakistan,Western Australia Cricket Association Ground,Australia,field,Australia,Unknown,265,263,3,7
ODI,2024-12-08,Bangladesh,West Indies,"Warner Park, Basseterre, St Kitts",Bangladesh,bat,West Indies,Unknown,294,295,6,5
ODI,2015-07-22,Sri Lanka,Pakistan,R Premadasa Stadium,Sri Lanka,bat,Pakistan,Unknown,256,257,9,3
ODI,2010-01-26,Australia,Pakistan,Adelaide Oval,Australia,bat,Australia,Unknown,286,246,6,10
ODI,2009-11-05,Bangladesh,Zimbabwe,Zohur Ahmed Chowdhury Stadium,Bangladesh,field,Bangladesh,Unknown,222,221,9,9
ODI,2003-03-11,Australia,New Zealand,"St George's Park, Port Elizabeth",New Zealand,field,Australia,Unknown,208,112,9,10
ODI,2018-09-15,Bangladesh,Sri Lanka,Dubai International Cricket Stadium,Bangladesh,bat,Bangladesh,Unknown,261,124,10,10
ODI,2003-02-19,India,Zimbabwe,Harare Sports Club,Zimbabwe,field,India,Unknown,255,172,7,10
ODI,2011-07-03,England,Sri Lanka,Lord's,England,bat,Sri Lanka,Unknown,246,249,7,4
ODI,2019-07-07,Ireland,Zimbabwe,"Civil Service Cricket Club, Stormont",Zimbabwe,bat,Ireland,Unknown,191,190,4,10
ODI,2022-09-11,Australia,New Zealand,"Cazaly's Stadium, Cairns",New Zealand,field,Australia,Unknown,267,242,5,10
ODI,2019-07-05,Bangladesh,Pakistan,Lord's,Pakistan,bat,Pakistan,Unknown,221,315,10,9
ODI,2008-01-25,South Africa,West Indies,Newlands,South Africa,bat,South Africa,Unknown,255,169,9,10
ODI,2003-06-17,England,Pakistan,"Old Trafford, Manchester",England,bat,Pakistan,Unknown,204,208,9,8
ODI,2008-02-15,New Zealand,England,Eden Park,England,field,England,Unknown,234,229,9,4
ODI,2024-03-03,United Arab Emirates,Scotland,Dubai International Cricket Stadium,Scotland,field,Scotland,Unknown,132,137,10,2
ODI,2025-08-12,West Indies,Pakistan,"Brian Lara Stadium, Tarouba, Trinidad",Pakistan,field,West Indies,Unknown,294,92,6,10
ODI,2015-03-04,Pakistan,United Arab Emirates,McLean Park,United Arab Emirates,field,Pakistan,Unknown,339,210,6,8
ODI,2022-08-21,Pakistan,Netherlands,"Hazelaarweg, Rotterdam",Pakistan,bat,Pakistan,Unknown,206,197,10,10
ODI,2002-06-29,England,India,"Lord's, London",England,bat,India,Unknown,271,272,7,4
ODI,2019-12-22,India,West Indies,Barabati Stadium,India,field,India,Unknown,316,315,6,5
ODI,2017-02-25,New Zealand,South Africa,Westpac Stadium,South Africa,bat,South Africa,Unknown,112,271,10,8
ODI,2021-09-13,Zimbabwe,Ireland,"Civil Service Cricket Club, Stormont, Belfast",Ireland,field,Ireland,Unknown,131,118,10,3
ODI,2026-04-17,New Zealand,Bangladesh,"Shere Bangla National Stadium, Mirpur",New Zealand,bat,New Zealand,Unknown,247,221,8,10
ODI,2017-04-01,Sri Lanka,Bangladesh,Sinhalese Sports Club Ground,Bangladesh,field,Sri Lanka,Unknown,280,210,9,10
ODI,2020-11-01,Zimbabwe,Pakistan,Rawalpindi Cricket Stadium,Zimbabwe,bat,Pakistan,Unknown,206,208,10,4
ODI,2020-08-04,England,Ireland,The Rose Bowl,Ireland,field,Ireland,Unknown,328,329,10,3
ODI,2023-12-21,India,South Africa,"Boland Park, Paarl",South Africa,field,India,Unknown,296,218,8,10
ODI,2003-03-07,Kenya,India,"Newlands, Cape Town",Kenya,bat,India,Unknown,225,226,6,4
ODI,2003-11-18,England,Sri Lanka,Rangiri Dambulla International Stadium,England,bat,Sri Lanka,Unknown,88,89,10,0
ODI,2022-11-22,Australia,England,Melbourne Cricket Ground,England,field,Australia,Unknown,355,142,5,10
ODI,2018-11-09,Australia,South Africa,Adelaide Oval,South Africa,field,Australia,Unknown,231,224,10,9
ODI,2021-01-20,West Indies,Bangladesh,Shere Bangla National Stadium,Bangladesh,field,Bangladesh,Unknown,122,125,10,4
ODI,2018-10-26,Zimbabwe,Bangladesh,Zahur Ahmed Chowdhury Stadium,Bangladesh,field,Bangladesh,Unknown,286,288,5,3
ODI,2013-06-15,India,Pakistan,Edgbaston,India,field,India,Unknown,102,165,2,10
ODI,2009-09-20,England,Australia,Riverside Ground,England,field,England,Unknown,177,176,6,10
ODI,2009-03-22,West Indies,England,Providence Stadium,West Indies,bat,West Indies,Unknown,264,243,8,10
ODI,2010-06-21,Bangladesh,Pakistan,Rangiri Dambulla International Stadium,Pakistan,bat,Pakistan,Unknown,246,385,5,7
ODI,2026-03-15,Bangladesh,Pakistan,"Shere Bangla National Stadium, Mirpur",Pakistan,field,Bangladesh,Unknown,290,279,5,10
ODI,2003-01-04,India,New Zealand,"Davies Park, Queenstown",New Zealand,field,New Zealand,Unknown,122,123,10,3
ODI,2018-12-09,Bangladesh,West Indies,"Shere Bangla National Stadium, Mirpur",West Indies,bat,Bangladesh,Unknown,196,195,5,9
ODI,2020-01-09,Namibia,United Arab Emirates,Al Amerat Cricket Ground Oman Cricket (Ministry Turf 1),Namibia,bat,United Arab Emirates,Unknown,94,95,10,2
ODI,2025-11-16,New Zealand,West Indies,"Hagley Oval, Christchurch",West Indies,field,New Zealand,Unknown,269,262,7,6
ODI,2025-09-02,Namibia,Canada,"Maple Leaf North-West Ground, King City",Canada,field,Namibia,Unknown,261,237,8,10
ODI,2023-09-09,Australia,South Africa,"Mangaung Oval, Bloemfontein",South Africa,field,Australia,Unknown,392,269,8,10
ODI,2024-11-10,Australia,Pakistan,Perth Stadium,Pakistan,field,Pakistan,Unknown,140,143,10,2
ODI,2015-02-26,Bangladesh,Sri Lanka,Melbourne Cricket Ground,Sri Lanka,bat,Sri Lanka,Unknown,240,332,10,1
ODI,2014-01-19,Australia,England,Sydney Cricket Ground,England,bat,Australia,Unknown,244,243,3,9
ODI,2022-03-15,Papua New Guinea,United Arab Emirates,Sharjah Cricket Stadium,Papua New Guinea,bat,United Arab Emirates,Unknown,176,179,8,3
ODI,2023-10-29,India,England,"Bharat Ratna Shri Atal Bihari Vajpayee Ekana Cricket Stadium, Lucknow",England,field,India,Unknown,229,129,9,10
ODI,2003-05-30,Australia,West Indies,"Queen's Park (New), St George's, Grenada",Australia,bat,West Indies,Unknown,252,254,10,7
ODI,2016-06-03,West Indies,South Africa,Providence Stadium,South Africa,bat,West Indies,Unknown,191,188,6,10
ODI,2022-07-12,England,India,"Kennington Oval, London",India,field,India,Unknown,110,114,10,0
ODI,2005-06-25,Bangladesh,Australia,Old Trafford,Australia,field,Australia,Unknown,139,140,10,0
ODI,2011-01-30,Australia,England,"Brisbane Cricket Ground, Woolloongabba",Australia,bat,Australia,Unknown,249,198,10,10
ODI,2023-03-21,West Indies,South Africa,"Senwes Park, Potchefstroom",South Africa,field,South Africa,Unknown,260,264,10,6
ODI,2018-10-24,India,West Indies,Dr. Y.S. Rajasekhara Reddy ACA-VDCA Cricket Stadium,India,bat,tie,tie,321,321,6,7
ODI,2026-05-05,Nepal,Oman,"Tribhuvan University International Cricket Ground, Kirtipur",Nepal,bat,Nepal,Unknown,256,175,10,10
ODI,2021-07-16,Bangladesh,Zimbabwe,Harare Sports Club,Zimbabwe,field,Bangladesh,Unknown,276,121,9,9
ODI,2012-02-21,England,Pakistan,Dubai International Cricket Stadium,Pakistan,bat,England,Unknown,241,237,6,10
ODI,2009-09-27,South Africa,England,SuperSport Park,England,bat,England,Unknown,301,323,9,8
ODI,2022-02-08,Oman,United Arab Emirates,Al Amerat Cricket Ground Oman Cricket (Ministry Turf 1),United Arab Emirates,field,tie,tie,214,214,10,10
ODI,2021-10-01,Papua New Guinea,Oman,Al Amerat Cricket Ground Oman Cricket (Ministry Turf 1),Papua New Guinea,bat,Oman,Unknown,150,151,10,7
ODI,2008-02-23,New Zealand,England,AMI Stadium,New Zealand,field,New Zealand,Unknown,213,242,6,7
ODI,2009-07-31,West Indies,Bangladesh,"Warner Park, Basseterre",West Indies,bat,Bangladesh,Unknown,248,249,10,7
ODI,2022-07-16,West Indies,Bangladesh,"Providence Stadium, Guyana",Bangladesh,field,Bangladesh,Unknown,178,179,10,6
ODI,2003-07-03,England,South Africa,"Old Trafford, Manchester",England,bat,South Africa,Unknown,223,227,7,3
ODI,2014-01-31,New Zealand,India,Westpac Stadium,India,field,New Zealand,Unknown,303,216,5,10
ODI,2007-02-17,India,Sri Lanka,Andhra Cricket Association-Visakhapatnam District Cricket Association Stadium,India,field,India,Unknown,263,259,3,7
ODI,2022-07-10,West Indies,Bangladesh,"Providence Stadium, Guyana",Bangladesh,field,Bangladesh,Unknown,149,151,9,4
ODI,2011-03-03,Netherlands,South Africa,"Punjab Cricket Association Stadium, Mohali",Netherlands,field,South Africa,Unknown,120,351,10,5
ODI,2017-06-07,Pakistan,South Africa,Edgbaston,South Africa,bat,Pakistan,Unknown,119,219,3,8
ODI,2007-01-14,Australia,New Zealand,Bellerive Oval,Australia,bat,Australia,Unknown,289,184,8,10
ODI,2012-03-20,West Indies,Australia,"Arnos Vale Ground, Kingstown",Australia,bat,tie,tie,220,220,10,10
ODI,2012-06-18,Sri Lanka,Pakistan,R Premadasa Stadium,Pakistan,bat,Sri Lanka,Unknown,248,247,8,7
ODI,2009-12-24,India,Sri Lanka,Eden Gardens,Sri Lanka,bat,India,Unknown,317,315,3,6
ODI,2015-08-27,Ireland,Australia,"Civil Service Cricket Club, Stormont",Australia,bat,Australia,Unknown,157,222,10,6
ODI,2023-09-12,India,Sri Lanka,"R Premadasa Stadium, Colombo",India,bat,India,Unknown,213,172,10,10
ODI,2010-10-29,Pakistan,South Africa,Sheikh Zayed Stadium,Pakistan,bat,South Africa,Unknown,203,207,10,4
ODI,2022-08-10,Bangladesh,Zimbabwe,Harare Sports Club,Zimbabwe,field,Bangladesh,Unknown,256,151,9,10
ODI,2007-08-24,England,India,County Ground,India,bat,India,Unknown,320,329,8,7
ODI,2003-05-23,Pakistan,New Zealand,Rangiri Dambulla International Stadium,Pakistan,bat,New Zealand,Unknown,198,200,10,6
ODI,2008-06-29,Canada,Bermuda,Maple Leaf North-West Ground,Canada,field,Bermuda,Unknown,184,201,10,8
ODI,2024-02-06,West Indies,Australia,"Manuka Oval, Canberra",Australia,field,Australia,Unknown,86,87,10,2
ODI,2003-01-25,Australia,England,Melbourne Cricket Ground,Australia,bat,Australia,Unknown,229,224,8,10
ODI,2016-08-24,Sri Lanka,Australia,R Premadasa Stadium,Sri Lanka,bat,Sri Lanka,Unknown,288,206,10,10
ODI,2019-03-02,India,Australia,"Rajiv Gandhi International Stadium, Uppal",Australia,bat,India,Unknown,240,236,4,7
ODI,2008-08-26,England,South Africa,Trent Bridge,South Africa,bat,England,Unknown,85,83,0,10
ODI,2017-10-15,Bangladesh,South Africa,Diamond Oval,Bangladesh,bat,South Africa,Unknown,278,282,7,0
ODI,2022-06-02,Netherlands,West Indies,"VRA Ground, Amstelveen",Netherlands,bat,West Indies,Unknown,214,217,10,5
ODI,2019-01-28,New Zealand,India,Bay Oval,New Zealand,bat,India,Unknown,243,245,10,3
ODI,2018-03-07,England,New Zealand,University Oval,New Zealand,field,New Zealand,Unknown,335,339,9,5
ODI,2023-12-03,England,West Indies,"Sir Vivian Richards Stadium, North Sound, Antigua",England,bat,West Indies,Unknown,325,326,10,6
ODI,2006-09-10,England,Pakistan,Edgbaston,England,field,England,Unknown,155,154,7,9
ODI,2020-02-26,Sri Lanka,West Indies,"Mahinda Rajapaksa International Cricket Stadium, Sooriyawewa",West Indies,field,Sri Lanka,Unknown,345,184,8,10
ODI,2018-02-13,India,South Africa,St George's Park,South Africa,field,India,Unknown,274,201,7,10
ODI,2022-03-31,Australia,Pakistan,"Gaddafi Stadium, Lahore",Pakistan,field,Pakistan,Unknown,348,349,8,4
ODI,2011-03-06,India,Ireland,M Chinnaswamy Stadium,India,field,India,Unknown,210,207,5,10
ODI,2009-03-14,New Zealand,India,Eden Park,India,bat,New Zealand,Unknown,151,149,2,10
ODI,2023-10-19,Bangladesh,India,"Maharashtra Cricket Association Stadium, Pune",Bangladesh,bat,India,Unknown,256,261,8,3
ODI,2019-01-18,Australia,India,Melbourne Cricket Ground,India,field,India,Unknown,230,234,10,3
ODI,2007-01-31,India,West Indies,Indian Petrochemicals Corporation Limited Sports Complex Ground,West Indies,field,India,Unknown,341,181,3,10
ODI,2026-03-11,Pakistan,Bangladesh,"Shere Bangla National Stadium, Mirpur",Bangladesh,field,Bangladesh,Unknown,114,115,10,2
ODI,2003-02-26,Bangladesh,New Zealand,"De Beers Diamond Oval, Kimberley",Bangladesh,bat,New Zealand,Unknown,198,199,7,3
ODI,2011-08-21,Zimbabwe,Bangladesh,Queens Sports Club,Zimbabwe,field,Bangladesh,Unknown,160,253,9,6
ODI,2016-11-23,Sri Lanka,West Indies,Queens Sports Club,West Indies,field,Sri Lanka,Unknown,330,329,7,9
ODI,2015-11-11,England,Pakistan,Sheikh Zayed Stadium,England,bat,Pakistan,Unknown,216,217,10,4
ODI,2022-01-21,India,South Africa,"Boland Park, Paarl",India,bat,South Africa,Unknown,287,288,6,3
ODI,2009-06-26,West Indies,India,"Sabina Park, Kingston",India,bat,India,Unknown,319,339,10,6
ODI,2005-04-17,Pakistan,India,Arun Jaitley Stadium,Pakistan,bat,Pakistan,Unknown,303,144,8,10
ODI,2016-02-03,New Zealand,Australia,Eden Park,Australia,field,New Zealand,Unknown,307,148,8,10
ODI,2025-02-14,United States of America,Namibia,Al Amerat Cricket Ground Oman Cricket (Ministry Turf 1),Namibia,field,United States of America,Unknown,268,198,9,10
ODI,2007-04-20,Australia,New Zealand,"National Cricket Stadium, St George's",Australia,bat,Australia,Unknown,348,133,6,10
ODI,2022-07-22,England,South Africa,"Old Trafford, Manchester",South Africa,field,England,Unknown,201,83,10,10
ODI,2007-02-14,South Africa,Pakistan,New Wanderers Stadium,Pakistan,bat,South Africa,Unknown,156,153,1,10
ODI,2013-01-03,India,Pakistan,Eden Gardens,India,field,Pakistan,Unknown,165,250,10,10
ODI,2007-03-16,England,New Zealand,"Beausejour Stadium, Gros Islet",New Zealand,field,New Zealand,Unknown,209,210,7,4
ODI,2014-09-12,Ireland,Scotland,"The Village, Malahide",Scotland,field,Scotland,Unknown,241,243,9,2
ODI,2005-11-06,New Zealand,South Africa,SuperSport Park,South Africa,field,South Africa,Unknown,215,140,10,5
ODI,2022-02-05,Oman,United Arab Emirates,Al Amerat Cricket Ground Oman Cricket (Ministry Turf 1),United Arab Emirates,field,United Arab Emirates,Unknown,307,308,9,6
ODI,2023-01-18,Ireland,Zimbabwe,Harare Sports Club,Zimbabwe,field,Zimbabwe,Unknown,288,214,5,7
ODI,2005-12-21,England,Pakistan,Rawalpindi Cricket Stadium,England,bat,England,Unknown,206,200,9,9
ODI,2009-10-03,New Zealand,Pakistan,New Wanderers Stadium,Pakistan,bat,New Zealand,Unknown,234,233,5,9
ODI,2015-07-15,Sri Lanka,Pakistan,Pallekele International Cricket Stadium,Pakistan,bat,Sri Lanka,Unknown,288,287,8,8
ODI,2011-03-03,Canada,Pakistan,R Premadasa Stadium,Pakistan,bat,Pakistan,Unknown,138,184,10,10
ODI,2007-12-31,New Zealand,Bangladesh,Queenstown Events Centre,New Zealand,field,New Zealand,Unknown,95,93,0,10
ODI,2007-10-27,Kenya,Bermuda,Gymkhana Club Ground,Bermuda,bat,Kenya,Unknown,187,183,7,9
ODI,2023-11-06,Sri Lanka,Bangladesh,"Arun Jaitley Stadium, Delhi",Bangladesh,field,Bangladesh,Unknown,279,282,10,7
ODI,2015-01-25,New Zealand,Sri Lanka,University Oval,New Zealand,bat,New Zealand,Unknown,315,195,8,10
ODI,2018-01-26,England,Australia,Adelaide Oval,Australia,field,Australia,Unknown,196,197,10,7
ODI,2017-05-24,Bangladesh,New Zealand,Clontarf Cricket Club Ground,Bangladesh,field,Bangladesh,Unknown,271,270,5,8
ODI,2012-02-15,England,Pakistan,Sheikh Zayed Stadium,England,bat,England,Unknown,250,230,4,10
ODI,2016-06-19,Australia,South Africa,"Kensington Oval, Bridgetown",Australia,field,no result,no result,0,8,0,0
ODI,2013-06-16,England,New Zealand,Sophia Gardens,New Zealand,field,England,Unknown,169,159,10,8
ODI,2014-01-28,Canada,Netherlands,Bay Oval,Canada,bat,Netherlands,Unknown,210,212,10,2
ODI,2023-10-16,Sri Lanka,Australia,"Bharat Ratna Shri Atal Bihari Vajpayee Ekana Cricket Stadium, Lucknow",Sri Lanka,bat,Australia,Unknown,209,215,10,5
ODI,2019-01-15,Australia,India,Adelaide Oval,Australia,bat,India,Unknown,298,299,9,4
ODI,2020-02-11,Oman,United States of America,Tribhuvan University International Cricket Ground,United States of America,field,Oman,Unknown,276,184,6,10
ODI,2026-06-12,Canada,United States of America,"Maple Leaf North-West Ground, King City",United States of America,field,United States of America,Unknown,275,276,8,5
ODI,2017-03-25,Sri Lanka,Bangladesh,Rangiri Dambulla International Stadium,Sri Lanka,field,Bangladesh,Unknown,234,324,10,5
ODI,2005-07-31,West Indies,India,Rangiri Dambulla International Stadium,West Indies,bat,India,Unknown,178,180,10,4
ODI,2021-09-08,Zimbabwe,Ireland,"Civil Service Cricket Club, Stormont, Belfast",Ireland,field,Zimbabwe,Unknown,266,228,7,10
ODI,2007-08-21,England,India,The Rose Bowl,India,field,England,Unknown,288,184,2,10
ODI,2009-02-01,Australia,New Zealand,Western Australia Cricket Association Ground,Australia,bat,New Zealand,Unknown,181,182,10,8
ODI,2024-12-22,Pakistan,South Africa,"The Wanderers Stadium, Johannesburg",South Africa,field,Pakistan,Unknown,308,271,9,10
ODI,2019-02-20,New Zealand,Bangladesh,University Oval,Bangladesh,field,New Zealand,Unknown,330,242,6,10
ODI,2003-02-19,England,Namibia,"St George's Park, Port Elizabeth",Namibia,field,England,Unknown,272,217,10,9
ODI,2003-10-03,Pakistan,South Africa,"Gaddafi Stadium, Lahore",Pakistan,bat,Pakistan,Unknown,277,269,6,6
ODI,2017-09-17,India,Australia,"MA Chidambaram Stadium, Chepauk",India,bat,India,Unknown,281,137,7,9
ODI,2024-09-20,Namibia,United Arab Emirates,"United Cricket Club Ground, Windhoek",United Arab Emirates,field,United Arab Emirates,Unknown,313,316,10,9
ODI,2023-11-09,Sri Lanka,New Zealand,"M Chinnaswamy Stadium, Bengaluru",New Zealand,field,New Zealand,Unknown,171,172,10,5
ODI,2018-01-15,Zimbabwe,Bangladesh,"Shere Bangla National Stadium, Mirpur",Bangladesh,field,Bangladesh,Unknown,170,171,10,2
ODI,2015-11-07,Sri Lanka,West Indies,Pallekele International Cricket Stadium,Sri Lanka,field,Sri Lanka,Unknown,180,206,5,9
ODI,2003-03-04,Pakistan,Zimbabwe,"Queens Sports Club, Bulawayo",Pakistan,bat,no result,no result,73,0,3,0
ODI,2023-04-02,South Africa,Netherlands,"The Wanderers Stadium, Johannesburg",Netherlands,field,South Africa,Unknown,370,224,8,10
ODI,2010-12-01,Bangladesh,Zimbabwe,Shere Bangla National Stadium,Bangladesh,field,Zimbabwe,Unknown,200,209,10,10
ODI,2007-04-08,Australia,England,"Sir Vivian Richards Stadium, North Sound",England,bat,Australia,Unknown,248,247,3,10
ODI,2024-10-25,United States of America,Scotland,"Grand Prairie Stadium, Dallas",Scotland,field,Scotland,Unknown,144,145,10,0
ODI,2018-07-12,England,India,Trent Bridge,India,field,India,Unknown,268,269,10,2
ODI,2021-03-26,New Zealand,Bangladesh,Basin Reserve,New Zealand,bat,New Zealand,Unknown,318,154,6,10
ODI,2019-08-08,West Indies,India,"Providence Stadium, Guyana",India,field,no result,no result,54,0,1,0
ODI,2002-12-29,New Zealand,India,"McLean Park, Napier",India,field,New Zealand,Unknown,254,219,9,10
ODI,2003-02-25,Pakistan,Netherlands,"Boland Bank Park, Paarl",Netherlands,field,Pakistan,Unknown,253,156,9,10
ODI,2016-08-30,England,Pakistan,Trent Bridge,England,bat,England,Unknown,444,275,3,10
ODI,2011-03-30,India,Pakistan,"Punjab Cricket Association Stadium, Mohali",India,bat,India,Unknown,260,231,9,10
ODI,2026-01-18,New Zealand,India,"Holkar Cricket Stadium, Indore",India,field,New Zealand,Unknown,337,296,8,10
ODI,2008-11-14,Pakistan,West Indies,Sheikh Zayed Stadium,Pakistan,bat,Pakistan,Unknown,232,208,10,10
ODI,2017-09-24,Australia,India,Holkar Cricket Stadium,Australia,bat,India,Unknown,293,294,6,5
ODI,2011-01-22,New Zealand,Pakistan,Westpac Stadium,Pakistan,bat,New Zealand,Unknown,125,124,1,10
ODI,2024-01-11,Zimbabwe,Sri Lanka,"R Premadasa Stadium, Colombo",Zimbabwe,bat,Sri Lanka,Unknown,96,97,10,2
ODI,2008-08-25,Ireland,Kenya,"Civil Service Cricket Club, Stormont",Kenya,field,no result,no result,18,0,2,0
ODI,2022-07-12,Ireland,New Zealand,"The Village, Malahide, Dublin",New Zealand,field,New Zealand,Unknown,216,219,10,7
ODI,2025-10-19,India,Australia,Perth Stadium,Australia,field,Australia,Unknown,136,131,9,3
ODI,2019-12-18,India,West Indies,Dr. Y.S. Rajasekhara Reddy ACA-VDCA Cricket Stadium,West Indies,field,India,Unknown,387,280,5,10
ODI,2003-06-07,Sri Lanka,West Indies,"Kensington Oval, Bridgetown, Barbados",West Indies,field,Sri Lanka,Unknown,201,146,10,10
ODI,2003-03-10,India,Sri Lanka,"New Wanderers Stadium, Johannesburg",Sri Lanka,field,India,Unknown,292,109,6,10
ODI,2010-12-04,India,New Zealand,Reliance Stadium,India,field,India,Unknown,229,224,1,9
ODI,2014-10-17,India,West Indies,Himachal Pradesh Cricket Association Stadium,West Indies,field,India,Unknown,330,271,6,10
ODI,2017-10-18,Sri Lanka,Pakistan,Sheikh Zayed Stadium,Sri Lanka,bat,Pakistan,Unknown,208,209,10,3
ODI,2013-07-02,India,Sri Lanka,"Sabina Park, Kingston",India,field,Sri Lanka,Unknown,187,348,10,1
ODI,2019-09-17,United States of America,Namibia,Central Broward Regional Park Stadium Turf Ground,Namibia,bat,United States of America,Unknown,122,121,5,10
ODI,2008-02-12,New Zealand,England,Seddon Park,New Zealand,field,New Zealand,Unknown,165,158,0,10
ODI,2024-12-19,Pakistan,South Africa,"Newlands, Cape Town",South Africa,field,Pakistan,Unknown,329,248,10,10
ODI,2023-06-25,Sri Lanka,Ireland,"Queens Sports Club, Bulawayo",Ireland,field,Sri Lanka,Unknown,325,192,10,10
ODI,2007-10-18,Kenya,Canada,Gymkhana Club Ground,Kenya,field,Kenya,Unknown,233,230,6,10
ODI,2012-02-18,England,Pakistan,Dubai International Cricket Stadium,Pakistan,bat,England,Unknown,226,222,1,10
ODI,2026-09-08,United Arab Emirates,Oman,"YSD-UKM Cricket Oval, Bangi",Oman,field,United Arab Emirates,Unknown,192,143,10,10
ODI,2011-09-11,Zimbabwe,Pakistan,Harare Sports Club,Zimbabwe,bat,Pakistan,Unknown,225,228,6,0
ODI,2014-08-25,Zimbabwe,Australia,Harare Sports Club,Zimbabwe,field,Australia,Unknown,152,350,10,6
ODI,2022-08-18,Netherlands,Pakistan,"Hazelaarweg, Rotterdam",Netherlands,bat,Pakistan,Unknown,186,191,10,3
ODI,2004-08-28,South Africa,Sri Lanka,Rangiri Dambulla International Stadium,Sri Lanka,field,Sri Lanka,Unknown,235,236,7,3
ODI,2017-09-21,India,Australia,Eden Gardens,India,bat,India,Unknown,252,202,10,10
ODI,2009-11-03,New Zealand,Pakistan,Sheikh Zayed Stadium,Pakistan,bat,Pakistan,Unknown,149,287,10,9
ODI,2015-06-18,Bangladesh,India,Shere Bangla National Stadium,Bangladesh,bat,Bangladesh,Unknown,307,228,10,10
ODI,2016-09-30,South Africa,Australia,SuperSport Park,South Africa,field,South Africa,Unknown,295,294,4,9
ODI,2005-06-28,Australia,England,Edgbaston,Australia,bat,no result,no result,261,37,9,1
ODI,2005-01-21,West Indies,Australia,"Brisbane Cricket Ground, Woolloongabba",West Indies,bat,no result,no result,263,43,9,5
ODI,2006-01-31,South Africa,Sri Lanka,Western Australia Cricket Association Ground,Sri Lanka,bat,South Africa,Unknown,224,221,5,10
ODI,2021-09-10,Nepal,Papua New Guinea,Al Amerat Cricket Ground Oman Cricket (Ministry Turf 1),Nepal,bat,Nepal,Unknown,233,82,10,10
ODI,2013-02-03,Australia,West Indies,Western Australia Cricket Association Ground,West Indies,field,Australia,Unknown,266,212,7,10
ODI,2007-08-22,Zimbabwe,South Africa,Queens Sports Club,Zimbabwe,bat,South Africa,Unknown,206,210,10,5
ODI,2017-12-20,West Indies,New Zealand,Cobham Oval (New),New Zealand,field,New Zealand,Unknown,248,249,9,5
ODI,2018-03-18,Ireland,Scotland,Harare Sports Club,Scotland,field,Ireland,Unknown,271,246,9,10
ODI,2016-10-12,Bangladesh,England,Zahur Ahmed Chowdhury Stadium,England,field,England,Unknown,277,278,6,6
ODI,2019-06-21,Netherlands,Zimbabwe,Sportpark Het Schootsveld,Zimbabwe,bat,Netherlands,Unknown,291,290,7,6
ODI,2014-09-05,England,India,Headingley,India,field,England,Unknown,294,253,7,10
ODI,2014-02-28,India,Sri Lanka,Khan Shaheb Osman Ali Stadium,Sri Lanka,field,Sri Lanka,Unknown,264,265,9,8
ODI,2008-02-15,Australia,Sri Lanka,Western Australia Cricket Association Ground,Australia,bat,Australia,Unknown,236,173,10,10
ODI,2007-02-08,India,Sri Lanka,Eden Gardens,India,field,no result,no result,0,102,0,3
ODI,2014-02-22,Bangladesh,Sri Lanka,Shere Bangla National Stadium,Sri Lanka,field,Sri Lanka,Unknown,240,246,8,4
ODI,2015-11-04,Sri Lanka,West Indies,R Premadasa Stadium,West Indies,bat,Sri Lanka,Unknown,225,214,2,10
ODI,2012-02-24,Australia,Sri Lanka,Bellerive Oval,Australia,bat,Sri Lanka,Unknown,280,283,6,7
ODI,2018-02-10,India,South Africa,The Wanderers Stadium,India,bat,South Africa,Unknown,289,207,7,5
ODI,2021-03-23,India,England,Maharashtra Cricket Association Stadium,England,field,India,Unknown,317,251,5,10
ODI,2016-10-02,Pakistan,West Indies,Sharjah Cricket Stadium,Pakistan,bat,Pakistan,Unknown,337,278,5,7
ODI,2018-09-16,Hong Kong,Pakistan,Dubai International Cricket Stadium,Hong Kong,bat,Pakistan,Unknown,116,120,10,2
ODI,2011-02-23,Kenya,Pakistan,"Mahinda Rajapaksa International Cricket Stadium, Sooriyawewa",Pakistan,bat,Pakistan,Unknown,112,317,10,7
ODI,2024-11-13,Sri Lanka,New Zealand,Rangiri Dambulla International Stadium,Sri Lanka,bat,Sri Lanka,Unknown,324,175,5,9
ODI,2014-11-13,India,Sri Lanka,Eden Gardens,India,bat,India,Unknown,404,251,5,10
ODI,2014-11-26,Sri Lanka,England,R Premadasa Stadium,England,field,Sri Lanka,Unknown,317,292,6,10
ODI,2013-10-13,India,Australia,Maharashtra Cricket Association Stadium,Australia,bat,Australia,Unknown,232,304,10,8
ODI,2018-02-04,South Africa,India,SuperSport Park,India,field,India,Unknown,118,119,10,1
ODI,2019-01-28,United Arab Emirates,Nepal,ICC Academy,Nepal,field,Nepal,Unknown,254,255,6,6
ODI,2018-02-25,England,New Zealand,Seddon Park,New Zealand,field,New Zealand,Unknown,284,287,8,7
ODI,2024-09-26,Oman,Canada,"Maple Leaf North-West Ground, King City",Canada,field,Canada,Unknown,198,199,8,5
ODI,2004-03-19,India,Pakistan,Arbab Niaz Stadium,Pakistan,field,Pakistan,Unknown,244,247,9,6
ODI,2024-11-19,New Zealand,Sri Lanka,Pallekele International Cricket Stadium,New Zealand,bat,no result,no result,112,0,1,0
ODI,2003-02-10,Zimbabwe,Namibia,Harare Sports Club,Namibia,field,Zimbabwe,Unknown,340,104,2,5
ODI,2005-01-19,West Indies,Pakistan,"Brisbane Cricket Ground, Woolloongabba",Pakistan,field,Pakistan,Unknown,273,274,5,4
ODI,2025-10-25,Australia,India,Sydney Cricket Ground,Australia,bat,India,Unknown,236,237,10,1
ODI,2019-12-15,India,West Indies,"MA Chidambaram Stadium, Chepauk",West Indies,field,West Indies,Unknown,287,291,8,2
ODI,2015-03-01,England,Sri Lanka,Westpac Stadium,England,bat,Sri Lanka,Unknown,309,312,6,1
ODI,2025-05-19,Oman,Canada,"Central Broward Regional Park Stadium Turf Ground, Lauderhill",Oman,bat,Oman,Unknown,217,202,6,10
ODI,2010-07-12,England,Bangladesh,Edgbaston,Bangladesh,field,England,Unknown,347,203,7,10
ODI,2009-05-26,England,West Indies,Edgbaston,West Indies,field,England,Unknown,328,270,7,10
ODI,2022-11-19,Papua New Guinea,Namibia,"Wanderers Cricket Ground, Windhoek",Namibia,field,Namibia,Unknown,107,108,10,2
ODI,2018-09-18,India,Hong Kong,Dubai International Cricket Stadium,Hong Kong,field,India,Unknown,285,259,7,8
ODI,2014-09-06,Australia,South Africa,Harare Sports Club,South Africa,field,South Africa,Unknown,217,221,9,4
ODI,2011-01-16,Australia,England,Melbourne Cricket Ground,England,bat,Australia,Unknown,297,294,4,10
ODI,2025-05-25,United States of America,Canada,"Central Broward Regional Park Stadium Turf Ground, Lauderhill",United States of America,bat,United States of America,Unknown,286,198,9,10
ODI,2007-03-29,West Indies,New Zealand,"Sir Vivian Richards Stadium, North Sound",New Zealand,field,New Zealand,Unknown,177,179,10,3
ODI,2012-06-13,Sri Lanka,Pakistan,R Premadasa Stadium,Pakistan,bat,no result,no result,0,12,0,2
ODI,2021-04-07,Pakistan,South Africa,"SuperSport Park, Centurion",South Africa,field,Pakistan,Unknown,320,292,7,10
ODI,2024-07-20,Scotland,Namibia,"Forthill, Dundee",Namibia,field,Scotland,Unknown,290,235,9,9
ODI,2013-06-08,England,Australia,Edgbaston,England,bat,England,Unknown,269,221,6,9
ODI,2018-06-19,England,Australia,Trent Bridge,Australia,field,England,Unknown,481,239,6,10
ODI,2003-10-07,Pakistan,South Africa,"Iqbal Stadium, Faisalabad",Pakistan,bat,South Africa,Unknown,243,221,8,6
ODI,2016-08-31,Sri Lanka,Australia,Rangiri Dambulla International Stadium,Sri Lanka,bat,Australia,Unknown,212,217,10,4
ODI,2008-06-24,West Indies,Australia,"Arnos Vale Ground, Kingstown",West Indies,field,Australia,Unknown,189,273,10,8
ODI,2010-03-13,New Zealand,Australia,Westpac Stadium,Australia,field,New Zealand,Unknown,241,190,9,10
ODI,2013-02-20,New Zealand,England,McLean Park,England,field,England,Unknown,269,270,10,2
ODI,2019-03-02,West Indies,England,"Darren Sammy National Cricket Stadium, St Lucia",West Indies,field,West Indies,Unknown,115,113,3,10
ODI,2014-01-30,Kenya,Scotland,Hagley Oval,Kenya,bat,Scotland,Unknown,260,261,10,7
ODI,2018-03-12,Zimbabwe,Scotland,Queens Sports Club,Zimbabwe,bat,tie,tie,210,210,10,10
ODI,2006-08-30,England,Pakistan,Sophia Gardens,Pakistan,field,no result,no result,202,46,10,1
ODI,2007-08-30,England,India,Old Trafford,India,bat,England,Unknown,213,212,7,10
ODI,2008-08-27,Sri Lanka,India,R Premadasa Stadium,India,bat,India,Unknown,212,258,10,10
ODI,2023-09-10,England,New Zealand,"The Rose Bowl, Southampton",New Zealand,field,England,Unknown,226,147,7,10
ODI,2026-04-23,Bangladesh,New Zealand,"Bir Sreshtho Flight Lieutenant Matiur Rahman Stadium, Chattogram",New Zealand,field,Bangladesh,Unknown,265,210,8,10
ODI,2010-08-10,India,New Zealand,Rangiri Dambulla International Stadium,New Zealand,bat,New Zealand,Unknown,88,288,10,10
ODI,2004-01-03,Pakistan,New Zealand,Eden Park,New Zealand,field,New Zealand,Unknown,229,230,7,6
ODI,2012-02-21,India,Sri Lanka,"Brisbane Cricket Ground, Woolloongabba",Sri Lanka,bat,Sri Lanka,Unknown,238,289,10,6
ODI,2026-01-22,Sri Lanka,England,"R Premadasa Stadium, Colombo",Sri Lanka,bat,Sri Lanka,Unknown,271,252,6,10
ODI,2014-11-14,Australia,South Africa,Western Australia Cricket Association Ground,South Africa,field,Australia,Unknown,300,268,8,10
ODI,2011-07-06,England,Sri Lanka,Trent Bridge,England,field,England,Unknown,171,174,0,10
ODI,2007-07-25,Sri Lanka,Bangladesh,R Premadasa Stadium,Bangladesh,field,Sri Lanka,Unknown,196,157,10,10
ODI,2010-06-03,Zimbabwe,India,Harare Sports Club,Zimbabwe,field,Zimbabwe,Unknown,197,194,3,9
ODI,2021-01-18,Ireland,United Arab Emirates,Sheikh Zayed Stadium,United Arab Emirates,field,Ireland,Unknown,228,116,6,10
ODI,2008-08-24,Sri Lanka,India,R Premadasa Stadium,India,bat,India,Unknown,204,237,10,9
ODI,2009-08-27,Ireland,England,"Civil Service Cricket Club, Stormont",England,bat,England,Unknown,112,203,9,9
ODI,2023-07-06,Scotland,Netherlands,"Queens Sports Club, Bulawayo",Netherlands,field,Netherlands,Unknown,277,278,9,6
ODI,2009-01-20,Pakistan,Sri Lanka,National Stadium,Sri Lanka,bat,Pakistan,Unknown,220,219,2,10
ODI,2012-09-05,England,South Africa,Trent Bridge,England,bat,South Africa,Unknown,182,186,10,3
ODI,2003-03-08,Zimbabwe,New Zealand,"Goodyear Park, Bloemfontein",Zimbabwe,bat,New Zealand,Unknown,252,253,7,4
ODI,2023-10-31,Bangladesh,Pakistan,"Eden Gardens, Kolkata",Bangladesh,bat,Pakistan,Unknown,204,205,10,3
ODI,2025-02-14,Sri Lanka,Australia,"R Premadasa Stadium, Colombo",Sri Lanka,bat,Sri Lanka,Unknown,281,107,4,10
ODI,2009-01-30,Australia,South Africa,Western Australia Cricket Association Ground,South Africa,bat,South Africa,Unknown,249,288,10,6
ODI,2025-05-10,Netherlands,Scotland,"VRA Ground, Amstelveen",Netherlands,bat,Netherlands,Unknown,282,263,7,9
ODI,2016-06-26,England,Sri Lanka,County Ground,England,field,no result,no result,16,248,1,9
ODI,2023-12-17,New Zealand,Bangladesh,"University Oval, Dunedin",Bangladesh,field,New Zealand,Unknown,239,200,7,9
ODI,2015-05-29,Pakistan,Zimbabwe,Gaddafi Stadium,Pakistan,field,Pakistan,Unknown,269,268,4,7
ODI,2022-05-28,United States of America,Scotland,"Choice Moosa Stadium, Pearland",United States of America,bat,United States of America,Unknown,310,206,5,10
ODI,2010-06-17,Ireland,Australia,Clontarf Cricket Club Ground,Australia,bat,Australia,Unknown,192,231,10,9
ODI,2012-12-07,Bangladesh,West Indies,Shere Bangla National Stadium,Bangladesh,field,West Indies,Unknown,136,211,10,9
ODI,2006-09-18,South Africa,Zimbabwe,Buffalo Park,Zimbabwe,bat,South Africa,Unknown,156,152,4,10
ODI,2007-03-19,Bermuda,India,"Queen's Park Oval, Port of Spain",Bermuda,field,India,Unknown,156,413,10,5
ODI,2012-12-02,Bangladesh,West Indies,Sheikh Abu Naser Stadium,West Indies,field,Bangladesh,Unknown,292,132,6,10
ODI,2008-07-04,Pakistan,Bangladesh,National Stadium,Bangladesh,bat,Pakistan,Unknown,116,115,0,10
ODI,2022-05-31,Netherlands,West Indies,"VRA Ground, Amstelveen",West Indies,field,West Indies,Unknown,240,249,7,3
ODI,2003-03-15,Sri Lanka,Zimbabwe,"Buffalo Park, East London",Sri Lanka,bat,Sri Lanka,Unknown,256,182,5,10
ODI,2021-05-20,Netherlands,Scotland,"Hazelaarweg, Rotterdam",Netherlands,bat,Scotland,Unknown,171,172,10,4
ODI,2009-10-27,Bangladesh,Zimbabwe,Shere Bangla National Stadium,Zimbabwe,field,Zimbabwe,Unknown,186,189,10,5
ODI,2005-08-31,Sri Lanka,Bangladesh,Sinhalese Sports Club Ground,Bangladesh,field,Sri Lanka,Unknown,269,181,9,9
ODI,2012-11-30,Bangladesh,West Indies,Sheikh Abu Naser Stadium,West Indies,bat,Bangladesh,Unknown,201,199,3,10
ODI,2014-11-28,Bangladesh,Zimbabwe,Shere Bangla National Stadium,Bangladesh,bat,Bangladesh,Unknown,256,235,8,8
ODI,2007-01-23,England,New Zealand,Adelaide Oval,New Zealand,bat,New Zealand,Unknown,120,210,10,10
ODI,2008-08-20,Sri Lanka,India,Rangiri Dambulla International Stadium,India,field,India,Unknown,142,143,10,7
ODI,2012-02-12,Australia,India,Adelaide Oval,Australia,bat,India,Unknown,269,270,8,6
ODI,2014-05-09,Scotland,England,Mannofield Park,Scotland,field,England,Unknown,133,167,9,6
ODI,2012-12-05,Bangladesh,West Indies,Shere Bangla National Stadium,West Indies,field,West Indies,Unknown,227,228,10,6
ODI,2014-11-29,Sri Lanka,England,R Premadasa Stadium,England,bat,Sri Lanka,Unknown,186,185,2,10
ODI,2009-11-29,South Africa,England,St George's Park,South Africa,bat,England,Unknown,119,121,10,3
ODI,2023-03-26,United States of America,Namibia,"Wanderers Cricket Ground, Windhoek",Namibia,field,United States of America,Unknown,231,151,9,10
ODI,2012-09-03,Australia,Pakistan,Sharjah Cricket Stadium,Australia,field,Australia,Unknown,250,244,7,7
ODI,2011-08-12,Zimbabwe,Bangladesh,Harare Sports Club,Zimbabwe,field,Zimbabwe,Unknown,186,184,6,10
ODI,2013-12-05,South Africa,India,New Wanderers Stadium,India,field,South Africa,Unknown,358,217,4,10
ODI,2006-12-01,Canada,Netherlands,Willowmoore Park,Netherlands,field,Netherlands,Unknown,223,205,8,9
ODI,2009-07-30,Sri Lanka,Pakistan,Rangiri Dambulla International Stadium,Pakistan,field,Sri Lanka,Unknown,232,196,9,10
ODI,2006-02-18,New Zealand,West Indies,Westpac Stadium,New Zealand,bat,New Zealand,Unknown,288,207,9,10
ODI,2023-05-14,Bangladesh,Ireland,"County Ground, Chelmsford",Ireland,field,Bangladesh,Unknown,274,269,10,9
ODI,2021-07-16,South Africa,Ireland,"The Village, Malahide, Dublin",South Africa,bat,South Africa,Unknown,346,276,4,10
ODI,2016-09-25,South Africa,Ireland,Willowmoore Park,Ireland,field,South Africa,Unknown,354,148,5,10
ODI,2006-10-25,New Zealand,Pakistan,"Punjab Cricket Association Stadium, Mohali",Pakistan,field,New Zealand,Unknown,274,223,7,10
ODI,2005-02-04,England,South Africa,St George's Park,England,bat,South Africa,Unknown,267,270,8,7
ODI,2016-06-24,England,Sri Lanka,Edgbaston,Sri Lanka,bat,England,Unknown,256,254,0,7
ODI,2026-08-07,Scotland,Canada,"Forthill, Dundee",Canada,field,Scotland,Unknown,281,272,7,10
ODI,2022-11-25,India,New Zealand,"Eden Park, Auckland",New Zealand,field,New Zealand,Unknown,306,309,7,3
ODI,2025-06-12,Scotland,Netherlands,"Forthill, Dundee",Scotland,bat,Netherlands,Unknown,369,374,6,6
ODI,2023-06-24,Zimbabwe,West Indies,Harare Sports Club,West Indies,field,Zimbabwe,Unknown,268,233,10,10
ODI,2013-03-23,Sri Lanka,Bangladesh,"Mahinda Rajapaksa International Cricket Stadium, Sooriyawewa",Sri Lanka,field,Sri Lanka,Unknown,238,259,2,8
ODI,2011-02-03,New Zealand,Pakistan,Seddon Park,New Zealand,field,Pakistan,Unknown,227,268,10,9
ODI,2009-03-27,West Indies,England,"Kensington Oval, Bridgetown",West Indies,field,West Indies,Unknown,117,117,2,10
ODI,2012-07-05,West Indies,New Zealand,"Sabina Park, Kingston",West Indies,field,West Indies,Unknown,136,190,1,9
ODI,2023-04-05,United Arab Emirates,Jersey,"Wanderers Cricket Ground, Windhoek",United Arab Emirates,bat,United Arab Emirates,Unknown,284,218,7,10
ODI,2012-03-16,West Indies,Australia,"Arnos Vale Ground, Kingstown",Australia,bat,Australia,Unknown,140,204,10,8
ODI,2014-01-22,New Zealand,India,Seddon Park,India,field,New Zealand,Unknown,271,277,7,9
ODI,2008-06-24,Bangladesh,United Arab Emirates,Gaddafi Stadium,Bangladesh,bat,Bangladesh,Unknown,300,204,8,10
ODI,2021-05-19,Netherlands,Scotland,"Hazelaarweg, Rotterdam",Netherlands,bat,Netherlands,Unknown,163,149,8,8
ODI,2022-09-06,New Zealand,Australia,"Cazaly's Stadium, Cairns",Australia,field,Australia,Unknown,232,233,9,8
ODI,2025-05-25,West Indies,Ireland,"Castle Avenue, Dublin",Ireland,field,West Indies,Unknown,385,165,7,8
ODI,2005-02-04,Australia,Pakistan,Melbourne Cricket Ground,Australia,bat,Australia,Unknown,237,219,10,9
ODI,2020-03-01,Sri Lanka,West Indies,Pallekele International Cricket Stadium,Sri Lanka,bat,Sri Lanka,Unknown,307,301,10,9
ODI,2003-03-03,Netherlands,Namibia,"Goodyear Park, Bloemfontein",Netherlands,bat,Netherlands,Unknown,314,250,4,10
ODI,2007-02-07,South Africa,Pakistan,Kingsmead,Pakistan,bat,Pakistan,Unknown,210,351,10,4
ODI,2011-08-14,Zimbabwe,Bangladesh,Harare Sports Club,Zimbabwe,field,Zimbabwe,Unknown,191,188,3,10
ODI,2017-06-02,Australia,New Zealand,Edgbaston,New Zealand,bat,no result,no result,53,291,3,10
ODI,2020-03-01,Bangladesh,Zimbabwe,Sylhet International Cricket Stadium,Bangladesh,bat,Bangladesh,Unknown,321,152,7,10
ODI,2022-07-10,Ireland,New Zealand,"The Village, Malahide, Dublin",New Zealand,field,New Zealand,Unknown,300,305,9,9
ODI,2019-07-14,England,New Zealand,Lord's,New Zealand,bat,tie,tie,256,256,10,9
ODI,2023-07-09,Sri Lanka,Netherlands,Harare Sports Club,Netherlands,field,Sri Lanka,Unknown,233,105,10,10
ODI,2015-03-01,Pakistan,Zimbabwe,"Brisbane Cricket Ground, Woolloongabba",Pakistan,bat,Pakistan,Unknown,235,215,7,10
ODI,2015-10-11,India,South Africa,Green Park,South Africa,bat,South Africa,Unknown,298,303,7,5
ODI,2018-11-01,West Indies,India,Greenfield International Stadium,West Indies,bat,India,Unknown,104,105,10,1
ODI,2010-11-28,India,New Zealand,Nehru Stadium,New Zealand,field,India,Unknown,276,236,10,10
ODI,2004-09-04,Australia,Pakistan,Lord's,Pakistan,field,Australia,Unknown,269,259,6,10
ODI,2022-03-21,United Arab Emirates,Nepal,Dubai International Cricket Stadium,Nepal,field,United Arab Emirates,Unknown,202,103,9,10
ODI,2007-02-18,New Zealand,Australia,Eden Park,New Zealand,field,New Zealand,Unknown,340,336,5,4
ODI,2014-11-09,India,Sri Lanka,"Rajiv Gandhi International Stadium, Uppal",Sri Lanka,bat,India,Unknown,245,242,4,10
ODI,2015-11-16,United Arab Emirates,Hong Kong,ICC Academy,Hong Kong,bat,Hong Kong,Unknown,209,298,10,5
ODI,2003-02-10,Sri Lanka,New Zealand,"Goodyear Park, Bloemfontein",New Zealand,field,Sri Lanka,Unknown,272,225,7,10
ODI,2010-11-02,Pakistan,South Africa,Dubai International Cricket Stadium,Pakistan,field,South Africa,Unknown,226,228,9,9
ODI,2023-11-15,India,New Zealand,"Wankhede Stadium, Mumbai",India,bat,India,Unknown,397,327,4,10
ODI,2013-11-08,Pakistan,South Africa,Sheikh Zayed Stadium,South Africa,bat,South Africa,Unknown,238,266,10,5
ODI,2018-01-17,Zimbabwe,Sri Lanka,"Shere Bangla National Stadium, Mirpur",Sri Lanka,field,Zimbabwe,Unknown,290,278,6,10
ODI,2015-03-10,India,Ireland,Seddon Park,Ireland,bat,India,Unknown,260,259,2,10
ODI,2009-12-15,India,Sri Lanka,Madhavrao Scindia Cricket Ground,Sri Lanka,field,India,Unknown,414,411,7,8
ODI,2023-06-20,Netherlands,Zimbabwe,Harare Sports Club,Zimbabwe,field,Zimbabwe,Unknown,315,319,6,4
ODI,2006-02-16,Pakistan,India,Multan Cricket Stadium,India,field,India,Unknown,161,162,10,5
ODI,2021-09-28,Scotland,Oman,Al Amerat Cricket Ground Oman Cricket (Ministry Turf 2),Scotland,bat,Scotland,Unknown,273,255,6,9
ODI,2022-08-20,Zimbabwe,India,Harare Sports Club,India,field,India,Unknown,161,167,10,5
ODI,2004-02-01,South Africa,West Indies,SuperSport Park,South Africa,bat,West Indies,Unknown,297,300,4,3
ODI,2026-05-03,United Arab Emirates,Oman,"Tribhuvan University International Cricket Ground, Kirtipur",United Arab Emirates,bat,United Arab Emirates,Unknown,308,254,8,10
ODI,2023-02-15,Namibia,Scotland,"Tribhuvan University International Cricket Ground, Kirtipur",Scotland,field,Scotland,Unknown,153,157,10,0
ODI,2010-01-07,Bangladesh,India,Shere Bangla National Stadium,Bangladesh,bat,India,Unknown,296,297,6,4
ODI,2017-05-07,England,Ireland,Lord's,Ireland,field,England,Unknown,328,243,6,10
ODI,2009-08-19,Canada,Kenya,Maple Leaf North-West Ground,Canada,field,Canada,Unknown,117,113,1,10
ODI,2017-06-17,Scotland,Zimbabwe,"Grange Cricket Club Ground, Raeburn Place",Scotland,bat,Zimbabwe,Unknown,169,171,10,4
ODI,2006-04-29,West Indies,Zimbabwe,"Antigua Recreation Ground, St John's",West Indies,field,West Indies,Unknown,154,151,5,9
ODI,2020-01-12,West Indies,Ireland,"National Cricket Stadium, Grenada",West Indies,field,West Indies,Unknown,199,203,5,10
ODI,2009-08-14,Zimbabwe,Bangladesh,Queens Sports Club,Bangladesh,field,Zimbabwe,Unknown,323,254,7,10
ODI,2018-01-18,Ireland,Scotland,ICC Academy,Ireland,bat,Ireland,Unknown,331,307,6,9
ODI,2003-03-03,Canada,New Zealand,"Willowmoore Park, Benoni",New Zealand,field,New Zealand,Unknown,196,197,10,5
ODI,2013-06-13,England,Sri Lanka,Kennington Oval,Sri Lanka,field,Sri Lanka,Unknown,293,297,7,3
ODI,2011-03-20,India,West Indies,"MA Chidambaram Stadium, Chepauk",India,bat,India,Unknown,268,188,10,10
ODI,2018-08-12,Sri Lanka,South Africa,"R.Premadasa Stadium, Khettarama",Sri Lanka,bat,Sri Lanka,Unknown,299,121,8,10
ODI,2024-11-02,United States of America,Nepal,"Grand Prairie Stadium, Dallas",Nepal,field,United States of America,Unknown,281,244,8,10
ODI,2014-08-31,Zimbabwe,Australia,Harare Sports Club,Australia,bat,Zimbabwe,Unknown,211,209,7,9
ODI,2017-06-03,South Africa,Sri Lanka,Kennington Oval,Sri Lanka,field,South Africa,Unknown,299,203,6,10
ODI,2006-04-28,Bangladesh,Australia,Narayanganj Osmani Stadium,Bangladesh,bat,Australia,Unknown,124,127,10,1
ODI,2023-04-04,United States of America,Jersey,"United Cricket Club Ground, Windhoek",Jersey,field,United States of America,Unknown,231,206,10,10
ODI,2016-09-04,Sri Lanka,Australia,Pallekele International Cricket Stadium,Sri Lanka,bat,Australia,Unknown,195,199,10,5
ODI,2006-02-22,Bangladesh,Sri Lanka,Shaheed Chandu Stadium,Bangladesh,field,Bangladesh,Unknown,213,212,6,10
ODI,2013-06-28,West Indies,Sri Lanka,"Sabina Park, Kingston",West Indies,field,West Indies,Unknown,209,208,4,10
ODI,2006-08-06,Zimbabwe,Bangladesh,Harare Sports Club,Zimbabwe,bat,Bangladesh,Unknown,197,201,10,2
ODI,2011-01-21,Australia,England,Bellerive Oval,England,field,Australia,Unknown,230,184,10,10
ODI,2015-02-27,South Africa,West Indies,Sydney Cricket Ground,South Africa,bat,South Africa,Unknown,408,151,5,10
ODI,2020-02-08,New Zealand,India,Eden Park,India,field,New Zealand,Unknown,273,251,8,10
ODI,2012-07-11,West Indies,New Zealand,"Warner Park, Basseterre",West Indies,field,New Zealand,Unknown,161,249,10,9
ODI,2004-01-18,India,Australia,Brisbane Cricket Ground,India,bat,India,Unknown,303,284,4,10
ODI,2008-11-12,Pakistan,West Indies,Sheikh Zayed Stadium,West Indies,bat,Pakistan,Unknown,295,294,6,9
ODI,2025-05-12,United Arab Emirates,Netherlands,"Sportpark Maarschalkerweerd, Utrecht",United Arab Emirates,bat,Netherlands,Unknown,204,205,9,5
ODI,2011-10-25,India,England,Eden Gardens,England,field,India,Unknown,271,176,8,10
ODI,2012-12-30,India,Pakistan,"MA Chidambaram Stadium, Chepauk",Pakistan,field,Pakistan,Unknown,227,228,6,4
ODI,2010-01-05,India,Sri Lanka,Shere Bangla National Stadium,Sri Lanka,field,Sri Lanka,Unknown,279,283,9,5
ODI,2011-06-16,West Indies,India,"Sabina Park, Kingston",West Indies,field,West Indies,Unknown,255,251,4,10
ODI,2026-06-02,Australia,Pakistan,"Gaddafi Stadium, Lahore",Pakistan,field,Australia,Unknown,231,190,9,10
ODI,2008-02-24,Australia,India,Sydney Cricket Ground,Australia,bat,Australia,Unknown,317,299,7,10
ODI,2008-07-06,West Indies,Australia,"Warner Park, Basseterre",Australia,bat,Australia,Unknown,172,341,10,8
ODI,2019-06-05,Bangladesh,New Zealand,Kennington Oval,New Zealand,field,New Zealand,Unknown,244,248,10,8
ODI,2013-03-15,South Africa,Pakistan,SuperSport Park,South Africa,bat,Pakistan,Unknown,191,192,10,4
ODI,2012-02-10,Australia,Sri Lanka,Western Australia Cricket Association Ground,Sri Lanka,field,Australia,Unknown,231,226,10,10
ODI,2019-02-27,West Indies,England,"National Cricket Stadium, Grenada",West Indies,field,England,Unknown,389,418,10,6
ODI,2010-01-10,India,Sri Lanka,Shere Bangla National Stadium,Sri Lanka,bat,India,Unknown,214,213,2,10
ODI,2022-03-12,United Arab Emirates,Namibia,Sharjah Cricket Stadium,Namibia,field,United Arab Emirates,Unknown,348,305,3,9
ODI,2024-12-12,Bangladesh,West Indies,"Warner Park, Basseterre, St Kitts",West Indies,field,West Indies,Unknown,321,325,5,6
ODI,2009-09-26,India,Pakistan,SuperSport Park,Pakistan,bat,Pakistan,Unknown,248,302,10,9
ODI,2021-05-25,Bangladesh,Sri Lanka,Sher-e-Bangla National Cricket Stadium,Bangladesh,bat,Bangladesh,Unknown,246,141,10,9
ODI,2025-10-28,United Arab Emirates,United States of America,Dubai International Cricket Stadium,United States of America,field,United States of America,Unknown,211,213,9,6
ODI,2023-10-25,Australia,Netherlands,"Arun Jaitley Stadium, Delhi",Australia,bat,Australia,Unknown,399,90,8,10
ODI,2005-11-09,Sri Lanka,India,Madhavrao Scindia Cricket Ground,India,field,India,Unknown,196,197,10,3
ODI,2015-10-01,Zimbabwe,Pakistan,Harare Sports Club,Zimbabwe,field,Pakistan,Unknown,128,259,10,6
ODI,2020-09-11,Australia,England,Old Trafford,England,field,Australia,Unknown,294,275,9,9
ODI,2014-08-30,England,India,Trent Bridge,India,field,India,Unknown,227,228,10,4
ODI,2017-09-29,West Indies,England,The Rose Bowl,England,field,England,Unknown,288,294,6,1
ODI,2013-07-24,West Indies,Pakistan,"Beausejour Stadium, Gros Islet",Pakistan,field,Pakistan,Unknown,242,243,7,6
ODI,2006-10-27,Pakistan,South Africa,"Punjab Cricket Association Stadium, Mohali",South Africa,bat,South Africa,Unknown,89,213,10,8
ODI,2018-01-11,United Arab Emirates,Ireland,ICC Academy,Ireland,field,Ireland,Unknown,222,226,9,6
ODI,2026-04-29,Oman,Nepal,"Tribhuvan University International Cricket Ground, Kirtipur",Oman,bat,Oman,Unknown,305,155,8,7
ODI,2017-07-08,Sri Lanka,Zimbabwe,"Mahinda Rajapaksa International Cricket Stadium, Sooriyawewa",Sri Lanka,bat,Zimbabwe,Unknown,300,219,6,6
ODI,2013-01-20,Australia,Sri Lanka,Sydney Cricket Ground,Australia,bat,no result,no result,222,14,9,0
ODI,2018-06-16,England,Australia,Sophia Gardens,Australia,field,England,Unknown,342,304,8,10
ODI,2006-02-13,Pakistan,India,Gaddafi Stadium,India,field,India,Unknown,288,292,8,5
ODI,2019-02-16,New Zealand,Bangladesh,Hagley Oval,New Zealand,field,New Zealand,Unknown,229,226,2,10
ODI,2012-07-10,England,Australia,Old Trafford,England,field,England,Unknown,138,145,3,7
ODI,2003-05-19,New Zealand,Sri Lanka,Rangiri Dambulla International Stadium,Sri Lanka,field,New Zealand,Unknown,156,147,8,10
ODI,2017-04-04,United Arab Emirates,Papua New Guinea,Sheikh Zayed Stadium,United Arab Emirates,bat,United Arab Emirates,Unknown,251,148,9,10
ODI,2003-03-01,Kenya,Bangladesh,"New Wanderers Stadium, Johannesburg",Kenya,bat,Kenya,Unknown,217,185,7,10
ODI,2015-01-29,New Zealand,Sri Lanka,Westpac Stadium,Sri Lanka,bat,Sri Lanka,Unknown,253,287,10,6
ODI,2005-12-03,Australia,New Zealand,Eden Park,New Zealand,field,Australia,Unknown,252,105,8,10
ODI,2022-11-27,India,New Zealand,"Seddon Park, Hamilton",New Zealand,field,no result,no result,89,0,1,0
ODI,2004-02-01,India,Australia,W.A.C.A. Ground,India,bat,Australia,Unknown,203,204,10,5
ODI,2025-05-27,United States of America,Oman,"Central Broward Regional Park Stadium Turf Ground, Lauderhill",Oman,field,United States of America,Unknown,293,284,8,9
ODI,2003-12-01,Pakistan,New Zealand,"Gaddafi Stadium, Lahore",Pakistan,bat,Pakistan,Unknown,281,157,6,10
ODI,2010-11-03,Australia,Sri Lanka,Melbourne Cricket Ground,Australia,bat,Sri Lanka,Unknown,239,243,8,9
ODI,2006-01-20,Australia,South Africa,Docklands Stadium,Australia,bat,Australia,Unknown,245,186,10,10
ODI,2019-08-15,Scotland,Oman,Mannofield Park,Scotland,bat,Oman,Unknown,168,169,10,2
ODI,2005-10-30,New Zealand,South Africa,St George's Park,South Africa,field,South Africa,Unknown,243,245,9,6
ODI,2022-03-29,Australia,Pakistan,"Gaddafi Stadium, Lahore",Pakistan,field,Australia,Unknown,313,225,7,10
ODI,2014-06-03,England,Sri Lanka,Edgbaston,England,bat,Sri Lanka,Unknown,219,222,10,4
ODI,2023-09-21,New Zealand,Bangladesh,"Shere Bangla National Stadium, Mirpur",Bangladesh,field,no result,no result,136,0,5,0
ODI,2012-06-16,Sri Lanka,Pakistan,R Premadasa Stadium,Sri Lanka,bat,Sri Lanka,Unknown,243,199,8,10
ODI,2011-10-17,India,England,Feroz Shah Kotla,England,bat,India,Unknown,238,237,2,10
ODI,2009-09-24,South Africa,New Zealand,SuperSport Park,South Africa,field,South Africa,Unknown,217,214,5,10
ODI,2019-04-12,Zimbabwe,United Arab Emirates,Harare Sports Club,Zimbabwe,field,Zimbabwe,Unknown,185,169,4,9
ODI,2019-06-01,New Zealand,Sri Lanka,Sophia Gardens,New Zealand,field,New Zealand,Unknown,137,136,0,10
ODI,2021-09-09,United States of America,Papua New Guinea,Al Amerat Cricket Ground Oman Cricket (Ministry Turf 2),Papua New Guinea,field,United States of America,Unknown,271,137,9,10
ODI,2023-06-22,United States of America,Netherlands,"Takashinga Sports Club, Highfield, Harare",Netherlands,field,Netherlands,Unknown,211,214,8,5
ODI,2025-02-08,United States of America,Namibia,Al Amerat Cricket Ground Oman Cricket (Ministry Turf 1),Namibia,field,United States of America,Unknown,293,179,8,10
ODI,2018-03-10,West Indies,Ireland,Harare Sports Club,Ireland,field,West Indies,Unknown,257,205,8,10
ODI,2018-01-23,Bangladesh,Zimbabwe,"Shere Bangla National Stadium, Mirpur",Bangladesh,bat,Bangladesh,Unknown,216,125,9,10
ODI,2004-07-21,Pakistan,Sri Lanka,R.Premadasa Stadium,Pakistan,bat,Sri Lanka,Unknown,122,123,10,3
ODI,2009-05-24,England,West Indies,County Ground,England,field,England,Unknown,161,160,4,10
ODI,2026-07-16,India,England,"Sophia Gardens, Cardiff",England,field,England,Unknown,233,235,10,6
ODI,2010-06-15,Sri Lanka,Pakistan,Rangiri Dambulla International Stadium,Sri Lanka,bat,Sri Lanka,Unknown,242,226,9,10
ODI,2023-05-05,Pakistan,New Zealand,"National Stadium, Karachi",New Zealand,field,Pakistan,Unknown,334,232,6,10
ODI,2022-06-14,Oman,Nepal,"Moosa Cricket Stadium, Pearland",Oman,bat,Nepal,Unknown,163,167,10,3
ODI,2024-03-13,Sri Lanka,Bangladesh,"Zahur Ahmed Chowdhury Stadium, Chattogram",Sri Lanka,bat,Bangladesh,Unknown,255,257,10,4
ODI,2021-06-04,Netherlands,Ireland,"Sportpark Maarschalkerweerd, Utrecht",Netherlands,bat,Ireland,Unknown,157,158,10,2
ODI,2022-03-25,Papua New Guinea,Nepal,"Tribhuvan University International Cricket Ground, Kirtipur",Nepal,field,Papua New Guinea,Unknown,292,286,8,8
ODI,2012-08-28,Australia,Pakistan,Sharjah Cricket Stadium,Pakistan,bat,Australia,Unknown,199,198,6,10
ODI,2009-10-05,Australia,New Zealand,SuperSport Park,New Zealand,bat,Australia,Unknown,206,200,4,9
ODI,2007-10-08,India,Australia,Sector 16 Stadium,India,bat,India,Unknown,291,283,4,7
ODI,2026-06-14,Bangladesh,Australia,"Shere Bangla National Stadium, Mirpur",Bangladesh,bat,Australia,Unknown,274,277,5,9
ODI,2026-05-20,Scotland,United States of America,"Tribhuvan University International Cricket Ground, Kirtipur",Scotland,bat,United States of America,Unknown,169,170,10,4
ODI,2006-10-21,Australia,England,Sawai Mansingh Stadium,Australia,field,Australia,Unknown,170,169,4,10
ODI,2017-03-03,West Indies,England,"Sir Vivian Richards Stadium, North Sound",West Indies,field,England,Unknown,251,296,10,6
ODI,2010-10-11,Bangladesh,New Zealand,Shere Bangla National Stadium,Bangladesh,field,Bangladesh,Unknown,177,173,3,10
ODI,2003-05-11,Pakistan,New Zealand,Rangiri Dambulla International Stadium,New Zealand,field,New Zealand,Unknown,116,117,10,3
ODI,2016-10-12,South Africa,Australia,Newlands,South Africa,bat,South Africa,Unknown,327,296,8,10
ODI,2011-03-14,Pakistan,Zimbabwe,Pallekele International Cricket Stadium,Zimbabwe,bat,Pakistan,Unknown,164,151,3,7
ODI,2020-03-04,South Africa,Australia,Mangaung Oval,Australia,bat,South Africa,Unknown,274,271,4,10
ODI,2017-06-30,West Indies,India,"Sir Vivian Richards Stadium, North Sound",West Indies,field,India,Unknown,158,251,10,4
ODI,2022-07-16,Namibia,Nepal,"Cambusdoon New Ground, Ayr",Namibia,bat,Namibia,Unknown,199,136,10,10
ODI,2015-06-24,Bangladesh,India,Shere Bangla National Stadium,Bangladesh,field,India,Unknown,240,317,10,6
ODI,2021-11-26,South Africa,Netherlands,"SuperSport Park, Centurion",Netherlands,field,no result,no result,277,11,8,0
ODI,2025-05-14,United Arab Emirates,Scotland,"Sportpark Maarschalkerweerd, Utrecht",United Arab Emirates,bat,Scotland,Unknown,161,162,10,2
ODI,2006-01-06,New Zealand,Sri Lanka,Westpac Stadium,New Zealand,bat,New Zealand,Unknown,224,203,9,10
ODI,2011-06-06,West Indies,India,"Queen's Park Oval, Port of Spain",West Indies,bat,India,Unknown,214,217,9,6
ODI,2018-03-16,Zimbabwe,Ireland,Harare Sports Club,Ireland,field,Zimbabwe,Unknown,211,104,9,10
ODI,2015-03-24,New Zealand,South Africa,Eden Park,South Africa,bat,New Zealand,Unknown,299,281,6,5
ODI,2019-06-29,Australia,New Zealand,Lord's,Australia,bat,Australia,Unknown,243,157,9,10
ODI,2017-01-15,India,England,Maharashtra Cricket Association Stadium,India,field,India,Unknown,356,350,7,7
ODI,2023-02-28,Papua New Guinea,United Arab Emirates,Dubai International Cricket Stadium,United Arab Emirates,field,Papua New Guinea,Unknown,262,131,10,10
ODI,2019-06-27,India,West Indies,Old Trafford,India,bat,India,Unknown,268,143,7,10
ODI,2014-10-08,India,West Indies,Nehru Stadium,India,field,West Indies,Unknown,197,321,10,6
ODI,2007-07-01,England,West Indies,Lord's,West Indies,field,England,Unknown,225,146,10,10
ODI,2008-02-03,Australia,India,"Brisbane Cricket Ground, Woolloongabba",India,bat,no result,no result,51,194,3,10
ODI,2013-07-24,Zimbabwe,India,Harare Sports Club,India,field,India,Unknown,228,230,7,4
ODI,2023-09-09,Sri Lanka,Bangladesh,"R Premadasa Stadium, Colombo",Bangladesh,field,Sri Lanka,Unknown,257,236,9,10
ODI,2023-01-21,New Zealand,India,"Shaheed Veer Narayan Singh International Stadium, Raipur",India,field,India,Unknown,108,111,10,2
ODI,2021-09-04,South Africa,Sri Lanka,"R Premadasa Stadium, Colombo",South Africa,bat,South Africa,Unknown,283,197,6,10
ODI,2006-02-07,South Africa,Sri Lanka,Bellerive Oval,Sri Lanka,bat,Sri Lanka,Unknown,181,257,10,9
ODI,2006-03-01,New Zealand,West Indies,McLean Park,West Indies,field,New Zealand,Unknown,324,233,6,8
ODI,2018-01-16,Pakistan,New Zealand,Seddon Park,Pakistan,bat,New Zealand,Unknown,262,263,8,5
ODI,2016-11-14,Zimbabwe,Sri Lanka,Harare Sports Club,Sri Lanka,field,Sri Lanka,Unknown,154,155,10,2
ODI,2025-02-12,United States of America,Oman,Al Amerat Cricket Ground Oman Cricket (Ministry Turf 1),United States of America,bat,Oman,Unknown,151,152,10,3
ODI,2018-10-17,Sri Lanka,England,Pallekele International Cricket Stadium,England,field,England,Unknown,150,153,9,3
ODI,2005-02-02,England,South Africa,Mangaung Oval,South Africa,field,tie,tie,270,270,5,8
ODI,2006-05-20,West Indies,India,"Sabina Park, Kingston",India,field,West Indies,Unknown,198,197,9,10
ODI,2008-11-20,India,England,Green Park,England,bat,India,Unknown,198,240,5,10
ODI,2017-01-19,India,England,Barabati Stadium,England,field,India,Unknown,381,366,6,8
ODI,2024-09-18,Nepal,Oman,"Maple Leaf North-West Ground, King City",Oman,field,Oman,Unknown,220,223,9,9
ODI,2007-04-19,West Indies,Bangladesh,"Kensington Oval, Bridgetown",Bangladesh,field,West Indies,Unknown,230,131,5,10
ODI,2014-11-21,Australia,South Africa,Melbourne Cricket Ground,South Africa,bat,Australia,Unknown,268,267,7,8
ODI,2016-07-02,England,Sri Lanka,Sophia Gardens,Sri Lanka,field,England,Unknown,324,202,7,10
ODI,2019-05-17,Bangladesh,West Indies,"The Village, Malahide",Bangladesh,field,Bangladesh,Unknown,213,152,5,1
ODI,2019-06-03,England,Pakistan,Trent Bridge,England,field,Pakistan,Unknown,334,348,9,8
ODI,2021-05-28,Sri Lanka,Bangladesh,"Shere Bangla National Stadium, Mirpur",Sri Lanka,bat,Sri Lanka,Unknown,286,189,6,10
ODI,2022-11-16,United Arab Emirates,Nepal,"Tribhuvan University International Cricket Ground, Kirtipur",United Arab Emirates,bat,Nepal,Unknown,191,193,10,7
ODI,2013-09-08,England,Australia,Old Trafford,England,field,Australia,Unknown,227,315,10,7
ODI,2021-03-14,West Indies,Sri Lanka,Sir Vivian Richards Stadium,West Indies,field,West Indies,Unknown,276,274,5,6
ODI,2016-11-25,Zimbabwe,West Indies,Queens Sports Club,Zimbabwe,bat,Zimbabwe,Unknown,218,124,8,5
ODI,2013-07-14,West Indies,Pakistan,Providence Stadium,West Indies,field,Pakistan,Unknown,98,224,10,9
ODI,2023-10-22,New Zealand,India,"Himachal Pradesh Cricket Association Stadium, Dharamsala",India,field,India,Unknown,273,274,10,6
ODI,2013-06-10,Pakistan,South Africa,Edgbaston,South Africa,bat,South Africa,Unknown,167,234,10,9
ODI,2023-09-14,Pakistan,Sri Lanka,"R Premadasa Stadium, Colombo",Pakistan,bat,Sri Lanka,Unknown,252,252,7,8
ODI,2022-03-08,Namibia,United Arab Emirates,"ICC Academy, Dubai",United Arab Emirates,field,United Arab Emirates,Unknown,206,207,8,7
ODI,2008-11-17,India,England,Maharani Usharaje Trust Cricket Ground,India,bat,India,Unknown,292,238,9,10
ODI,2006-09-05,England,Pakistan,The Rose Bowl,Pakistan,field,Pakistan,Unknown,271,274,9,8
ODI,2004-01-11,Australia,Zimbabwe,Sydney Cricket Ground,Australia,bat,Australia,Unknown,225,126,8,10
ODI,2009-03-20,West Indies,England,Providence Stadium,England,bat,England,Unknown,244,270,7,7
ODI,2023-09-10,India,Pakistan,"R Premadasa Stadium, Colombo",Pakistan,field,India,Unknown,356,128,2,8
ODI,2023-05-07,New Zealand,Pakistan,"National Stadium, Karachi",New Zealand,bat,New Zealand,Unknown,299,252,10,10
ODI,2022-07-24,West Indies,India,"Queen's Park Oval, Port of Spain, Trinidad",West Indies,bat,India,Unknown,311,312,6,8
ODI,2015-11-20,England,Pakistan,Dubai International Cricket Stadium,England,bat,England,Unknown,355,271,5,10
ODI,2026-07-11,New Zealand,West Indies,"Providence Stadium, Guyana",West Indies,field,West Indies,Unknown,267,268,10,3
ODI,2009-07-05,West Indies,India,"Beausejour Stadium, Gros Islet",India,field,no result,no result,27,0,1,0
ODI,2020-02-07,South Africa,England,Kingsmead,England,field,no result,no result,71,0,2,0
ODI,2025-08-19,South Africa,Australia,"Cazaly's Stadium, Cairns",Australia,field,South Africa,Unknown,296,198,8,10
ODI,2023-06-27,Ireland,United Arab Emirates,Bulawayo Athletic Club,United Arab Emirates,field,Ireland,Unknown,349,211,4,10
ODI,2018-10-24,Zimbabwe,Bangladesh,Zahur Ahmed Chowdhury Stadium,Bangladesh,field,Bangladesh,Unknown,246,250,7,3
ODI,2017-06-15,Scotland,Zimbabwe,"Grange Cricket Club Ground, Raeburn Place",Scotland,bat,Scotland,Unknown,317,272,6,10
ODI,2003-02-15,Canada,Kenya,"Newlands, Cape Town",Canada,bat,Kenya,Unknown,197,198,10,6
ODI,2015-01-20,England,India,"Brisbane Cricket Ground, Woolloongabba",India,bat,England,Unknown,156,153,1,10
ODI,2013-07-09,India,Sri Lanka,"Queen's Park Oval, Port of Spain",Sri Lanka,field,India,Unknown,119,96,3,10
ODI,2007-02-11,South Africa,Pakistan,Newlands,South Africa,field,South Africa,Unknown,113,107,0,10
ODI,2009-01-10,Bangladesh,Zimbabwe,Shere Bangla National Stadium,Bangladesh,field,Zimbabwe,Unknown,167,205,10,9
ODI,2017-01-26,United Arab Emirates,Hong Kong,Dubai International Cricket Stadium,United Arab Emirates,field,United Arab Emirates,Unknown,175,174,4,10
ODI,2010-08-13,Sri Lanka,New Zealand,Rangiri Dambulla International Stadium,New Zealand,bat,Sri Lanka,Unknown,195,192,7,10
ODI,2020-03-13,Australia,New Zealand,Sydney Cricket Ground,Australia,bat,Australia,Unknown,258,187,7,10
ODI,2023-12-06,West Indies,England,"Sir Vivian Richards Stadium, North Sound, Antigua",England,field,England,Unknown,202,206,10,4
ODI,2003-02-23,India,Namibia,"City Oval, Pietermaritzburg",Namibia,field,India,Unknown,311,130,2,10
ODI,2014-02-23,West Indies,Ireland,"Sabina Park, Kingston",Ireland,bat,West Indies,Unknown,205,202,6,10
ODI,2018-09-26,Bangladesh,Pakistan,Sheikh Zayed Stadium,Bangladesh,bat,Bangladesh,Unknown,239,202,10,9
ODI,2019-12-14,Scotland,United States of America,ICC Academy,Scotland,field,Scotland,Unknown,246,245,6,9
ODI,2019-03-13,India,Australia,Arun Jaitley Stadium,Australia,bat,Australia,Unknown,237,272,10,9
ODI,2013-03-28,Sri Lanka,Bangladesh,Pallekele International Cricket Stadium,Sri Lanka,bat,Bangladesh,Unknown,302,184,9,7
ODI,2004-01-16,Australia,Zimbabwe,Bellerive Oval,Australia,bat,Australia,Unknown,344,196,7,6
ODI,2015-01-18,South Africa,West Indies,New Wanderers Stadium,West Indies,field,South Africa,Unknown,439,291,2,7
ODI,2010-12-06,Bangladesh,Zimbabwe,Shere Bangla National Stadium,Zimbabwe,field,Bangladesh,Unknown,246,181,7,10
ODI,2013-11-11,Pakistan,South Africa,Sharjah Cricket Stadium,South Africa,bat,South Africa,Unknown,151,268,10,7
ODI,2006-10-15,India,England,Sawai Mansingh Stadium,India,field,India,Unknown,126,125,6,10
ODI,2006-09-16,Australia,India,Kinrara Academy Oval,Australia,bat,no result,no result,244,35,10,5
ODI,2023-02-23,Namibia,United Arab Emirates,Dubai International Cricket Stadium,United Arab Emirates,field,United Arab Emirates,Unknown,91,95,10,9
ODI,2011-10-18,Bangladesh,West Indies,Zahur Ahmed Chowdhury Stadium,Bangladesh,field,Bangladesh,Unknown,62,61,2,10
ODI,2018-08-08,Sri Lanka,South Africa,Pallekele International Cricket Stadium,South Africa,field,Sri Lanka,Unknown,306,187,7,9
ODI,2020-11-29,Australia,India,Sydney Cricket Ground,Australia,bat,Australia,Unknown,389,338,4,9
ODI,2011-06-28,England,Sri Lanka,Kennington Oval,Sri Lanka,field,England,Unknown,229,121,8,10
ODI,2015-03-11,Scotland,Sri Lanka,Bellerive Oval,Sri Lanka,bat,Sri Lanka,Unknown,215,363,10,9
ODI,2022-06-14,Sri Lanka,Australia,Pallekele International Cricket Stadium,Sri Lanka,bat,Australia,Unknown,300,282,7,8
ODI,2023-08-31,Bangladesh,Sri Lanka,Pallekele International Cricket Stadium,Bangladesh,bat,Sri Lanka,Unknown,164,165,10,5
ODI,2016-01-17,Australia,India,Melbourne Cricket Ground,Australia,field,Australia,Unknown,296,295,7,6
ODI,2009-05-01,Australia,Pakistan,Sheikh Zayed Stadium,Pakistan,bat,Australia,Unknown,200,197,2,10
ODI,2019-05-08,England,Pakistan,Kennington Oval,England,field,no result,no result,0,80,0,2
ODI,2019-06-23,Pakistan,South Africa,Lord's,Pakistan,bat,Pakistan,Unknown,308,259,7,9
ODI,2007-12-16,Australia,New Zealand,Sydney Cricket Ground,New Zealand,bat,no result,no result,0,30,0,3
ODI,2015-03-03,Ireland,South Africa,Manuka Oval,South Africa,bat,South Africa,Unknown,210,411,10,4
ODI,2023-07-05,Oman,West Indies,Harare Sports Club,West Indies,field,West Indies,Unknown,221,222,9,3
ODI,2011-03-14,Bangladesh,Netherlands,Zahur Ahmed Chowdhury Stadium,Netherlands,bat,Bangladesh,Unknown,166,160,4,10
ODI,2011-09-08,Zimbabwe,Pakistan,Queens Sports Club,Pakistan,bat,Pakistan,Unknown,242,247,7,7
ODI,2011-03-09,India,Netherlands,Feroz Shah Kotla,Netherlands,bat,India,Unknown,191,189,5,10
ODI,2015-08-26,South Africa,New Zealand,Kingsmead,South Africa,bat,South Africa,Unknown,283,221,7,10
ODI,2018-02-07,India,South Africa,Newlands,South Africa,field,India,Unknown,303,179,6,10
ODI,2017-05-17,Bangladesh,New Zealand,Clontarf Cricket Club Ground,New Zealand,field,New Zealand,Unknown,257,258,9,6
ODI,2018-09-28,Bangladesh,India,Dubai International Cricket Stadium,India,field,India,Unknown,222,223,10,7
ODI,2019-09-23,Namibia,Papua New Guinea,Central Broward Regional Park Stadium Turf Ground,Namibia,bat,Namibia,Unknown,260,233,9,10
ODI,2025-10-18,Bangladesh,West Indies,"Shere Bangla National Stadium, Mirpur",West Indies,field,Bangladesh,Unknown,207,133,10,10
ODI,2022-07-31,Scotland,New Zealand,"Grange Cricket Club Ground, Raeburn Place, Edinburgh",Scotland,bat,New Zealand,Unknown,306,307,10,3
ODI,2006-04-18,India,Pakistan,Sheikh Zayed Stadium,India,bat,Pakistan,Unknown,197,201,10,4
ODI,2005-11-12,Sri Lanka,India,Reliance Stadium,Sri Lanka,bat,India,Unknown,244,245,9,5
ODI,2012-02-25,New Zealand,South Africa,Westpac Stadium,New Zealand,bat,South Africa,Unknown,253,254,9,4
ODI,2017-05-21,Ireland,New Zealand,Malahide,Ireland,field,New Zealand,Unknown,154,344,10,6
ODI,2017-03-28,Sri Lanka,Bangladesh,Rangiri Dambulla International Stadium,Sri Lanka,bat,no result,no result,311,0,10,0
ODI,2016-01-02,New Zealand,Sri Lanka,Saxton Oval,Sri Lanka,field,no result,no result,75,0,3,0
ODI,2004-03-14,Bangladesh,Zimbabwe,Harare Sports Club,Bangladesh,bat,Zimbabwe,Unknown,183,185,10,7
ODI,2011-12-03,Bangladesh,Pakistan,Shere Bangla National Stadium,Pakistan,bat,Pakistan,Unknown,186,262,7,7
ODI,2013-06-07,Pakistan,West Indies,Kennington Oval,West Indies,field,West Indies,Unknown,170,172,10,8
ODI,2014-10-10,Australia,Pakistan,Dubai International Cricket Stadium,Pakistan,bat,Australia,Unknown,217,215,5,10
ODI,2012-07-14,West Indies,New Zealand,"Warner Park, Basseterre",West Indies,bat,West Indies,Unknown,264,240,10,10
ODI,2008-06-29,Pakistan,Sri Lanka,National Stadium,Pakistan,field,Sri Lanka,Unknown,238,302,9,7
ODI,2010-06-19,India,Pakistan,Rangiri Dambulla International Stadium,Pakistan,bat,India,Unknown,271,267,7,10
ODI,2022-03-23,South Africa,Bangladesh,"SuperSport Park, Centurion",South Africa,bat,Bangladesh,Unknown,154,156,10,1
ODI,2024-12-17,South Africa,Pakistan,"Boland Park, Paarl",South Africa,bat,Pakistan,Unknown,239,242,9,7
ODI,2019-06-21,England,Sri Lanka,Headingley,Sri Lanka,bat,Sri Lanka,Unknown,212,232,10,9
ODI,2011-03-12,India,South Africa,"Vidarbha Cricket Association Stadium, Jamtha",India,bat,South Africa,Unknown,296,300,10,7
ODI,2011-03-13,Australia,Kenya,M Chinnaswamy Stadium,Australia,bat,Australia,Unknown,324,264,6,6
ODI,2016-12-26,New Zealand,Bangladesh,Hagley Oval,New Zealand,bat,New Zealand,Unknown,341,264,7,10
ODI,2011-10-23,India,England,Wankhede Stadium,England,bat,India,Unknown,223,220,4,10
ODI,2003-10-10,Pakistan,South Africa,Rawalpindi Cricket Stadium,Pakistan,bat,South Africa,Unknown,157,158,10,4
ODI,2010-03-05,Bangladesh,England,Zohur Ahmed Chowdhury Stadium,Bangladesh,field,England,Unknown,239,284,9,5
ODI,2023-01-27,South Africa,England,"Mangaung Oval, Bloemfontein",South Africa,bat,South Africa,Unknown,298,271,7,10
ODI,2003-04-21,India,South Africa,"Bangabandhu National Stadium, Dhaka",India,bat,no result,no result,46,0,3,0
ODI,2025-08-24,Australia,South Africa,"Great Barrier Reef Arena, Mackay",Australia,bat,Australia,Unknown,431,155,2,10
ODI,2011-02-22,England,Netherlands,"Vidarbha Cricket Association Stadium, Jamtha",Netherlands,bat,England,Unknown,296,292,4,6
ODI,2024-08-04,Sri Lanka,India,"R Premadasa Stadium, Colombo",Sri Lanka,bat,Sri Lanka,Unknown,240,208,9,10
ODI,2003-02-26,India,England,"Kingsmead, Durban",India,bat,India,Unknown,250,168,9,10
ODI,2024-10-31,England,West Indies,"Sir Vivian Richards Stadium, North Sound, Antigua",West Indies,field,West Indies,Unknown,209,157,10,2
ODI,2009-09-27,New Zealand,Sri Lanka,New Wanderers Stadium,Sri Lanka,field,New Zealand,Unknown,315,277,7,10
ODI,2015-03-05,Bangladesh,Scotland,Saxton Oval,Bangladesh,field,Bangladesh,Unknown,322,318,4,8
ODI,2024-03-18,Sri Lanka,Bangladesh,"Zahur Ahmed Chowdhury Stadium, Chattogram",Sri Lanka,bat,Bangladesh,Unknown,235,237,10,6
ODI,2026-07-13,West Indies,New Zealand,"Providence Stadium, Guyana",New Zealand,field,New Zealand,Unknown,138,141,10,5
ODI,2026-05-22,Nepal,United States of America,"Tribhuvan University International Cricket Ground, Kirtipur",United States of America,field,Nepal,Unknown,317,195,8,10
ODI,2014-01-04,New Zealand,West Indies,Saxton Oval,New Zealand,bat,New Zealand,Unknown,285,134,6,5
ODI,2017-05-29,England,South Africa,Lord's,South Africa,field,South Africa,Unknown,153,156,10,3
ODI,2022-04-09,Scotland,Papua New Guinea,Dubai International Cricket Stadium,Papua New Guinea,field,Scotland,Unknown,284,122,3,10
ODI,2006-09-22,Australia,India,Kinrara Academy Oval,Australia,bat,Australia,Unknown,213,195,10,10
ODI,2006-05-13,West Indies,Zimbabwe,"Queen's Park Oval, Port of Spain",West Indies,bat,no result,no result,263,72,6,2
ODI,2016-09-30,Pakistan,West Indies,Sharjah Cricket Stadium,West Indies,field,Pakistan,Unknown,284,175,9,10
ODI,2023-11-02,India,Sri Lanka,"Wankhede Stadium, Mumbai",Sri Lanka,field,India,Unknown,357,55,8,10
ODI,2016-10-20,India,New Zealand,Feroz Shah Kotla,India,field,New Zealand,Unknown,236,242,10,9
ODI,2026-04-04,Namibia,Oman,"Namibia Cricket Ground, Windhoek",Oman,field,Oman,Unknown,268,274,7,7
ODI,2023-06-29,Zimbabwe,Oman,"Queens Sports Club, Bulawayo",Oman,field,Zimbabwe,Unknown,332,318,7,9
ODI,2004-05-27,Australia,Zimbabwe,Harare Sports Club,Zimbabwe,field,Australia,Unknown,323,184,8,9
ODI,2004-01-29,Australia,Zimbabwe,Melbourne Cricket Ground,Zimbabwe,field,no result,no result,263,0,9,0
ODI,2023-03-18,Bangladesh,Ireland,Sylhet International Cricket Stadium,Ireland,field,Bangladesh,Unknown,338,155,8,10
ODI,2007-03-22,Netherlands,Scotland,"Warner Park, Basseterre",Netherlands,field,Netherlands,Unknown,140,136,2,10
ODI,2015-03-19,Bangladesh,India,Melbourne Cricket Ground,India,bat,India,Unknown,193,302,10,6
ODI,2018-01-19,Bangladesh,Sri Lanka,"Shere Bangla National Stadium, Mirpur",Bangladesh,bat,Bangladesh,Unknown,320,157,7,10
ODI,2012-07-21,Sri Lanka,India,"Mahinda Rajapaksa International Cricket Stadium, Sooriyawewa",India,bat,India,Unknown,293,314,9,6
ODI,2026-06-09,Bangladesh,Australia,"Shere Bangla National Stadium, Mirpur",Australia,field,Bangladesh,Unknown,284,191,8,9
ODI,2006-10-08,West Indies,Zimbabwe,"Sardar Patel Stadium, Motera",Zimbabwe,bat,West Indies,Unknown,90,85,1,10
ODI,2022-08-17,Scotland,United States of America,"Mannofield Park, Aberdeen",United States of America,field,United States of America,Unknown,249,250,8,8
ODI,2020-01-08,Oman,Namibia,Al Amerat Cricket Ground Oman Cricket (Ministry Turf 1),Namibia,bat,Namibia,Unknown,272,324,10,7
ODI,2022-09-21,Namibia,Papua New Guinea,"Amini Park, Port Moresby",Namibia,bat,Namibia,Unknown,214,153,8,10
ODI,2003-08-06,Australia,Bangladesh,"Marrara Cricket Ground, Darwin",Australia,bat,Australia,Unknown,254,142,7,10
ODI,2014-08-25,West Indies,Bangladesh,"Warner Park, Basseterre",West Indies,bat,West Indies,Unknown,338,247,7,8
ODI,2014-10-21,New Zealand,South Africa,Bay Oval,South Africa,field,South Africa,Unknown,230,236,10,4
ODI,2003-03-14,New Zealand,India,"SuperSport Park, Centurion",India,field,India,Unknown,146,150,10,3
ODI,2010-03-10,West Indies,Zimbabwe,"Arnos Vale Ground, Kingstown",Zimbabwe,field,West Indies,Unknown,245,104,9,10
ODI,2005-09-04,Zimbabwe,India,Harare Sports Club,India,field,India,Unknown,250,255,10,6
ODI,2022-03-06,Namibia,Oman,"ICC Academy, Dubai",Namibia,bat,Namibia,Unknown,226,116,10,10
ODI,2022-06-03,Scotland,United Arab Emirates,"Moosa Cricket Stadium, Pearland",Scotland,bat,United Arab Emirates,Unknown,171,172,10,5
ODI,2014-10-07,Australia,Pakistan,Sharjah Cricket Stadium,Australia,bat,Australia,Unknown,255,162,8,10
ODI,2004-07-10,New Zealand,West Indies,Lord's,West Indies,field,New Zealand,Unknown,266,159,10,10
ODI,2024-09-26,United Arab Emirates,Namibia,"Wanderers Cricket Ground, Windhoek",Namibia,field,Namibia,Unknown,190,194,10,2
ODI,2013-06-05,England,New Zealand,Trent Bridge,New Zealand,field,England,Unknown,287,253,6,10
ODI,2011-06-13,West Indies,India,"Sir Vivian Richards Stadium, North Sound",India,field,West Indies,Unknown,249,146,8,10
ODI,2007-02-02,Australia,England,Sydney Cricket Ground,England,bat,England,Unknown,200,292,10,7
ODI,2011-02-27,India,England,M Chinnaswamy Stadium,India,bat,tie,tie,338,338,10,8
ODI,2003-02-28,Sri Lanka,West Indies,"Newlands, Cape Town",Sri Lanka,bat,Sri Lanka,Unknown,228,222,6,9
ODI,2017-08-31,India,Sri Lanka,"R.Premadasa Stadium, Khettarama",India,bat,India,Unknown,375,207,5,10
ODI,2024-02-15,Nepal,Namibia,"Tribhuvan University International Cricket Ground, Kirtipur",Namibia,field,Namibia,Unknown,132,134,10,6
ODI,2003-03-07,Australia,Sri Lanka,"SuperSport Park, Centurion",Australia,bat,Australia,Unknown,319,223,5,10
ODI,2004-07-27,India,Sri Lanka,R.Premadasa Stadium,India,bat,India,Unknown,271,267,6,9
ODI,2012-02-06,New Zealand,Zimbabwe,Cobham Oval (New),Zimbabwe,field,New Zealand,Unknown,372,231,6,8
ODI,2008-11-24,Zimbabwe,Sri Lanka,Harare Sports Club,Zimbabwe,field,Sri Lanka,Unknown,166,171,7,7
ODI,2014-08-26,Sri Lanka,Pakistan,"Mahinda Rajapaksa International Cricket Stadium, Sooriyawewa",Sri Lanka,bat,Sri Lanka,Unknown,310,233,9,10
ODI,2012-01-14,South Africa,Sri Lanka,Buffalo Park,South Africa,field,South Africa,Unknown,237,236,5,6
ODI,2013-05-23,Ireland,Pakistan,Clontarf Cricket Club Ground,Pakistan,bat,tie,tie,275,266,5,5
ODI,2025-11-03,United States of America,United Arab Emirates,Dubai International Cricket Stadium,United Arab Emirates,field,United States of America,Unknown,292,49,3,10
ODI,2017-01-22,India,England,Eden Gardens,India,field,England,Unknown,316,321,9,8
ODI,2009-11-22,South Africa,England,SuperSport Park,England,field,England,Unknown,250,252,9,3
ODI,2011-03-29,Sri Lanka,New Zealand,R Premadasa Stadium,New Zealand,bat,Sri Lanka,Unknown,220,217,5,10
ODI,2015-01-16,South Africa,West Indies,Kingsmead,South Africa,bat,South Africa,Unknown,279,164,8,10
ODI,2011-03-26,Sri Lanka,England,R Premadasa Stadium,England,bat,Sri Lanka,Unknown,231,229,0,6
ODI,2011-09-19,Ireland,Canada,Clontarf Cricket Club Ground,Canada,field,Ireland,Unknown,328,195,6,10
ODI,2015-02-23,England,Scotland,Hagley Oval,Scotland,field,England,Unknown,303,184,8,10
ODI,2011-02-25,Bangladesh,Ireland,Shere Bangla National Stadium,Bangladesh,bat,Bangladesh,Unknown,205,178,10,10
ODI,2008-11-23,India,England,M Chinnaswamy Stadium,England,field,India,Unknown,166,178,4,8
ODI,2011-06-11,West Indies,India,"Sir Vivian Richards Stadium, North Sound",India,field,India,Unknown,225,228,8,7
ODI,2018-12-11,Bangladesh,West Indies,"Shere Bangla National Stadium, Mirpur",West Indies,field,West Indies,Unknown,255,256,7,6
ODI,2018-06-24,Australia,England,Old Trafford,Australia,bat,England,Unknown,205,208,10,9
ODI,2025-11-16,Sri Lanka,Pakistan,Rawalpindi Cricket Stadium,Pakistan,field,Pakistan,Unknown,211,215,10,4
ODI,2003-10-12,Pakistan,South Africa,Rawalpindi Cricket Stadium,Pakistan,bat,South Africa,Unknown,192,193,10,3
ODI,2011-05-02,West Indies,Pakistan,"Kensington Oval, Bridgetown",West Indies,field,West Indies,Unknown,154,248,4,9
ODI,2025-05-06,Netherlands,United Arab Emirates,"VRA Ground, Amstelveen",United Arab Emirates,field,Netherlands,Unknown,272,159,7,10
ODI,2004-01-30,West Indies,South Africa,Kingsmead,West Indies,bat,no result,no result,147,15,8,1
ODI,2016-12-06,Australia,New Zealand,Manuka Oval,New Zealand,field,Australia,Unknown,378,262,5,10
ODI,2026-07-27,Namibia,Nepal,"Sportpark Maarschalkerweerd, Utrecht",Nepal,field,Namibia,Unknown,211,208,7,6
ODI,2013-06-23,England,India,Edgbaston,England,field,India,Unknown,124,129,8,7
ODI,2018-07-22,Bangladesh,West Indies,Providence Stadium,Bangladesh,bat,Bangladesh,Unknown,279,231,4,9
ODI,2023-10-10,Sri Lanka,Pakistan,"Rajiv Gandhi International Stadium, Uppal, Hyderabad",Sri Lanka,bat,Pakistan,Unknown,344,345,9,4
ODI,2022-02-11,India,West Indies,"Narendra Modi Stadium, Ahmedabad",India,bat,India,Unknown,265,169,10,10
ODI,2010-01-24,Australia,Pakistan,Sydney Cricket Ground,Pakistan,field,Australia,Unknown,267,127,6,10
ODI,2006-02-03,Australia,South Africa,Docklands Stadium,Australia,bat,Australia,Unknown,281,201,7,9
ODI,2019-02-20,West Indies,England,"Kensington Oval, Barbados",West Indies,bat,England,Unknown,360,364,8,4
ODI,2012-02-19,Australia,India,"Brisbane Cricket Ground, Woolloongabba",Australia,bat,Australia,Unknown,288,178,5,10
ODI,2008-01-27,South Africa,West Indies,St George's Park,West Indies,bat,South Africa,Unknown,256,252,3,7
ODI,2013-02-10,Australia,West Indies,Melbourne Cricket Ground,West Indies,field,Australia,Unknown,274,257,5,10
ODI,2009-04-17,South Africa,Australia,New Wanderers Stadium,South Africa,field,Australia,Unknown,256,303,10,7
ODI,2013-11-06,Pakistan,South Africa,Sheikh Zayed Stadium,South Africa,bat,South Africa,Unknown,191,259,10,8
ODI,2022-01-16,Zimbabwe,Sri Lanka,Pallekele International Cricket Stadium,Zimbabwe,bat,Sri Lanka,Unknown,296,300,9,5
ODI,2018-09-30,Zimbabwe,South Africa,Diamond Oval,South Africa,field,South Africa,Unknown,117,119,10,5
ODI,2024-03-05,Canada,United Arab Emirates,Dubai International Cricket Stadium,United Arab Emirates,field,Canada,Unknown,241,228,6,8
ODI,2008-06-18,England,New Zealand,Edgbaston,New Zealand,field,no result,no result,162,127,10,2
ODI,2003-04-03,Pakistan,Zimbabwe,Sharjah Cricket Association Stadium,Pakistan,bat,Pakistan,Unknown,278,210,7,10
ODI,2018-01-19,New Zealand,Pakistan,Basin Reserve,New Zealand,bat,New Zealand,Unknown,271,256,7,10
ODI,2016-06-05,West Indies,Australia,Providence Stadium,Australia,field,Australia,Unknown,116,117,10,4
ODI,2014-12-17,New Zealand,Pakistan,Sheikh Zayed Stadium,New Zealand,bat,New Zealand,Unknown,299,292,5,8
ODI,2023-03-06,Bangladesh,England,"Zahur Ahmed Chowdhury Stadium, Chattogram",Bangladesh,bat,Bangladesh,Unknown,246,196,10,10
ODI,2015-05-31,Pakistan,Zimbabwe,Gaddafi Stadium,Pakistan,bat,no result,no result,296,68,9,0
ODI,2010-02-28,Bangladesh,England,Shere Bangla National Stadium,England,field,England,Unknown,228,229,10,4
ODI,2008-02-22,Australia,Sri Lanka,Melbourne Cricket Ground,Sri Lanka,field,Australia,Unknown,184,77,7,4
ODI,2011-02-01,New Zealand,Pakistan,McLean Park,New Zealand,bat,Pakistan,Unknown,262,264,7,8
ODI,2003-06-28,South Africa,England,"Kennington Oval, London",South Africa,bat,England,Unknown,264,265,6,4
ODI,2022-06-04,West Indies,Netherlands,"VRA Ground, Amstelveen",West Indies,bat,West Indies,Unknown,308,288,5,10
ODI,2007-12-02,South Africa,New Zealand,Newlands,New Zealand,bat,South Africa,Unknown,242,238,5,8
ODI,2017-06-14,England,Pakistan,Sophia Gardens,Pakistan,field,Pakistan,Unknown,211,215,10,2
ODI,2018-07-25,West Indies,Bangladesh,Providence Stadium,Bangladesh,field,West Indies,Unknown,271,268,10,6
ODI,2023-04-27,New Zealand,Pakistan,Rawalpindi Cricket Stadium,Pakistan,field,Pakistan,Unknown,288,291,7,5
ODI,2016-02-03,South Africa,England,Mangaung Oval,England,bat,England,Unknown,250,399,5,9
ODI,2019-08-18,Scotland,Oman,Mannofield Park,Oman,field,Scotland,Unknown,223,138,7,10
ODI,2003-11-07,Bangladesh,England,"MA Aziz Stadium, Chittagong",Bangladesh,bat,England,Unknown,143,144,10,3
ODI,2009-01-07,New Zealand,West Indies,Westpac Stadium,New Zealand,field,New Zealand,Unknown,129,128,3,10
ODI,2007-03-15,Ireland,Zimbabwe,"Sabina Park, Kingston",Zimbabwe,field,tie,tie,221,221,9,10
ODI,2015-02-15,South Africa,Zimbabwe,Seddon Park,Zimbabwe,field,South Africa,Unknown,339,277,4,10
ODI,2010-11-08,Pakistan,South Africa,Dubai International Cricket Stadium,South Africa,bat,South Africa,Unknown,260,317,10,5
ODI,2021-09-29,Papua New Guinea,Scotland,Al Amerat Cricket Ground Oman Cricket (Ministry Turf 1),Papua New Guinea,bat,Scotland,Unknown,226,228,8,6
ODI,2004-07-06,England,West Indies,Lord's,West Indies,field,West Indies,Unknown,285,286,7,3
ODI,2022-07-11,Namibia,Nepal,"Cambusdoon New Ground, Ayr",Namibia,bat,Namibia,Unknown,220,180,10,10
ODI,2005-09-06,India,New Zealand,Harare Sports Club,India,bat,New Zealand,Unknown,276,278,10,4
ODI,2024-10-29,Scotland,Nepal,"Grand Prairie Stadium, Dallas",Nepal,field,Nepal,Unknown,154,157,10,5
ODI,2021-10-02,Scotland,Oman,Al Amerat Cricket Ground Oman Cricket (Ministry Turf 1),Scotland,bat,no result,no result,100,0,3,0
ODI,2012-02-28,India,Sri Lanka,Bellerive Oval,India,field,India,Unknown,321,320,3,4
ODI,2020-11-27,Australia,India,Sydney Cricket Ground,Australia,bat,Australia,Unknown,374,308,6,8
ODI,2018-01-23,Scotland,United Arab Emirates,ICC Academy,Scotland,bat,United Arab Emirates,Unknown,299,300,9,6
ODI,2018-07-16,Zimbabwe,Pakistan,Queens Sports Club,Zimbabwe,bat,Pakistan,Unknown,194,195,10,1
ODI,2015-06-17,England,New Zealand,Trent Bridge,New Zealand,bat,England,Unknown,350,349,3,7
ODI,2022-03-19,United Arab Emirates,Papua New Guinea,Dubai International Cricket Stadium,United Arab Emirates,bat,Papua New Guinea,Unknown,147,150,10,4
ODI,2017-03-02,United Arab Emirates,Ireland,ICC Global Cricket Academy,United Arab Emirates,field,Ireland,Unknown,185,270,10,10
ODI,2019-03-10,India,Australia,"Punjab Cricket Association IS Bindra Stadium, Mohali",India,bat,Australia,Unknown,358,359,9,6
ODI,2007-06-06,Africa XI,Asia XI,M Chinnaswamy Stadium,Asia XI,bat,Asia XI,Unknown,283,317,10,9
ODI,2018-03-10,Zimbabwe,Hong Kong,Queens Sports Club,Hong Kong,field,Zimbabwe,Unknown,263,174,9,10
ODI,2006-11-29,South Africa,India,St George's Park,South Africa,bat,South Africa,Unknown,243,163,8,10
ODI,2024-02-17,Netherlands,Nepal,"Tribhuvan University International Cricket Ground, Kirtipur",Nepal,field,Nepal,Unknown,137,141,10,1
ODI,2016-10-16,India,New Zealand,Himachal Pradesh Cricket Association Stadium,India,field,India,Unknown,194,190,4,10
ODI,2017-10-16,Pakistan,Sri Lanka,Sheikh Zayed Stadium,Pakistan,bat,Pakistan,Unknown,219,187,9,10
ODI,2019-06-30,England,India,Edgbaston,England,bat,England,Unknown,337,306,7,5
ODI,2008-07-04,West Indies,Australia,"Warner Park, Basseterre",West Indies,field,Australia,Unknown,281,282,6,8
ODI,2018-10-10,England,Sri Lanka,Rangiri Dambulla International Stadium,Sri Lanka,field,no result,no result,92,0,2,0
ODI,2014-03-02,West Indies,England,"Sir Vivian Richards Stadium, North Sound",England,field,England,Unknown,159,163,10,7
ODI,2022-12-02,Nepal,Namibia,"United Cricket Club Ground, Windhoek",Namibia,field,no result,no result,197,4,10,0
ODI,2014-11-21,Bangladesh,Zimbabwe,Zahur Ahmed Chowdhury Stadium,Zimbabwe,field,Bangladesh,Unknown,281,194,7,10
ODI,2008-12-31,New Zealand,West Indies,Queenstown Events Centre,New Zealand,field,no result,no result,0,129,0,5
ODI,2015-11-17,England,Pakistan,Sharjah Cricket Stadium,Pakistan,bat,England,Unknown,210,208,4,10
ODI,2023-03-12,Nepal,United Arab Emirates,"Tribhuvan University International Cricket Ground, Kirtipur",Nepal,bat,Nepal,Unknown,248,71,10,10
ODI,2011-10-19,South Africa,Australia,SuperSport Park,South Africa,field,Australia,Unknown,129,183,10,4
ODI,2006-12-03,South Africa,India,SuperSport Park,South Africa,field,South Africa,Unknown,201,200,1,9
ODI,2015-07-10,Zimbabwe,India,Harare Sports Club,Zimbabwe,field,India,Unknown,251,255,7,6
ODI,2022-04-13,Scotland,Papua New Guinea,Dubai International Cricket Stadium,Scotland,bat,Scotland,Unknown,287,164,5,10
ODI,2014-03-02,India,Pakistan,Shere Bangla National Stadium,Pakistan,field,Pakistan,Unknown,245,249,8,9
ODI,2023-01-10,India,Sri Lanka,"Barsapara Cricket Stadium, Guwahati",Sri Lanka,field,India,Unknown,373,306,7,8
ODI,2015-11-01,Sri Lanka,West Indies,R Premadasa Stadium,Sri Lanka,field,Sri Lanka,Unknown,164,159,9,8
ODI,2008-04-16,Pakistan,Bangladesh,Multan Cricket Stadium,Bangladesh,bat,Pakistan,Unknown,212,210,3,10
ODI,2025-01-08,New Zealand,Sri Lanka,"Seddon Park, Hamilton",Sri Lanka,field,New Zealand,Unknown,255,142,9,10
ODI,2007-02-11,India,Sri Lanka,Madhavrao Scindia Cricket Ground,India,field,Sri Lanka,Unknown,252,257,9,8
ODI,2003-11-26,Zimbabwe,West Indies,Harare Sports Club,West Indies,field,Zimbabwe,Unknown,229,208,5,10
ODI,2007-11-18,India,Pakistan,Sawai Mansingh Stadium,India,field,Pakistan,Unknown,275,306,10,6
ODI,2019-07-06,India,Sri Lanka,Headingley,Sri Lanka,bat,India,Unknown,265,264,3,7
ODI,2011-01-15,South Africa,India,New Wanderers Stadium,India,bat,India,Unknown,189,190,10,10
ODI,2003-01-23,England,Australia,Sydney Cricket Ground,England,bat,Australia,Unknown,117,118,10,0
ODI,2025-02-06,England,India,"Vidarbha Cricket Association Stadium, Jamtha, Nagpur",England,bat,India,Unknown,248,251,10,6
ODI,2005-12-10,England,Pakistan,Gaddafi Stadium,England,bat,England,Unknown,327,285,4,10
ODI,2017-06-01,England,Bangladesh,Kennington Oval,England,field,England,Unknown,308,305,2,6
ODI,2005-12-31,Sri Lanka,New Zealand,John Davies Oval,New Zealand,field,New Zealand,Unknown,164,166,10,3
ODI,2008-01-20,South Africa,West Indies,SuperSport Park,South Africa,field,South Africa,Unknown,176,175,4,10
ODI,2008-03-14,Bangladesh,South Africa,Shere Bangla National Stadium,Bangladesh,bat,South Africa,Unknown,143,147,10,3
ODI,2023-09-23,New Zealand,Bangladesh,"Shere Bangla National Stadium, Mirpur",New Zealand,bat,New Zealand,Unknown,254,168,10,10
ODI,2012-11-12,Sri Lanka,New Zealand,"Mahinda Rajapaksa International Cricket Stadium, Sooriyawewa",New Zealand,field,no result,no result,123,0,8,0
ODI,2003-11-06,India,New Zealand,"Barabati Stadium, Cuttack",India,bat,New Zealand,Unknown,246,249,9,6
ODI,2006-11-05,Australia,West Indies,Brabourne Stadium,West Indies,bat,Australia,Unknown,116,138,2,10
ODI,2022-08-17,New Zealand,West Indies,"Kensington Oval, Bridgetown, Barbados",West Indies,field,West Indies,Unknown,190,193,10,5
ODI,2011-08-20,Sri Lanka,Australia,R Premadasa Stadium,Sri Lanka,bat,Australia,Unknown,132,133,10,5
ODI,2012-03-23,West Indies,Australia,"Beausejour Stadium, Gros Islet",Australia,field,West Indies,Unknown,294,252,7,10
ODI,2022-08-21,West Indies,New Zealand,"Kensington Oval, Bridgetown, Barbados",New Zealand,field,New Zealand,Unknown,301,307,8,5
ODI,2014-01-19,New Zealand,India,McLean Park,India,field,New Zealand,Unknown,292,268,7,10
ODI,2014-06-17,Bangladesh,India,Shere Bangla National Stadium,Bangladesh,field,India,Unknown,58,105,10,10
ODI,2024-08-02,Sri Lanka,India,"R Premadasa Stadium, Colombo",Sri Lanka,bat,tie,tie,230,230,8,10
ODI,2005-08-21,Africa XI,Asia XI,Kingsmead,Africa XI,bat,no result,no result,106,8,10,2
ODI,2018-01-06,New Zealand,Pakistan,Basin Reserve,Pakistan,field,New Zealand,Unknown,315,166,7,6
ODI,2018-01-13,New Zealand,Pakistan,University Oval,New Zealand,bat,New Zealand,Unknown,257,74,10,10
ODI,2011-01-26,Australia,England,Adelaide Oval,England,bat,England,Unknown,278,299,7,8
ODI,2023-06-22,West Indies,Nepal,Harare Sports Club,Nepal,field,West Indies,Unknown,339,238,7,10
ODI,2012-03-03,New Zealand,South Africa,Eden Park,South Africa,field,South Africa,Unknown,206,208,10,5
ODI,2015-03-08,Australia,Sri Lanka,Sydney Cricket Ground,Australia,bat,Australia,Unknown,376,312,9,10
ODI,2011-12-01,Bangladesh,Pakistan,Shere Bangla National Stadium,Bangladesh,bat,Pakistan,Unknown,91,93,10,5
ODI,2011-04-25,West Indies,Pakistan,"Beausejour Stadium, Gros Islet",Pakistan,field,Pakistan,Unknown,220,223,10,3
ODI,2011-02-03,Sri Lanka,West Indies,Sinhalese Sports Club Ground,Sri Lanka,field,Sri Lanka,Unknown,199,203,2,10
ODI,2023-03-18,West Indies,South Africa,"Buffalo Park, East London",West Indies,bat,West Indies,Unknown,335,287,8,10
ODI,2025-08-31,Zimbabwe,Sri Lanka,Harare Sports Club,Sri Lanka,field,Sri Lanka,Unknown,277,278,7,5
ODI,2011-02-25,Australia,New Zealand,"Vidarbha Cricket Association Stadium, Jamtha",Australia,field,Australia,Unknown,207,206,3,10
ODI,2015-04-19,Bangladesh,Pakistan,Shere Bangla National Stadium,Pakistan,bat,Bangladesh,Unknown,240,239,3,6
ODI,2023-07-29,India,West Indies,"Kensington Oval, Bridgetown, Barbados",West Indies,field,West Indies,Unknown,181,182,10,4
ODI,2024-11-06,England,West Indies,"Kensington Oval, Bridgetown, Barbados",West Indies,field,West Indies,Unknown,263,267,8,2
ODI,2023-11-04,Australia,England,"Narendra Modi Stadium, Ahmedabad",England,field,Australia,Unknown,286,253,10,10
ODI,2015-09-03,England,Australia,The Rose Bowl,Australia,bat,Australia,Unknown,246,305,10,6
ODI,2007-04-04,England,Sri Lanka,"Sir Vivian Richards Stadium, North Sound",England,field,Sri Lanka,Unknown,233,235,8,10
ODI,2012-11-04,Sri Lanka,New Zealand,Pallekele International Cricket Stadium,New Zealand,bat,Sri Lanka,Unknown,118,250,3,6
ODI,2011-01-23,South Africa,India,SuperSport Park,India,field,South Africa,Unknown,250,234,9,10
ODI,2005-08-06,West Indies,Sri Lanka,"R.Premadasa Stadium, Khettarama",West Indies,bat,West Indies,Unknown,226,193,7,10
ODI,2013-11-30,South Africa,Pakistan,SuperSport Park,South Africa,field,South Africa,Unknown,181,179,6,10
ODI,2010-06-16,Bangladesh,India,Rangiri Dambulla International Stadium,Bangladesh,bat,India,Unknown,167,168,10,4
ODI,2019-01-27,South Africa,Pakistan,The Wanderers Stadium,Pakistan,field,Pakistan,Unknown,164,168,10,2
ODI,2010-02-19,Australia,West Indies,Melbourne Cricket Ground,Australia,bat,Australia,Unknown,324,199,5,10
ODI,2017-09-03,Sri Lanka,India,"R.Premadasa Stadium, Khettarama",Sri Lanka,bat,India,Unknown,238,239,10,4
ODI,2017-06-23,West Indies,India,"Queen's Park Oval, Port of Spain",West Indies,field,no result,no result,0,199,0,3
ODI,2008-07-03,India,Sri Lanka,National Stadium,Sri Lanka,bat,India,Unknown,310,308,4,8
ODI,2013-09-06,Ireland,Scotland,"Civil Service Cricket Club, Stormont",Scotland,bat,Ireland,Unknown,225,223,9,9
ODI,2005-10-28,Sri Lanka,India,"Punjab Cricket Association IS Bindra Stadium, Mohali",India,field,India,Unknown,122,123,10,2
ODI,2007-04-17,England,South Africa,"Kensington Oval, Bridgetown",England,bat,South Africa,Unknown,154,157,10,1
ODI,2018-01-21,England,Australia,Sydney Cricket Ground,Australia,field,England,Unknown,302,286,6,6
ODI,2009-08-01,Sri Lanka,Pakistan,Rangiri Dambulla International Stadium,Sri Lanka,field,Sri Lanka,Unknown,169,168,4,10
ODI,2025-02-09,England,India,"Barabati Stadium, Cuttack",England,bat,India,Unknown,304,308,10,6
ODI,2017-12-06,Hong Kong,Papua New Guinea,ICC Academy,Papua New Guinea,field,Hong Kong,Unknown,230,207,8,10
ODI,2007-02-05,Kenya,Canada,Jaffery Sports Club Ground,Kenya,bat,Kenya,Unknown,250,92,9,10
ODI,2008-01-30,Pakistan,Zimbabwe,Iqbal Stadium,Zimbabwe,bat,Pakistan,Unknown,245,244,3,10
ODI,2006-09-02,England,Pakistan,Lord's,Pakistan,field,Pakistan,Unknown,166,169,10,3
ODI,2018-08-01,Sri Lanka,South Africa,Rangiri Dambulla International Stadium,Sri Lanka,bat,South Africa,Unknown,244,246,8,6
ODI,2015-06-20,England,New Zealand,Riverside Ground,England,field,England,Unknown,192,283,7,9
ODI,2016-06-15,West Indies,South Africa,"Warner Park, Basseterre",West Indies,field,South Africa,Unknown,204,343,10,4
ODI,2013-07-05,West Indies,India,"Queen's Park Oval, Port of Spain",West Indies,field,India,Unknown,171,311,10,7
ODI,2026-06-08,Netherlands,United States of America,"Maple Leaf North-West Ground, King City",United States of America,field,Netherlands,Unknown,196,175,8,10
ODI,2019-06-28,South Africa,Sri Lanka,Riverside Ground,South Africa,field,South Africa,Unknown,206,203,1,10
ODI,2024-11-24,Zimbabwe,Pakistan,"Queens Sports Club, Bulawayo",Pakistan,field,Zimbabwe,Unknown,205,60,10,6
ODI,2003-01-09,Sri Lanka,Australia,Sydney Cricket Ground,Australia,field,Sri Lanka,Unknown,343,264,5,10
ODI,2008-08-29,England,South Africa,Kennington Oval,South Africa,field,England,Unknown,296,170,7,10
ODI,2003-02-11,Canada,Bangladesh,"Kingsmead, Durban",Canada,bat,Canada,Unknown,180,120,10,10
ODI,2006-01-29,Australia,Sri Lanka,Western Australia Cricket Association Ground,Sri Lanka,bat,Australia,Unknown,237,233,4,8
ODI,2024-11-08,Australia,Pakistan,Adelaide Oval,Pakistan,field,Pakistan,Unknown,163,169,10,1
ODI,2007-03-31,Australia,Bangladesh,"Sir Vivian Richards Stadium, North Sound",Australia,field,Australia,Unknown,106,104,0,6
ODI,2004-10-09,Zimbabwe,Sri Lanka,Rawalpindi Cricket Stadium,Sri Lanka,field,Sri Lanka,Unknown,104,108,10,3
ODI,2008-02-10,Australia,India,Melbourne Cricket Ground,Australia,bat,India,Unknown,159,160,10,5
ODI,2009-07-28,West Indies,Bangladesh,"Windsor Park, Roseau",West Indies,bat,Bangladesh,Unknown,274,276,6,7
ODI,2011-11-23,Pakistan,Sri Lanka,Sheikh Zayed Stadium,Sri Lanka,bat,Pakistan,Unknown,219,218,7,9
ODI,2015-03-18,South Africa,Sri Lanka,Sydney Cricket Ground,Sri Lanka,bat,South Africa,Unknown,134,133,1,10
ODI,2021-07-13,Pakistan,England,"Edgbaston, Birmingham",England,field,England,Unknown,331,332,9,7
ODI,2009-11-03,Bangladesh,Zimbabwe,Zohur Ahmed Chowdhury Stadium,Zimbabwe,bat,Bangladesh,Unknown,49,44,4,10
ODI,2019-04-27,Namibia,Oman,Wanderers Cricket Ground,Namibia,bat,Namibia,Unknown,226,81,7,10
ODI,2008-11-30,Zimbabwe,Sri Lanka,Harare Sports Club,Zimbabwe,field,Sri Lanka,Unknown,133,152,10,10
ODI,2014-12-03,Sri Lanka,England,"Mahinda Rajapaksa International Cricket Stadium, Sooriyawewa",Sri Lanka,bat,England,Unknown,242,236,8,5
ODI,2017-06-12,Pakistan,Sri Lanka,Sophia Gardens,Pakistan,field,Pakistan,Unknown,237,236,7,10
ODI,2014-12-12,New Zealand,Pakistan,Sharjah Cricket Stadium,Pakistan,bat,New Zealand,Unknown,255,252,6,10
ODI,2019-01-23,New Zealand,India,McLean Park,New Zealand,bat,India,Unknown,157,156,10,2
ODI,2015-01-17,New Zealand,Sri Lanka,Eden Park,Sri Lanka,field,no result,no result,145,0,3,0
ODI,2023-10-05,England,New Zealand,"Narendra Modi Stadium, Ahmedabad",New Zealand,field,New Zealand,Unknown,282,283,9,1
ODI,2010-10-31,Pakistan,South Africa,Sheikh Zayed Stadium,South Africa,bat,Pakistan,Unknown,289,286,9,8
ODI,2013-06-20,India,Sri Lanka,Sophia Gardens,India,field,India,Unknown,182,181,2,8
ODI,2009-10-25,India,Australia,Reliance Stadium,Australia,bat,Australia,Unknown,288,292,8,8
ODI,2018-11-11,South Africa,Australia,Bellerive Oval,Australia,field,South Africa,Unknown,320,280,5,9
ODI,2017-10-01,Australia,India,"Vidarbha Cricket Association Stadium, Jamtha",Australia,bat,India,Unknown,242,243,9,3
ODI,2017-03-04,New Zealand,South Africa,Eden Park,South Africa,field,South Africa,Unknown,149,150,10,4
ODI,2023-04-21,Nepal,Oman,"Tribhuvan University International Cricket Ground, Kirtipur",Oman,field,Nepal,Unknown,310,226,8,9
ODI,2011-03-18,New Zealand,Sri Lanka,Wankhede Stadium,Sri Lanka,bat,Sri Lanka,Unknown,153,265,10,9
ODI,2014-01-17,Australia,England,"Brisbane Cricket Ground, Woolloongabba",England,bat,Australia,Unknown,301,300,9,8
ODI,2007-10-05,India,Australia,"Rajiv Gandhi International Stadium, Uppal",Australia,bat,Australia,Unknown,243,290,10,7
ODI,2022-03-16,Papua New Guinea,Nepal,Sharjah Cricket Stadium,Papua New Guinea,bat,Nepal,Unknown,204,208,8,8
ODI,2016-02-06,South Africa,England,St George's Park,South Africa,bat,England,Unknown,262,263,7,5
ODI,2008-02-26,India,Sri Lanka,Bellerive Oval,India,field,India,Unknown,180,179,3,10
ODI,2009-09-15,England,Australia,Trent Bridge,England,bat,Australia,Unknown,299,302,10,6
ODI,2020-02-06,Oman,United States of America,Tribhuvan University International Cricket Ground,Oman,field,Oman,Unknown,214,213,4,10
ODI,2022-09-03,Australia,Zimbabwe,"Riverway Stadium, Townsville",Zimbabwe,field,Zimbabwe,Unknown,141,142,10,7
ODI,2019-06-26,New Zealand,Pakistan,Edgbaston,New Zealand,bat,Pakistan,Unknown,237,241,6,4
ODI,2012-02-26,Australia,India,Sydney Cricket Ground,Australia,bat,Australia,Unknown,252,165,9,10
ODI,2004-04-20,Zimbabwe,Sri Lanka,Queens Sports Club,Sri Lanka,field,Sri Lanka,Unknown,211,144,6,4
ODI,2025-02-22,England,Australia,"Gaddafi Stadium, Lahore",Australia,field,Australia,Unknown,351,356,8,5
ODI,2013-02-26,West Indies,Zimbabwe,"National Cricket Stadium, St George's",Zimbabwe,bat,West Indies,Unknown,215,211,5,9
ODI,2022-07-17,England,India,"Old Trafford, Manchester",India,field,India,Unknown,259,261,10,5
ODI,2011-07-09,England,Sri Lanka,Old Trafford,England,bat,England,Unknown,268,252,9,10
ODI,2018-11-09,New Zealand,Pakistan,Sheikh Zayed Stadium,New Zealand,bat,Pakistan,Unknown,209,212,9,5
ODI,2010-03-02,Bangladesh,England,Shere Bangla National Stadium,England,field,England,Unknown,260,261,6,8
ODI,2018-11-04,Australia,South Africa,Perth Stadium,South Africa,field,South Africa,Unknown,152,153,10,4
ODI,2007-11-05,India,Pakistan,Nehru Stadium,Pakistan,bat,India,Unknown,242,239,5,7
ODI,2016-06-24,West Indies,South Africa,"Kensington Oval, Bridgetown",South Africa,field,West Indies,Unknown,285,185,10,10
ODI,2011-03-23,Pakistan,West Indies,Shere Bangla National Stadium,West Indies,bat,Pakistan,Unknown,113,112,0,10
ODI,2021-07-20,Sri Lanka,India,"R Premadasa Stadium, Colombo",Sri Lanka,bat,India,Unknown,275,277,9,7
ODI,2021-07-18,Zimbabwe,Bangladesh,Harare Sports Club,Zimbabwe,bat,Bangladesh,Unknown,240,242,9,7
ODI,2025-02-10,Namibia,Oman,Al Amerat Cricket Ground Oman Cricket (Ministry Turf 1),Oman,field,Namibia,Unknown,169,146,10,10
ODI,2015-08-23,South Africa,New Zealand,Senwes Park,South Africa,bat,New Zealand,Unknown,204,207,10,2
ODI,2019-03-16,South Africa,Sri Lanka,Newlands,Sri Lanka,bat,South Africa,Unknown,135,225,2,10
ODI,2023-03-31,Sri Lanka,New Zealand,"Seddon Park, Hamilton",Sri Lanka,bat,New Zealand,Unknown,157,159,10,4
ODI,2018-03-03,England,New Zealand,Westpac Stadium,New Zealand,field,England,Unknown,234,230,10,8
ODI,2007-11-15,India,Pakistan,Captain Roop Singh Stadium,Pakistan,bat,India,Unknown,260,255,4,6
ODI,2025-11-08,South Africa,Pakistan,"Iqbal Stadium, Faisalabad",South Africa,bat,Pakistan,Unknown,143,144,10,3
ODI,2006-12-08,Bangladesh,Zimbabwe,Shere Bangla National Stadium,Bangladesh,field,Bangladesh,Unknown,147,146,2,10
ODI,2021-09-16,United States of America,Oman,Al Amerat Cricket Ground Oman Cricket (Ministry Turf 1),Oman,field,Oman,Unknown,178,179,10,6
ODI,2008-06-12,Bangladesh,India,Shere Bangla National Stadium,Bangladesh,bat,India,Unknown,222,223,10,3
ODI,2022-11-26,United States of America,Namibia,"Wanderers Cricket Ground, Windhoek",Namibia,field,Namibia,Unknown,211,212,7,4
ODI,2023-06-04,United Arab Emirates,West Indies,Sharjah Cricket Stadium,United Arab Emirates,bat,West Indies,Unknown,202,206,10,3
ODI,2014-07-09,Sri Lanka,South Africa,Pallekele International Cricket Stadium,Sri Lanka,bat,Sri Lanka,Unknown,267,180,10,10
ODI,2013-08-29,Zimbabwe,Pakistan,Harare Sports Club,Zimbabwe,field,Pakistan,Unknown,209,299,10,4
ODI,2010-02-11,New Zealand,Bangladesh,AMI Stadium,New Zealand,field,New Zealand,Unknown,244,241,7,9
ODI,2014-11-06,India,Sri Lanka,"Sardar Patel Stadium, Motera",Sri Lanka,bat,India,Unknown,275,274,4,8
ODI,2006-11-02,South Africa,West Indies,Sawai Mansingh Stadium,South Africa,bat,West Indies,Unknown,258,262,8,5
ODI,2014-09-10,Ireland,Scotland,"The Village, Malahide",Ireland,field,Ireland,Unknown,225,221,7,10
ODI,2003-11-10,Bangladesh,England,"Bangabandhu National Stadium, Dhaka",Bangladesh,bat,England,Unknown,134,137,9,3
ODI,2016-09-04,England,Pakistan,Sophia Gardens,Pakistan,field,Pakistan,Unknown,302,304,9,6
ODI,2004-02-20,Australia,Sri Lanka,Rangiri Dambulla International Stadium,Australia,bat,Australia,Unknown,262,178,6,10
ODI,2021-03-12,West Indies,Sri Lanka,Sir Vivian Richards Stadium,West Indies,field,West Indies,Unknown,274,273,5,8
ODI,2018-03-12,Ireland,United Arab Emirates,Old Hararians,United Arab Emirates,field,Ireland,Unknown,313,91,6,10
ODI,2007-09-29,India,Australia,M Chinnaswamy Stadium,Australia,bat,no result,no result,9,307,1,7
ODI,2015-05-08,Ireland,England,"The Village, Malahide",England,field,no result,no result,56,0,4,0
ODI,2003-03-20,India,Kenya,"Kingsmead, Durban",India,bat,India,Unknown,270,179,4,10
ODI,2015-03-21,New Zealand,West Indies,Westpac Stadium,New Zealand,bat,New Zealand,Unknown,393,250,6,10
ODI,2018-01-14,Australia,England,Melbourne Cricket Ground,England,field,England,Unknown,304,308,8,5
ODI,2022-01-19,South Africa,India,"Boland Park, Paarl",South Africa,bat,South Africa,Unknown,296,265,4,8
ODI,2010-07-07,Canada,Ireland,VRA Ground,Canada,bat,Ireland,Unknown,154,155,9,5
ODI,2003-11-30,Zimbabwe,West Indies,Harare Sports Club,Zimbabwe,bat,West Indies,Unknown,196,197,10,2
ODI,2006-09-20,India,West Indies,Kinrara Academy Oval,India,bat,India,Unknown,162,146,10,10
ODI,2005-03-01,New Zealand,Australia,Basin Reserve,Australia,field,Australia,Unknown,233,236,10,3
ODI,2003-04-07,Sri Lanka,Zimbabwe,Sharjah Cricket Association Stadium,Sri Lanka,bat,Zimbabwe,Unknown,193,194,10,6
ODI,2005-08-29,India,Zimbabwe,Harare Sports Club,Zimbabwe,field,India,Unknown,226,65,6,10
ODI,2024-01-08,Zimbabwe,Sri Lanka,"R Premadasa Stadium, Colombo",Zimbabwe,bat,Sri Lanka,Unknown,208,211,10,8
ODI,2007-04-14,New Zealand,South Africa,"National Cricket Stadium, St George's",New Zealand,field,New Zealand,Unknown,196,193,5,7
ODI,2006-05-26,West Indies,India,"Queen's Park Oval, Port of Spain",West Indies,field,West Indies,Unknown,218,217,4,7
ODI,2021-09-07,Sri Lanka,South Africa,"R Premadasa Stadium, Colombo",Sri Lanka,bat,Sri Lanka,Unknown,203,125,9,10
ODI,2005-03-02,Zimbabwe,South Africa,St George's Park,Zimbabwe,bat,South Africa,Unknown,206,207,8,5
ODI,2012-03-13,India,Sri Lanka,Shere Bangla National Stadium,Sri Lanka,field,India,Unknown,304,254,3,10
ODI,2007-04-16,Australia,Sri Lanka,"National Cricket Stadium, St George's",Sri Lanka,bat,Australia,Unknown,232,226,3,10
ODI,2021-09-26,Oman,Papua New Guinea,Al Amerat Cricket Ground Oman Cricket (Ministry Turf 2),Papua New Guinea,field,Oman,Unknown,250,140,7,10
ODI,2007-03-25,Bangladesh,Bermuda,"Queen's Park Oval, Port of Spain",Bangladesh,field,Bangladesh,Unknown,96,94,3,9
ODI,2008-06-26,Pakistan,India,National Stadium,Pakistan,bat,India,Unknown,299,301,5,4
ODI,2019-07-02,Bangladesh,India,Edgbaston,India,bat,India,Unknown,286,314,10,9
ODI,2004-12-08,Australia,New Zealand,Sydney Cricket Ground,Australia,bat,Australia,Unknown,261,244,7,10
ODI,2024-03-07,Scotland,Canada,Dubai International Cricket Stadium,Canada,field,Canada,Unknown,197,200,10,5
ODI,2008-06-10,India,Pakistan,Shere Bangla National Stadium,India,bat,India,Unknown,330,190,8,10
ODI,2017-06-10,England,Australia,Edgbaston,England,field,England,Unknown,240,277,4,9
ODI,2010-01-08,Bangladesh,Sri Lanka,Shere Bangla National Stadium,Sri Lanka,field,Sri Lanka,Unknown,249,252,9,1
ODI,2007-11-25,South Africa,New Zealand,Kingsmead,South Africa,field,South Africa,Unknown,249,248,8,6
ODI,2006-03-31,India,England,Nahar Singh Stadium,England,bat,India,Unknown,230,226,6,10
ODI,2015-02-25,Ireland,United Arab Emirates,"Brisbane Cricket Ground, Woolloongabba",Ireland,field,Ireland,Unknown,279,278,8,9
ODI,2004-10-06,Sri Lanka,Pakistan,National Stadium,Sri Lanka,bat,Pakistan,Unknown,232,233,9,2
ODI,2015-03-15,Ireland,Pakistan,Adelaide Oval,Ireland,bat,Pakistan,Unknown,237,241,10,3
ODI,2009-09-09,England,Australia,The Rose Bowl,England,bat,Australia,Unknown,228,230,9,4
ODI,2024-08-11,Canada,Netherlands,"Sportpark Westvliet, The Hague",Canada,bat,Netherlands,Unknown,194,195,10,5
ODI,2014-08-22,West Indies,Bangladesh,"National Cricket Stadium, St George's",Bangladesh,field,West Indies,Unknown,247,70,7,10
ODI,2003-08-03,Bangladesh,Australia,"Bundaberg Rum Stadium, Cairns",Bangladesh,bat,Australia,Unknown,147,148,10,1
ODI,2023-08-01,India,West Indies,"Brian Lara Stadium, Tarouba, Trinidad",West Indies,field,India,Unknown,351,151,5,10
ODI,2023-09-22,Australia,India,"Punjab Cricket Association IS Bindra Stadium, Mohali, Chandigarh",India,field,India,Unknown,276,281,10,5
ODI,2013-06-09,New Zealand,Sri Lanka,Sophia Gardens,Sri Lanka,bat,New Zealand,Unknown,139,138,9,10
ODI,2013-07-11,India,Sri Lanka,"Queen's Park Oval, Port of Spain",India,field,India,Unknown,203,201,9,10
ODI,2023-03-15,Papua New Guinea,United Arab Emirates,"Tribhuvan University International Cricket Ground, Kirtipur",Papua New Guinea,bat,United Arab Emirates,Unknown,234,236,7,4
ODI,2004-01-25,South Africa,West Indies,Newlands,South Africa,bat,South Africa,Unknown,263,54,4,10
ODI,2021-01-25,Bangladesh,West Indies,Zahur Ahmed Chowdhury Stadium,West Indies,field,Bangladesh,Unknown,297,177,6,10
ODI,2022-06-10,Pakistan,West Indies,Multan Cricket Stadium,Pakistan,bat,Pakistan,Unknown,275,155,8,10
ODI,2009-08-09,Zimbabwe,Bangladesh,Queens Sports Club,Bangladesh,field,Bangladesh,Unknown,207,211,10,2
ODI,2008-02-08,Australia,Sri Lanka,Sydney Cricket Ground,Australia,bat,Australia,Unknown,253,125,6,10
ODI,2013-12-18,Pakistan,Sri Lanka,Sharjah Cricket Stadium,Pakistan,bat,Pakistan,Unknown,322,311,5,10
ODI,2017-08-20,Sri Lanka,India,Rangiri Dambulla International Stadium,India,field,India,Unknown,216,220,10,1
ODI,2019-07-28,Sri Lanka,Bangladesh,"R.Premadasa Stadium, Khettarama",Bangladesh,bat,Sri Lanka,Unknown,242,238,3,8
ODI,2016-06-26,West Indies,Australia,"Kensington Oval, Bridgetown",Australia,bat,Australia,Unknown,212,270,10,9
ODI,2007-06-23,Ireland,India,"Civil Service Cricket Club, Stormont",India,field,India,Unknown,193,171,10,1
ODI,2024-10-23,West Indies,Sri Lanka,Pallekele International Cricket Stadium,Sri Lanka,field,Sri Lanka,Unknown,189,190,10,5
ODI,2011-10-20,Zimbabwe,New Zealand,Harare Sports Club,Zimbabwe,bat,New Zealand,Unknown,231,232,6,1
ODI,2025-04-05,New Zealand,Pakistan,"Bay Oval, Mount Maunganui",Pakistan,field,New Zealand,Unknown,264,221,8,11
ODI,2005-01-31,Zimbabwe,Bangladesh,Bangabandhu National Stadium,Zimbabwe,bat,Bangladesh,Unknown,198,202,10,2
ODI,2023-06-26,Zimbabwe,United States of America,Harare Sports Club,United States of America,field,Zimbabwe,Unknown,408,104,6,10
ODI,2003-01-21,Sri Lanka,Australia,Melbourne Cricket Ground,Sri Lanka,bat,Australia,Unknown,214,215,8,1
ODI,2009-06-28,West Indies,India,"Sabina Park, Kingston",India,bat,West Indies,Unknown,192,188,2,10
ODI,2006-06-17,England,Sri Lanka,Lord's,England,field,Sri Lanka,Unknown,237,257,9,9
ODI,2014-03-08,Pakistan,Sri Lanka,Shere Bangla National Stadium,Pakistan,bat,Sri Lanka,Unknown,260,261,5,5
ODI,2022-06-12,Pakistan,West Indies,Multan Cricket Stadium,Pakistan,bat,Pakistan,Unknown,269,216,9,10
ODI,2007-09-02,England,India,Headingley,England,field,India,Unknown,242,324,8,6
ODI,2011-08-19,Zimbabwe,Bangladesh,Queens Sports Club,Bangladesh,field,Bangladesh,Unknown,199,203,10,4
ODI,2006-01-26,Australia,Sri Lanka,Adelaide Oval,Sri Lanka,bat,Australia,Unknown,219,218,5,8
ODI,2010-02-07,Australia,West Indies,Melbourne Cricket Ground,West Indies,field,Australia,Unknown,256,143,8,10
ODI,2007-10-04,Sri Lanka,England,Rangiri Dambulla International Stadium,England,bat,England,Unknown,169,234,10,8
ODI,2007-02-02,Bermuda,Canada,Gymkhana Club Ground,Bermuda,field,Canada,Unknown,106,162,10,8
ODI,2023-04-02,United Arab Emirates,Namibia,"United Cricket Club Ground, Windhoek",Namibia,field,United Arab Emirates,Unknown,267,239,5,10
ODI,2019-01-08,New Zealand,Sri Lanka,Saxton Oval,Sri Lanka,field,New Zealand,Unknown,364,249,4,10
ODI,2024-09-27,England,Australia,"Lord's, London",Australia,field,England,Unknown,312,126,5,10
ODI,2020-02-29,South Africa,Australia,Boland Park,South Africa,bat,South Africa,Unknown,291,217,7,10
ODI,2004-08-31,Sri Lanka,South Africa,Sinhalese Sports Club,South Africa,field,Sri Lanka,Unknown,308,259,8,10
ODI,2021-07-20,Australia,West Indies,"Kensington Oval, Bridgetown, Barbados",Australia,bat,Australia,Unknown,252,123,9,10
ODI,2007-03-21,Bangladesh,Sri Lanka,"Queen's Park Oval, Port of Spain",Bangladesh,field,Sri Lanka,Unknown,112,318,10,4
ODI,2004-09-30,Pakistan,Zimbabwe,Multan Cricket Stadium,Pakistan,bat,Pakistan,Unknown,292,148,7,10
ODI,2017-08-27,Sri Lanka,India,Pallekele International Cricket Stadium,Sri Lanka,bat,India,Unknown,217,218,9,4
ODI,2026-06-04,Australia,Pakistan,"Gaddafi Stadium, Lahore",Australia,bat,Pakistan,Unknown,157,161,10,6
ODI,2023-09-26,Bangladesh,New Zealand,"Shere Bangla National Stadium, Mirpur",Bangladesh,bat,New Zealand,Unknown,171,175,10,3
ODI,2025-02-18,Ireland,Zimbabwe,Harare Sports Club,Zimbabwe,field,Zimbabwe,Unknown,240,246,6,1
ODI,2011-03-11,Bangladesh,England,Zahur Ahmed Chowdhury Stadium,Bangladesh,field,Bangladesh,Unknown,227,225,8,10
ODI,2012-11-06,Sri Lanka,New Zealand,Pallekele International Cricket Stadium,Sri Lanka,field,Sri Lanka,Unknown,200,188,3,6
ODI,2016-02-14,South Africa,England,Newlands,South Africa,field,South Africa,Unknown,237,236,5,10
ODI,2007-03-17,Ireland,Pakistan,"Sabina Park, Kingston",Ireland,field,Ireland,Unknown,133,132,7,10
ODI,2022-08-14,Scotland,United Arab Emirates,"Mannofield Park, Aberdeen",United Arab Emirates,field,Scotland,Unknown,254,168,9,10
ODI,2023-10-21,South Africa,England,"Wankhede Stadium, Mumbai",England,field,South Africa,Unknown,399,170,7,9
ODI,2014-11-23,Australia,South Africa,Sydney Cricket Ground,South Africa,bat,Australia,Unknown,275,280,8,6
ODI,2008-02-29,Australia,Sri Lanka,Melbourne Cricket Ground,Sri Lanka,bat,Sri Lanka,Unknown,208,221,10,10
ODI,2026-01-24,Sri Lanka,England,"R Premadasa Stadium, Colombo",Sri Lanka,bat,England,Unknown,219,223,10,5
ODI,2013-08-03,Zimbabwe,India,Queens Sports Club,India,field,India,Unknown,163,167,10,3
ODI,2022-06-01,United Arab Emirates,United States of America,"Moosa Cricket Stadium, Pearland",United Arab Emirates,bat,United States of America,Unknown,203,204,7,6
ODI,2026-07-19,England,India,"Lord's, London",England,bat,England,Unknown,387,360,3,7
ODI,2010-03-11,New Zealand,Australia,Eden Park,Australia,field,Australia,Unknown,238,202,10,4
ODI,2015-07-10,Bangladesh,South Africa,Shere Bangla National Stadium,Bangladesh,bat,South Africa,Unknown,160,164,10,2
ODI,2014-08-17,Zimbabwe,South Africa,Queens Sports Club,Zimbabwe,field,South Africa,Unknown,216,309,10,3
ODI,2023-07-01,West Indies,Scotland,Harare Sports Club,Scotland,field,Scotland,Unknown,181,185,10,3
ODI,2005-06-18,Australia,Bangladesh,Sophia Gardens,Australia,bat,Bangladesh,Unknown,249,250,5,5
ODI,2009-08-07,Sri Lanka,Pakistan,R Premadasa Stadium,Pakistan,bat,Pakistan,Unknown,175,321,10,5
ODI,2025-05-21,Oman,United States of America,"Central Broward Regional Park Stadium Turf Ground, Lauderhill",United States of America,field,tie,tie,280,279,10,9
ODI,2023-02-21,Scotland,Nepal,"Tribhuvan University International Cricket Ground, Kirtipur",Nepal,field,Nepal,Unknown,212,213,10,8
ODI,2011-12-11,India,West Indies,"MA Chidambaram Stadium, Chepauk",India,bat,India,Unknown,267,233,7,10
ODI,2013-09-03,Ireland,England,"The Village, Malahide",England,field,England,Unknown,269,274,7,4
ODI,2003-07-12,South Africa,England,"Lord's, London",England,field,England,Unknown,107,111,10,3
ODI,2023-07-27,West Indies,India,"Kensington Oval, Bridgetown, Barbados",India,field,India,Unknown,114,118,10,5
ODI,2021-09-14,Nepal,Oman,Al Amerat Cricket Ground Oman Cricket (Ministry Turf 1),Nepal,bat,Oman,Unknown,196,200,10,5
ODI,2007-02-11,Australia,England,Sydney Cricket Ground,England,bat,England,Unknown,152,246,8,8
ODI,2025-03-09,Canada,Namibia,"Wanderers Cricket Ground, Windhoek",Canada,bat,tie,tie,174,177,8,12
ODI,2015-04-22,Bangladesh,Pakistan,Shere Bangla National Stadium,Pakistan,bat,Bangladesh,Unknown,251,250,2,10
ODI,2007-06-10,Africa XI,Asia XI,"MA Chidambaram Stadium, Chepauk",Asia XI,bat,Asia XI,Unknown,318,331,7,8
ODI,2014-07-06,Sri Lanka,South Africa,R Premadasa Stadium,South Africa,bat,South Africa,Unknown,229,304,10,5
ODI,2013-06-02,England,New Zealand,The Rose Bowl,New Zealand,bat,New Zealand,Unknown,273,359,10,3
ODI,2018-01-19,Australia,England,"Brisbane Cricket Ground, Woolloongabba",Australia,bat,England,Unknown,270,274,9,6
ODI,2016-09-01,England,Pakistan,Headingley,Pakistan,bat,England,Unknown,252,247,6,8
ODI,2025-11-05,Nepal,United Arab Emirates,"ICC Academy, Dubai",United Arab Emirates,field,United Arab Emirates,Unknown,239,243,9,6
ODI,2012-07-31,Sri Lanka,India,R Premadasa Stadium,Sri Lanka,bat,India,Unknown,251,255,8,4
ODI,2012-07-16,West Indies,New Zealand,"Warner Park, Basseterre",West Indies,bat,West Indies,Unknown,241,221,9,10
ODI,2006-01-24,South Africa,Sri Lanka,Adelaide Oval,South Africa,bat,South Africa,Unknown,263,254,5,8
ODI,2014-07-12,Sri Lanka,South Africa,"Mahinda Rajapaksa International Cricket Stadium, Sooriyawewa",South Africa,bat,South Africa,Unknown,257,339,10,5
ODI,2009-09-12,England,Australia,Lord's,England,bat,Australia,Unknown,220,221,10,3
ODI,2013-10-23,India,Australia,JSCA International Stadium Complex,India,field,no result,no result,27,295,0,8
ODI,2008-01-24,Pakistan,Zimbabwe,"Niaz Stadium, Hyderabad",Zimbabwe,bat,Pakistan,Unknown,239,238,5,8
ODI,2016-01-15,Australia,India,"Brisbane Cricket Ground, Woolloongabba",India,bat,Australia,Unknown,309,308,3,8
ODI,2015-02-01,Australia,England,Western Australia Cricket Association Ground,England,field,Australia,Unknown,278,166,8,10
ODI,2003-02-24,Zimbabwe,Australia,"Queens Sports Club, Bulawayo",Zimbabwe,bat,Australia,Unknown,246,248,9,3
ODI,2024-02-12,Canada,Nepal,"Tribhuvan University International Cricket Ground, Kirtipur",Nepal,field,Nepal,Unknown,232,229,8,1
ODI,2015-02-14,New Zealand,Sri Lanka,Hagley Oval,Sri Lanka,field,New Zealand,Unknown,331,233,6,10
ODI,2023-03-25,New Zealand,Sri Lanka,"Eden Park, Auckland",Sri Lanka,field,New Zealand,Unknown,274,76,10,10
ODI,2017-10-22,South Africa,Bangladesh,Buffalo Park,South Africa,bat,South Africa,Unknown,369,169,7,10
ODI,2023-09-15,England,New Zealand,"Lord's, London",England,bat,England,Unknown,311,211,9,9
ODI,2007-03-23,India,Sri Lanka,"Queen's Park Oval, Port of Spain",India,field,Sri Lanka,Unknown,185,254,10,6
ODI,2022-03-20,Bangladesh,South Africa,"The Wanderers Stadium, Johannesburg",Bangladesh,bat,South Africa,Unknown,194,195,9,3
ODI,2007-01-02,New Zealand,Sri Lanka,Jade Stadium,New Zealand,field,New Zealand,Unknown,110,112,6,10
ODI,2011-11-29,India,West Indies,Barabati Stadium,India,field,India,Unknown,213,211,9,9
ODI,2025-11-06,Pakistan,South Africa,"Iqbal Stadium, Faisalabad",Pakistan,bat,South Africa,Unknown,269,270,9,2
ODI,2003-02-22,England,Pakistan,"Newlands, Cape Town",England,bat,England,Unknown,246,134,8,10
ODI,2019-03-27,Australia,Pakistan,Sheikh Zayed Stadium,Australia,bat,Australia,Unknown,266,186,6,10
ODI,2012-03-18,West Indies,Australia,"Arnos Vale Ground, Kingstown",West Indies,field,West Indies,Unknown,163,154,5,9
ODI,2011-02-24,South Africa,West Indies,Feroz Shah Kotla,South Africa,field,South Africa,Unknown,223,222,3,10
ODI,2012-08-31,Australia,Pakistan,Sheikh Zayed Stadium,Australia,bat,Pakistan,Unknown,248,249,9,3
ODI,2011-03-11,Ireland,West Indies,"Punjab Cricket Association Stadium, Mohali",Ireland,field,West Indies,Unknown,231,275,10,10
ODI,2014-11-26,Bangladesh,Zimbabwe,Shere Bangla National Stadium,Zimbabwe,field,Bangladesh,Unknown,297,173,6,10
ODI,2011-08-16,Zimbabwe,Bangladesh,Harare Sports Club,Bangladesh,field,Zimbabwe,Unknown,250,245,7,10
ODI,2025-08-27,Canada,Namibia,"Maple Leaf North-West Ground, King City",Namibia,field,Namibia,Unknown,219,220,10,5
ODI,2005-05-15,West Indies,South Africa,"Queen's Park Oval, Port of Spain",South Africa,field,South Africa,Unknown,138,141,7,3
ODI,2013-06-17,Australia,Sri Lanka,Kennington Oval,Australia,field,Sri Lanka,Unknown,233,253,10,8
ODI,2024-09-16,Namibia,United States of America,"United Cricket Club Ground, Windhoek",United States of America,field,United States of America,Unknown,199,200,9,4
ODI,2024-10-31,Scotland,United States of America,"Grand Prairie Stadium, Dallas",United States of America,field,Scotland,Unknown,317,246,5,10
ODI,2024-11-09,Netherlands,United Arab Emirates,Al Amerat Cricket Ground Oman Cricket (Ministry Turf 1),United Arab Emirates,field,Netherlands,Unknown,241,174,8,10
ODI,2020-10-30,Pakistan,Zimbabwe,Rawalpindi Cricket Stadium,Pakistan,bat,Pakistan,Unknown,281,255,8,10
ODI,2025-11-01,Nepal,United States of America,"ICC Academy, Dubai",United States of America,field,United States of America,Unknown,271,273,10,6
ODI,2019-06-09,Australia,India,Kennington Oval,India,bat,India,Unknown,316,352,10,5
ODI,2026-04-27,United Arab Emirates,Oman,"Tribhuvan University International Cricket Ground, Kirtipur",Oman,field,United Arab Emirates,Unknown,268,243,7,10
ODI,2023-09-12,South Africa,Australia,"Sedgars Park, Potchefstroom",Australia,field,South Africa,Unknown,338,227,6,10
ODI,2004-09-13,United States of America,Australia,The Rose Bowl,Australia,field,Australia,Unknown,65,66,10,1
ODI,2015-10-11,Zimbabwe,Ireland,Harare Sports Club,Zimbabwe,field,Zimbabwe,Unknown,270,268,5,7
ODI,2018-03-08,Papua New Guinea,West Indies,Old Hararians,Papua New Guinea,bat,West Indies,Unknown,200,201,10,4
ODI,2007-10-25,Kenya,Bermuda,Gymkhana Club Ground,Kenya,field,Kenya,Unknown,175,174,2,10
ODI,2012-08-28,England,South Africa,The Rose Bowl,South Africa,bat,South Africa,Unknown,207,287,10,5
ODI,2006-02-06,Pakistan,India,Arbab Niaz Stadium,Pakistan,field,Pakistan,Unknown,311,328,7,10
ODI,2013-12-08,South Africa,India,Kingsmead,India,field,South Africa,Unknown,280,146,6,10
ODI,2007-07-01,India,South Africa,"Civil Service Cricket Club, Stormont",India,field,India,Unknown,152,148,4,7
ODI,2011-03-16,Australia,Canada,M Chinnaswamy Stadium,Canada,bat,Australia,Unknown,212,211,3,10
ODI,2016-10-07,Bangladesh,England,Shere Bangla National Stadium,England,bat,England,Unknown,288,309,10,8
ODI,2009-01-24,Pakistan,Sri Lanka,Gaddafi Stadium,Sri Lanka,bat,Sri Lanka,Unknown,75,309,10,5
ODI,2008-06-14,India,Pakistan,Shere Bangla National Stadium,Pakistan,bat,Pakistan,Unknown,290,315,10,4
ODI,2025-09-04,South Africa,England,"Lord's, London",England,field,South Africa,Unknown,330,325,8,9
ODI,2017-04-02,United Arab Emirates,Papua New Guinea,Sheikh Zayed Stadium,Papua New Guinea,bat,Papua New Guinea,Unknown,206,232,10,8
ODI,2013-06-06,India,South Africa,Sophia Gardens,South Africa,field,India,Unknown,331,305,7,10
ODI,2013-01-18,Australia,Sri Lanka,"Brisbane Cricket Ground, Woolloongabba",Australia,bat,Sri Lanka,Unknown,74,75,10,6
ODI,2023-03-22,Australia,India,"MA Chidambaram Stadium, Chepauk, Chennai",Australia,bat,Australia,Unknown,269,248,10,10
ODI,2023-06-23,Oman,Sri Lanka,"Queens Sports Club, Bulawayo",Sri Lanka,field,Sri Lanka,Unknown,98,100,10,0
ODI,2009-02-08,Australia,New Zealand,Sydney Cricket Ground,New Zealand,field,Australia,Unknown,301,269,9,10
ODI,2018-01-28,England,Australia,Perth Stadium,Australia,field,England,Unknown,259,247,10,10
ODI,2007-04-07,Bangladesh,South Africa,Providence Stadium,South Africa,field,Bangladesh,Unknown,251,184,8,10
ODI,2004-09-01,India,England,Trent Bridge,England,field,England,Unknown,170,171,10,3
ODI,2011-02-28,Canada,Zimbabwe,"Vidarbha Cricket Association Stadium, Jamtha",Zimbabwe,bat,Zimbabwe,Unknown,123,298,10,9
ODI,2015-11-13,England,Pakistan,Sheikh Zayed Stadium,England,bat,England,Unknown,283,188,5,10
ODI,2006-11-30,Bermuda,Canada,Willowmoore Park,Canada,field,Canada,Unknown,178,179,9,7
ODI,2013-03-21,South Africa,Pakistan,Kingsmead,South Africa,bat,Pakistan,Unknown,234,236,9,7
ODI,2009-03-06,New Zealand,India,Westpac Stadium,India,bat,no result,no result,0,188,0,4
ODI,2008-11-07,South Africa,Bangladesh,Senwes Park,South Africa,bat,South Africa,Unknown,283,222,8,10
ODI,2017-06-11,India,South Africa,Kennington Oval,India,field,India,Unknown,193,191,2,10
ODI,2013-06-14,South Africa,West Indies,Sophia Gardens,West Indies,field,tie,tie,230,190,6,6
ODI,2008-04-15,West Indies,Sri Lanka,"Beausejour Stadium, Gros Islet",West Indies,field,no result,no result,81,257,2,8
ODI,2024-11-01,United Arab Emirates,Oman,Al Amerat Cricket Ground Oman Cricket (Ministry Turf 1),Oman,field,Oman,Unknown,128,129,10,4
ODI,2022-02-09,India,West Indies,"Narendra Modi Stadium, Ahmedabad",West Indies,field,India,Unknown,237,193,9,10
ODI,2005-02-26,Australia,New Zealand,Eden Park,Australia,bat,Australia,Unknown,264,178,5,10
ODI,2015-03-07,Ireland,Zimbabwe,Bellerive Oval,Zimbabwe,field,Ireland,Unknown,331,326,8,10
ODI,2015-06-12,England,New Zealand,Kennington Oval,New Zealand,bat,New Zealand,Unknown,365,398,9,5
ODI,2015-09-08,England,Australia,Old Trafford,England,bat,England,Unknown,300,207,8,10
ODI,2023-03-17,Australia,India,"Wankhede Stadium, Mumbai",India,field,India,Unknown,188,191,10,5
ODI,2006-06-24,England,Sri Lanka,Riverside Ground,England,bat,Sri Lanka,Unknown,261,265,7,2
ODI,2010-03-06,New Zealand,Australia,Eden Park,Australia,bat,Australia,Unknown,253,273,10,7
ODI,2019-08-17,Scotland,Papua New Guinea,Mannofield Park,Scotland,field,Scotland,Unknown,207,205,7,9
ODI,2026-05-01,Nepal,United Arab Emirates,"Tribhuvan University International Cricket Ground, Kirtipur",Nepal,bat,Nepal,Unknown,289,248,7,8
ODI,2008-01-27,Pakistan,Zimbabwe,Multan Cricket Stadium,Pakistan,bat,Pakistan,Unknown,272,235,9,7
ODI,2023-09-13,England,New Zealand,"Kennington Oval, London",New Zealand,field,England,Unknown,368,187,10,10
ODI,2018-11-11,Pakistan,New Zealand,Dubai International Cricket Stadium,Pakistan,bat,no result,no result,279,35,8,1
ODI,2010-03-09,New Zealand,Australia,Seddon Park,Australia,field,Australia,Unknown,245,248,10,4
ODI,2012-03-02,Australia,Sri Lanka,Melbourne Cricket Ground,Sri Lanka,bat,Sri Lanka,Unknown,229,238,10,10
ODI,2023-11-19,India,Australia,"Narendra Modi Stadium, Ahmedabad",Australia,field,Australia,Unknown,240,241,10,4
ODI,2026-09-09,South Africa,Namibia,"Namibia Cricket Ground, Windhoek",Namibia,field,South Africa,Unknown,348,162,6,8
ODI,2011-02-02,Australia,England,Sydney Cricket Ground,England,bat,Australia,Unknown,334,333,8,6
ODI,2009-11-10,South Africa,Zimbabwe,SuperSport Park,Zimbabwe,field,South Africa,Unknown,331,119,5,10
ODI,2015-01-30,England,India,Western Australia Cricket Association Ground,England,field,England,Unknown,201,200,7,10
ODI,2007-07-07,England,West Indies,Trent Bridge,West Indies,bat,West Indies,Unknown,196,289,10,5
ODI,2017-02-22,New Zealand,South Africa,Hagley Oval,South Africa,field,New Zealand,Unknown,289,283,4,9
ODI,2015-10-09,Zimbabwe,Ireland,Harare Sports Club,Zimbabwe,field,Zimbabwe,Unknown,222,219,8,8
ODI,2025-10-23,Bangladesh,West Indies,"Shere Bangla National Stadium, Mirpur",Bangladesh,bat,Bangladesh,Unknown,296,117,8,10
ODI,2019-07-03,England,New Zealand,Riverside Ground,England,bat,England,Unknown,305,186,8,10
ODI,2008-10-31,South Africa,Kenya,OUTsurance Oval,South Africa,bat,South Africa,Unknown,336,177,7,10
ODI,2025-11-04,South Africa,Pakistan,"Iqbal Stadium, Faisalabad",Pakistan,field,Pakistan,Unknown,263,264,10,8
ODI,2019-12-15,United Arab Emirates,Scotland,ICC Academy,United Arab Emirates,field,United Arab Emirates,Unknown,224,220,3,10
ODI,2014-08-19,Zimbabwe,South Africa,Queens Sports Club,Zimbabwe,field,South Africa,Unknown,196,257,10,10
ODI,2003-10-26,India,Australia,"Captain Roop Singh Stadium, Gwalior",India,bat,India,Unknown,283,246,5,9
ODI,2023-07-03,Netherlands,Oman,Harare Sports Club,Oman,field,Netherlands,Unknown,362,246,7,6
ODI,2013-07-28,Sri Lanka,South Africa,Pallekele International Cricket Stadium,South Africa,bat,Sri Lanka,Unknown,239,238,2,10
ODI,2019-04-16,Zimbabwe,United Arab Emirates,Harare Sports Club,United Arab Emirates,bat,Zimbabwe,Unknown,129,175,7,10
ODI,2025-12-03,India,South Africa,"Shaheed Veer Narayan Singh International Stadium, Raipur",South Africa,field,South Africa,Unknown,358,362,5,7
ODI,2013-01-23,India,England,"Punjab Cricket Association Stadium, Mohali",India,field,India,Unknown,258,257,5,7
ODI,2025-03-09,New Zealand,India,Dubai International Cricket Stadium,New Zealand,bat,India,Unknown,251,254,7,6
ODI,2011-02-20,Sri Lanka,Canada,"Mahinda Rajapaksa International Cricket Stadium, Sooriyawewa",Sri Lanka,bat,Sri Lanka,Unknown,332,122,7,10
ODI,2023-06-19,Ireland,Oman,Bulawayo Athletic Club,Oman,field,Oman,Unknown,281,285,7,5
ODI,2011-12-02,India,West Indies,Dr. Y.S. Rajasekhara Reddy ACA-VDCA Cricket Stadium,India,field,India,Unknown,270,269,5,9
ODI,2022-07-14,Namibia,Scotland,"Titwood, Glasgow",Scotland,field,Scotland,Unknown,215,219,7,7
ODI,2022-06-24,Sri Lanka,Australia,"R Premadasa Stadium, Colombo",Sri Lanka,bat,Australia,Unknown,160,164,10,6
ODI,2010-06-07,Zimbabwe,Sri Lanka,Harare Sports Club,Zimbabwe,field,Zimbabwe,Unknown,240,236,2,10
ODI,2023-04-01,Canada,United Arab Emirates,"Wanderers Cricket Ground, Windhoek",Canada,bat,United Arab Emirates,Unknown,254,255,10,4
ODI,2003-02-22,Bangladesh,South Africa,"Goodyear Park, Bloemfontein",South Africa,field,South Africa,Unknown,108,109,10,0
ODI,2004-09-21,Australia,England,Edgbaston,England,field,England,Unknown,259,262,9,4
ODI,2016-09-10,Scotland,Hong Kong,"Grange Cricket Club Ground, Raeburn Place",Scotland,bat,Scotland,Unknown,266,213,7,10
ODI,2013-12-22,Pakistan,Sri Lanka,Sharjah Cricket Stadium,Sri Lanka,field,Pakistan,Unknown,326,213,5,10
ODI,2023-03-13,Papua New Guinea,Nepal,"Tribhuvan University International Cricket Ground, Kirtipur",Nepal,field,Nepal,Unknown,95,100,10,1
ODI,2022-10-09,South Africa,India,"JSCA International Stadium Complex, Ranchi",South Africa,bat,India,Unknown,278,282,7,3
ODI,2009-03-29,West Indies,England,"Kensington Oval, Bridgetown",England,field,England,Unknown,239,136,9,1
ODI,2026-08-13,Scotland,Canada,"Forthill, Dundee",Scotland,bat,Scotland,Unknown,347,177,7,10
ODI,2006-03-19,Sri Lanka,Pakistan,R Premadasa Stadium,Pakistan,field,Pakistan,Unknown,130,134,10,6
ODI,2022-11-30,India,New Zealand,"Hagley Oval, Christchurch",New Zealand,field,no result,no result,219,104,10,1
ODI,2005-01-30,Australia,Pakistan,W.A.C.A. Ground,Australia,bat,Pakistan,Unknown,265,268,10,7
ODI,2018-03-06,West Indies,United Arab Emirates,Old Hararians,West Indies,bat,West Indies,Unknown,357,297,5,6
ODI,2019-03-29,Australia,Pakistan,Dubai International Cricket Stadium,Pakistan,field,Australia,Unknown,277,271,7,8
ODI,2006-10-11,Bangladesh,West Indies,Sawai Mansingh Stadium,Bangladesh,bat,West Indies,Unknown,161,164,10,0
ODI,2019-05-15,Ireland,Bangladesh,Castle Avenue,Ireland,bat,Bangladesh,Unknown,292,294,8,5
ODI,2014-05-04,Hong Kong,United Arab Emirates,Kinrara Academy Oval,United Arab Emirates,field,United Arab Emirates,Unknown,157,158,10,8
ODI,2025-02-16,Zimbabwe,Ireland,Harare Sports Club,Ireland,field,Ireland,Unknown,245,249,10,4
ODI,2023-06-18,West Indies,United States of America,"Takashinga Sports Club, Highfield, Harare",United States of America,field,West Indies,Unknown,297,258,10,7
ODI,2022-04-04,New Zealand,Netherlands,"Seddon Park, Hamilton",New Zealand,bat,New Zealand,Unknown,333,218,8,10
ODI,2008-06-21,England,New Zealand,County Ground,England,field,New Zealand,Unknown,160,182,10,10
ODI,2006-09-20,South Africa,Zimbabwe,Sedgars Park,South Africa,bat,South Africa,Unknown,418,247,5,4
ODI,2013-01-19,India,England,JSCA International Stadium Complex,India,field,India,Unknown,157,155,3,10
ODI,2023-07-02,Zimbabwe,Sri Lanka,"Queens Sports Club, Bulawayo",Sri Lanka,field,Sri Lanka,Unknown,165,169,10,1
ODI,2026-06-03,Sri Lanka,West Indies,"Sabina Park, Kingston, Jamaica",West Indies,field,Sri Lanka,Unknown,303,262,7,10
ODI,2011-01-18,South Africa,India,Newlands,South Africa,bat,India,Unknown,220,223,10,8
ODI,2018-06-21,Australia,England,Riverside Ground,Australia,bat,England,Unknown,310,314,8,4
ODI,2025-06-02,Scotland,Nepal,"Forthill, Dundee",Nepal,field,Nepal,Unknown,296,297,7,9
ODI,2006-03-12,South Africa,Australia,New Wanderers Stadium,Australia,bat,South Africa,Unknown,438,434,9,4
ODI,2020-02-11,New Zealand,India,Bay Oval,New Zealand,field,New Zealand,Unknown,300,296,5,7
ODI,2017-02-19,New Zealand,South Africa,Seddon Park,South Africa,field,South Africa,Unknown,207,210,7,6
ODI,2017-07-06,Sri Lanka,Zimbabwe,"Mahinda Rajapaksa International Cricket Stadium, Sooriyawewa",Sri Lanka,field,Sri Lanka,Unknown,312,310,2,8
ODI,2007-10-13,Sri Lanka,England,R Premadasa Stadium,Sri Lanka,bat,Sri Lanka,Unknown,211,104,10,10
ODI,2025-06-10,Nepal,Netherlands,"Forthill, Dundee",Netherlands,field,Nepal,Unknown,236,210,9,10
ODI,2006-05-14,West Indies,Zimbabwe,"Queen's Park Oval, Port of Spain",West Indies,bat,West Indies,Unknown,266,162,8,10
ODI,2020-02-05,Nepal,Oman,Tribhuvan University International Cricket Ground,Nepal,field,Oman,Unknown,179,197,10,9
ODI,2013-10-30,Pakistan,South Africa,Sharjah Cricket Stadium,South Africa,bat,South Africa,Unknown,182,183,10,10
ODI,2010-02-08,New Zealand,Bangladesh,University Oval,New Zealand,field,New Zealand,Unknown,185,183,5,8
ODI,2008-02-20,New Zealand,England,McLean Park,New Zealand,field,tie,tie,340,340,7,6
ODI,2009-04-01,Ireland,Scotland,Willowmoore Park,Ireland,field,Ireland,Unknown,233,232,3,7
ODI,2013-11-12,Sri Lanka,New Zealand,"Mahinda Rajapaksa International Cricket Stadium, Sooriyawewa",Sri Lanka,bat,New Zealand,Unknown,138,203,1,6
ODI,2005-12-15,Pakistan,England,National Stadium,England,field,Pakistan,Unknown,353,188,6,10
ODI,2007-01-06,New Zealand,Sri Lanka,Eden Park,Sri Lanka,bat,Sri Lanka,Unknown,73,262,10,6
ODI,2004-03-21,Pakistan,India,Gaddafi Stadium,Pakistan,bat,India,Unknown,293,294,9,5
ODI,2023-11-01,South Africa,New Zealand,"Maharashtra Cricket Association Stadium, Pune",New Zealand,field,South Africa,Unknown,357,167,4,10
ODI,2012-02-08,India,Sri Lanka,Western Australia Cricket Association Ground,Sri Lanka,bat,India,Unknown,234,233,6,8
ODI,2024-11-11,Oman,Netherlands,Al Amerat Cricket Ground Oman Cricket (Ministry Turf 1),Netherlands,field,Oman,Unknown,155,154,10,10
ODI,2012-07-28,Sri Lanka,India,R Premadasa Stadium,Sri Lanka,bat,India,Unknown,286,288,5,5
ODI,2010-03-12,West Indies,Zimbabwe,"Arnos Vale Ground, Kingstown",West Indies,field,West Indies,Unknown,142,141,6,10
ODI,2014-06-19,Bangladesh,India,Shere Bangla National Stadium,India,bat,no result,no result,0,119,0,9
ODI,2023-12-15,Zimbabwe,Ireland,Harare Sports Club,Zimbabwe,bat,Ireland,Unknown,166,170,10,6
ODI,2019-05-19,England,Pakistan,Headingley,England,bat,England,Unknown,351,297,9,10
ODI,2009-08-18,Zimbabwe,Bangladesh,Queens Sports Club,Zimbabwe,bat,Bangladesh,Unknown,209,212,10,5
ODI,2008-03-02,Australia,India,Sydney Cricket Ground,Australia,bat,India,Unknown,239,242,8,4
ODI,2009-03-08,New Zealand,India,AMI Stadium,New Zealand,field,India,Unknown,334,392,10,5
ODI,2010-10-20,India,Australia,Dr. Y.S. Rajasekhara Reddy ACA-VDCA Cricket Stadium,India,field,India,Unknown,292,289,5,3
ODI,2006-05-10,West Indies,Zimbabwe,"Beausejour Stadium, Gros Islet",Zimbabwe,bat,West Indies,Unknown,156,152,0,10
ODI,2004-09-22,Pakistan,West Indies,The Rose Bowl,Pakistan,bat,West Indies,Unknown,131,132,10,4
ODI,2007-03-19,West Indies,Zimbabwe,"Sabina Park, Kingston",West Indies,field,West Indies,Unknown,204,202,4,5
ODI,2022-10-06,South Africa,India,"Bharat Ratna Shri Atal Bihari Vajpayee Ekana Cricket Stadium, Lucknow",India,field,South Africa,Unknown,249,240,4,8
ODI,2020-09-16,England,Australia,Old Trafford,England,bat,Australia,Unknown,302,305,7,7
ODI,2022-06-19,Australia,Sri Lanka,"R Premadasa Stadium, Colombo",Australia,bat,Sri Lanka,Unknown,291,292,6,5
ODI,2013-06-30,West Indies,India,"Sabina Park, Kingston",West Indies,field,West Indies,Unknown,230,229,9,7
ODI,2007-03-18,Australia,Netherlands,"Warner Park, Basseterre",Australia,bat,Australia,Unknown,358,129,5,10
ODI,2006-02-11,Pakistan,India,Rawalpindi Cricket Stadium,Pakistan,bat,India,Unknown,265,266,10,3
ODI,2009-09-29,England,New Zealand,New Wanderers Stadium,New Zealand,field,New Zealand,Unknown,146,147,10,6
ODI,2011-02-21,Australia,Zimbabwe,"Sardar Patel Stadium, Motera",Australia,bat,Australia,Unknown,262,171,6,10
ODI,2013-08-29,Canada,Netherlands,Maple Leaf North-West Ground,Netherlands,field,Netherlands,Unknown,67,70,10,1
ODI,2025-02-10,South Africa,New Zealand,"Gaddafi Stadium, Lahore",New Zealand,field,New Zealand,Unknown,304,308,6,4
ODI,2012-06-09,Sri Lanka,Pakistan,Pallekele International Cricket Stadium,Sri Lanka,bat,Sri Lanka,Unknown,280,204,4,10
ODI,2011-04-11,Bangladesh,Australia,Shere Bangla National Stadium,Bangladesh,bat,Australia,Unknown,229,232,7,1
ODI,2023-09-15,Bangladesh,India,"R Premadasa Stadium, Colombo",India,field,Bangladesh,Unknown,265,259,8,10
ODI,2013-03-11,Canada,Kenya,ICC Global Cricket Academy,Canada,bat,Kenya,Unknown,227,228,8,4
ODI,2024-07-22,Oman,Scotland,"Forthill, Dundee",Scotland,field,Scotland,Unknown,91,95,10,2
ODI,2023-01-09,New Zealand,Pakistan,"National Stadium, Karachi",Pakistan,field,Pakistan,Unknown,255,258,9,4
ODI,2003-02-11,Australia,Pakistan,"New Wanderers Stadium, Johannesburg",Pakistan,field,Australia,Unknown,310,228,8,10
ODI,2022-11-25,United States of America,Papua New Guinea,"Wanderers Cricket Ground, Windhoek",United States of America,bat,United States of America,Unknown,266,231,7,10
ODI,2006-10-28,England,West Indies,"Sardar Patel Stadium, Motera",West Indies,bat,England,Unknown,276,272,7,4
ODI,2011-12-06,Bangladesh,Pakistan,Zahur Ahmed Chowdhury Stadium,Pakistan,bat,Pakistan,Unknown,119,177,10,10
ODI,2011-03-17,England,West Indies,"MA Chidambaram Stadium, Chepauk",England,bat,England,Unknown,243,225,10,10
ODI,2006-06-28,England,Sri Lanka,Old Trafford,Sri Lanka,bat,Sri Lanka,Unknown,285,318,10,7
ODI,2015-10-13,Zimbabwe,Ireland,Harare Sports Club,Ireland,field,Ireland,Unknown,187,189,10,8
ODI,2023-09-27,Australia,India,"Saurashtra Cricket Association Stadium, Rajkot",Australia,bat,Australia,Unknown,352,286,7,10
ODI,2015-10-05,Zimbabwe,Pakistan,Harare Sports Club,Pakistan,field,Pakistan,Unknown,161,162,10,3
ODI,2023-04-29,New Zealand,Pakistan,Rawalpindi Cricket Stadium,Pakistan,field,Pakistan,Unknown,336,337,5,3
ODI,2022-06-16,Sri Lanka,Australia,Pallekele International Cricket Stadium,Australia,field,Sri Lanka,Unknown,220,189,9,10
ODI,2023-04-05,Canada,Papua New Guinea,"United Cricket Club Ground, Windhoek",Canada,bat,Canada,Unknown,218,128,8,10
ODI,2003-09-09,Pakistan,Bangladesh,Multan Cricket Stadium,Pakistan,bat,Pakistan,Unknown,323,186,3,10
ODI,2018-07-28,Bangladesh,West Indies,"Warner Park, Basseterre",Bangladesh,bat,Bangladesh,Unknown,301,283,6,6
ODI,2009-02-08,Sri Lanka,India,R Premadasa Stadium,Sri Lanka,bat,Sri Lanka,Unknown,320,252,8,10
ODI,2023-09-17,South Africa,Australia,"The Wanderers Stadium, Johannesburg",Australia,field,South Africa,Unknown,315,193,9,10
ODI,2014-01-26,Australia,England,Adelaide Oval,Australia,bat,Australia,Unknown,217,212,9,10
ODI,2015-10-18,India,South Africa,Saurashtra Cricket Association Stadium,South Africa,bat,South Africa,Unknown,252,270,6,7
ODI,2020-12-02,India,Australia,Manuka Oval,India,bat,India,Unknown,302,289,5,10
ODI,2014-11-16,India,Sri Lanka,JSCA International Stadium Complex,Sri Lanka,bat,India,Unknown,288,286,7,8
ODI,2008-04-11,Pakistan,Bangladesh,Iqbal Stadium,Bangladesh,bat,Pakistan,Unknown,160,225,3,8
ODI,2021-06-07,Ireland,Netherlands,"Sportpark Maarschalkerweerd, Utrecht",Ireland,bat,Netherlands,Unknown,163,166,10,6
ODI,2011-09-03,England,India,Riverside Ground,England,field,no result,no result,27,274,2,8
ODI,2009-11-09,New Zealand,Pakistan,Sheikh Zayed Stadium,New Zealand,bat,New Zealand,Unknown,211,204,10,10
ODI,2003-07-06,Zimbabwe,England,"The Royal & Sun Alliance County Ground, Bristol",England,field,England,Unknown,92,95,10,4
ODI,2011-03-08,New Zealand,Pakistan,Pallekele International Cricket Stadium,New Zealand,bat,New Zealand,Unknown,302,192,7,10
ODI,2007-03-27,West Indies,Australia,"Sir Vivian Richards Stadium, North Sound",West Indies,field,Australia,Unknown,219,322,10,6
ODI,2012-02-03,New Zealand,Zimbabwe,University Oval,Zimbabwe,field,New Zealand,Unknown,248,158,10,10
ODI,2003-02-16,Pakistan,Namibia,"De Beers Diamond Oval, Kimberley",Pakistan,bat,Pakistan,Unknown,255,84,9,10
ODI,2009-09-11,India,New Zealand,R Premadasa Stadium,New Zealand,bat,India,Unknown,156,155,4,10
ODI,2007-04-03,Ireland,South Africa,Providence Stadium,South Africa,field,South Africa,Unknown,152,165,8,3
ODI,2013-01-19,South Africa,New Zealand,Boland Park,New Zealand,field,New Zealand,Unknown,208,209,10,9
ODI,2010-03-14,West Indies,Zimbabwe,"Arnos Vale Ground, Kingstown",West Indies,field,West Indies,Unknown,165,161,6,10
ODI,2013-01-11,India,England,Saurashtra Cricket Association Stadium,England,bat,England,Unknown,316,325,9,4
ODI,2019-07-11,Australia,England,Edgbaston,Australia,bat,England,Unknown,223,226,10,2
ODI,2013-01-11,Australia,Sri Lanka,Melbourne Cricket Ground,Australia,bat,Australia,Unknown,305,198,5,10
ODI,2011-09-09,England,India,Kennington Oval,England,field,England,Unknown,218,234,7,7
ODI,2024-11-02,West Indies,England,"Sir Vivian Richards Stadium, North Sound, Antigua",England,field,England,Unknown,328,329,6,5
ODI,2015-02-16,Ireland,West Indies,Saxton Oval,Ireland,field,Ireland,Unknown,307,304,6,7
ODI,2009-11-08,South Africa,Zimbabwe,Willowmoore Park,Zimbabwe,field,South Africa,Unknown,295,250,5,6
ODI,2004-05-02,England,West Indies,Daren Sammy National Cricket Stadium,West Indies,field,West Indies,Unknown,280,282,8,6
ODI,2015-10-03,Zimbabwe,Pakistan,Harare Sports Club,Pakistan,field,Zimbabwe,Unknown,276,256,6,8
ODI,2023-09-23,England,Ireland,"Trent Bridge, Nottingham",Ireland,field,England,Unknown,334,286,8,10
ODI,2010-05-30,India,Sri Lanka,Queens Sports Club,India,field,India,Unknown,243,242,3,10
ODI,2017-01-22,Hong Kong,Scotland,Sheikh Zayed Stadium,Hong Kong,field,Hong Kong,Unknown,206,205,3,10
ODI,2008-06-28,Bangladesh,India,National Stadium,Bangladesh,bat,India,Unknown,283,284,6,3
ODI,2010-01-31,Australia,Pakistan,Western Australia Cricket Association Ground,Pakistan,bat,Australia,Unknown,213,212,8,10
ODI,2016-11-06,Hong Kong,Papua New Guinea,"Mission Road Ground, Mong Kok",Papua New Guinea,bat,Papua New Guinea,Unknown,187,201,10,10
ODI,2003-04-06,Sri Lanka,Kenya,Sharjah Cricket Association Stadium,Sri Lanka,bat,Sri Lanka,Unknown,256,127,5,10
ODI,2006-10-16,New Zealand,South Africa,Brabourne Stadium,South Africa,field,New Zealand,Unknown,195,108,10,10
ODI,2021-09-25,Papua New Guinea,Scotland,Al Amerat Cricket Ground Oman Cricket (Ministry Turf 2),Scotland,field,Scotland,Unknown,197,198,10,4
ODI,2023-07-04,Nepal,Ireland,"Takashinga Sports Club, Highfield, Harare",Ireland,field,Ireland,Unknown,268,269,9,8
ODI,2006-10-26,India,West Indies,"Sardar Patel Stadium, Motera",West Indies,field,West Indies,Unknown,223,224,9,7
ODI,2013-07-26,Sri Lanka,South Africa,Pallekele International Cricket Stadium,South Africa,bat,South Africa,Unknown,167,223,10,7
ODI,2013-01-27,India,England,Himachal Pradesh Cricket Association Stadium,England,field,England,Unknown,226,227,10,3
ODI,2025-03-05,New Zealand,South Africa,"Gaddafi Stadium, Lahore",New Zealand,bat,New Zealand,Unknown,362,312,6,9
ODI,2003-04-04,Sri Lanka,Pakistan,Sharjah Cricket Association Stadium,Sri Lanka,bat,Pakistan,Unknown,223,225,6,3
ODI,2020-02-05,New Zealand,India,Seddon Park,New Zealand,field,New Zealand,Unknown,348,347,6,4
ODI,2006-10-20,New Zealand,Sri Lanka,Brabourne Stadium,New Zealand,bat,Sri Lanka,Unknown,165,166,10,3
ODI,2025-03-15,Namibia,Canada,"Wanderers Cricket Ground, Windhoek",Namibia,bat,Namibia,Unknown,186,154,10,10
ODI,2017-05-12,Ireland,Bangladesh,Malahide,Ireland,field,no result,no result,0,157,0,4
ODI,2011-11-11,Pakistan,Sri Lanka,Dubai International Cricket Stadium,Sri Lanka,bat,Pakistan,Unknown,132,131,2,10
ODI,2023-11-11,Bangladesh,Australia,"Maharashtra Cricket Association Stadium, Pune",Australia,field,Australia,Unknown,306,307,8,2
ODI,2008-06-15,England,New Zealand,Riverside Ground,New Zealand,field,England,Unknown,307,193,5,10
ODI,2022-07-19,South Africa,England,"Riverside Ground, Chester-le-Street",South Africa,bat,South Africa,Unknown,333,271,5,10
ODI,2014-08-20,West Indies,Bangladesh,"National Cricket Stadium, St George's",West Indies,field,West Indies,Unknown,219,217,7,9
ODI,2022-06-12,Oman,United States of America,"Moosa Cricket Stadium, Pearland",Oman,bat,Oman,Unknown,280,267,4,9
ODI,2022-04-12,Papua New Guinea,Oman,Dubai International Cricket Stadium,Papua New Guinea,bat,Oman,Unknown,224,227,9,3
ODI,2012-02-05,Australia,India,Melbourne Cricket Ground,India,field,Australia,Unknown,216,151,5,10
ODI,2019-02-22,West Indies,England,"Kensington Oval, Barbados",England,field,West Indies,Unknown,289,263,6,10
ODI,2024-09-22,Namibia,United States of America,"United Cricket Club Ground, Windhoek",Namibia,bat,United States of America,Unknown,286,287,9,3
ODI,2006-12-02,Bermuda,Netherlands,Willowmoore Park,Netherlands,bat,Bermuda,Unknown,94,91,4,10
ODI,2003-01-14,India,New Zealand,"Westpac Park, Hamilton",New Zealand,field,New Zealand,Unknown,122,125,10,4
ODI,2023-06-19,Sri Lanka,United Arab Emirates,"Queens Sports Club, Bulawayo",United Arab Emirates,field,Sri Lanka,Unknown,355,180,6,10
ODI,2009-02-03,Sri Lanka,India,R Premadasa Stadium,India,bat,India,Unknown,216,363,10,5
ODI,2017-05-19,Ireland,Bangladesh,Malahide,Bangladesh,field,Bangladesh,Unknown,181,182,10,2
ODI,2003-02-16,Netherlands,England,"Buffalo Park, East London",England,field,England,Unknown,142,144,9,4
ODI,2007-01-28,Australia,New Zealand,Western Australia Cricket Association Ground,Australia,bat,Australia,Unknown,343,335,5,5
ODI,2003-03-18,Australia,Sri Lanka,"St George's Park, Port Elizabeth",Australia,bat,Australia,Unknown,212,123,7,7
ODI,2009-09-17,England,Australia,Trent Bridge,Australia,bat,Australia,Unknown,185,296,10,8
ODI,2011-08-16,Sri Lanka,Australia,"Mahinda Rajapaksa International Cricket Stadium, Sooriyawewa",Australia,field,Sri Lanka,Unknown,286,208,9,10
ODI,2023-06-20,United States of America,Nepal,"Takashinga Sports Club, Highfield, Harare",Nepal,field,Nepal,Unknown,207,211,10,4
ODI,2006-11-26,South Africa,India,Newlands,South Africa,bat,South Africa,Unknown,274,168,7,10
ODI,2007-10-14,India,Australia,Vidarbha Cricket Association Ground,Australia,bat,Australia,Unknown,299,317,7,8
ODI,2013-12-20,Pakistan,Sri Lanka,Dubai International Cricket Stadium,Sri Lanka,field,Sri Lanka,Unknown,284,287,4,8
ODI,2007-03-22,Canada,New Zealand,"Beausejour Stadium, Gros Islet",Canada,field,New Zealand,Unknown,249,363,10,5
ODI,2010-08-16,Sri Lanka,India,Rangiri Dambulla International Stadium,Sri Lanka,bat,India,Unknown,170,171,10,4
ODI,2019-04-10,Zimbabwe,United Arab Emirates,Harare Sports Club,Zimbabwe,field,Zimbabwe,Unknown,111,110,3,10
ODI,2021-03-26,India,England,Maharashtra Cricket Association Stadium,England,field,England,Unknown,336,337,6,4
ODI,2010-11-07,Australia,Sri Lanka,"Brisbane Cricket Ground, Woolloongabba",Sri Lanka,bat,Australia,Unknown,119,115,2,10
ODI,2015-05-26,Pakistan,Zimbabwe,Gaddafi Stadium,Pakistan,bat,Pakistan,Unknown,375,334,3,5
ODI,2013-06-11,India,West Indies,Kennington Oval,India,field,India,Unknown,236,233,2,9
ODI,2023-01-18,India,New Zealand,"Rajiv Gandhi International Stadium, Uppal, Hyderabad",India,bat,India,Unknown,349,337,8,10
ODI,2010-12-01,India,New Zealand,Sawai Mansingh Stadium,India,field,India,Unknown,259,258,2,8
ODI,2012-03-06,Australia,Sri Lanka,Adelaide Oval,Australia,bat,Sri Lanka,Unknown,271,274,6,2
ODI,2022-06-08,West Indies,Pakistan,Multan Cricket Stadium,West Indies,bat,Pakistan,Unknown,305,306,8,5
ODI,2007-01-30,England,New Zealand,Western Australia Cricket Association Ground,New Zealand,bat,New Zealand,Unknown,260,318,8,7
ODI,2021-06-29,Sri Lanka,England,"Riverside Ground, Chester-le-Street",England,field,England,Unknown,185,189,10,5
ODI,2006-04-19,India,Pakistan,Sheikh Zayed Stadium,India,bat,India,Unknown,269,218,5,10
ODI,2018-07-18,Zimbabwe,Pakistan,Queens Sports Club,Zimbabwe,bat,Pakistan,Unknown,67,69,10,1
ODI,2007-12-02,Zimbabwe,West Indies,Harare Sports Club,Zimbabwe,field,West Indies,Unknown,176,286,10,10
ODI,2010-06-27,England,Australia,Old Trafford,England,field,England,Unknown,214,212,9,10
ODI,2017-01-22,Australia,Pakistan,Sydney Cricket Ground,Australia,bat,Australia,Unknown,353,267,6,10
ODI,2018-07-14,England,India,Lord's,England,bat,England,Unknown,322,236,7,10
ODI,2015-03-13,New Zealand,Bangladesh,Seddon Park,New Zealand,field,New Zealand,Unknown,290,288,7,7
ODI,2018-10-21,Bangladesh,Zimbabwe,"Shere Bangla National Stadium, Mirpur",Bangladesh,bat,Bangladesh,Unknown,271,243,8,9
ODI,2005-06-23,Australia,England,Riverside Ground,England,field,Australia,Unknown,266,209,5,9
ODI,2009-09-30,Australia,Pakistan,SuperSport Park,Australia,field,Australia,Unknown,206,205,8,6
ODI,2003-06-20,Pakistan,England,"Kennington Oval, London",Pakistan,bat,England,Unknown,185,189,10,3
ODI,2016-06-21,West Indies,Australia,"Kensington Oval, Bridgetown",Australia,field,Australia,Unknown,282,283,8,4
ODI,2007-10-01,Sri Lanka,England,Rangiri Dambulla International Stadium,Sri Lanka,bat,Sri Lanka,Unknown,269,150,7,10
ODI,2008-07-31,Ireland,Scotland,Clontarf Cricket Club Ground,Ireland,field,Ireland,Unknown,129,152,3,9
ODI,2022-03-14,Oman,Namibia,Dubai International Cricket Stadium,Oman,bat,Namibia,Unknown,265,266,5,5
ODI,2019-06-19,New Zealand,South Africa,Edgbaston,New Zealand,field,New Zealand,Unknown,245,241,6,6
ODI,2009-09-04,England,Australia,Kennington Oval,England,field,Australia,Unknown,256,260,8,5
ODI,2015-02-17,New Zealand,Scotland,University Oval,New Zealand,field,New Zealand,Unknown,146,142,7,10
ODI,2025-10-21,Bangladesh,West Indies,"Shere Bangla National Stadium, Mirpur",Bangladesh,bat,tie,tie,222,223,8,10
ODI,2004-09-14,Kenya,Pakistan,Edgbaston,Pakistan,field,Pakistan,Unknown,94,95,10,3
ODI,2005-02-01,Pakistan,West Indies,W.A.C.A. Ground,West Indies,field,Pakistan,Unknown,307,277,8,10
ODI,2015-01-23,New Zealand,Sri Lanka,University Oval,Sri Lanka,field,New Zealand,Unknown,360,252,5,10
ODI,2019-06-10,South Africa,West Indies,The Rose Bowl,West Indies,field,no result,no result,29,0,2,0
ODI,2013-01-13,Australia,Sri Lanka,Adelaide Oval,Sri Lanka,field,Sri Lanka,Unknown,170,172,10,2
ODI,2026-04-10,Oman,Namibia,"Namibia Cricket Ground, Windhoek",Namibia,field,Namibia,Unknown,218,223,9,9
ODI,2003-02-18,West Indies,Bangladesh,"Willowmoore Park, Benoni",Bangladesh,field,no result,no result,244,32,9,2
ODI,2012-03-16,Bangladesh,India,Shere Bangla National Stadium,Bangladesh,field,Bangladesh,Unknown,293,289,5,5
ODI,2010-08-22,Sri Lanka,India,Rangiri Dambulla International Stadium,India,bat,Sri Lanka,Unknown,104,103,2,10
ODI,2011-10-13,Bangladesh,West Indies,Shere Bangla National Stadium,Bangladesh,field,West Indies,Unknown,258,298,7,5
ODI,2012-02-13,England,Pakistan,Sheikh Zayed Stadium,England,bat,England,Unknown,260,130,7,10
ODI,2006-03-05,South Africa,Australia,St George's Park,South Africa,field,Australia,Unknown,230,254,10,6
ODI,2024-12-10,Bangladesh,West Indies,"Warner Park, Basseterre, St Kitts",West Indies,field,West Indies,Unknown,227,230,10,3
ODI,2006-12-09,Bangladesh,Zimbabwe,Shere Bangla National Stadium,Bangladesh,field,Bangladesh,Unknown,197,193,7,8
ODI,2013-09-16,England,Australia,The Rose Bowl,Australia,bat,Australia,Unknown,249,298,10,10
ODI,2013-07-19,West Indies,Pakistan,"Beausejour Stadium, Gros Islet",West Indies,field,tie,tie,229,229,9,6
ODI,2011-02-19,Bangladesh,India,Shere Bangla National Stadium,Bangladesh,field,India,Unknown,283,370,9,4
ODI,2015-10-14,India,South Africa,Holkar Cricket Stadium,India,bat,India,Unknown,247,225,9,10
ODI,2013-07-23,Sri Lanka,South Africa,R Premadasa Stadium,Sri Lanka,bat,Sri Lanka,Unknown,223,104,9,5
ODI,2015-06-14,England,New Zealand,The Rose Bowl,England,bat,New Zealand,Unknown,302,306,10,7
ODI,2017-07-02,West Indies,India,"Sir Vivian Richards Stadium, North Sound",West Indies,bat,West Indies,Unknown,189,178,9,10
ODI,2011-11-20,Pakistan,Sri Lanka,Sharjah Cricket Stadium,Pakistan,bat,Pakistan,Unknown,200,174,10,10
ODI,2007-01-27,India,West Indies,"MA Chidambaram Stadium, Chepauk",West Indies,field,West Indies,Unknown,268,270,10,7
ODI,2023-06-21,Ireland,Scotland,"Queens Sports Club, Bulawayo",Scotland,field,Scotland,Unknown,286,289,8,9
ODI,2013-07-31,Sri Lanka,South Africa,R Premadasa Stadium,Sri Lanka,bat,Sri Lanka,Unknown,307,179,4,10
ODI,2018-10-27,West Indies,India,Maharashtra Cricket Association Stadium,India,field,West Indies,Unknown,283,240,9,10
ODI,2010-10-22,South Africa,Zimbabwe,Willowmoore Park,South Africa,bat,South Africa,Unknown,399,127,6,10
ODI,2006-11-01,Australia,New Zealand,"Punjab Cricket Association Stadium, Mohali",New Zealand,field,Australia,Unknown,240,206,9,10
ODI,2014-12-19,New Zealand,Pakistan,Sheikh Zayed Stadium,New Zealand,bat,New Zealand,Unknown,275,207,4,10
ODI,2013-03-10,South Africa,Pakistan,Chevrolet Park,Pakistan,field,South Africa,Unknown,315,190,4,10
ODI,2004-05-25,Zimbabwe,Australia,Harare Sports Club,Zimbabwe,bat,Australia,Unknown,205,207,9,3
ODI,2023-11-08,England,Netherlands,"Maharashtra Cricket Association Stadium, Pune",England,bat,England,Unknown,339,179,9,10
ODI,2017-03-01,New Zealand,South Africa,Seddon Park,South Africa,bat,New Zealand,Unknown,280,279,3,8
ODI,2012-02-09,New Zealand,Zimbabwe,McLean Park,New Zealand,bat,New Zealand,Unknown,373,171,8,10
ODI,2006-04-12,India,England,Keenan Stadium,India,bat,England,Unknown,223,227,10,6
ODI,2024-07-18,Oman,Namibia,"Forthill, Dundee",Namibia,field,Namibia,Unknown,233,234,8,4
ODI,2013-10-30,India,Australia,"Vidarbha Cricket Association Stadium, Jamtha",India,field,India,Unknown,351,350,4,6
ODI,2014-12-07,Sri Lanka,England,R Premadasa Stadium,England,bat,Sri Lanka,Unknown,267,265,4,10
ODI,2007-02-14,India,Sri Lanka,"Nehru Stadium, Fatorda",Sri Lanka,bat,India,Unknown,233,230,5,8
ODI,2005-07-12,England,Australia,Kennington Oval,Australia,field,Australia,Unknown,228,229,7,2
ODI,2006-03-03,South Africa,Australia,Newlands,South Africa,bat,South Africa,Unknown,289,93,7,10
ODI,2006-10-29,India,Australia,"Punjab Cricket Association Stadium, Mohali",India,bat,Australia,Unknown,249,252,8,4
ODI,2009-02-06,Australia,New Zealand,Melbourne Cricket Ground,New Zealand,field,New Zealand,Unknown,225,226,5,4
ODI,2007-03-24,Australia,South Africa,"Warner Park, Basseterre",South Africa,field,Australia,Unknown,377,294,6,10
ODI,2007-07-14,Ireland,West Indies,Clontarf Cricket Club Ground,Ireland,bat,no result,no result,84,0,4,0
ODI,2014-01-23,Scotland,Canada,Hagley Oval,Canada,field,Scotland,Unknown,341,171,9,10
ODI,2021-01-22,West Indies,Bangladesh,Shere Bangla National Stadium,West Indies,bat,Bangladesh,Unknown,148,149,10,3
ODI,2013-05-03,Zimbabwe,Bangladesh,Queens Sports Club,Zimbabwe,field,Bangladesh,Unknown,148,269,10,8
ODI,2007-02-16,New Zealand,Australia,Westpac Stadium,New Zealand,field,New Zealand,Unknown,149,148,0,10
ODI,2018-02-01,South Africa,India,Kingsmead,South Africa,bat,India,Unknown,269,270,8,4
ODI,2024-10-26,Sri Lanka,West Indies,Pallekele International Cricket Stadium,West Indies,field,West Indies,Unknown,156,196,3,2
ODI,2019-12-08,United Arab Emirates,United States of America,Sharjah Cricket Stadium,United Arab Emirates,bat,United States of America,Unknown,202,206,10,7
ODI,2008-01-21,Pakistan,Zimbabwe,National Stadium,Zimbabwe,field,Pakistan,Unknown,347,243,5,7
ODI,2008-03-12,Bangladesh,South Africa,Shere Bangla National Stadium,Bangladesh,bat,South Africa,Unknown,173,179,10,3
ODI,2023-04-29,United Arab Emirates,Oman,Mulpani Cricket Ground,Oman,field,United Arab Emirates,Unknown,236,190,10,6
ODI,2023-12-23,New Zealand,Bangladesh,"McLean Park, Napier",Bangladesh,field,Bangladesh,Unknown,98,99,10,2
ODI,2022-09-20,Namibia,Papua New Guinea,"Amini Park, Port Moresby",Namibia,bat,Namibia,Unknown,284,117,4,10
ODI,2023-07-07,West Indies,Sri Lanka,Harare Sports Club,Sri Lanka,field,Sri Lanka,Unknown,243,244,10,2
ODI,2005-08-02,Sri Lanka,West Indies,Rangiri Dambulla International Stadium,Sri Lanka,bat,Sri Lanka,Unknown,241,191,6,10
ODI,2003-10-05,Pakistan,South Africa,"Gaddafi Stadium, Lahore",South Africa,field,Pakistan,Unknown,267,225,7,9
ODI,2024-03-15,Bangladesh,Sri Lanka,"Zahur Ahmed Chowdhury Stadium, Chattogram",Sri Lanka,field,Sri Lanka,Unknown,286,287,7,7
ODI,2004-11-28,Zimbabwe,England,Harare Sports Club,England,field,England,Unknown,195,197,10,5
ODI,2020-03-06,Bangladesh,Zimbabwe,Sylhet International Cricket Stadium,Zimbabwe,field,Bangladesh,Unknown,322,218,3,10
ODI,2025-08-31,Canada,Scotland,"Maple Leaf North-West Ground, King City",Scotland,field,Scotland,Unknown,184,187,10,3
ODI,2019-01-12,Australia,India,Sydney Cricket Ground,Australia,bat,Australia,Unknown,288,254,5,9
ODI,2017-06-08,India,Sri Lanka,Kennington Oval,Sri Lanka,field,Sri Lanka,Unknown,321,322,6,4
ODI,2023-09-26,England,Ireland,"County Ground, Bristol",Ireland,field,no result,no result,280,0,4,0
ODI,2021-03-10,West Indies,Sri Lanka,Sir Vivian Richards Stadium,Sri Lanka,bat,West Indies,Unknown,236,232,2,10
ODI,2019-06-08,England,Bangladesh,Sophia Gardens,Bangladesh,field,England,Unknown,386,280,6,10
ODI,2016-08-27,England,Pakistan,Lord's,Pakistan,bat,England,Unknown,255,251,6,10
ODI,2013-11-24,India,West Indies,Dr. Y.S. Rajasekhara Reddy ACA-VDCA Cricket Stadium,West Indies,field,West Indies,Unknown,288,289,7,8
ODI,2005-11-03,Sri Lanka,India,Nehru Stadium,India,field,India,Unknown,261,262,10,6
ODI,2014-08-29,Zimbabwe,South Africa,Harare Sports Club,Zimbabwe,field,South Africa,Unknown,170,231,10,10
ODI,2022-06-22,Netherlands,England,"VRA Ground, Amstelveen",England,field,England,Unknown,244,248,10,2
ODI,2025-02-16,Namibia,Oman,Al Amerat Cricket Ground Oman Cricket (Ministry Turf 1),Namibia,bat,Oman,Unknown,96,100,10,8
ODI,2022-03-05,Oman,United Arab Emirates,"ICC Academy, Dubai",United Arab Emirates,field,Oman,Unknown,225,213,7,10
ODI,2010-10-05,Bangladesh,New Zealand,Shere Bangla National Stadium,Bangladesh,bat,Bangladesh,Unknown,228,200,10,8
ODI,2013-11-02,India,Australia,M Chinnaswamy Stadium,Australia,field,India,Unknown,383,326,6,10
ODI,2015-01-15,New Zealand,Sri Lanka,Seddon Park,New Zealand,bat,Sri Lanka,Unknown,248,252,10,4
ODI,2010-02-24,India,South Africa,Captain Roop Singh Stadium,India,bat,India,Unknown,401,248,3,10
ODI,2014-02-25,Pakistan,Sri Lanka,Khan Shaheb Osman Ali Stadium,Sri Lanka,bat,Sri Lanka,Unknown,284,296,10,6
ODI,2019-02-03,New Zealand,India,Westpac Stadium,India,bat,India,Unknown,217,252,10,10
ODI,2014-05-06,Sri Lanka,Ireland,"Clontarf Cricket Club Ground, Dublin",Ireland,field,Sri Lanka,Unknown,219,140,8,10
ODI,2018-06-13,Australia,England,Kennington Oval,Australia,bat,England,Unknown,214,218,10,7
ODI,2005-02-09,South Africa,England,Buffalo Park,South Africa,bat,South Africa,Unknown,311,304,7,8
ODI,2021-09-06,Papua New Guinea,United States of America,Al Amerat Cricket Ground Oman Cricket (Ministry Turf 2),Papua New Guinea,bat,United States of America,Unknown,158,159,10,3
ODI,2007-02-09,Australia,England,Melbourne Cricket Ground,Australia,bat,England,Unknown,252,253,10,6
ODI,2025-02-14,Zimbabwe,Ireland,Harare Sports Club,Ireland,field,Zimbabwe,Unknown,299,250,5,10
ODI,2008-06-26,Sri Lanka,United Arab Emirates,Gaddafi Stadium,Sri Lanka,bat,Sri Lanka,Unknown,290,148,9,10
ODI,2007-12-26,New Zealand,Bangladesh,Eden Park,New Zealand,field,New Zealand,Unknown,203,201,4,10
ODI,2013-08-27,Canada,Netherlands,Maple Leaf North-West Ground,Canada,field,no result,no result,62,143,1,10
ODI,2024-01-06,Sri Lanka,Zimbabwe,"R Premadasa Stadium, Colombo",Sri Lanka,bat,no result,no result,273,12,9,2
ODI,2021-04-04,South Africa,Pakistan,The Wanderers Stadium,Pakistan,field,South Africa,Unknown,341,324,6,9
ODI,2019-01-03,New Zealand,Sri Lanka,Bay Oval,New Zealand,bat,New Zealand,Unknown,371,326,7,10
ODI,2004-02-06,India,Australia,Melbourne Cricket Ground,India,bat,Australia,Unknown,222,224,10,3
ODI,2019-08-14,Oman,Papua New Guinea,Mannofield Park,Oman,field,Oman,Unknown,234,229,6,8
ODI,2015-08-07,Zimbabwe,New Zealand,Harare Sports Club,Zimbabwe,field,New Zealand,Unknown,235,273,10,6
ODI,2005-08-31,New Zealand,Zimbabwe,Harare Sports Club,New Zealand,bat,New Zealand,Unknown,238,211,10,10
ODI,2022-08-05,Bangladesh,Zimbabwe,Harare Sports Club,Zimbabwe,field,Zimbabwe,Unknown,303,307,3,5
ODI,2019-06-19,Netherlands,Zimbabwe,Sportpark Het Schootsveld,Zimbabwe,bat,Netherlands,Unknown,208,205,3,8
ODI,2007-05-10,Bangladesh,India,Shere Bangla National Stadium,Bangladesh,bat,India,Unknown,250,251,7,5
ODI,2007-03-14,Australia,Scotland,"Warner Park, Basseterre",Scotland,field,Australia,Unknown,334,131,6,9
ODI,2023-12-17,Zimbabwe,Ireland,Harare Sports Club,Ireland,field,Ireland,Unknown,197,204,10,3
ODI,2008-08-18,Sri Lanka,India,Rangiri Dambulla International Stadium,India,bat,Sri Lanka,Unknown,147,146,2,10
ODI,2026-06-11,Australia,Bangladesh,"Shere Bangla National Stadium, Mirpur",Australia,bat,Bangladesh,Unknown,187,195,8,5
ODI,2024-02-28,United Arab Emirates,Canada,Dubai International Cricket Stadium,Canada,field,Canada,Unknown,194,198,10,7
ODI,2023-02-01,England,South Africa,"Diamond Oval, Kimberley",South Africa,field,England,Unknown,346,287,7,10
ODI,2025-01-05,Sri Lanka,New Zealand,"Basin Reserve, Wellington",New Zealand,field,New Zealand,Unknown,178,180,10,1
ODI,2021-07-13,Ireland,South Africa,"The Village, Malahide, Dublin",South Africa,field,Ireland,Unknown,290,247,5,10
ODI,2024-02-02,West Indies,Australia,Melbourne Cricket Ground,Australia,field,Australia,Unknown,231,232,10,2
ODI,2003-03-15,Kenya,Australia,"Kingsmead, Durban",Australia,field,Australia,Unknown,174,178,8,5
ODI,2022-03-29,Netherlands,New Zealand,"Bay Oval, Mount Maunganui",Netherlands,bat,New Zealand,Unknown,202,204,10,3
ODI,2008-06-28,England,New Zealand,Lord's,England,field,New Zealand,Unknown,215,266,10,5
ODI,2023-12-17,South Africa,India,"The Wanderers Stadium, Johannesburg",South Africa,bat,India,Unknown,116,117,10,2
ODI,2006-10-17,Pakistan,Sri Lanka,Sawai Mansingh Stadium,Sri Lanka,bat,Pakistan,Unknown,255,253,6,10
ODI,2023-11-11,England,Pakistan,"Eden Gardens, Kolkata",England,bat,England,Unknown,337,244,9,10
ODI,2017-08-24,Sri Lanka,India,Pallekele International Cricket Stadium,India,field,India,Unknown,236,231,8,7
ODI,2025-05-21,Ireland,West Indies,"Castle Avenue, Dublin",West Indies,field,Ireland,Unknown,303,179,6,10
ODI,2015-08-02,Zimbabwe,New Zealand,Harare Sports Club,Zimbabwe,field,Zimbabwe,Unknown,304,303,3,4
ODI,2005-04-12,India,Pakistan,"Sardar Patel (Gujarat) Stadium, Motera",India,bat,Pakistan,Unknown,315,319,6,7
ODI,2016-06-07,Australia,South Africa,Providence Stadium,South Africa,bat,South Africa,Unknown,142,189,10,9
ODI,2003-03-02,England,Australia,"St George's Park, Port Elizabeth",England,bat,Australia,Unknown,204,208,8,8
ODI,2023-06-30,United States of America,Ireland,"Takashinga Sports Club, Highfield, Harare",Ireland,field,Ireland,Unknown,196,197,10,4
ODI,2019-01-05,New Zealand,Sri Lanka,Bay Oval,New Zealand,bat,New Zealand,Unknown,319,298,7,10
ODI,2023-03-03,Papua New Guinea,Nepal,Dubai International Cricket Stadium,Papua New Guinea,bat,Nepal,Unknown,179,182,10,7
ODI,2017-04-11,West Indies,Pakistan,Providence Stadium,West Indies,bat,Pakistan,Unknown,233,236,9,4
ODI,2022-08-31,Zimbabwe,Australia,"Tony Ireland Stadium, Townsville",Australia,field,Australia,Unknown,96,100,10,2
ODI,2014-05-28,England,Sri Lanka,Old Trafford,England,field,England,Unknown,73,67,0,10
ODI,2013-02-01,Australia,West Indies,Western Australia Cricket Association Ground,West Indies,bat,Australia,Unknown,71,70,1,10
ODI,2009-03-03,New Zealand,India,McLean Park,India,bat,India,Unknown,162,273,9,4
ODI,2022-07-13,West Indies,Bangladesh,"Providence Stadium, Guyana",Bangladesh,field,Bangladesh,Unknown,108,112,10,1
ODI,2012-02-14,India,Sri Lanka,Adelaide Oval,Sri Lanka,bat,tie,tie,236,236,9,9
ODI,2011-04-28,West Indies,Pakistan,"Kensington Oval, Bridgetown",Pakistan,field,Pakistan,Unknown,171,177,10,7
ODI,2019-01-26,United Arab Emirates,Nepal,ICC Academy,Nepal,bat,Nepal,Unknown,97,242,10,9
ODI,2007-10-29,Pakistan,South Africa,Gaddafi Stadium,South Africa,bat,South Africa,Unknown,219,233,10,9
ODI,2009-01-18,Australia,South Africa,Bellerive Oval,South Africa,field,Australia,Unknown,249,244,9,6
ODI,2017-01-28,South Africa,Sri Lanka,St George's Park,South Africa,field,South Africa,Unknown,185,181,2,10
ODI,2011-06-29,Scotland,Netherlands,Mannofield Park,Scotland,field,Scotland,Unknown,162,180,5,9
ODI,2010-08-28,Sri Lanka,India,Rangiri Dambulla International Stadium,Sri Lanka,bat,Sri Lanka,Unknown,299,225,8,10
ODI,2023-03-02,United Arab Emirates,Nepal,Dubai International Cricket Stadium,Nepal,field,United Arab Emirates,Unknown,207,139,8,10
ODI,2003-01-19,England,Australia,Adelaide Oval,England,bat,Australia,Unknown,152,153,10,6
ODI,2014-09-04,Zimbabwe,South Africa,Harare Sports Club,Zimbabwe,field,South Africa,Unknown,208,271,10,6
ODI,2009-11-06,New Zealand,Pakistan,Sheikh Zayed Stadium,New Zealand,bat,New Zealand,Unknown,303,239,8,10
ODI,2009-08-03,Sri Lanka,Pakistan,Rangiri Dambulla International Stadium,Sri Lanka,field,Sri Lanka,Unknown,289,288,4,8
ODI,2005-02-06,South Africa,England,Newlands,England,field,South Africa,Unknown,291,183,5,10
ODI,2011-08-25,Ireland,England,Clontarf Cricket Club Ground,Ireland,field,England,Unknown,117,201,8,8
ODI,2003-02-13,New Zealand,West Indies,"St George's Park, Port Elizabeth",West Indies,field,New Zealand,Unknown,241,221,7,10
ODI,2012-03-04,Australia,Sri Lanka,"Brisbane Cricket Ground, Woolloongabba",Australia,bat,Australia,Unknown,321,306,6,10
ODI,2008-02-17,Australia,India,Adelaide Oval,Australia,bat,Australia,Unknown,203,153,9,10
ODI,2003-04-08,Pakistan,Kenya,Sharjah Cricket Association Stadium,Pakistan,bat,Pakistan,Unknown,286,143,8,10
ODI,2019-03-03,South Africa,Sri Lanka,The Wanderers Stadium,South Africa,field,South Africa,Unknown,232,231,2,10
ODI,2014-01-23,Netherlands,Kenya,Bert Sutcliffe Oval,Kenya,field,Kenya,Unknown,265,266,6,6
ODI,2026-07-16,West Indies,New Zealand,"Providence Stadium, Guyana",New Zealand,field,New Zealand,Unknown,140,141,10,4
ODI,2007-07-20,Sri Lanka,Bangladesh,P Saravanamuttu Stadium,Bangladesh,field,Sri Lanka,Unknown,234,164,6,10
ODI,2018-10-03,South Africa,Zimbabwe,Mangaung Oval,South Africa,bat,South Africa,Unknown,198,78,10,10
ODI,2016-02-09,South Africa,England,SuperSport Park,England,bat,South Africa,Unknown,319,318,3,8
ODI,2007-10-10,Sri Lanka,England,R Premadasa Stadium,Sri Lanka,bat,England,Unknown,211,212,9,5
ODI,2023-01-24,India,New Zealand,"Holkar Cricket Stadium, Indore",New Zealand,field,India,Unknown,385,295,9,10
ODI,2022-05-31,United Arab Emirates,Scotland,"Moosa Cricket Stadium, Pearland",United Arab Emirates,bat,Scotland,Unknown,215,217,9,6
ODI,2011-10-25,Zimbabwe,New Zealand,Queens Sports Club,New Zealand,bat,Zimbabwe,Unknown,329,328,9,5
ODI,2019-06-17,Bangladesh,West Indies,The Cooper Associates County Ground,Bangladesh,field,Bangladesh,Unknown,322,321,3,8
ODI,2024-11-26,Zimbabwe,Pakistan,"Queens Sports Club, Bulawayo",Zimbabwe,bat,Pakistan,Unknown,145,148,10,0
ODI,2026-07-09,Zimbabwe,Bangladesh,Harare Sports Club,Bangladesh,field,Zimbabwe,Unknown,247,234,6,10
ODI,2019-08-21,Oman,Papua New Guinea,Mannofield Park,Oman,field,Oman,Unknown,207,206,6,9
ODI,2011-03-24,India,Australia,"Sardar Patel Stadium, Motera",Australia,bat,India,Unknown,261,260,5,6
ODI,2017-05-27,England,South Africa,The Rose Bowl,South Africa,field,England,Unknown,330,328,6,5
ODI,2014-03-05,West Indies,England,"Sir Vivian Richards Stadium, North Sound",West Indies,field,England,Unknown,278,303,10,6
ODI,2019-09-13,United States of America,Papua New Guinea,Central Broward Regional Park Stadium Turf Ground,United States of America,bat,United States of America,Unknown,251,159,9,6
ODI,2022-12-04,India,Bangladesh,"Shere Bangla National Stadium, Mirpur",Bangladesh,field,Bangladesh,Unknown,186,187,10,9
ODI,2022-06-08,United States of America,Oman,"Moosa Cricket Stadium, Pearland",Oman,field,United States of America,Unknown,323,209,8,10
ODI,2021-06-02,Netherlands,Ireland,"Sportpark Maarschalkerweerd, Utrecht",Netherlands,bat,Netherlands,Unknown,195,194,10,9
ODI,2023-12-13,Zimbabwe,Ireland,Harare Sports Club,Ireland,field,no result,no result,121,0,6,0
ODI,2010-02-21,India,South Africa,Sawai Mansingh Stadium,South Africa,field,India,Unknown,298,297,9,10
ODI,2007-03-30,England,Ireland,Providence Stadium,England,bat,England,Unknown,266,218,7,10
ODI,2026-07-31,Netherlands,Namibia,"Sportpark Maarschalkerweerd, Utrecht",Netherlands,bat,Namibia,Unknown,183,186,10,4
ODI,2019-06-12,Australia,Pakistan,The Cooper Associates County Ground,Pakistan,field,Australia,Unknown,307,266,10,10
ODI,2024-10-02,South Africa,Ireland,"Zayed Cricket Stadium, Abu Dhabi",South Africa,bat,South Africa,Unknown,271,132,9,10
ODI,2009-12-27,India,Sri Lanka,Feroz Shah Kotla,India,field,no result,no result,0,83,0,5
ODI,2016-11-27,Zimbabwe,Sri Lanka,Queens Sports Club,Zimbabwe,bat,Sri Lanka,Unknown,160,166,10,4
ODI,2023-04-02,United States of America,Papua New Guinea,"Wanderers Cricket Ground, Windhoek",United States of America,bat,United States of America,Unknown,235,118,7,10
ODI,2014-08-27,England,India,Sophia Gardens,England,field,India,Unknown,161,304,10,6
ODI,2018-03-19,Zimbabwe,West Indies,Harare Sports Club,Zimbabwe,bat,West Indies,Unknown,289,290,10,6
ODI,2008-03-09,Bangladesh,South Africa,Chittagong Divisional Stadium,Bangladesh,bat,South Africa,Unknown,178,180,10,1
ODI,2007-12-28,New Zealand,Bangladesh,McLean Park,New Zealand,bat,New Zealand,Unknown,335,181,5,6
ODI,2017-06-06,England,New Zealand,Sophia Gardens,New Zealand,field,England,Unknown,310,223,10,10
ODI,2025-10-26,England,New Zealand,"Bay Oval, Mount Maunganui",New Zealand,field,New Zealand,Unknown,223,224,10,6
ODI,2003-01-17,England,Sri Lanka,Adelaide Oval,England,bat,England,Unknown,279,260,7,10
ODI,2015-02-14,Australia,England,Melbourne Cricket Ground,England,field,Australia,Unknown,342,231,9,10
ODI,2009-09-08,Sri Lanka,New Zealand,R Premadasa Stadium,Sri Lanka,bat,Sri Lanka,Unknown,216,119,7,10
ODI,2012-01-20,South Africa,Sri Lanka,De Beers Diamond Oval,South Africa,bat,Sri Lanka,Unknown,299,304,7,5
ODI,2015-06-21,Bangladesh,India,Shere Bangla National Stadium,India,bat,Bangladesh,Unknown,200,200,4,10
ODI,2007-04-13,Australia,Ireland,"Kensington Oval, Bridgetown",Australia,field,Australia,Unknown,92,91,1,10
ODI,2010-06-24,Sri Lanka,India,Rangiri Dambulla International Stadium,India,bat,India,Unknown,187,268,10,6
ODI,2008-04-12,West Indies,Sri Lanka,"Queen's Park Oval, Port of Spain",West Indies,field,West Indies,Unknown,125,112,3,5
ODI,2025-11-14,Sri Lanka,Pakistan,Rawalpindi Cricket Stadium,Pakistan,field,Pakistan,Unknown,288,289,8,2
ODI,2014-01-01,New Zealand,West Indies,Queenstown Events Centre,West Indies,field,New Zealand,Unknown,283,124,4,5
ODI,2023-11-05,India,South Africa,"Eden Gardens, Kolkata",India,bat,India,Unknown,326,83,5,10
ODI,2016-08-21,Sri Lanka,Australia,R Premadasa Stadium,Australia,field,Australia,Unknown,227,228,8,7
ODI,2009-10-28,India,Australia,"Vidarbha Cricket Association Stadium, Jamtha",Australia,field,India,Unknown,354,255,7,10
ODI,2023-04-04,Namibia,Canada,"Wanderers Cricket Ground, Windhoek",Namibia,bat,Namibia,Unknown,267,156,9,10
ODI,2005-10-28,South Africa,New Zealand,Newlands,South Africa,bat,South Africa,Unknown,201,182,9,10
ODI,2013-10-19,India,Australia,"Punjab Cricket Association Stadium, Mohali",Australia,field,Australia,Unknown,303,304,9,6
ODI,2007-04-28,Australia,Sri Lanka,"Kensington Oval, Bridgetown",Australia,bat,Australia,Unknown,281,215,4,8
ODI,2019-06-14,England,West Indies,The Rose Bowl,England,field,England,Unknown,213,212,2,10
ODI,2023-08-30,Pakistan,Nepal,Multan Cricket Stadium,Pakistan,bat,Pakistan,Unknown,342,104,6,10
ODI,2011-03-25,New Zealand,South Africa,Shere Bangla National Stadium,New Zealand,bat,New Zealand,Unknown,221,172,8,10
ODI,2007-06-29,India,South Africa,"Civil Service Cricket Club, Stormont",India,field,India,Unknown,227,226,4,6
ODI,2010-01-04,Bangladesh,Sri Lanka,Shere Bangla National Stadium,Sri Lanka,field,Sri Lanka,Unknown,260,261,7,3
ODI,2007-03-23,West Indies,Ireland,"Sabina Park, Kingston",Ireland,bat,West Indies,Unknown,190,183,2,8
ODI,2023-02-20,Scotland,Namibia,"Tribhuvan University International Cricket Ground, Kirtipur",Namibia,field,Scotland,Unknown,221,178,10,10
ODI,2006-08-13,Kenya,Bangladesh,Gymkhana Club Ground,Kenya,bat,Bangladesh,Unknown,184,185,10,8
ODI,2011-09-11,England,India,Lord's,England,field,tie,tie,270,280,8,5
ODI,2015-07-15,Bangladesh,South Africa,Zahur Ahmed Chowdhury Stadium,South Africa,bat,Bangladesh,Unknown,170,168,1,9
ODI,2015-03-29,Australia,New Zealand,Melbourne Cricket Ground,New Zealand,bat,Australia,Unknown,186,183,3,10
ODI,2015-07-12,Bangladesh,South Africa,Shere Bangla National Stadium,South Africa,bat,Bangladesh,Unknown,167,162,3,10
ODI,2023-10-07,South Africa,Sri Lanka,"Arun Jaitley Stadium, Delhi",Sri Lanka,field,South Africa,Unknown,428,326,5,10
ODI,2005-05-18,Pakistan,West Indies,"Arnos Vale Ground, Kingstown",West Indies,field,Pakistan,Unknown,192,133,10,10
ODI,2025-11-22,West Indies,New Zealand,"Seddon Park, Hamilton",West Indies,bat,New Zealand,Unknown,161,162,10,6
ODI,2011-08-10,Sri Lanka,Australia,Pallekele International Cricket Stadium,Sri Lanka,bat,Australia,Unknown,191,192,10,3
ODI,2005-02-25,South Africa,Zimbabwe,The Wanderers Stadium,Zimbabwe,field,South Africa,Unknown,301,136,7,10
ODI,2018-02-16,South Africa,India,SuperSport Park,India,field,India,Unknown,204,206,10,2
ODI,2013-12-25,Pakistan,Sri Lanka,Sheikh Zayed Stadium,Sri Lanka,bat,Pakistan,Unknown,226,225,2,10
ODI,2016-08-14,Scotland,United Arab Emirates,"Grange Cricket Club Ground, Raeburn Place",United Arab Emirates,field,Scotland,Unknown,327,229,5,10
ODI,2025-11-01,England,New Zealand,"Sky Stadium, Wellington",New Zealand,field,New Zealand,Unknown,222,226,10,8
ODI,2015-01-28,South Africa,West Indies,SuperSport Park,West Indies,field,South Africa,Unknown,361,230,5,10
ODI,2012-08-31,England,South Africa,Kennington Oval,South Africa,bat,England,Unknown,212,211,6,10
ODI,2023-10-28,Australia,New Zealand,"Himachal Pradesh Cricket Association Stadium, Dharamsala",New Zealand,field,Australia,Unknown,388,383,10,9
ODI,2009-04-22,Australia,Pakistan,Dubai Sports City Cricket Stadium,Australia,bat,Pakistan,Unknown,168,171,10,6
ODI,2019-01-22,South Africa,Pakistan,Kingsmead,South Africa,field,South Africa,Unknown,207,203,5,10
ODI,2004-04-24,West Indies,England,Queen's Park Oval,West Indies,bat,no result,no result,57,0,2,0
ODI,2011-03-19,Bangladesh,South Africa,Shere Bangla National Stadium,South Africa,bat,South Africa,Unknown,78,284,10,8
ODI,2006-02-19,Pakistan,India,National Stadium,India,field,India,Unknown,286,287,8,2
ODI,2019-03-31,Australia,Pakistan,Dubai International Cricket Stadium,Pakistan,field,Australia,Unknown,327,307,7,7
ODI,2015-01-31,New Zealand,Pakistan,Westpac Stadium,New Zealand,field,New Zealand,Unknown,213,210,3,10
ODI,2022-10-11,South Africa,India,"Arun Jaitley Stadium, Delhi",India,field,India,Unknown,99,105,10,3
ODI,2007-04-24,New Zealand,Sri Lanka,"Sabina Park, Kingston",Sri Lanka,bat,Sri Lanka,Unknown,208,289,10,5
ODI,2008-07-29,Netherlands,Scotland,Clontarf Cricket Club Ground,Netherlands,bat,Scotland,Unknown,117,120,10,4
ODI,2017-02-07,South Africa,Sri Lanka,Newlands,South Africa,bat,South Africa,Unknown,367,327,5,10
ODI,2014-01-24,Australia,England,Western Australia Cricket Association Ground,Australia,field,England,Unknown,259,316,10,8
ODI,2015-03-14,India,Zimbabwe,Eden Park,India,field,India,Unknown,288,287,4,10
ODI,2022-12-07,Namibia,Nepal,"United Cricket Club Ground, Windhoek",Nepal,field,Namibia,Unknown,275,189,7,10
ODI,2004-12-01,England,Zimbabwe,Harare Sports Club,England,bat,England,Unknown,263,102,6,10
ODI,2024-09-24,United States of America,United Arab Emirates,"United Cricket Club Ground, Windhoek",United Arab Emirates,field,United States of America,Unknown,339,203,4,10
ODI,2007-01-26,Australia,England,Adelaide Oval,England,bat,Australia,Unknown,111,110,1,10
ODI,2020-02-12,Nepal,United States of America,Tribhuvan University International Cricket Ground,Nepal,field,Nepal,Unknown,36,35,2,10
ODI,2008-04-08,Pakistan,Bangladesh,Gaddafi Stadium,Pakistan,bat,Pakistan,Unknown,322,129,5,10
ODI,2022-08-16,Pakistan,Netherlands,"Hazelaarweg, Rotterdam",Pakistan,bat,Pakistan,Unknown,314,298,6,8
ODI,2023-03-09,Nepal,Papua New Guinea,"Tribhuvan University International Cricket Ground, Kirtipur",Papua New Guinea,field,Nepal,Unknown,297,245,10,10
ODI,2024-11-03,United Arab Emirates,Netherlands,Al Amerat Cricket Ground Oman Cricket (Ministry Turf 1),Netherlands,field,United Arab Emirates,Unknown,240,214,8,10
ODI,2007-07-13,Netherlands,Scotland,"Civil Service Cricket Club, Stormont",Scotland,bat,no result,no result,0,71,0,5
ODI,2017-09-24,England,West Indies,County Ground,West Indies,field,England,Unknown,369,245,9,10
ODI,2011-02-06,Australia,England,Western Australia Cricket Association Ground,Australia,bat,Australia,Unknown,279,222,7,10
ODI,2013-02-17,New Zealand,England,Seddon Park,New Zealand,field,New Zealand,Unknown,259,258,7,10
ODI,2009-04-03,West Indies,England,"Beausejour Stadium, Gros Islet",West Indies,field,England,Unknown,146,172,10,5
ODI,2017-09-21,England,West Indies,Trent Bridge,West Indies,field,no result,no result,21,0,0,0
ODI,2025-12-06,South Africa,India,"Dr. Y.S. Rajasekhara Reddy ACA-VDCA Cricket Stadium, Visakhapatnam",India,field,India,Unknown,270,271,10,1
ODI,2011-10-23,South Africa,Australia,St George's Park,South Africa,bat,South Africa,Unknown,303,223,6,10
ODI,2025-05-23,Canada,Oman,"Central Broward Regional Park Stadium Turf Ground, Lauderhill",Canada,bat,Oman,Unknown,212,108,10,3
ODI,2024-02-21,Nepal,Namibia,"Tribhuvan University International Cricket Ground, Kirtipur",Namibia,field,Namibia,Unknown,168,172,10,8
ODI,2010-05-30,West Indies,South Africa,"Windsor Park, Roseau",West Indies,bat,South Africa,Unknown,303,304,6,3
ODI,2021-09-10,Ireland,Zimbabwe,"Civil Service Cricket Club, Stormont, Belfast",Zimbabwe,field,no result,no result,282,0,8,0
ODI,2016-02-06,New Zealand,Australia,Westpac Stadium,New Zealand,bat,Australia,Unknown,281,283,9,6
ODI,2010-09-12,England,Pakistan,Headingley,Pakistan,bat,England,Unknown,295,294,6,8
ODI,2014-11-02,India,Sri Lanka,Barabati Stadium,Sri Lanka,field,India,Unknown,363,194,5,10
ODI,2007-03-20,Scotland,South Africa,"Warner Park, Basseterre",South Africa,field,South Africa,Unknown,186,188,8,3
ODI,2016-08-18,Ireland,Pakistan,"The Village, Malahide",Ireland,field,Pakistan,Unknown,82,337,10,6
ODI,2021-01-08,Ireland,United Arab Emirates,Sheikh Zayed Stadium,Ireland,bat,United Arab Emirates,Unknown,269,270,5,4
ODI,2023-06-30,Sri Lanka,Netherlands,"Queens Sports Club, Bulawayo",Sri Lanka,bat,Sri Lanka,Unknown,213,192,10,10
ODI,2017-10-23,Sri Lanka,Pakistan,Sharjah Cricket Stadium,Sri Lanka,bat,Pakistan,Unknown,103,105,10,1
ODI,2015-02-03,New Zealand,Pakistan,McLean Park,New Zealand,bat,New Zealand,Unknown,369,250,5,10
ODI,2007-04-12,New Zealand,Sri Lanka,"National Cricket Stadium, St George's",New Zealand,bat,Sri Lanka,Unknown,219,222,7,4
ODI,2008-03-04,Australia,India,"Brisbane Cricket Ground, Woolloongabba",India,bat,India,Unknown,249,258,10,9
ODI,2024-11-17,New Zealand,Sri Lanka,Pallekele International Cricket Stadium,Sri Lanka,field,Sri Lanka,Unknown,209,210,10,7
ODI,2019-09-30,Pakistan,Sri Lanka,National Stadium,Pakistan,bat,Pakistan,Unknown,305,238,7,10
ODI,2004-03-16,Pakistan,India,Rawalpindi Cricket Stadium,Pakistan,bat,Pakistan,Unknown,329,317,6,10
ODI,2022-09-11,United States of America,Papua New Guinea,"Amini Park, Port Moresby",Papua New Guinea,field,tie,tie,205,205,10,10
ODI,2021-07-10,England,Pakistan,"Lord's, London",Pakistan,field,England,Unknown,247,195,10,10
ODI,2022-07-22,India,West Indies,"Queen's Park Oval, Port of Spain, Trinidad",West Indies,field,India,Unknown,308,305,7,6
ODI,2005-08-17,Africa XI,Asia XI,SuperSport Park,Asia XI,field,Africa XI,Unknown,198,196,10,10
ODI,2006-10-13,Bangladesh,Zimbabwe,Sawai Mansingh Stadium,Zimbabwe,field,Bangladesh,Unknown,231,130,6,10
ODI,2003-09-18,Bangladesh,Pakistan,Rawalpindi Cricket Stadium,Bangladesh,bat,Pakistan,Unknown,222,226,8,5
ODI,2010-03-04,West Indies,Zimbabwe,Providence Stadium,Zimbabwe,bat,Zimbabwe,Unknown,252,254,9,5
ODI,2006-12-07,Pakistan,West Indies,Iqbal Stadium,Pakistan,field,Pakistan,Unknown,154,151,8,10
ODI,2004-01-14,Zimbabwe,India,Bellerive Oval,Zimbabwe,bat,India,Unknown,208,211,6,3
ODI,2017-05-24,England,South Africa,Headingley,South Africa,field,England,Unknown,339,267,6,10
ODI,2025-02-08,New Zealand,Pakistan,"Gaddafi Stadium, Lahore",New Zealand,bat,New Zealand,Unknown,330,252,6,9
ODI,2003-11-23,West Indies,Zimbabwe,"Queens Sports Club, Bulawayo",West Indies,bat,Zimbabwe,Unknown,125,128,10,4
ODI,2024-11-05,Netherlands,Oman,Al Amerat Cricket Ground Oman Cricket (Ministry Turf 1),Oman,field,Oman,Unknown,132,133,10,2
ODI,2026-01-27,England,Sri Lanka,"R Premadasa Stadium, Colombo",England,bat,England,Unknown,357,304,3,10
ODI,2007-03-15,Bermuda,Sri Lanka,"Queen's Park Oval, Port of Spain",Sri Lanka,bat,Sri Lanka,Unknown,78,321,10,6
ODI,2023-03-10,Papua New Guinea,United Arab Emirates,"Tribhuvan University International Cricket Ground, Kirtipur",United Arab Emirates,field,Papua New Guinea,Unknown,246,190,9,10
ODI,2010-08-19,Sri Lanka,New Zealand,Rangiri Dambulla International Stadium,New Zealand,field,no result,no result,203,0,3,0
ODI,2012-07-07,West Indies,New Zealand,"Sabina Park, Kingston",New Zealand,field,West Indies,Unknown,315,260,5,10
ODI,2003-07-01,England,Zimbabwe,"Headingley, Leeds",Zimbabwe,field,no result,no result,81,0,4,0
ODI,2005-01-30,South Africa,England,The Wanderers Stadium,England,field,England,Unknown,175,103,9,3
ODI,2010-05-22,West Indies,South Africa,"Sir Vivian Richards Stadium, North Sound",West Indies,field,South Africa,Unknown,215,280,10,7
ODI,2005-10-07,Australia,ICC World XI,Docklands Stadium,Australia,bat,Australia,Unknown,328,273,4,10
ODI,2003-02-28,Zimbabwe,Netherlands,"Queens Sports Club, Bulawayo",Netherlands,field,Zimbabwe,Unknown,301,202,8,9
ODI,2012-03-08,Australia,Sri Lanka,Adelaide Oval,Sri Lanka,field,Australia,Unknown,231,215,10,10
ODI,2014-10-24,New Zealand,South Africa,Bay Oval,New Zealand,field,South Africa,Unknown,210,282,10,9
ODI,2010-05-24,West Indies,South Africa,"Sir Vivian Richards Stadium, North Sound",South Africa,bat,South Africa,Unknown,283,300,10,5
ODI,2013-08-31,Zimbabwe,Pakistan,Harare Sports Club,Zimbabwe,field,Pakistan,Unknown,152,260,10,6
ODI,2015-03-12,South Africa,United Arab Emirates,Westpac Stadium,United Arab Emirates,field,South Africa,Unknown,341,195,6,9
ODI,2013-10-31,Bangladesh,New Zealand,Shere Bangla National Stadium,Bangladesh,bat,Bangladesh,Unknown,247,207,10,10
ODI,2008-06-29,West Indies,Australia,"National Cricket Stadium, St George's",Australia,field,Australia,Unknown,223,227,10,3
ODI,2018-08-30,United Arab Emirates,Nepal,Kinrara Academy Oval,Nepal,field,United Arab Emirates,Unknown,254,176,9,10
ODI,2018-03-21,West Indies,Scotland,Harare Sports Club,Scotland,field,West Indies,Unknown,198,125,10,5
ODI,2003-01-11,Australia,England,"Bellerive Oval, Hobart",Australia,bat,Australia,Unknown,271,264,4,7
ODI,2021-09-07,Papua New Guinea,Nepal,Al Amerat Cricket Ground Oman Cricket (Ministry Turf 1),Papua New Guinea,bat,Nepal,Unknown,134,135,10,8
ODI,2008-11-26,India,England,Barabati Stadium,India,field,India,Unknown,273,270,4,4
ODI,2009-09-22,South Africa,Sri Lanka,SuperSport Park,South Africa,field,Sri Lanka,Unknown,206,319,7,8
ODI,2019-07-09,India,New Zealand,Old Trafford,New Zealand,bat,New Zealand,Unknown,221,239,10,8
ODI,2019-06-15,Australia,Sri Lanka,Kennington Oval,Sri Lanka,field,Australia,Unknown,334,247,7,10
ODI,2005-02-11,South Africa,England,Kingsmead,South Africa,bat,no result,no result,211,7,10,2
ODI,2023-03-16,United Arab Emirates,Nepal,"Tribhuvan University International Cricket Ground, Kirtipur",United Arab Emirates,bat,Nepal,Unknown,310,269,6,6
ODI,2025-03-02,India,New Zealand,Dubai International Cricket Stadium,New Zealand,field,India,Unknown,249,205,9,10
ODI,2021-04-02,South Africa,Pakistan,"SuperSport Park, Centurion",Pakistan,field,Pakistan,Unknown,273,274,6,7
ODI,2009-08-09,Sri Lanka,Pakistan,R Premadasa Stadium,Pakistan,bat,Pakistan,Unknown,147,279,10,8
ODI,2012-06-23,Ireland,Australia,"Civil Service Cricket Club, Stormont",Australia,field,no result,no result,36,0,3,0
ODI,2013-05-05,Zimbabwe,Bangladesh,Queens Sports Club,Zimbabwe,field,Zimbabwe,Unknown,253,252,4,9
ODI,2005-05-08,West Indies,South Africa,"Sabina Park, Kingston",South Africa,field,South Africa,Unknown,152,124,7,2
ODI,2021-05-23,Bangladesh,Sri Lanka,"Shere Bangla National Stadium, Mirpur",Bangladesh,bat,Bangladesh,Unknown,257,224,6,10
ODI,2023-03-21,Zimbabwe,Netherlands,Harare Sports Club,Netherlands,field,Netherlands,Unknown,249,255,10,7
ODI,2009-03-11,New Zealand,India,Seddon Park,New Zealand,bat,India,Unknown,270,201,5,0
ODI,2025-06-08,Scotland,Nepal,"Forthill, Dundee",Scotland,bat,Scotland,Unknown,323,321,6,10
ODI,2024-09-22,Nepal,Canada,"Maple Leaf North-West Ground, King City",Nepal,bat,Canada,Unknown,181,186,10,5
ODI,2005-11-06,India,Sri Lanka,"Sardar Patel (Gujarat) Stadium, Motera",Sri Lanka,field,Sri Lanka,Unknown,285,286,8,5
ODI,2015-10-22,India,South Africa,"MA Chidambaram Stadium, Chepauk",India,bat,India,Unknown,299,264,8,9
ODI,2025-03-04,Australia,India,Dubai International Cricket Stadium,Australia,bat,India,Unknown,264,267,10,6
ODI,2013-07-26,Zimbabwe,India,Harare Sports Club,Zimbabwe,field,India,Unknown,236,294,9,8
ODI,2018-03-04,United Arab Emirates,Papua New Guinea,Harare Sports Club,Papua New Guinea,field,United Arab Emirates,Unknown,221,113,10,10
ODI,2014-01-25,New Zealand,India,Eden Park,India,field,tie,tie,314,314,10,9
ODI,2008-08-12,Scotland,Kenya,Cambusdoon New Ground,Scotland,field,no result,no result,31,141,1,8
ODI,2016-10-29,India,New Zealand,Dr. Y.S. Rajasekhara Reddy ACA-VDCA Cricket Stadium,India,bat,India,Unknown,269,79,6,10
ODI,2019-07-04,Ireland,Zimbabwe,"Civil Service Cricket Club, Stormont",Zimbabwe,field,Ireland,Unknown,242,237,9,9
ODI,2003-01-08,New Zealand,India,"Westpac Stadium, Wellington",New Zealand,bat,India,Unknown,168,169,10,8
ODI,2017-06-25,West Indies,India,"Queen's Park Oval, Port of Spain",West Indies,field,India,Unknown,205,310,6,5
ODI,2009-10-02,Australia,England,SuperSport Park,England,bat,Australia,Unknown,258,257,1,10
ODI,2023-06-27,Sri Lanka,Scotland,"Queens Sports Club, Bulawayo",Scotland,field,Sri Lanka,Unknown,245,163,10,10
ODI,2008-06-27,West Indies,Australia,"National Cricket Stadium, St George's",Australia,bat,Australia,Unknown,140,213,8,5
ODI,2022-01-23,South Africa,India,"Newlands, Cape Town",India,field,South Africa,Unknown,287,283,10,10
ODI,2009-09-06,England,Australia,Lord's,England,field,Australia,Unknown,210,249,10,8
ODI,2025-01-11,Sri Lanka,New Zealand,"Eden Park, Auckland",Sri Lanka,bat,Sri Lanka,Unknown,290,150,8,10
ODI,2006-12-28,New Zealand,Sri Lanka,McLean Park,New Zealand,bat,Sri Lanka,Unknown,285,289,8,3
ODI,2012-06-29,England,Australia,Lord's,Australia,field,England,Unknown,272,257,5,9
ODI,2023-10-13,Bangladesh,New Zealand,"MA Chidambaram Stadium, Chepauk, Chennai",New Zealand,field,New Zealand,Unknown,245,248,9,3
ODI,2004-11-02,New Zealand,Bangladesh,MA Aziz Stadium,New Zealand,bat,New Zealand,Unknown,224,86,10,10
ODI,2011-01-21,South Africa,India,St George's Park,South Africa,bat,South Africa,Unknown,265,142,7,6
ODI,2004-09-10,England,Zimbabwe,Edgbaston,Zimbabwe,field,England,Unknown,299,147,7,10
ODI,2020-08-01,Ireland,England,The Rose Bowl,Ireland,bat,England,Unknown,212,216,9,6
ODI,2008-02-03,South Africa,West Indies,New Wanderers Stadium,South Africa,field,South Africa,Unknown,211,295,2,7
ODI,2022-04-02,Australia,Pakistan,"Gaddafi Stadium, Lahore",Pakistan,field,Pakistan,Unknown,210,214,10,1
ODI,2023-06-06,West Indies,United Arab Emirates,Sharjah Cricket Stadium,West Indies,bat,West Indies,Unknown,306,228,10,7
ODI,2018-10-20,Sri Lanka,England,Pallekele International Cricket Stadium,England,field,England,Unknown,273,132,7,2
ODI,2013-11-24,South Africa,Pakistan,Newlands,Pakistan,bat,Pakistan,Unknown,195,218,10,9
ODI,2020-02-09,Nepal,Oman,Tribhuvan University International Cricket Ground,Oman,field,Oman,Unknown,249,250,8,2
ODI,2019-05-17,England,Pakistan,Trent Bridge,England,field,England,Unknown,341,340,7,7
ODI,2023-05-03,Pakistan,New Zealand,"National Stadium, Karachi",New Zealand,field,Pakistan,Unknown,287,261,6,10
ODI,2014-09-02,Australia,South Africa,Harare Sports Club,South Africa,field,Australia,Unknown,282,220,7,10
ODI,2014-11-16,Australia,South Africa,Western Australia Cricket Association Ground,Australia,bat,South Africa,Unknown,154,157,10,7
ODI,2011-09-06,England,India,The Rose Bowl,England,field,England,Unknown,188,187,3,8
ODI,2005-11-04,South Africa,New Zealand,Kingsmead,South Africa,bat,no result,no result,79,0,2,0
ODI,2016-10-09,Bangladesh,England,Shere Bangla National Stadium,England,field,Bangladesh,Unknown,238,204,8,10
ODI,2018-11-07,New Zealand,Pakistan,Sheikh Zayed Stadium,New Zealand,bat,New Zealand,Unknown,266,219,9,10
ODI,2007-02-04,Bermuda,Netherlands,Ruaraka Sports Club Ground,Netherlands,field,Netherlands,Unknown,194,198,10,2
ODI,2023-10-09,New Zealand,Netherlands,"Rajiv Gandhi International Stadium, Uppal, Hyderabad",Netherlands,field,New Zealand,Unknown,322,223,7,10
ODI,2026-05-30,Australia,Pakistan,Rawalpindi Cricket Stadium,Pakistan,field,Pakistan,Unknown,200,202,10,5
ODI,2019-12-12,United Arab Emirates,United States of America,ICC Academy,United Arab Emirates,field,United States of America,Unknown,115,213,10,10
ODI,2025-08-08,West Indies,Pakistan,"Brian Lara Stadium, Tarouba, Trinidad",Pakistan,field,Pakistan,Unknown,280,284,10,5
ODI,2009-04-13,South Africa,Australia,St George's Park,Australia,field,South Africa,Unknown,317,256,6,10
ODI,2024-09-16,Canada,Nepal,"Maple Leaf North-West Ground, King City",Nepal,field,Canada,Unknown,253,150,8,10
ODI,2024-09-24,Australia,England,"Riverside Ground, Chester-le-Street",England,field,England,Unknown,304,254,7,4
ODI,2007-04-11,Bangladesh,England,"Kensington Oval, Bridgetown",England,field,England,Unknown,143,147,10,6
ODI,2025-10-30,Nepal,United Arab Emirates,"ICC Academy, Dubai",Nepal,bat,United Arab Emirates,Unknown,233,237,10,6
ODI,2014-05-22,England,Sri Lanka,Kennington Oval,Sri Lanka,field,England,Unknown,247,144,6,10
ODI,2022-12-08,Nepal,Scotland,"United Cricket Club Ground, Windhoek",Nepal,bat,Scotland,Unknown,119,121,10,2
ODI,2011-01-23,Australia,England,Sydney Cricket Ground,England,bat,Australia,Unknown,215,214,6,10
ODI,2017-07-02,Sri Lanka,Zimbabwe,Galle International Stadium,Sri Lanka,field,Sri Lanka,Unknown,158,155,3,10
ODI,2024-02-10,Canada,Nepal,"Tribhuvan University International Cricket Ground, Kirtipur",Canada,bat,Nepal,Unknown,285,287,9,6
ODI,2016-06-11,Zimbabwe,India,Harare Sports Club,India,field,India,Unknown,168,173,10,1
ODI,2020-01-19,India,Australia,M.Chinnaswamy Stadium,Australia,bat,India,Unknown,289,286,3,9
ODI,2011-03-04,New Zealand,Zimbabwe,"Sardar Patel Stadium, Motera",Zimbabwe,bat,New Zealand,Unknown,166,162,0,10
ODI,2016-12-29,New Zealand,Bangladesh,Saxton Oval,Bangladesh,field,New Zealand,Unknown,251,184,10,10
ODI,2007-02-04,South Africa,Pakistan,SuperSport Park,Pakistan,field,South Africa,Unknown,392,228,6,10
ODI,2011-03-02,England,Ireland,M Chinnaswamy Stadium,England,bat,Ireland,Unknown,327,329,8,7
ODI,2019-05-31,Pakistan,West Indies,Trent Bridge,West Indies,field,West Indies,Unknown,105,108,10,3
ODI,2014-03-04,Bangladesh,Pakistan,Shere Bangla National Stadium,Bangladesh,bat,Pakistan,Unknown,326,329,3,7
ODI,2021-07-20,Zimbabwe,Bangladesh,Harare Sports Club,Bangladesh,field,Bangladesh,Unknown,298,302,10,5
ODI,2022-04-16,Oman,Papua New Guinea,Dubai International Cricket Stadium,Oman,bat,Oman,Unknown,277,192,8,10
ODI,2022-07-13,Scotland,Nepal,"Titwood, Glasgow",Nepal,field,Nepal,Unknown,144,146,10,5
ODI,2020-01-17,India,Australia,Saurashtra Cricket Association Stadium,Australia,field,India,Unknown,340,304,6,10
ODI,2011-01-12,South Africa,India,Kingsmead,South Africa,bat,South Africa,Unknown,289,154,9,10
ODI,2007-11-08,India,Pakistan,"Punjab Cricket Association Stadium, Mohali",India,bat,Pakistan,Unknown,321,322,9,6
ODI,2011-02-05,New Zealand,Pakistan,Eden Park,Pakistan,field,New Zealand,Unknown,311,254,7,10
ODI,2007-04-02,Bangladesh,New Zealand,"Sir Vivian Richards Stadium, North Sound",New Zealand,field,New Zealand,Unknown,174,178,10,1
ODI,2005-07-02,Australia,England,Lord's,England,field,tie,tie,196,196,10,9
ODI,2009-10-31,Bangladesh,Zimbabwe,Shere Bangla National Stadium,Bangladesh,field,Bangladesh,Unknown,198,196,6,10
ODI,2006-02-12,Australia,Sri Lanka,Sydney Cricket Ground,Australia,bat,Australia,Unknown,368,201,5,10
ODI,2016-06-13,West Indies,Australia,"Warner Park, Basseterre",West Indies,field,West Indies,Unknown,266,265,6,7
ODI,2006-10-24,South Africa,Sri Lanka,"Sardar Patel Stadium, Motera",Sri Lanka,field,South Africa,Unknown,219,141,9,10
ODI,2021-09-13,United States of America,Nepal,Al Amerat Cricket Ground Oman Cricket (Ministry Turf 1),United States of America,bat,Nepal,Unknown,230,231,9,5
ODI,2015-11-09,Bangladesh,Zimbabwe,Shere Bangla National Stadium,Zimbabwe,field,Bangladesh,Unknown,241,183,9,10
ODI,2023-10-17,Netherlands,South Africa,"Himachal Pradesh Cricket Association Stadium, Dharamsala",South Africa,field,Netherlands,Unknown,245,207,8,10
ODI,2018-10-29,India,West Indies,Brabourne Stadium,India,bat,India,Unknown,377,153,5,10
ODI,2015-03-26,Australia,India,Sydney Cricket Ground,Australia,bat,Australia,Unknown,328,233,7,10
ODI,2009-04-05,South Africa,Australia,SuperSport Park,Australia,bat,South Africa,Unknown,132,131,3,10
ODI,2009-10-29,Bangladesh,Zimbabwe,Shere Bangla National Stadium,Zimbabwe,bat,Bangladesh,Unknown,221,219,3,10
ODI,2016-10-09,South Africa,Australia,St George's Park,Australia,bat,South Africa,Unknown,168,167,4,10
ODI,2012-02-20,Kenya,Ireland,Mombasa Sports Club Ground,Ireland,bat,Ireland,Unknown,120,237,10,9
ODI,2008-11-22,Zimbabwe,Sri Lanka,Harare Sports Club,Zimbabwe,bat,Sri Lanka,Unknown,67,68,10,1
ODI,2022-06-09,Oman,Nepal,"Moosa Cricket Stadium, Pearland",Oman,bat,Oman,Unknown,211,198,8,10
ODI,2024-09-19,England,Australia,"Trent Bridge, Nottingham",England,bat,Australia,Unknown,315,317,10,3
ODI,2006-12-16,Pakistan,West Indies,National Stadium,Pakistan,field,Pakistan,Unknown,239,238,3,7
ODI,2023-10-08,Australia,India,"MA Chidambaram Stadium, Chepauk, Chennai",Australia,bat,India,Unknown,199,201,10,4
ODI,2019-01-26,New Zealand,India,Bay Oval,India,bat,India,Unknown,234,324,10,4
ODI,2018-02-28,New Zealand,England,Bay Oval,England,field,England,Unknown,223,225,10,4
ODI,2014-11-23,Bangladesh,Zimbabwe,Zahur Ahmed Chowdhury Stadium,Bangladesh,bat,Bangladesh,Unknown,251,183,7,10
ODI,2006-02-10,Australia,Sri Lanka,Adelaide Oval,Sri Lanka,bat,Sri Lanka,Unknown,252,274,10,8
ODI,2022-12-01,Namibia,Scotland,"United Cricket Club Ground, Windhoek",Scotland,field,Scotland,Unknown,211,213,9,6
ODI,2004-09-05,India,England,Lord's,India,bat,India,Unknown,204,181,10,10
ODI,2011-03-10,Sri Lanka,Zimbabwe,Pallekele International Cricket Stadium,Zimbabwe,field,Sri Lanka,Unknown,327,188,6,10
ODI,2019-06-05,India,South Africa,The Rose Bowl,South Africa,bat,India,Unknown,230,227,4,9
ODI,2014-09-02,England,India,Edgbaston,India,field,India,Unknown,206,212,10,1
ODI,2016-08-28,Sri Lanka,Australia,Rangiri Dambulla International Stadium,Sri Lanka,bat,Australia,Unknown,226,227,10,8
ODI,2026-07-19,West Indies,New Zealand,"Kensington Oval, Bridgetown, Barbados",New Zealand,field,New Zealand,Unknown,188,189,10,9
ODI,2012-08-04,Sri Lanka,India,Pallekele International Cricket Stadium,India,bat,India,Unknown,274,294,10,7
ODI,2009-01-21,Pakistan,Sri Lanka,National Stadium,Pakistan,field,Sri Lanka,Unknown,161,290,10,8
ODI,2009-04-24,Australia,Pakistan,Dubai Sports City Cricket Stadium,Pakistan,bat,Australia,Unknown,208,207,4,10
ODI,2024-08-21,Netherlands,United States of America,"Hazelaarweg, Rotterdam",United States of America,field,Netherlands,Unknown,206,179,10,10
ODI,2024-07-24,Namibia,Oman,"Forthill, Dundee",Oman,field,Oman,Unknown,196,197,9,6
ODI,2007-04-09,Ireland,New Zealand,Providence Stadium,New Zealand,bat,New Zealand,Unknown,134,263,10,8
ODI,2008-06-24,Pakistan,Hong Kong,National Stadium,Pakistan,bat,Pakistan,Unknown,288,133,9,10
ODI,2014-12-10,Sri Lanka,England,Pallekele International Cricket Stadium,England,field,England,Unknown,239,240,10,5
ODI,2007-11-30,Zimbabwe,West Indies,Harare Sports Club,West Indies,field,Zimbabwe,Unknown,274,244,8,8
ODI,2022-03-09,Oman,United Arab Emirates,"ICC Academy, Dubai",Oman,bat,Oman,Unknown,221,213,7,10
ODI,2011-10-28,South Africa,Australia,Kingsmead,South Africa,bat,Australia,Unknown,222,227,6,7
ODI,2008-02-02,Pakistan,Zimbabwe,Sheikhupura Stadium,Zimbabwe,bat,Pakistan,Unknown,187,181,3,10
ODI,2015-08-19,South Africa,New Zealand,SuperSport Park,New Zealand,field,South Africa,Unknown,304,284,7,10
ODI,2016-01-31,New Zealand,Pakistan,Eden Park,Pakistan,bat,New Zealand,Unknown,265,290,7,10
ODI,2016-01-12,Australia,India,Western Australia Cricket Association Ground,India,bat,Australia,Unknown,310,309,5,3
ODI,2025-05-17,United States of America,Canada,"Central Broward Regional Park Stadium Turf Ground, Lauderhill",United States of America,bat,United States of America,Unknown,361,192,3,10
ODI,2023-06-26,West Indies,Netherlands,"Takashinga Sports Club, Highfield, Harare",Netherlands,field,tie,tie,382,404,8,9
ODI,2025-09-04,Scotland,Namibia,"Maple Leaf North-West Ground, King City",Scotland,bat,Scotland,Unknown,164,109,10,10
ODI,2017-03-09,West Indies,England,"Kensington Oval, Bridgetown",West Indies,field,England,Unknown,142,328,10,10
ODI,2003-10-23,India,New Zealand,"MA Chidambaram Stadium, Chepauk, Chennai",India,bat,no result,no result,141,0,3,0
ODI,2022-06-15,United States of America,Nepal,"Moosa Cricket Stadium, Pearland",Nepal,field,United States of America,Unknown,245,206,7,10
ODI,2005-10-25,India,Sri Lanka,Vidarbha C.A. Ground,India,bat,India,Unknown,350,198,6,10
ODI,2015-02-21,Pakistan,West Indies,Hagley Oval,Pakistan,field,West Indies,Unknown,160,310,10,7
ODI,2023-06-24,Nepal,Netherlands,"Takashinga Sports Club, Highfield, Harare",Netherlands,field,Netherlands,Unknown,167,168,10,3
ODI,2017-06-18,India,Pakistan,Kennington Oval,India,field,Pakistan,Unknown,158,338,10,4
ODI,2004-04-27,Sri Lanka,Zimbabwe,Harare Sports Club,Zimbabwe,field,Sri Lanka,Unknown,223,151,9,10
ODI,2003-01-13,Sri Lanka,England,Sydney Cricket Ground,Sri Lanka,bat,Sri Lanka,Unknown,284,253,7,10
ODI,2017-12-26,New Zealand,West Indies,Hagley Oval,New Zealand,bat,New Zealand,Unknown,131,99,4,9
ODI,2013-02-23,New Zealand,England,Eden Park,England,field,England,Unknown,185,186,10,5
ODI,2007-03-16,Netherlands,South Africa,"Warner Park, Basseterre",Netherlands,field,South Africa,Unknown,132,353,9,3
ODI,2007-10-23,Pakistan,South Africa,Iqbal Stadium,South Africa,bat,Pakistan,Unknown,202,197,4,10
ODI,2017-05-05,England,Ireland,County Ground,Ireland,bat,England,Unknown,127,126,3,10
ODI,2008-06-30,Bangladesh,Sri Lanka,National Stadium,Sri Lanka,bat,Sri Lanka,Unknown,174,332,10,8
ODI,2013-07-28,Zimbabwe,India,Harare Sports Club,India,field,India,Unknown,183,187,10,3
ODI,2006-09-08,England,Pakistan,Trent Bridge,Pakistan,bat,England,Unknown,237,235,2,8
ODI,2025-03-13,Namibia,Netherlands,"Wanderers Cricket Ground, Windhoek",Namibia,bat,Netherlands,Unknown,148,149,10,3
ODI,2006-04-15,India,England,Maharani Usharaje Trust Cricket Ground,India,field,India,Unknown,289,288,3,10
ODI,2023-03-27,United Arab Emirates,Papua New Guinea,"Wanderers Cricket Ground, Windhoek",Papua New Guinea,field,United Arab Emirates,Unknown,260,239,7,10
ODI,2007-10-02,India,Australia,Nehru Stadium,India,field,Australia,Unknown,222,306,10,6
ODI,2017-06-30,Sri Lanka,Zimbabwe,Galle International Stadium,Sri Lanka,bat,Zimbabwe,Unknown,316,322,5,4
ODI,2021-07-22,Australia,West Indies,"Kensington Oval, Bridgetown, Barbados",Australia,bat,West Indies,Unknown,187,191,10,6
ODI,2003-11-03,New Zealand,Australia,"Nehru Stadium, Poona",Australia,field,Australia,Unknown,258,259,9,8
ODI,2026-05-14,Scotland,United States of America,"Tribhuvan University International Cricket Ground, Kirtipur",United States of America,field,Scotland,Unknown,321,246,6,8
ODI,2004-06-29,England,New Zealand,Riverside Ground,New Zealand,field,New Zealand,Unknown,101,103,10,3
ODI,2023-09-04,Nepal,India,Pallekele International Cricket Stadium,India,field,India,Unknown,230,147,10,0
ODI,2022-11-20,United States of America,Namibia,"Wanderers Cricket Ground, Windhoek",Namibia,field,United States of America,Unknown,244,173,8,10
ODI,2025-07-05,Bangladesh,Sri Lanka,"R Premadasa Stadium, Colombo",Bangladesh,bat,Bangladesh,Unknown,248,232,10,10
ODI,2009-07-03,West Indies,India,"Beausejour Stadium, Gros Islet",India,field,India,Unknown,186,159,7,4
ODI,2009-01-16,Australia,South Africa,Melbourne Cricket Ground,Australia,bat,South Africa,Unknown,271,272,8,7
ODI,2015-01-18,Australia,India,Melbourne Cricket Ground,India,bat,Australia,Unknown,269,267,6,8
ODI,2011-01-26,New Zealand,Pakistan,Queenstown Events Centre,New Zealand,field,no result,no result,0,31,0,0
ODI,2003-06-22,Pakistan,England,"Lord's, London",England,field,England,Unknown,229,231,7,6
ODI,2013-05-31,England,New Zealand,Lord's,New Zealand,field,New Zealand,Unknown,227,231,9,5
ODI,2022-11-18,United Arab Emirates,Nepal,"Tribhuvan University International Cricket Ground, Kirtipur",Nepal,field,Nepal,Unknown,176,180,9,4
ODI,2025-05-16,Scotland,Netherlands,"Sportpark Maarschalkerweerd, Utrecht",Netherlands,field,Scotland,Unknown,380,235,9,10
ODI,2003-11-29,West Indies,Zimbabwe,Harare Sports Club,Zimbabwe,field,West Indies,Unknown,256,150,3,7
ODI,2013-11-27,India,West Indies,Green Park,India,field,India,Unknown,266,263,5,5
ODI,2023-01-29,England,South Africa,"Mangaung Oval, Bloemfontein",South Africa,field,South Africa,Unknown,342,347,7,5
ODI,2008-09-03,Australia,Bangladesh,Marrara Cricket Ground,Bangladesh,bat,Australia,Unknown,118,117,2,10
ODI,2023-07-06,United Arab Emirates,United States of America,"Takashinga Sports Club, Highfield, Harare",United Arab Emirates,bat,United Arab Emirates,Unknown,308,307,4,9
ODI,2019-05-07,Bangladesh,West Indies,Castle Avenue,West Indies,bat,Bangladesh,Unknown,264,261,2,9
ODI,2016-09-08,Scotland,Hong Kong,"Grange Cricket Club Ground, Raeburn Place",Hong Kong,field,no result,no result,153,136,6,4
ODI,2015-03-06,India,West Indies,Western Australia Cricket Association Ground,West Indies,bat,India,Unknown,185,182,6,10
ODI,2004-05-16,West Indies,Bangladesh,Arnos Vale Ground,Bangladesh,field,West Indies,Unknown,124,101,7,8
ODI,2010-01-29,Australia,Pakistan,Western Australia Cricket Association Ground,Australia,bat,Australia,Unknown,277,142,8,10
ODI,2011-10-14,India,England,"Rajiv Gandhi International Stadium, Uppal",India,bat,India,Unknown,300,174,7,10
ODI,2007-01-21,Australia,New Zealand,Sydney Cricket Ground,New Zealand,bat,Australia,Unknown,224,218,8,10
ODI,2007-08-26,Zimbabwe,South Africa,Harare Sports Club,South Africa,bat,South Africa,Unknown,295,323,7,9
ODI,2023-01-21,Ireland,Zimbabwe,Harare Sports Club,Zimbabwe,field,Ireland,Unknown,294,248,7,10
ODI,2004-08-01,Sri Lanka,India,R.Premadasa Stadium,Sri Lanka,bat,Sri Lanka,Unknown,228,203,9,9
ODI,2017-02-01,South Africa,Sri Lanka,Kingsmead,Sri Lanka,field,South Africa,Unknown,307,186,6,10
ODI,2006-02-25,New Zealand,West Indies,Jade Stadium,New Zealand,bat,New Zealand,Unknown,276,255,6,10
ODI,2014-02-26,Bangladesh,India,Khan Shaheb Osman Ali Stadium,India,field,India,Unknown,279,280,7,4
ODI,2017-06-04,India,Pakistan,Edgbaston,Pakistan,field,India,Unknown,319,164,3,9
ODI,2025-10-26,United States of America,Nepal,Dubai International Cricket Stadium,Nepal,field,United States of America,Unknown,262,156,6,10
ODI,2023-06-09,United Arab Emirates,West Indies,Sharjah Cricket Stadium,United Arab Emirates,bat,West Indies,Unknown,184,185,10,6
ODI,2023-09-02,India,Pakistan,Pallekele International Cricket Stadium,India,bat,no result,no result,266,0,10,0
ODI,2012-02-29,New Zealand,South Africa,McLean Park,South Africa,field,South Africa,Unknown,230,231,10,4
ODI,2016-12-04,Australia,New Zealand,Sydney Cricket Ground,Australia,bat,Australia,Unknown,324,256,8,10
ODI,2022-11-14,United Arab Emirates,Nepal,"Tribhuvan University International Cricket Ground, Kirtipur",Nepal,field,United Arab Emirates,Unknown,263,179,7,9
ODI,2022-09-15,Namibia,United States of America,"Amini Park, Port Moresby",Namibia,bat,Namibia,Unknown,176,97,10,10
ODI,2019-07-26,Sri Lanka,Bangladesh,"R.Premadasa Stadium, Khettarama",Sri Lanka,bat,Sri Lanka,Unknown,314,223,8,10
ODI,2006-10-10,Sri Lanka,Zimbabwe,"Sardar Patel Stadium, Motera",Sri Lanka,bat,Sri Lanka,Unknown,285,141,7,10
ODI,2014-10-11,India,West Indies,Feroz Shah Kotla,India,bat,India,Unknown,263,215,7,10
ODI,2026-08-11,United Arab Emirates,Canada,"Forthill, Dundee",Canada,field,United Arab Emirates,Unknown,282,185,6,10
ODI,2025-10-23,India,Australia,Adelaide Oval,Australia,field,Australia,Unknown,264,265,9,8
ODI,2006-01-17,South Africa,Sri Lanka,"Brisbane Cricket Ground, Woolloongabba",South Africa,field,Sri Lanka,Unknown,188,282,10,6
ODI,2007-02-04,Kenya,Scotland,Gymkhana Club Ground,Scotland,bat,Scotland,Unknown,177,254,10,8
ODI,2011-09-14,Zimbabwe,Pakistan,Harare Sports Club,Zimbabwe,field,Pakistan,Unknown,242,270,9,5
ODI,2006-02-26,South Africa,Australia,SuperSport Park,Australia,bat,South Africa,Unknown,207,229,4,8
ODI,2026-05-18,Scotland,Nepal,"Tribhuvan University International Cricket Ground, Kirtipur",Scotland,bat,Nepal,Unknown,194,199,10,4
ODI,2013-02-08,Australia,West Indies,Sydney Cricket Ground,West Indies,bat,Australia,Unknown,221,220,5,10
ODI,2026-07-21,New Zealand,West Indies,"Kensington Oval, Bridgetown, Barbados",West Indies,field,West Indies,Unknown,268,269,9,8
ODI,2016-10-26,India,New Zealand,JSCA International Stadium Complex,New Zealand,bat,New Zealand,Unknown,241,260,10,7
ODI,2019-06-02,Bangladesh,South Africa,Kennington Oval,South Africa,field,Bangladesh,Unknown,330,309,6,8
ODI,2026-07-11,Zimbabwe,Bangladesh,Harare Sports Club,Bangladesh,field,Bangladesh,Unknown,199,200,10,3
ODI,2007-10-28,Kenya,Bermuda,Gymkhana Club Ground,Bermuda,bat,Kenya,Unknown,169,167,9,10
ODI,2016-10-05,Pakistan,West Indies,Sheikh Zayed Stadium,Pakistan,bat,Pakistan,Unknown,308,172,6,10
ODI,2005-05-22,Pakistan,West Indies,"Daren Sammy National Cricket Stadium, Gros Islet",West Indies,field,Pakistan,Unknown,303,281,6,10
ODI,2017-10-29,India,New Zealand,Green Park,New Zealand,field,India,Unknown,337,331,6,7
ODI,2011-03-04,Bangladesh,West Indies,Shere Bangla National Stadium,Bangladesh,bat,West Indies,Unknown,58,59,10,1
ODI,2015-09-05,England,Australia,Lord's,England,field,Australia,Unknown,245,309,10,8
ODI,2006-01-03,New Zealand,Sri Lanka,Jade Stadium,New Zealand,field,New Zealand,Unknown,256,255,5,7
ODI,2008-06-25,Bangladesh,Sri Lanka,Gaddafi Stadium,Bangladesh,field,Sri Lanka,Unknown,226,357,7,9
ODI,2015-07-12,Zimbabwe,India,Harare Sports Club,Zimbabwe,field,India,Unknown,209,271,10,8
ODI,2020-01-06,Namibia,United Arab Emirates,Al Amerat Cricket Ground Oman Cricket (Ministry Turf 1),Namibia,field,United Arab Emirates,Unknown,214,222,8,9
ODI,2007-10-18,Pakistan,South Africa,Gaddafi Stadium,South Africa,bat,South Africa,Unknown,249,294,10,5
ODI,2010-09-10,England,Pakistan,Riverside Ground,Pakistan,field,England,Unknown,274,250,6,9
ODI,2002-06-27,England,Sri Lanka,"Trent Bridge, Nottingham",England,bat,England,Unknown,293,249,6,9
ODI,2015-03-15,United Arab Emirates,West Indies,McLean Park,West Indies,field,West Indies,Unknown,175,176,10,4
ODI,2024-02-08,Nepal,Canada,"Tribhuvan University International Cricket Ground, Kirtipur",Nepal,bat,Nepal,Unknown,224,217,10,10
ODI,2023-07-02,United Arab Emirates,Nepal,"Takashinga Sports Club, Highfield, Harare",Nepal,field,Nepal,Unknown,181,185,10,7
ODI,2003-02-15,India,Australia,"SuperSport Park, Centurion",India,bat,Australia,Unknown,125,128,10,1
ODI,2026-03-13,Pakistan,Bangladesh,"Shere Bangla National Stadium, Mirpur",Bangladesh,field,Pakistan,Unknown,274,114,10,10
ODI,2003-02-24,Kenya,Sri Lanka,"Gymkhana Club Ground, Nairobi",Sri Lanka,field,Kenya,Unknown,210,157,9,10
ODI,2006-03-10,South Africa,Australia,Kingsmead,South Africa,bat,Australia,Unknown,246,247,9,9
ODI,2010-02-05,New Zealand,Bangladesh,McLean Park,New Zealand,bat,New Zealand,Unknown,336,190,9,10
ODI,2011-06-08,West Indies,India,"Queen's Park Oval, Port of Spain",India,field,India,Unknown,240,183,9,3
ODI,2025-02-18,United States of America,Oman,Al Amerat Cricket Ground Oman Cricket (Ministry Turf 1),Oman,field,United States of America,Unknown,122,65,10,10
ODI,2023-06-18,Nepal,Zimbabwe,Harare Sports Club,Zimbabwe,field,Zimbabwe,Unknown,290,291,8,2
ODI,2015-07-19,Sri Lanka,Pakistan,R Premadasa Stadium,Pakistan,bat,Pakistan,Unknown,181,316,10,4
ODI,2015-01-26,Australia,India,Sydney Cricket Ground,Australia,field,no result,no result,0,69,0,2
ODI,2019-06-06,Australia,West Indies,Trent Bridge,West Indies,field,Australia,Unknown,288,273,10,9
ODI,2007-03-20,Kenya,New Zealand,"Beausejour Stadium, Gros Islet",Kenya,field,New Zealand,Unknown,183,331,10,7
ODI,2011-03-01,Sri Lanka,Kenya,R Premadasa Stadium,Kenya,bat,Sri Lanka,Unknown,146,142,1,10
ODI,2022-08-10,Scotland,United Arab Emirates,"Mannofield Park, Aberdeen",Scotland,bat,Scotland,Unknown,262,198,10,10
ODI,2019-01-25,South Africa,Pakistan,SuperSport Park,Pakistan,bat,South Africa,Unknown,187,317,2,6
ODI,2015-03-14,Australia,Scotland,Bellerive Oval,Australia,field,Australia,Unknown,133,130,3,10
ODI,2010-06-22,Sri Lanka,India,Rangiri Dambulla International Stadium,Sri Lanka,field,Sri Lanka,Unknown,211,209,3,10
ODI,2010-05-28,West Indies,South Africa,"Windsor Park, Roseau",South Africa,bat,South Africa,Unknown,157,224,10,10
ODI,2023-09-07,South Africa,Australia,"Mangaung Oval, Bloemfontein",Australia,field,Australia,Unknown,222,225,10,8
ODI,2011-03-15,Ireland,South Africa,Eden Gardens,Ireland,field,South Africa,Unknown,141,272,10,7
ODI,2014-12-14,New Zealand,Pakistan,Sharjah Cricket Stadium,Pakistan,bat,Pakistan,Unknown,217,364,10,7
ODI,2017-04-09,West Indies,Pakistan,Providence Stadium,West Indies,field,Pakistan,Unknown,208,282,10,5
ODI,2006-12-03,Bangladesh,Zimbabwe,Shaheed Chandu Stadium,Bangladesh,field,Bangladesh,Unknown,218,217,4,7
ODI,2019-09-19,United States of America,Papua New Guinea,Central Broward Regional Park Stadium Turf Ground,United States of America,bat,United States of America,Unknown,177,115,10,10
ODI,2025-09-07,England,South Africa,"The Rose Bowl, Southampton",South Africa,field,England,Unknown,414,72,5,9
ODI,2010-06-03,West Indies,South Africa,"Queen's Park Oval, Port of Spain",West Indies,bat,South Africa,Unknown,252,255,6,9
ODI,2017-03-05,West Indies,England,"Sir Vivian Richards Stadium, North Sound",West Indies,bat,England,Unknown,225,226,10,6
ODI,2024-02-04,Australia,West Indies,Sydney Cricket Ground,West Indies,field,Australia,Unknown,258,175,9,10
ODI,2009-09-25,England,Sri Lanka,New Wanderers Stadium,England,field,England,Unknown,213,212,4,10
ODI,2004-10-16,Sri Lanka,Pakistan,Gaddafi Stadium,Pakistan,field,Sri Lanka,Unknown,287,168,7,10
ODI,2006-02-05,Australia,South Africa,Sydney Cricket Ground,Australia,bat,Australia,Unknown,344,287,6,6
ODI,2025-10-29,England,New Zealand,"Seddon Park, Hamilton",New Zealand,field,New Zealand,Unknown,175,177,10,5
ODI,2007-03-21,Pakistan,Zimbabwe,"Sabina Park, Kingston",Zimbabwe,field,Pakistan,Unknown,349,99,10,10
ODI,2009-11-05,India,Australia,"Rajiv Gandhi International Stadium, Uppal",Australia,bat,Australia,Unknown,347,350,10,4
ODI,2016-09-27,Australia,Ireland,Willowmoore Park,Ireland,bat,Australia,Unknown,199,198,1,10
ODI,2013-07-07,Netherlands,Ireland,VRA Ground,Ireland,bat,Ireland,Unknown,148,236,10,10
ODI,2013-01-25,South Africa,New Zealand,Senwes Park,New Zealand,bat,South Africa,Unknown,264,260,9,9
ODI,2014-12-16,Sri Lanka,England,R Premadasa Stadium,Sri Lanka,bat,Sri Lanka,Unknown,302,215,6,10
ODI,2004-02-27,Australia,Sri Lanka,R.Premadasa Stadium,Australia,bat,Australia,Unknown,233,193,10,10
ODI,2024-11-04,Pakistan,Australia,Melbourne Cricket Ground,Australia,field,Australia,Unknown,203,204,10,8
ODI,2019-07-31,Sri Lanka,Bangladesh,"R.Premadasa Stadium, Khettarama",Sri Lanka,bat,Sri Lanka,Unknown,294,172,8,10
ODI,2007-11-30,South Africa,New Zealand,St George's Park,South Africa,bat,New Zealand,Unknown,209,210,9,3
ODI,2023-03-01,Bangladesh,England,"Shere Bangla National Stadium, Mirpur",Bangladesh,bat,England,Unknown,209,212,10,7
ODI,2016-06-11,Australia,South Africa,"Warner Park, Basseterre",Australia,bat,Australia,Unknown,288,252,6,10
ODI,2015-01-21,South Africa,West Indies,Buffalo Park,West Indies,bat,South Africa,Unknown,124,122,1,10
ODI,2024-09-20,Canada,Oman,"Maple Leaf North-West Ground, King City",Oman,field,Canada,Unknown,276,217,8,10
ODI,2015-03-07,Pakistan,South Africa,Eden Park,South Africa,field,Pakistan,Unknown,222,202,10,10
ODI,2025-08-22,South Africa,Australia,"Great Barrier Reef Arena, Mackay",South Africa,bat,South Africa,Unknown,277,193,10,10
ODI,2006-01-15,Australia,South Africa,"Brisbane Cricket Ground, Woolloongabba",Australia,bat,South Africa,Unknown,228,231,10,5
ODI,2010-06-05,India,Sri Lanka,Harare Sports Club,Sri Lanka,field,Sri Lanka,Unknown,268,270,9,4
ODI,2024-02-23,Namibia,Netherlands,"Tribhuvan University International Cricket Ground, Kirtipur",Netherlands,field,Namibia,Unknown,203,179,10,10
ODI,2004-07-23,Bangladesh,Sri Lanka,R.Premadasa Stadium,Bangladesh,bat,Sri Lanka,Unknown,190,191,9,0
ODI,2023-12-09,England,West Indies,"Kensington Oval, Bridgetown, Barbados",West Indies,field,West Indies,Unknown,206,191,9,6
ODI,2006-10-07,Bangladesh,Sri Lanka,"Punjab Cricket Association Stadium, Mohali",Bangladesh,field,Sri Lanka,Unknown,265,302,9,8
ODI,2015-12-26,New Zealand,Sri Lanka,Hagley Oval,Sri Lanka,bat,New Zealand,Unknown,191,188,3,10
ODI,2014-08-27,Australia,South Africa,Harare Sports Club,South Africa,field,South Africa,Unknown,327,328,7,3
ODI,2009-04-08,Canada,Scotland,Willowmoore Park,Scotland,field,Canada,Unknown,252,104,7,10
ODI,2018-10-06,Zimbabwe,South Africa,Boland Park,Zimbabwe,bat,South Africa,Unknown,228,231,10,6
ODI,2023-09-06,Bangladesh,Pakistan,"Gaddafi Stadium, Lahore",Bangladesh,bat,Pakistan,Unknown,193,194,10,3
ODI,2022-03-22,Papua New Guinea,Nepal,Dubai International Cricket Stadium,Nepal,field,Nepal,Unknown,173,174,8,3
ODI,2009-11-02,India,Australia,"Punjab Cricket Association Stadium, Mohali",India,field,Australia,Unknown,226,250,10,10
ODI,2017-07-06,West Indies,India,"Sabina Park, Kingston",West Indies,bat,India,Unknown,205,206,9,2
ODI,2006-07-01,England,Sri Lanka,Headingley,England,bat,Sri Lanka,Unknown,321,324,7,2
ODI,2011-10-15,Bangladesh,West Indies,Shere Bangla National Stadium,Bangladesh,bat,West Indies,Unknown,220,221,10,2
ODI,2015-08-04,Zimbabwe,New Zealand,Harare Sports Club,Zimbabwe,bat,New Zealand,Unknown,235,236,9,0
ODI,2018-03-17,Papua New Guinea,Hong Kong,Old Hararians,Papua New Guinea,bat,Papua New Guinea,Unknown,200,142,10,10
ODI,2007-03-28,South Africa,Sri Lanka,Providence Stadium,Sri Lanka,bat,South Africa,Unknown,212,209,9,10
ODI,2004-09-19,India,Pakistan,Edgbaston,Pakistan,field,Pakistan,Unknown,200,201,10,7
ODI,2019-08-14,West Indies,India,"Queen's Park Oval, Trinidad",West Indies,bat,India,Unknown,240,256,7,4
ODI,2011-04-23,West Indies,Pakistan,"Beausejour Stadium, Gros Islet",West Indies,bat,Pakistan,Unknown,221,222,6,2
ODI,2003-05-17,Australia,West Indies,"Sabina Park, Kingston, Jamaica",West Indies,field,Australia,Unknown,270,205,5,8
ODI,2006-04-03,India,England,"Nehru Stadium, Fatorda",India,bat,India,Unknown,294,245,6,10
ODI,2011-03-18,Ireland,Netherlands,Eden Gardens,Ireland,field,Ireland,Unknown,307,306,4,10
ODI,2018-08-05,South Africa,Sri Lanka,Pallekele International Cricket Stadium,Sri Lanka,field,South Africa,Unknown,363,285,7,10
ODI,2017-12-17,Sri Lanka,India,Dr. Y.S. Rajasekhara Reddy ACA-VDCA Cricket Stadium,India,field,India,Unknown,215,219,10,2
ODI,2015-03-20,Australia,Pakistan,Adelaide Oval,Pakistan,bat,Australia,Unknown,216,213,4,10
ODI,2023-02-17,Scotland,Nepal,"Tribhuvan University International Cricket Ground, Kirtipur",Nepal,field,Nepal,Unknown,274,275,9,7
ODI,2022-03-18,Bangladesh,South Africa,"SuperSport Park, Centurion",South Africa,field,Bangladesh,Unknown,314,276,7,10
ODI,2022-11-22,Papua New Guinea,United States of America,"Wanderers Cricket Ground, Windhoek",United States of America,field,United States of America,Unknown,149,152,10,4
ODI,2016-01-25,New Zealand,Pakistan,Basin Reserve,Pakistan,field,New Zealand,Unknown,280,210,9,10
ODI,2019-04-27,Papua New Guinea,United States of America,Affies Park,Papua New Guinea,field,Papua New Guinea,Unknown,165,164,5,10
ODI,2004-09-17,England,Sri Lanka,The Rose Bowl,Sri Lanka,field,England,Unknown,251,95,7,5
ODI,2017-10-13,Pakistan,Sri Lanka,Dubai International Cricket Stadium,Sri Lanka,field,Pakistan,Unknown,292,209,6,8
ODI,2017-06-09,Bangladesh,New Zealand,Sophia Gardens,New Zealand,bat,Bangladesh,Unknown,268,265,5,8
ODI,2019-03-13,South Africa,Sri Lanka,St George's Park,South Africa,field,South Africa,Unknown,190,189,4,10
ODI,2006-12-05,Bangladesh,Zimbabwe,Shaheed Chandu Stadium,Zimbabwe,field,Bangladesh,Unknown,220,194,10,10
ODI,2023-01-12,Sri Lanka,India,"Eden Gardens, Kolkata",Sri Lanka,bat,India,Unknown,215,219,10,6
ODI,2022-04-02,New Zealand,Netherlands,"Seddon Park, Hamilton",Netherlands,field,New Zealand,Unknown,264,146,9,10
ODI,2018-12-14,Bangladesh,West Indies,Sylhet International Cricket Stadium,Bangladesh,field,Bangladesh,Unknown,202,198,2,9
ODI,2014-05-31,England,Sri Lanka,Lord's,England,field,Sri Lanka,Unknown,293,300,8,9
ODI,2009-09-28,Australia,India,SuperSport Park,Australia,bat,no result,no result,234,0,4,0
ODI,2005-06-16,Bangladesh,England,Kennington Oval,England,field,England,Unknown,190,192,10,0
ODI,2015-03-09,Bangladesh,England,Adelaide Oval,England,field,Bangladesh,Unknown,275,260,7,10
ODI,2004-02-25,South Africa,New Zealand,Carisbrook,New Zealand,field,New Zealand,Unknown,259,264,7,4
ODI,2006-09-24,Australia,West Indies,Kinrara Academy Oval,Australia,bat,Australia,Unknown,240,113,6,10
ODI,2019-03-22,Australia,Pakistan,Sharjah Cricket Stadium,Pakistan,bat,Australia,Unknown,281,280,2,5
ODI,2004-05-15,Bangladesh,West Indies,Arnos Vale Ground,West Indies,field,West Indies,Unknown,144,145,8,9
ODI,2007-12-20,Australia,New Zealand,Bellerive Oval,New Zealand,field,Australia,Unknown,282,168,6,10
ODI,2010-07-10,England,Bangladesh,County Ground,England,field,Bangladesh,Unknown,231,236,10,7
ODI,2013-12-11,South Africa,India,SuperSport Park,South Africa,bat,no result,no result,301,0,8,0
ODI,2010-08-25,India,New Zealand,Rangiri Dambulla International Stadium,India,bat,India,Unknown,223,118,10,10
ODI,2019-05-30,England,South Africa,Kennington Oval,South Africa,field,England,Unknown,311,207,8,10
ODI,2010-10-17,South Africa,Zimbabwe,Senwes Park,Zimbabwe,bat,South Africa,Unknown,273,268,2,10
ODI,2010-07-16,Ireland,Bangladesh,"Civil Service Cricket Club, Stormont",Ireland,bat,Bangladesh,Unknown,189,191,9,4
ODI,2026-04-25,Nepal,United Arab Emirates,"Tribhuvan University International Cricket Ground, Kirtipur",United Arab Emirates,field,Nepal,Unknown,200,163,10,10
ODI,2007-10-20,Kenya,Canada,Gymkhana Club Ground,Canada,bat,Kenya,Unknown,193,189,6,10
ODI,2015-01-16,Australia,England,Sydney Cricket Ground,England,bat,Australia,Unknown,235,234,7,10
ODI,2010-10-15,South Africa,Zimbabwe,OUTsurance Oval,South Africa,bat,South Africa,Unknown,351,287,6,6
ODI,2011-11-14,Pakistan,Sri Lanka,Dubai International Cricket Stadium,Sri Lanka,bat,Sri Lanka,Unknown,210,235,10,7
ODI,2023-09-15,South Africa,Australia,"SuperSport Park, Centurion",Australia,field,South Africa,Unknown,416,252,5,10
ODI,2018-07-17,India,England,Headingley,England,field,England,Unknown,256,260,8,2
ODI,2004-09-15,West Indies,Bangladesh,The Rose Bowl,Bangladesh,field,West Indies,Unknown,269,131,3,10
ODI,2010-10-14,Bangladesh,New Zealand,Shere Bangla National Stadium,New Zealand,field,Bangladesh,Unknown,241,232,10,10
ODI,2004-07-17,Pakistan,Bangladesh,Sinhalese Sports Club,Pakistan,bat,Pakistan,Unknown,257,181,6,10
ODI,2021-07-23,India,Sri Lanka,"R Premadasa Stadium, Colombo",India,bat,Sri Lanka,Unknown,225,227,10,7
ODI,2026-07-21,Nepal,Namibia,"Sportpark Maarschalkerweerd, Utrecht",Namibia,field,Namibia,Unknown,157,159,10,2
ODI,2024-02-19,Namibia,Netherlands,"Tribhuvan University International Cricket Ground, Kirtipur",Netherlands,field,Netherlands,Unknown,123,124,10,3
ODI,2012-11-10,Sri Lanka,New Zealand,"Mahinda Rajapaksa International Cricket Stadium, Sooriyawewa",Sri Lanka,field,Sri Lanka,Unknown,131,131,3,8
ODI,2003-02-27,South Africa,Canada,"Buffalo Park, East London",Canada,field,South Africa,Unknown,254,136,8,5
ODI,2003-06-01,Australia,West Indies,"Queen's Park (New), St George's, Grenada",Australia,bat,West Indies,Unknown,247,249,8,1
ODI,2025-05-04,United Arab Emirates,Scotland,"VRA Ground, Amstelveen",Scotland,field,Scotland,Unknown,225,226,9,7
ODI,2017-02-04,South Africa,Sri Lanka,New Wanderers Stadium,South Africa,field,South Africa,Unknown,164,163,3,10
ODI,2006-02-20,Bangladesh,Sri Lanka,Shaheed Chandu Stadium,Bangladesh,bat,Sri Lanka,Unknown,118,119,10,5
ODI,2015-11-11,Bangladesh,Zimbabwe,Shere Bangla National Stadium,Bangladesh,bat,Bangladesh,Unknown,276,215,9,10
ODI,2023-06-25,Scotland,Oman,Bulawayo Athletic Club,Oman,field,Scotland,Unknown,320,244,10,9
ODI,2019-03-06,South Africa,Sri Lanka,SuperSport Park,Sri Lanka,field,South Africa,Unknown,251,138,10,10
ODI,2022-11-19,Australia,England,Sydney Cricket Ground,Australia,bat,Australia,Unknown,280,208,8,10
ODI,2009-01-14,Bangladesh,Sri Lanka,Shere Bangla National Stadium,Bangladesh,field,Bangladesh,Unknown,151,147,5,10
ODI,2018-09-19,Pakistan,India,Dubai International Cricket Stadium,Pakistan,bat,India,Unknown,162,164,10,2
ODI,2016-02-12,South Africa,England,New Wanderers Stadium,South Africa,field,South Africa,Unknown,266,262,9,10
ODI,2009-02-13,Australia,New Zealand,"Brisbane Cricket Ground, Woolloongabba",New Zealand,field,no result,no result,168,123,4,6
ODI,2015-06-09,England,New Zealand,Edgbaston,New Zealand,field,England,Unknown,408,198,9,10
ODI,2005-01-23,Pakistan,Australia,Sydney Cricket Ground,Australia,field,Australia,Unknown,163,167,10,1
ODI,2010-01-22,Australia,Pakistan,"Brisbane Cricket Ground, Woolloongabba",Pakistan,bat,Australia,Unknown,275,274,5,10
ODI,2007-04-15,Bangladesh,Ireland,"Kensington Oval, Bridgetown",Ireland,bat,Ireland,Unknown,169,243,10,7
ODI,2023-10-14,Pakistan,India,"Narendra Modi Stadium, Ahmedabad",India,field,India,Unknown,191,192,10,3
ODI,2013-03-24,South Africa,Pakistan,Willowmoore Park,Pakistan,bat,South Africa,Unknown,208,205,4,10
ODI,2015-01-12,Ireland,Scotland,Dubai International Cricket Stadium,Ireland,field,Ireland,Unknown,220,216,7,9
ODI,2012-06-16,England,West Indies,The Rose Bowl,West Indies,field,England,Unknown,288,172,6,10
ODI,2023-09-24,India,Australia,"Holkar Cricket Stadium, Indore",Australia,field,India,Unknown,399,217,5,10
ODI,2003-06-11,Sri Lanka,West Indies,"Arnos Vale Ground, Kingstown, St Vincent",West Indies,field,West Indies,Unknown,191,160,10,4
ODI,2025-05-08,United Arab Emirates,Scotland,"VRA Ground, Amstelveen",United Arab Emirates,bat,United Arab Emirates,Unknown,296,199,6,10
ODI,2003-06-29,South Africa,Zimbabwe,"St Lawrence Ground, Canterbury",Zimbabwe,field,South Africa,Unknown,272,226,5,9
ODI,2004-05-19,Bangladesh,West Indies,National Cricket Stadium,Bangladesh,bat,West Indies,Unknown,118,119,7,3
ODI,2022-01-21,Sri Lanka,Zimbabwe,Pallekele International Cricket Stadium,Sri Lanka,bat,Sri Lanka,Unknown,254,70,9,10
ODI,2004-01-20,India,Zimbabwe,Brisbane Cricket Ground,India,bat,India,Unknown,255,231,6,10
ODI,2015-02-22,India,South Africa,Melbourne Cricket Ground,India,bat,India,Unknown,307,177,7,10
ODI,2010-08-18,Ireland,Netherlands,Clontarf Cricket Club Ground,Netherlands,bat,Ireland,Unknown,129,125,1,10
ODI,2006-11-27,Bermuda,Canada,Sedgars Park,Canada,field,Canada,Unknown,235,239,8,5
ODI,2023-01-13,Pakistan,New Zealand,"National Stadium, Karachi",Pakistan,bat,New Zealand,Unknown,280,281,9,8
ODI,2012-07-01,England,Australia,Kennington Oval,Australia,bat,England,Unknown,252,251,4,7
ODI,2004-07-01,West Indies,England,Headingley,England,field,England,Unknown,159,160,10,3
ODI,2011-03-06,England,South Africa,"MA Chidambaram Stadium, Chepauk",England,bat,England,Unknown,171,165,10,10
ODI,2016-11-21,Zimbabwe,Sri Lanka,Queens Sports Club,Zimbabwe,bat,no result,no result,55,0,2,0
ODI,2004-03-24,India,Pakistan,Gaddafi Stadium,Pakistan,field,India,Unknown,293,253,7,10
ODI,2004-02-08,Australia,India,Sydney Cricket Ground,Australia,bat,Australia,Unknown,359,151,5,10
ODI,2011-04-13,Bangladesh,Australia,Shere Bangla National Stadium,Australia,bat,Australia,Unknown,295,361,6,8
ODI,2019-03-08,India,Australia,JSCA International Stadium Complex,India,field,Australia,Unknown,281,313,10,5
ODI,2014-01-28,New Zealand,India,Seddon Park,India,bat,New Zealand,Unknown,280,278,3,5
ODI,2003-07-10,Zimbabwe,South Africa,"The Rose Bowl, Southampton",Zimbabwe,bat,South Africa,Unknown,173,174,8,3
ODI,2007-01-12,Australia,England,Melbourne Cricket Ground,England,bat,Australia,Unknown,246,242,2,8
ODI,2013-06-19,England,South Africa,Kennington Oval,England,field,England,Unknown,179,175,3,10
ODI,2011-04-02,India,Sri Lanka,Wankhede Stadium,Sri Lanka,bat,India,Unknown,277,274,4,6
ODI,2024-02-25,Nepal,Netherlands,"Tribhuvan University International Cricket Ground, Kirtipur",Netherlands,field,Netherlands,Unknown,172,173,10,2
ODI,2019-03-10,South Africa,Sri Lanka,Kingsmead,Sri Lanka,field,South Africa,Unknown,331,121,5,5
ODI,2013-05-26,Ireland,Pakistan,Clontarf Cricket Club Ground,Pakistan,field,Pakistan,Unknown,229,230,9,8
ODI,2023-06-21,United Arab Emirates,Oman,Bulawayo Athletic Club,Oman,field,Oman,Unknown,227,228,8,5
ODI,2008-08-22,England,South Africa,Headingley,England,bat,England,Unknown,275,255,4,10
ODI,2004-09-14,Zimbabwe,Sri Lanka,Kennington Oval,Sri Lanka,field,Sri Lanka,Unknown,191,195,10,6
ODI,2022-09-13,Papua New Guinea,United States of America,"Amini Park, Port Moresby",United States of America,field,Papua New Guinea,Unknown,211,185,9,10
ODI,2010-03-03,New Zealand,Australia,McLean Park,Australia,bat,New Zealand,Unknown,281,275,8,8
ODI,2015-09-11,England,Australia,Headingley,Australia,bat,England,Unknown,304,299,7,7
ODI,2006-10-18,Australia,West Indies,Brabourne Stadium,West Indies,bat,West Indies,Unknown,224,234,9,6
ODI,2007-03-17,Bangladesh,India,"Queen's Park Oval, Port of Spain",India,bat,Bangladesh,Unknown,192,191,5,10
ODI,2016-08-16,Scotland,United Arab Emirates,"Grange Cricket Club Ground, Raeburn Place",United Arab Emirates,bat,Scotland,Unknown,229,228,3,10
ODI,2011-01-31,Sri Lanka,West Indies,Sinhalese Sports Club Ground,West Indies,bat,no result,no result,0,245,0,5
ODI,2008-10-17,Ireland,Zimbabwe,Gymkhana Club Ground,Zimbabwe,bat,Zimbabwe,Unknown,147,303,10,8
ODI,2003-12-05,New Zealand,Pakistan,Rawalpindi Cricket Stadium,New Zealand,bat,Pakistan,Unknown,183,184,10,3
ODI,2004-12-23,India,Bangladesh,MA Aziz Stadium,Bangladesh,field,India,Unknown,245,234,8,8
ODI,2018-07-29,Sri Lanka,South Africa,Rangiri Dambulla International Stadium,Sri Lanka,bat,South Africa,Unknown,193,196,10,5
ODI,2003-03-01,Pakistan,India,"SuperSport Park, Centurion",Pakistan,bat,India,Unknown,273,276,7,4
ODI,2013-06-12,Australia,New Zealand,Edgbaston,Australia,bat,no result,no result,243,51,8,2
ODI,2012-03-15,Pakistan,Sri Lanka,Shere Bangla National Stadium,Sri Lanka,bat,Pakistan,Unknown,189,188,4,10
ODI,2010-09-20,England,Pakistan,Lord's,Pakistan,bat,Pakistan,Unknown,227,265,10,7
ODI,2006-11-22,South Africa,India,Kingsmead,South Africa,bat,South Africa,Unknown,248,91,8,10
ODI,2026-05-16,United States of America,Nepal,"Tribhuvan University International Cricket Ground, Kirtipur",United States of America,bat,Nepal,Unknown,195,199,10,1
ODI,2021-03-20,Bangladesh,New Zealand,University Oval,New Zealand,field,New Zealand,Unknown,131,132,10,2
ODI,2013-09-11,England,Australia,Edgbaston,Australia,field,no result,no result,59,0,3,0
ODI,2009-05-03,Australia,Pakistan,Sheikh Zayed Stadium,Australia,bat,Pakistan,Unknown,250,254,4,3
ODI,2025-07-08,Sri Lanka,Bangladesh,Pallekele International Cricket Stadium,Sri Lanka,bat,Sri Lanka,Unknown,285,186,7,10
ODI,2012-02-18,Kenya,Ireland,Mombasa Sports Club Ground,Ireland,bat,Kenya,Unknown,201,200,3,10
ODI,2006-03-22,Sri Lanka,Pakistan,Sinhalese Sports Club Ground,Pakistan,field,Pakistan,Unknown,224,229,10,6
ODI,2007-04-25,Australia,South Africa,"Beausejour Stadium, Gros Islet",South Africa,bat,Australia,Unknown,153,149,3,10
ODI,2008-07-06,India,Sri Lanka,National Stadium,India,field,Sri Lanka,Unknown,173,273,10,10
ODI,2009-08-16,Zimbabwe,Bangladesh,Queens Sports Club,Zimbabwe,bat,Bangladesh,Unknown,312,313,8,6
ODI,2009-12-21,India,Sri Lanka,Barabati Stadium,Sri Lanka,bat,India,Unknown,243,239,3,10
ODI,2021-07-04,Sri Lanka,England,"County Ground, Bristol",England,field,no result,no result,166,0,10,0
ODI,2024-08-19,United States of America,Canada,"Hazelaarweg, Rotterdam",Canada,field,United States of America,Unknown,275,225,8,10
ODI,2022-02-06,Oman,United Arab Emirates,Al Amerat Cricket Ground Oman Cricket (Ministry Turf 1),United Arab Emirates,field,United Arab Emirates,Unknown,195,196,10,6
ODI,2003-09-21,Pakistan,Bangladesh,"National Stadium, Karachi",Pakistan,bat,Pakistan,Unknown,302,244,5,7
ODI,2008-11-20,Zimbabwe,Sri Lanka,Harare Sports Club,Sri Lanka,field,Sri Lanka,Unknown,127,130,10,4
ODI,2003-03-03,Sri Lanka,South Africa,"Kingsmead, Durban",Sri Lanka,bat,tie,tie,268,229,9,6
ODI,2007-12-14,Australia,New Zealand,Adelaide Oval,New Zealand,bat,Australia,Unknown,255,254,3,7
ODI,2014-10-12,Australia,Pakistan,Sheikh Zayed Stadium,Australia,bat,Australia,Unknown,231,230,9,10
ODI,2023-10-06,Pakistan,Netherlands,"Rajiv Gandhi International Stadium, Uppal, Hyderabad",Netherlands,field,Pakistan,Unknown,286,205,10,10
ODI,2021-03-28,India,England,Maharashtra Cricket Association Stadium,England,field,India,Unknown,329,322,10,9
ODI,2010-11-05,Pakistan,South Africa,Dubai International Cricket Stadium,South Africa,bat,Pakistan,Unknown,275,274,9,6
ODI,2017-06-15,Bangladesh,India,Edgbaston,India,field,India,Unknown,264,265,7,1
ODI,2019-06-20,Australia,Bangladesh,Trent Bridge,Australia,bat,Australia,Unknown,381,333,5,8
ODI,2018-01-25,Bangladesh,Sri Lanka,"Shere Bangla National Stadium, Mirpur",Bangladesh,bat,Sri Lanka,Unknown,82,83,10,0
ODI,2020-09-13,England,Australia,Old Trafford,England,bat,England,Unknown,231,207,9,10
ODI,2023-10-20,Australia,Pakistan,"M Chinnaswamy Stadium, Bengaluru",Pakistan,field,Australia,Unknown,367,305,9,10
ODI,2009-12-18,India,Sri Lanka,"Vidarbha Cricket Association Stadium, Jamtha",India,bat,Sri Lanka,Unknown,301,302,7,7
ODI,2013-07-21,West Indies,Pakistan,"Beausejour Stadium, Gros Islet",Pakistan,field,Pakistan,Unknown,261,189,7,4
ODI,2020-01-07,West Indies,Ireland,"Kensington Oval, Barbados",Ireland,bat,West Indies,Unknown,184,180,5,10
ODI,2022-04-15,Oman,Scotland,Dubai International Cricket Stadium,Oman,bat,Scotland,Unknown,225,226,7,8
ODI,2006-08-18,Sri Lanka,India,Sinhalese Sports Club Ground,India,bat,no result,no result,0,11,0,0
ODI,2022-08-28,Zimbabwe,Australia,"Tony Ireland Stadium, Townsville",Australia,field,Australia,Unknown,200,201,10,5
ODI,2025-02-14,Pakistan,New Zealand,"National Stadium, Karachi",Pakistan,bat,New Zealand,Unknown,242,243,10,5
ODI,2021-07-08,Pakistan,England,"Sophia Gardens, Cardiff",England,field,England,Unknown,141,142,10,1
ODI,2023-11-16,South Africa,Australia,"Eden Gardens, Kolkata",South Africa,bat,Australia,Unknown,212,215,10,7
ODI,2010-06-24,England,Australia,Sophia Gardens,Australia,bat,England,Unknown,243,239,6,7
ODI,2022-08-22,India,Zimbabwe,Harare Sports Club,India,bat,India,Unknown,289,276,8,10
ODI,2012-01-11,South Africa,Sri Lanka,Boland Park,South Africa,bat,South Africa,Unknown,301,43,8,10
ODI,2010-06-09,Zimbabwe,Sri Lanka,Harare Sports Club,Sri Lanka,field,Sri Lanka,Unknown,199,203,10,1
ODI,2023-04-01,Jersey,Papua New Guinea,"United Cricket Club Ground, Windhoek",Jersey,bat,Jersey,Unknown,291,280,4,9
ODI,2017-09-19,West Indies,England,Old Trafford,West Indies,bat,England,Unknown,204,210,9,3
ODI,2014-02-20,Bangladesh,Sri Lanka,Shere Bangla National Stadium,Sri Lanka,bat,Sri Lanka,Unknown,228,289,10,6
ODI,2013-08-27,Zimbabwe,Pakistan,Harare Sports Club,Pakistan,bat,Zimbabwe,Unknown,246,244,3,7
ODI,2023-10-24,South Africa,Bangladesh,"Wankhede Stadium, Mumbai",South Africa,bat,South Africa,Unknown,382,233,5,10
ODI,2025-02-12,South Africa,Pakistan,"National Stadium, Karachi",South Africa,bat,Pakistan,Unknown,352,355,5,4
ODI,2023-06-23,Scotland,United Arab Emirates,Bulawayo Athletic Club,United Arab Emirates,field,Scotland,Unknown,282,171,8,10
ODI,2019-07-06,Australia,South Africa,Old Trafford,South Africa,bat,South Africa,Unknown,315,325,10,6
ODI,2023-03-31,Netherlands,South Africa,"Willowmoore Park, Benoni",South Africa,field,South Africa,Unknown,189,190,10,2
ODI,2009-09-14,Sri Lanka,India,R Premadasa Stadium,India,bat,India,Unknown,273,319,10,5
ODI,2025-09-02,England,South Africa,"Headingley, Leeds",South Africa,field,South Africa,Unknown,131,137,10,3
ODI,2025-03-29,New Zealand,Pakistan,"McLean Park, Napier",Pakistan,field,New Zealand,Unknown,344,271,9,10
ODI,2013-10-16,India,Australia,Sawai Mansingh Stadium,Australia,bat,India,Unknown,362,359,1,5
ODI,2007-06-24,Ireland,South Africa,"Civil Service Cricket Club, Stormont",Ireland,field,South Africa,Unknown,131,173,10,4
ODI,2023-12-19,India,South Africa,"St George's Park, Gqeberha",South Africa,field,South Africa,Unknown,211,215,10,2
ODI,2025-08-10,Pakistan,West Indies,"Brian Lara Stadium, Tarouba, Trinidad",West Indies,field,West Indies,Unknown,171,184,7,5
ODI,2014-12-01,Bangladesh,Zimbabwe,Shere Bangla National Stadium,Zimbabwe,bat,Bangladesh,Unknown,130,128,5,10
ODI,2026-07-06,Zimbabwe,Bangladesh,Harare Sports Club,Bangladesh,field,Zimbabwe,Unknown,141,116,10,10
T20,2021-08-01,West Indies,Pakistan,"Providence Stadium, Guyana",West Indies,bat,no result,no result,15,0,0,0
T20,2026-03-09,Argentina,Suriname,"Jimmy Powell Oval, Cayman Islands",Argentina,bat,Argentina,Unknown,129,114,9,8
T20,2022-11-25,Seychelles,Kenya,Gahanga International Cricket Stadium. Rwanda,Seychelles,bat,Kenya,Unknown,94,82,8,3
T20,2020-12-20,Pakistan,New Zealand,Seddon Park,Pakistan,bat,New Zealand,Unknown,163,164,6,1
T20,2025-06-16,Netherlands,Nepal,"Titwood, Glasgow",Nepal,field,tie,tie,194,188,8,11
T20,2026-03-27,Tanzania,Seychelles,"Achimota Senior Secondary School B Field, Accra",Tanzania,bat,Tanzania,Unknown,205,52,3,9
T20,2018-03-14,India,Bangladesh,"R.Premadasa Stadium, Khettarama",Bangladesh,field,India,Unknown,176,159,3,6
T20,2025-11-29,Brazil,Argentina,"St Albans Club, Buenos Aires",Brazil,bat,no result,no result,108,9,10,0
T20,2025-09-26,Uganda,Zimbabwe,Harare Sports Club,Uganda,bat,Zimbabwe,Unknown,152,157,9,5
T20,2021-09-02,Ireland,Zimbabwe,"Bready Cricket Club, Magheramason, Bready",Zimbabwe,field,Ireland,Unknown,174,110,4,9
T20,2021-08-03,Bangladesh,Australia,"Shere Bangla National Stadium, Mirpur",Australia,field,Bangladesh,Unknown,131,108,7,10
T20,2024-04-14,Mexico,Costa Rica,Los Reyes Polo Club,Mexico,bat,Mexico,Unknown,93,35,9,10
T20,2026-06-17,Bangladesh,Australia,"Bir Sreshtho Flight Lieutenant Matiur Rahman Stadium, Chattogram",Bangladesh,bat,Australia,Unknown,131,133,10,6
T20,2024-05-08,Japan,Mongolia,Sano International Cricket Ground,Japan,bat,no result,no result,253,4,4,1
T20,2018-07-08,Australia,Pakistan,Harare Sports Club,Australia,bat,Pakistan,Unknown,183,187,8,4
T20,2021-12-13,Pakistan,West Indies,"National Stadium, Karachi",West Indies,field,Pakistan,Unknown,200,137,6,10
T20,2021-11-20,Kenya,Nigeria,Integrated Polytechnic Regional Centre,Nigeria,field,Kenya,Unknown,168,108,6,10
T20,2021-11-13,Bahamas,United States of America,"Coolidge Cricket Ground, Antigua",Bahamas,bat,United States of America,Unknown,90,91,7,0
T20,2019-05-20,Ghana,Namibia,Kyambogo Cricket Oval,Namibia,field,Namibia,Unknown,91,92,7,1
T20,2024-12-03,Zimbabwe,Pakistan,"Queens Sports Club, Bulawayo",Zimbabwe,bat,Pakistan,Unknown,57,61,10,0
T20,2025-02-04,Malta,Hungary,Marsa Sports Club,Malta,bat,Hungary,Unknown,177,180,7,2
T20,2022-06-14,India,South Africa,"Dr. Y.S. Rajasekhara Reddy ACA-VDCA Cricket Stadium, Visakhapatnam",South Africa,field,India,Unknown,179,131,5,10
T20,2021-07-16,West Indies,Australia,"Daren Sammy National Cricket Stadium, Gros Islet, St Lucia",West Indies,bat,West Indies,Unknown,199,183,8,9
T20,2023-09-22,Malaysia,Hong Kong,"Bayuemas Oval, Kuala Lumpur",Malaysia,bat,Malaysia,Unknown,149,126,6,7
T20,2019-06-20,Guernsey,Denmark,King George V Sports Ground,Denmark,field,Guernsey,Unknown,118,112,7,9
T20,2012-09-10,England,South Africa,Old Trafford,England,field,no result,no result,29,77,2,5
T20,2023-12-14,India,South Africa,"The Wanderers Stadium, Johannesburg",South Africa,field,India,Unknown,201,95,7,10
T20,2022-07-15,United States of America,Netherlands,Bulawayo Athletic Club,United States of America,bat,Netherlands,Unknown,138,139,10,3
T20,2026-05-10,Papua New Guinea,Cook Islands,"Korogi Sports Park, Nisshin",Papua New Guinea,bat,Papua New Guinea,Unknown,204,155,5,6
T20,2025-09-10,South Africa,England,"Sophia Gardens, Cardiff",England,field,South Africa,Unknown,97,54,5,5
T20,2024-10-19,Nepal,United States of America,"Grand Prairie Stadium, Dallas",Nepal,bat,tie,tie,173,172,6,10
T20,2026-07-14,Denmark,Romania,"Svanholm Park, Brondby",Romania,field,Denmark,Unknown,162,156,7,8
T20,2026-02-16,Australia,Sri Lanka,Pallekele International Cricket Stadium,Sri Lanka,field,Sri Lanka,Unknown,181,184,10,2
T20,2025-04-19,Bermuda,Canada,"Jimmy Powell Oval, Cayman Islands",Bermuda,bat,Canada,Unknown,105,108,8,5
T20,2021-03-28,New Zealand,Bangladesh,Seddon Park,New Zealand,bat,New Zealand,Unknown,210,144,3,8
T20,2021-10-16,Malawi,Uganda,Integrated Polytechnic Regional Centre,Malawi,bat,Uganda,Unknown,98,101,7,0
T20,2025-11-06,India,Australia,Carrara Oval,Australia,field,India,Unknown,167,119,8,10
T20,2026-05-16,Guernsey,Sweden,Happy Valley Ground 2,Sweden,field,Guernsey,Unknown,151,139,8,10
T20,2025-07-12,Turkey,Bulgaria,"Vassil Levski National Sports Academy, Sofia",Bulgaria,field,Turkey,Unknown,237,178,10,10
T20,2019-02-15,Oman,Netherlands,Al Amerat Cricket Ground Oman Cricket (Ministry Turf 1),Netherlands,field,Netherlands,Unknown,166,167,4,2
T20,2024-12-17,Bangladesh,West Indies,"Arnos Vale Ground, Kingstown, St Vincent",West Indies,field,Bangladesh,Unknown,129,102,7,10
T20,2024-08-31,Singapore,Maldives,"Bayuemas Oval, Kuala Lumpur",Singapore,bat,Singapore,Unknown,153,106,7,8
T20,2023-05-07,Malta,Gibraltar,Europa Sports Complex,Malta,bat,Malta,Unknown,165,164,7,9
T20,2023-03-08,Kuwait,Malaysia,"Mission Road Ground, Mong Kok, Hong Kong",Malaysia,field,Malaysia,Unknown,158,163,9,7
T20,2018-11-11,West Indies,India,"MA Chidambaram Stadium, Chepauk",West Indies,bat,India,Unknown,181,182,3,4
T20,2024-12-12,Botswana,Nigeria,"Gahanga International Cricket Stadium, Rwanda",Botswana,bat,Nigeria,Unknown,49,51,3,0
T20,2024-10-03,Oman,Canada,"Maple Leaf North-West Ground, King City",Canada,field,Canada,Unknown,82,83,10,5
T20,2017-01-26,India,England,Green Park,England,field,England,Unknown,147,148,7,3
T20,2014-12-05,New Zealand,Pakistan,Dubai International Cricket Stadium,Pakistan,field,New Zealand,Unknown,144,127,8,10
T20,2026-07-01,India,England,"Riverside Ground, Chester-le-Street",India,bat,no result,no result,189,0,7,0
T20,2023-09-29,Maldives,Kuwait,"West End Park International Cricket Stadium, Doha",Kuwait,field,Kuwait,Unknown,100,103,7,3
T20,2025-10-29,West Indies,Bangladesh,"Bir Sreshtho Flight Lieutenant Matiur Rahman Stadium, Chattogram",West Indies,bat,West Indies,Unknown,149,135,9,8
T20,2019-10-29,Namibia,Oman,Dubai International Cricket Stadium,Namibia,bat,Namibia,Unknown,161,107,7,10
T20,2025-07-12,Indonesia,South Korea,Udayana Cricket Ground,South Korea,field,South Korea,Unknown,162,165,7,7
T20,2024-09-29,South Korea,Japan,"Yeonhui Cricket Ground, Incheon",South Korea,bat,Japan,Unknown,78,79,10,3
T20,2025-09-26,Namibia,Kenya,Harare Sports Club,Kenya,field,Namibia,Unknown,241,105,5,7
T20,2022-07-04,Spain,Belgium,"Royal Brussels Cricket Club Ground, Waterloo",Spain,bat,Belgium,Unknown,145,149,9,5
T20,2022-10-18,Japan,Indonesia,Sano International Cricket Ground,Japan,bat,Indonesia,Unknown,103,104,10,4
T20,2022-12-09,Ghana,Nigeria,Gahanga International Cricket Stadium. Rwanda,Ghana,bat,Nigeria,Unknown,127,131,7,4
T20,2023-11-26,Tanzania,Nigeria,"United Cricket Club Ground, Windhoek",Tanzania,bat,Nigeria,Unknown,139,140,7,7
T20,2010-05-08,New Zealand,Pakistan,"Kensington Oval, Bridgetown",Pakistan,field,New Zealand,Unknown,133,132,7,7
T20,2022-10-11,Japan,Indonesia,Sano International Cricket Ground,Japan,bat,Indonesia,Unknown,79,82,10,7
T20,2021-12-23,Ireland,United States of America,"Central Broward Regional Park Stadium Turf Ground, Lauderhill",United States of America,field,Ireland,Unknown,150,141,10,7
T20,2007-09-16,Australia,Bangladesh,Newlands,Australia,field,Australia,Unknown,124,123,1,8
T20,2025-09-04,Pakistan,United Arab Emirates,Sharjah Cricket Stadium,Pakistan,bat,Pakistan,Unknown,171,140,5,7
T20,2021-04-24,Nepal,Netherlands,"Tribhuvan University International Cricket Ground, Kirtipur",Netherlands,field,Nepal,Unknown,238,96,3,10
T20,2026-08-14,Malawi,Rwanda,"TCA Oval, Blantyre",Rwanda,field,Malawi,Unknown,101,75,5,10
T20,2021-06-26,Bulgaria,Greece,"National Sports Academy, Sofia",Greece,field,no result,no result,140,33,10,2
T20,2024-02-02,Japan,Thailand,"Terdthai Cricket Ground, Bangkok",Thailand,field,Japan,Unknown,166,120,6,10
T20,2023-06-30,Austria,Germany,"Sportpark Het Schootsveld, Deventer",Germany,field,Germany,Unknown,121,123,8,2
T20,2015-05-24,Pakistan,Zimbabwe,Gaddafi Stadium,Zimbabwe,bat,Pakistan,Unknown,176,175,8,3
T20,2009-06-06,Australia,West Indies,Kennington Oval,Australia,bat,West Indies,Unknown,169,172,7,3
T20,2023-10-14,Ghana,Sierra Leone,"Tafawa Balewa Square Cricket Oval, Lagos",Sierra Leone,field,Ghana,Unknown,112,107,9,6
T20,2019-11-01,New Zealand,England,Hagley Oval,England,field,England,Unknown,153,154,5,3
T20,2024-02-16,China,Hong Kong,"Mission Road Ground, Mong Kok, Hong Kong",China,bat,Hong Kong,Unknown,41,42,10,0
T20,2025-07-22,West Indies,Australia,"Sabina Park, Kingston, Jamaica",Australia,field,Australia,Unknown,172,173,8,2
T20,2010-12-28,New Zealand,Pakistan,Seddon Park,Pakistan,field,New Zealand,Unknown,185,146,7,9
T20,2019-10-18,Hong Kong,Ireland,Sheikh Zayed Stadium,Hong Kong,bat,Ireland,Unknown,153,155,5,2
T20,2025-10-01,New Zealand,Australia,"Bay Oval, Mount Maunganui",Australia,field,Australia,Unknown,181,185,6,4
T20,2007-09-15,New Zealand,Sri Lanka,New Wanderers Stadium,New Zealand,bat,Sri Lanka,Unknown,164,168,7,3
T20,2025-10-19,Romania,Austria,"Moara Vlasiei Cricket Ground, Ilfov County",Austria,field,Austria,Unknown,157,163,10,3
T20,2023-11-21,Indonesia,Cambodia,Udayana Cricket Ground,Cambodia,field,Cambodia,Unknown,156,157,5,2
T20,2025-07-20,Samoa,Malaysia,Singapore National Cricket Ground,Samoa,bat,Malaysia,Unknown,109,113,8,4
T20,2025-07-13,South Korea,Indonesia,Udayana Cricket Ground,South Korea,bat,Indonesia,Unknown,115,116,9,3
T20,2022-10-25,Sri Lanka,Australia,Perth Stadium,Australia,field,Australia,Unknown,157,158,6,3
T20,2026-05-09,Indonesia,Samoa,Sano International Cricket Ground,Samoa,field,Samoa,Unknown,92,93,8,1
T20,2025-10-12,Oman,Qatar,Al Amerat Cricket Ground Oman Cricket (Ministry Turf 2),Qatar,field,Oman,Unknown,172,138,6,9
T20,2024-09-26,Lesotho,Cameroon,University of Dar-es-Salaam Ground,Cameroon,field,Cameroon,Unknown,47,48,10,1
T20,2024-11-20,United Arab Emirates,Saudi Arabia,"West End Park International Cricket Stadium, Doha",United Arab Emirates,bat,United Arab Emirates,Unknown,162,145,5,6
T20,2024-03-13,Papua New Guinea,Nepal,"Mission Road Ground, Mong Kok, Hong Kong",Nepal,field,Papua New Guinea,Unknown,171,85,8,10
T20,2021-06-24,Greece,Romania,"National Sports Academy, Sofia",Greece,bat,Romania,Unknown,157,159,8,7
T20,2024-11-13,Netherlands,Oman,Al Amerat Cricket Ground Oman Cricket (Ministry Turf 1),Oman,field,Oman,Unknown,138,139,7,7
T20,2024-12-06,Nigeria,Uganda,"Gahanga International Cricket Stadium, Rwanda",Nigeria,bat,Uganda,Unknown,133,87,9,5
T20,2024-06-16,Jersey,Denmark,"Svanholm Park, Brondby",Denmark,field,Jersey,Unknown,198,102,7,10
T20,2007-09-11,South Africa,West Indies,New Wanderers Stadium,South Africa,field,South Africa,Unknown,208,205,2,6
T20,2024-02-12,Saudi Arabia,Maldives,"Terdthai Cricket Ground, Bangkok",Saudi Arabia,bat,Saudi Arabia,Unknown,186,88,6,8
T20,2017-02-17,Australia,Sri Lanka,Melbourne Cricket Ground,Sri Lanka,field,Sri Lanka,Unknown,168,172,6,5
T20,2021-11-13,Panama,Bahamas,"Coolidge Cricket Ground, Antigua",Bahamas,field,Panama,Unknown,139,113,8,10
T20,2019-10-26,Bermuda,Netherlands,Dubai International Cricket Stadium,Netherlands,bat,Netherlands,Unknown,114,206,9,3
T20,2021-11-05,Mozambique,Sierra Leone,Gahanga International Cricket Stadium. Rwanda,Mozambique,bat,Sierra Leone,Unknown,96,97,9,5
T20,2025-12-23,Myanmar,Bhutan,Gelephu International Cricket Ground,Bhutan,field,Bhutan,Unknown,69,70,10,2
T20,2023-05-04,Gibraltar,Portugal,Europa Sports Complex,Gibraltar,bat,Portugal,Unknown,171,174,9,3
T20,2023-06-29,Austria,Germany,"Sportpark Het Schootsveld, Deventer",Germany,field,Germany,Unknown,114,115,10,4
T20,2024-02-29,Hong Kong,Qatar,University of Doha for Science and Technology,Hong Kong,bat,Qatar,Unknown,197,200,5,6
T20,2014-03-13,West Indies,England,"Kensington Oval, Bridgetown",England,bat,England,Unknown,160,165,7,6
T20,2024-12-04,Uganda,Botswana,"Gahanga International Cricket Stadium, Rwanda",Botswana,field,Uganda,Unknown,164,86,8,10
T20,2018-08-14,South Africa,Sri Lanka,"R.Premadasa Stadium, Khettarama",South Africa,bat,Sri Lanka,Unknown,98,99,10,7
T20,2007-09-20,Australia,Sri Lanka,Newlands,Australia,field,Australia,Unknown,102,101,0,10
T20,2026-03-28,Tanzania,St Helena,"Achimota Senior Secondary School B Field, Accra",Tanzania,bat,Tanzania,Unknown,236,75,4,10
T20,2007-09-18,Bangladesh,Sri Lanka,New Wanderers Stadium,Bangladesh,field,Sri Lanka,Unknown,83,147,10,5
T20,2026-08-29,Zimbabwe,South Africa,"Namibia Cricket Ground, Windhoek",Zimbabwe,bat,South Africa,Unknown,144,146,8,3
T20,2019-11-03,Australia,Pakistan,Sydney Cricket Ground,Australia,field,no result,no result,41,107,0,5
T20,2022-02-27,Sri Lanka,India,"Himachal Pradesh Cricket Association Stadium, Dharamsala",Sri Lanka,bat,India,Unknown,146,148,5,4
T20,2019-06-24,Malaysia,Thailand,Kinrara Academy Oval,Malaysia,field,Malaysia,Unknown,114,113,5,8
T20,2026-05-24,Rwanda,Ivory Coast,"Botswana Cricket Association Oval 1, Gaborone",Rwanda,bat,Rwanda,Unknown,288,17,2,10
T20,2025-12-11,Nigeria,Sierra Leone,"Nigeria Cricket Federation Oval 1, Abuja",Nigeria,bat,Nigeria,Unknown,171,103,7,10
T20,2021-08-27,Zimbabwe,Ireland,"Castle Avenue, Dublin",Ireland,field,Zimbabwe,Unknown,117,114,7,9
T20,2025-06-15,Canada,Bermuda,"Maple Leaf North-West Ground, King City",Bermuda,field,Canada,Unknown,205,95,5,10
T20,2022-10-30,Bangladesh,Zimbabwe,"Brisbane Cricket Ground, Woolloongabba, Brisbane",Bangladesh,bat,Bangladesh,Unknown,150,147,7,8
T20,2023-11-22,Indonesia,Cambodia,Udayana Cricket Ground,Cambodia,field,Cambodia,Unknown,144,148,8,3
T20,2024-10-06,Bangladesh,India,"Shrimant Madhavrao Scindia Cricket Stadium, Gwalior",India,field,India,Unknown,127,132,10,3
T20,2017-04-04,Sri Lanka,Bangladesh,R Premadasa Stadium,Bangladesh,bat,Sri Lanka,Unknown,158,155,4,6
T20,2026-02-24,Pakistan,England,Pallekele International Cricket Stadium,Pakistan,bat,England,Unknown,164,166,9,8
T20,2024-11-25,Cambodia,Saudi Arabia,University of Doha for Science and Technology,Saudi Arabia,field,Saudi Arabia,Unknown,161,164,6,5
T20,2023-10-15,Nigeria,Rwanda,"Tafawa Balewa Square Cricket Oval, Lagos",Nigeria,bat,Nigeria,Unknown,103,86,7,8
T20,2025-07-10,Tanzania,Bahrain,"TCA Oval, Blantyre",Bahrain,field,Bahrain,Unknown,154,157,7,4
T20,2019-06-20,Germany,Norway,College Field,Germany,field,Germany,Unknown,101,99,3,10
T20,2024-06-14,South Africa,Nepal,"Arnos Vale Ground, Kingstown, St Vincent",Nepal,field,South Africa,Unknown,115,114,7,7
T20,2016-03-06,Bangladesh,India,Shere Bangla National Stadium,India,field,India,Unknown,120,122,5,2
T20,2024-06-15,Scotland,Australia,"Daren Sammy National Cricket Stadium, Gros Islet, St Lucia",Australia,field,Australia,Unknown,180,186,5,5
T20,2023-07-28,Scotland,Ireland,"Grange Cricket Club Ground, Raeburn Place, Edinburgh",Ireland,field,Scotland,Unknown,213,205,6,9
T20,2022-07-30,Luxembourg,Slovenia,Tikkurila Cricket Ground,Luxembourg,bat,Luxembourg,Unknown,129,124,10,8
T20,2022-09-06,India,Sri Lanka,Dubai International Cricket Stadium,Sri Lanka,field,Sri Lanka,Unknown,173,174,8,4
T20,2025-12-12,Nigeria,Zambia,"Nigeria Cricket Federation Oval 1, Abuja",Nigeria,bat,Nigeria,Unknown,152,126,7,10
T20,2023-10-01,Kuwait,Saudi Arabia,"West End Park International Cricket Stadium, Doha",Kuwait,bat,Saudi Arabia,Unknown,174,175,9,7
T20,2018-12-20,Bangladesh,West Indies,"Shere Bangla National Stadium, Mirpur",West Indies,field,Bangladesh,Unknown,211,175,4,10
T20,2023-12-22,Philippines,Indonesia,Udayana Cricket Ground,Indonesia,field,Philippines,Unknown,158,156,6,8
T20,2023-11-22,Zimbabwe,Namibia,"Wanderers Cricket Ground, Windhoek",Namibia,field,Namibia,Unknown,132,134,8,3
T20,2023-04-02,Sri Lanka,New Zealand,"Eden Park, Auckland",New Zealand,field,tie,tie,208,204,5,10
T20,2022-12-15,Singapore,Qatar,"UKM-YSD Cricket Oval, Bangi",Singapore,bat,Qatar,Unknown,130,134,7,5
T20,2023-06-23,Bulgaria,Serbia,"National Sports Academy, Sofia",Serbia,field,Serbia,Unknown,166,168,8,5
T20,2023-06-15,Botswana,Kenya,"Gymkhana Club Ground, Nairobi",Botswana,bat,Botswana,Unknown,145,115,8,10
T20,2025-10-02,Nigeria,Botswana,"Takashinga Sports Club, Highfield, Harare",Nigeria,bat,Nigeria,Unknown,166,122,9,7
T20,2026-05-02,Isle of Man,Guernsey,"King George V Sports Ground, Castel",Guernsey,field,Guernsey,Unknown,110,112,8,3
T20,2020-02-21,Malaysia,Hong Kong,Kinrara Academy Oval,Malaysia,bat,Malaysia,Unknown,138,103,6,8
T20,2014-03-29,England,South Africa,Zahur Ahmed Chowdhury Stadium,England,field,South Africa,Unknown,193,196,7,5
T20,2022-12-22,Tanzania,Rwanda,"Gahanga International Cricket Stadium, Rwanda",Rwanda,field,Tanzania,Unknown,136,108,9,9
T20,2014-02-12,Bangladesh,Sri Lanka,Zahur Ahmed Chowdhury Stadium,Bangladesh,field,Sri Lanka,Unknown,166,168,7,7
T20,2024-07-08,Norway,Sweden,Bayer Uerdingen Cricket Ground,Sweden,field,Norway,Unknown,185,132,8,10
T20,2014-04-03,Sri Lanka,West Indies,Shere Bangla National Stadium,Sri Lanka,bat,Sri Lanka,Unknown,160,80,6,4
T20,2024-06-22,India,Bangladesh,"Sir Vivian Richards Stadium, North Sound, Antigua",Bangladesh,field,India,Unknown,196,146,5,8
T20,2025-12-07,Spain,Croatia,La Manga Club Top Ground,Spain,bat,Spain,Unknown,290,75,3,8
T20,2023-06-10,Kenya,Uganda,"Gymkhana Club Ground, Nairobi",Kenya,bat,Kenya,Unknown,185,97,3,10
T20,2021-03-03,Australia,New Zealand,Westpac Stadium,New Zealand,field,Australia,Unknown,208,144,4,10
T20,2025-09-13,Eswatini,Mozambique,Malkerns Country Club oval,Eswatini,bat,tie,tie,236,235,4,4
T20,2020-08-30,Belgium,Czech Republic,Pierre Werner Cricket Ground,Belgium,bat,Belgium,Unknown,161,74,6,8
T20,2021-11-18,Tanzania,Uganda,Gahanga International Cricket Stadium. Rwanda,Tanzania,bat,Uganda,Unknown,140,141,8,2
T20,2026-07-25,France,Romania,"Moara Vlasiei Cricket Ground, Ilfov County",France,bat,Romania,Unknown,144,149,9,3
T20,2014-03-30,Bangladesh,Pakistan,Shere Bangla National Stadium,Pakistan,bat,Pakistan,Unknown,140,190,7,5
T20,2026-06-08,Hong Kong,Nepal,Singapore National Cricket Ground,Nepal,field,Nepal,Unknown,188,114,7,2
T20,2019-10-30,Australia,Sri Lanka,"Brisbane Cricket Ground, Woolloongabba",Sri Lanka,bat,Australia,Unknown,118,117,1,10
T20,2021-08-22,Finland,Sweden,Kerava National Cricket Ground,Sweden,field,Sweden,Unknown,145,146,7,4
T20,2023-11-30,Rwanda,Uganda,"Wanderers Cricket Ground, Windhoek",Uganda,field,Uganda,Unknown,65,66,10,1
T20,2026-06-20,Namibia,Nigeria,"Namibia Cricket Ground, Windhoek",Namibia,bat,Namibia,Unknown,194,104,3,10
T20,2024-11-10,West Indies,England,"Kensington Oval, Bridgetown, Barbados",England,field,England,Unknown,158,161,8,3
T20,2018-06-27,England,Australia,Edgbaston,Australia,field,England,Unknown,221,193,5,10
T20,2026-02-28,Pakistan,Sri Lanka,Pallekele International Cricket Stadium,Sri Lanka,field,Pakistan,Unknown,212,207,8,6
T20,2024-08-28,Denmark,Guernsey,"King George V Sports Ground, Castel",Guernsey,field,Guernsey,Unknown,158,159,7,4
T20,2021-07-12,Australia,West Indies,"Daren Sammy National Cricket Stadium, Gros Islet, St Lucia",Australia,bat,West Indies,Unknown,141,142,6,4
T20,2026-02-12,India,Namibia,"Arun Jaitley Stadium, Delhi",Namibia,field,India,Unknown,209,116,9,10
T20,2021-10-19,Italy,Denmark,"Desert Springs Cricket Ground, Almeria",Denmark,field,Italy,Unknown,141,132,4,9
T20,2019-10-24,United Arab Emirates,Nigeria,Tolerance Oval,United Arab Emirates,field,United Arab Emirates,Unknown,112,111,5,3
T20,2026-05-05,Indonesia,Malaysia,"Bayuemas Oval, Kuala Lumpur",Indonesia,bat,Malaysia,Unknown,73,74,9,5
T20,2023-03-09,England,Bangladesh,"Zahur Ahmed Chowdhury Stadium, Chattogram",Bangladesh,field,Bangladesh,Unknown,156,158,6,4
T20,2022-07-02,Bangladesh,West Indies,"Windsor Park, Roseau, Dominica",West Indies,field,no result,no result,105,0,8,0
T20,2026-04-09,Norway,France,Santarem Cricket Ground,Norway,bat,France,Unknown,111,112,10,6
T20,2016-09-24,Pakistan,West Indies,Dubai International Cricket Stadium,West Indies,field,Pakistan,Unknown,160,144,4,9
T20,2022-07-03,Singapore,Papua New Guinea,"Indian Association Ground, Singapore",Singapore,bat,Papua New Guinea,Unknown,203,206,7,7
T20,2024-06-12,United States of America,India,"Nassau County International Cricket Stadium, New York",India,field,India,Unknown,110,111,8,3
T20,2013-08-29,England,Australia,The Rose Bowl,England,field,Australia,Unknown,209,248,6,6
T20,2025-05-02,Malaysia,Saudi Arabia,"Bayuemas Oval, Kuala Lumpur",Malaysia,bat,Malaysia,Unknown,135,117,7,10
T20,2012-02-22,Kenya,Ireland,Mombasa Sports Club Ground,Ireland,field,Ireland,Unknown,107,109,10,4
T20,2016-02-26,Bangladesh,United Arab Emirates,Shere Bangla National Stadium,United Arab Emirates,field,Bangladesh,Unknown,133,82,8,10
T20,2025-08-08,Croatia,Cyprus,"Mladost Cricket Ground, Zagreb",Croatia,bat,Cyprus,Unknown,135,136,6,7
T20,2012-09-18,Sri Lanka,Zimbabwe,"Mahinda Rajapaksa International Cricket Stadium, Sooriyawewa",Zimbabwe,field,Sri Lanka,Unknown,182,100,4,10
T20,2026-02-10,United Arab Emirates,New Zealand,"MA Chidambaram Stadium, Chepauk, Chennai",United Arab Emirates,bat,New Zealand,Unknown,173,175,6,0
T20,2025-02-02,India,England,"Wankhede Stadium, Mumbai",England,field,India,Unknown,247,97,9,10
T20,2021-10-16,Seychelles,Ghana,Gahanga International Cricket Stadium. Rwanda,Seychelles,bat,Ghana,Unknown,95,96,10,1
T20,2021-10-24,Malta,Switzerland,Marsa Sports Club,Malta,bat,Malta,Unknown,176,170,7,8
T20,2025-06-09,Norway,Austria,"Scott Page Field, Vinor",Norway,bat,Norway,Unknown,159,137,6,10
T20,2026-05-19,Guernsey,Austria,Happy Valley Ground 2,Austria,field,Guernsey,Unknown,196,150,7,10
T20,2012-10-01,New Zealand,West Indies,Pallekele International Cricket Stadium,New Zealand,field,tie,tie,156,158,7,10
T20,2023-12-23,Indonesia,Philippines,Udayana Cricket Ground,Philippines,field,Indonesia,Unknown,140,120,8,9
T20,2024-10-23,Bhutan,Maldives,Gelephu International Cricket Ground,Bhutan,bat,Maldives,Unknown,122,123,8,3
T20,2016-01-20,Bangladesh,Zimbabwe,Sheikh Abu Naser Stadium,Zimbabwe,bat,Zimbabwe,Unknown,156,187,6,6
T20,2022-10-20,Sri Lanka,Netherlands,"GMHBA Stadium, South Geelong, Victoria",Sri Lanka,bat,Sri Lanka,Unknown,162,146,6,9
T20,2026-05-14,Japan,Cook Islands,Sano International Cricket Ground,Japan,bat,Cook Islands,Unknown,90,94,10,7
T20,2025-02-20,Oman,United States of America,Al Amerat Cricket Ground Oman Cricket (Ministry Turf 1),United States of America,field,United States of America,Unknown,190,194,5,3
T20,2020-02-25,Oman,Maldives,Al Amerat Cricket Ground Oman Cricket (Ministry Turf 1),Oman,field,Oman,Unknown,132,129,0,7
T20,2025-05-14,Japan,Cook Islands,Sano International Cricket Ground,Cook Islands,field,Japan,Unknown,139,97,8,10
T20,2024-07-09,Jersey,Switzerland,Bayer Uerdingen Cricket Ground,Jersey,bat,Jersey,Unknown,219,52,9,10
T20,2026-07-07,England,India,"Trent Bridge, Nottingham",India,field,England,Unknown,201,76,7,10
T20,2019-03-23,Philippines,Vanuatu,Amini Park,Vanuatu,bat,Vanuatu,Unknown,93,156,7,6
T20,2014-03-28,Australia,West Indies,Shere Bangla National Stadium,Australia,bat,West Indies,Unknown,178,179,8,4
T20,2026-09-03,Namibia,Zimbabwe,"Namibia Cricket Ground, Windhoek",Zimbabwe,field,Zimbabwe,Unknown,156,159,6,5
T20,2021-10-17,Jersey,Denmark,"Desert Springs Cricket Ground, Almeria",Denmark,field,Jersey,Unknown,94,89,10,10
T20,2025-05-18,Slovenia,Austria,"Ballpark Ground, Graz",Slovenia,bat,Austria,Unknown,91,93,8,5
T20,2020-02-25,Iran,Kuwait,Al Amerat Cricket Ground Oman Cricket (Ministry Turf 2),Kuwait,field,Kuwait,Unknown,108,109,8,2
T20,2024-06-28,Malawi,Rwanda,"Sikh Union Club Ground, Nairobi",Malawi,bat,Malawi,Unknown,176,118,2,10
T20,2024-04-15,Kuwait,Bahrain,Al Amerat Cricket Ground Oman Cricket (Ministry Turf 2),Bahrain,field,Kuwait,Unknown,161,135,7,6
T20,2024-12-15,Panama,Mexico,"Hurlingham Club Ground, Buenos Aires",Mexico,field,Panama,Unknown,111,63,9,10
T20,2010-05-11,India,Sri Lanka,"Beausejour Stadium, Gros Islet",India,bat,Sri Lanka,Unknown,163,167,5,5
T20,2025-02-20,Indonesia,Bahrain,Udayana Cricket Ground,Bahrain,field,Bahrain,Unknown,27,28,6,0
T20,2022-10-23,Ireland,Sri Lanka,"Bellerive Oval, Hobart",Ireland,bat,Sri Lanka,Unknown,128,133,8,1
T20,2026-02-25,Kuwait,Hong Kong,"Mission Road Ground, Mong Kok, Hong Kong",Hong Kong,field,Hong Kong,Unknown,182,186,6,7
T20,2019-07-26,Kuwait,Qatar,Indian Association Ground,Qatar,field,Kuwait,Unknown,197,187,7,5
T20,2009-06-10,Sri Lanka,West Indies,Trent Bridge,West Indies,field,Sri Lanka,Unknown,192,177,5,5
T20,2025-10-08,Samoa,Oman,Al Amerat Cricket Ground Oman Cricket (Ministry Turf 2),Oman,field,Oman,Unknown,92,96,9,5
T20,2024-06-15,Finland,Norway,Kerava National Cricket Ground,Finland,bat,Norway,Unknown,118,119,10,3
T20,2024-05-10,Bangladesh,Zimbabwe,"Shere Bangla National Stadium, Mirpur",Zimbabwe,field,Bangladesh,Unknown,143,138,10,10
T20,2022-11-13,Pakistan,England,Melbourne Cricket Ground,England,field,England,Unknown,137,138,8,5
T20,2016-03-13,Ireland,Netherlands,Himachal Pradesh Cricket Association Stadium,Ireland,field,Netherlands,Unknown,47,59,7,5
T20,2024-10-01,Japan,Indonesia,"Yeonhui Cricket Ground, Incheon",Indonesia,field,Japan,Unknown,121,68,4,5
T20,2024-06-10,Portugal,Romania,Roma Cricket Ground,Portugal,bat,Romania,Unknown,142,146,10,4
T20,2018-01-03,New Zealand,West Indies,Bay Oval,New Zealand,bat,New Zealand,Unknown,243,124,5,9
T20,2026-07-04,Portugal,Finland,Kerava National Cricket Ground,Finland,field,Portugal,Unknown,181,173,4,6
T20,2019-11-01,Australia,Sri Lanka,Melbourne Cricket Ground,Australia,field,Australia,Unknown,145,142,3,6
T20,2019-06-20,Denmark,Italy,King George V Sports Ground,Denmark,bat,Denmark,Unknown,158,128,9,10
T20,2022-11-22,St Helena,Lesotho,Integrated Polytechnic Regional Centre,Lesotho,field,St Helena,Unknown,126,81,6,10
T20,2018-07-06,Zimbabwe,Australia,Harare Sports Club,Zimbabwe,bat,Australia,Unknown,151,154,9,5
T20,2022-06-25,Serbia,Bulgaria,"National Sports Academy, Sofia",Serbia,bat,Bulgaria,Unknown,185,122,4,1
T20,2025-07-19,Qatar,Saudi Arabia,"West End Park International Cricket Stadium, Doha",Qatar,bat,Saudi Arabia,Unknown,189,193,4,6
T20,2026-05-23,Botswana,Sierra Leone,"Botswana Cricket Association Oval 1, Gaborone",Sierra Leone,field,Botswana,Unknown,166,96,5,7
T20,2018-10-22,United Arab Emirates,Australia,Tolerance Oval,United Arab Emirates,bat,Australia,Unknown,117,119,6,3
T20,2023-10-27,Nepal,United Arab Emirates,"Tribhuvan University International Cricket Ground, Kirtipur",United Arab Emirates,field,United Arab Emirates,Unknown,162,167,8,6
T20,2026-07-09,Estonia,Norway,Koge Cricket Club,Norway,field,Norway,Unknown,105,109,9,8
T20,2012-09-12,England,South Africa,Edgbaston,South Africa,field,England,Unknown,118,90,5,5
T20,2025-07-12,Germany,Tanzania,"TCA Oval, Blantyre",Tanzania,field,Tanzania,Unknown,140,146,10,5
T20,2022-04-30,Norway,Guernsey,"Desert Springs Cricket Ground, Almeria",Norway,bat,Guernsey,Unknown,120,126,7,2
T20,2022-08-28,Pakistan,India,Dubai International Cricket Stadium,India,field,India,Unknown,147,148,10,5
T20,2023-10-25,Hong Kong,United Arab Emirates,Mulpani Cricket Ground,Hong Kong,bat,Hong Kong,Unknown,212,143,3,5
T20,2025-06-27,Hungary,Austria,"Moara Vlasiei Cricket Ground, Ilfov County",Austria,field,Austria,Unknown,186,190,6,2
T20,2022-02-19,Canada,Oman,Al Amerat Cricket Ground Oman Cricket (Ministry Turf 1),Oman,field,Oman,Unknown,155,159,6,1
T20,2023-08-30,Tanzania,Rwanda,"Gahanga International Cricket Stadium, Rwanda",Rwanda,field,Tanzania,Unknown,159,98,7,10
T20,2019-10-25,Spain,Portugal,La Manga Club Bottom Ground,Spain,field,Spain,Unknown,89,87,2,7
T20,2022-09-25,Bangladesh,United Arab Emirates,Dubai International Cricket Stadium,United Arab Emirates,field,Bangladesh,Unknown,158,151,5,10
T20,2025-12-11,South Africa,India,"Maharaja Yadavindra Singh International Cricket Stadium, New Chandigarh",India,field,South Africa,Unknown,213,162,4,10
T20,2023-07-23,Japan,Vanuatu,"Amini Park, Port Moresby",Vanuatu,field,Japan,Unknown,131,110,10,8
T20,2024-11-23,Qatar,Cambodia,University of Doha for Science and Technology,Qatar,bat,Qatar,Unknown,170,122,7,8
T20,2021-03-05,Sri Lanka,West Indies,"Coolidge Cricket Ground, Antigua",Sri Lanka,bat,Sri Lanka,Unknown,160,117,6,10
T20,2023-06-23,Croatia,Bulgaria,"National Sports Academy, Sofia",Bulgaria,field,Bulgaria,Unknown,75,76,10,1
T20,2010-02-28,New Zealand,Australia,AMI Stadium,New Zealand,bat,tie,tie,223,220,6,5
T20,2025-02-24,Indonesia,Bahrain,Udayana Cricket Ground,Indonesia,bat,Bahrain,Unknown,120,124,8,5
T20,2019-10-24,Bermuda,Scotland,Dubai International Cricket Stadium,Bermuda,field,Scotland,Unknown,158,204,8,4
T20,2019-10-20,Hong Kong,Oman,Sheikh Zayed Stadium,Oman,field,Oman,Unknown,102,106,10,3
T20,2025-12-09,Rwanda,Nigeria,"Nigeria Cricket Federation Oval 1, Abuja",Nigeria,field,Rwanda,Unknown,128,105,8,9
T20,2024-10-24,Zimbabwe,Kenya,"Gymkhana Club Ground, Nairobi",Zimbabwe,bat,Zimbabwe,Unknown,163,102,7,10
T20,2022-12-23,Uganda,Rwanda,"Gahanga International Cricket Stadium, Rwanda",Rwanda,field,Uganda,Unknown,108,105,10,10
T20,2022-09-09,Pakistan,Sri Lanka,Dubai International Cricket Stadium,Sri Lanka,field,Sri Lanka,Unknown,121,124,10,5
T20,2024-10-24,Gambia,Mozambique,"Ruaraka Sports Club Ground, Nairobi",Gambia,bat,Mozambique,Unknown,142,143,5,4
T20,2009-06-15,Ireland,Pakistan,Kennington Oval,Pakistan,bat,Pakistan,Unknown,120,159,9,5
T20,2025-07-26,West Indies,Australia,"Warner Park, Basseterre, St Kitts",Australia,field,Australia,Unknown,205,206,9,7
T20,2025-08-30,Pakistan,United Arab Emirates,Sharjah Cricket Stadium,Pakistan,bat,Pakistan,Unknown,207,176,10,8
T20,2026-02-11,Qatar,Bahrain,"West End Park International Cricket Stadium, Doha",Bahrain,field,Qatar,Unknown,215,164,5,7
T20,2026-01-29,West Indies,South Africa,"SuperSport Park, Centurion",South Africa,field,South Africa,Unknown,221,225,4,3
T20,2024-05-22,Scotland,Netherlands,"Sportpark Westvliet, The Hague",Netherlands,field,Scotland,Unknown,158,87,7,10
T20,2019-08-19,Namibia,Botswana,United Cricket Club Ground,Botswana,field,Namibia,Unknown,193,100,4,7
T20,2026-08-18,Bulgaria,Spain,Tikkurila Cricket Ground,Bulgaria,bat,Spain,Unknown,59,61,10,1
T20,2026-04-27,New Zealand,Bangladesh,"Bir Sreshtho Flight Lieutenant Matiur Rahman Stadium, Chattogram",Bangladesh,field,Bangladesh,Unknown,182,183,6,4
T20,2022-08-05,South Africa,Ireland,"County Ground, Bristol",Ireland,field,South Africa,Unknown,182,138,6,10
T20,2024-08-27,Hong Kong,Kuwait,"Selangor Turf Club, Kuala Lumpur",Kuwait,field,Kuwait,Unknown,146,147,5,2
T20,2010-06-12,Zimbabwe,India,Harare Sports Club,India,field,India,Unknown,111,112,9,4
T20,2024-11-23,Nigeria,St Helena,University of Lagos Cricket Oval,Nigeria,bat,Nigeria,Unknown,185,67,2,10
T20,2025-05-06,Malta,Estonia,Marsa Sports Club,Estonia,field,Malta,Unknown,199,173,9,5
T20,2025-12-09,Thailand,Indonesia,"Terdthai Cricket Ground, Bangkok",Indonesia,field,Indonesia,Unknown,80,81,9,5
T20,2024-11-26,Thailand,Saudi Arabia,"West End Park International Cricket Stadium, Doha",Saudi Arabia,field,Saudi Arabia,Unknown,133,136,7,5
T20,2024-09-25,Cameroon,Malawi,University of Dar-es-Salaam Ground,Malawi,field,Malawi,Unknown,30,31,10,1
T20,2026-08-08,Mexico,Peru,"Los Pinos Polo Club 1, Cundinamarca",Mexico,bat,Mexico,Unknown,180,110,8,6
T20,2022-04-30,Spain,Norway,"Desert Springs Cricket Ground, Almeria",Spain,bat,Spain,Unknown,129,78,6,9
T20,2025-12-09,India,South Africa,"Barabati Stadium, Cuttack",South Africa,field,India,Unknown,175,74,6,10
T20,2024-04-13,Cambodia,Kuwait,Al Amerat Cricket Ground Oman Cricket (Ministry Turf 1),Cambodia,bat,Kuwait,Unknown,141,144,5,2
T20,2021-10-30,Sri Lanka,South Africa,Sharjah Cricket Stadium,South Africa,field,South Africa,Unknown,142,146,10,6
T20,2022-02-24,Philippines,Germany,Al Amerat Cricket Ground Oman Cricket (Ministry Turf 2),Germany,field,Germany,Unknown,109,115,8,1
T20,2009-11-13,South Africa,England,New Wanderers Stadium,South Africa,field,England,Unknown,127,202,3,6
T20,2024-06-21,United States of America,West Indies,"Kensington Oval, Bridgetown, Barbados",West Indies,field,West Indies,Unknown,128,130,10,1
T20,2021-09-15,Uganda,Nigeria,Entebbe Cricket Oval,Uganda,bat,Uganda,Unknown,172,117,6,7
T20,2015-07-17,Ireland,Hong Kong,"The Village, Malahide",Ireland,field,Hong Kong,Unknown,124,129,8,8
T20,2021-11-20,Bangladesh,Pakistan,"Shere Bangla National Stadium, Mirpur",Bangladesh,bat,Pakistan,Unknown,108,109,7,2
T20,2026-01-25,Ireland,Italy,"7he Sevens Stadium, Dubai",Italy,field,Ireland,Unknown,190,166,5,4
T20,2021-10-05,Estonia,Cyprus,Happy Valley Ground,Cyprus,field,Cyprus,Unknown,102,105,8,6
T20,2024-04-12,Oman,Bahrain,Al Amerat Cricket Ground Oman Cricket (Ministry Turf 1),Bahrain,field,Oman,Unknown,177,174,3,8
T20,2010-10-08,South Africa,Zimbabwe,OUTsurance Oval,Zimbabwe,bat,South Africa,Unknown,169,168,3,4
T20,2021-10-23,South Africa,Australia,"Zayed Cricket Stadium, Abu Dhabi",Australia,field,Australia,Unknown,118,121,9,5
T20,2024-11-24,Eswatini,St Helena,University of Lagos Cricket Oval,Eswatini,bat,Eswatini,Unknown,173,125,9,5
T20,2023-10-05,Serbia,Gibraltar,Europa Sports Complex,Gibraltar,field,Gibraltar,Unknown,107,108,5,3
T20,2019-11-03,New Zealand,England,Westpac Stadium,England,field,New Zealand,Unknown,176,155,8,10
T20,2025-04-12,Qatar,Kuwait,"Mission Road Ground, Mong Kok, Hong Kong",Kuwait,field,Kuwait,Unknown,124,127,10,4
T20,2026-06-23,Namibia,Nigeria,"Namibia Cricket Ground, Windhoek",Namibia,bat,Namibia,Unknown,220,127,5,9
T20,2016-02-14,India,Sri Lanka,Dr. Y.S. Rajasekhara Reddy ACA-VDCA Cricket Stadium,India,field,India,Unknown,84,82,1,10
T20,2019-06-23,Netherlands,Zimbabwe,Hazelaarweg,Zimbabwe,field,Netherlands,Unknown,199,150,6,10
T20,2021-10-20,Swaziland,Ghana,Integrated Polytechnic Regional Centre,Ghana,field,Ghana,Unknown,74,75,9,4
T20,2023-06-24,Croatia,Turkey,"National Sports Academy, Sofia",Croatia,bat,Turkey,Unknown,83,88,8,2
T20,2023-08-20,Malta,Romania,"Moara Vlasiei Cricket Ground, Ilfov County",Romania,field,Romania,Unknown,156,159,7,1
T20,2022-06-30,Singapore,Malaysia,"Indian Association Ground, Singapore",Singapore,bat,Malaysia,Unknown,122,125,7,5
T20,2024-07-10,Jersey,Belgium,Bayer Uerdingen Cricket Ground,Belgium,field,Jersey,Unknown,198,90,7,9
T20,2025-06-22,Switzerland,Luxembourg,Pierre Werner Cricket Ground,Switzerland,bat,Luxembourg,Unknown,139,140,10,3
T20,2019-10-04,Malaysia,Vanuatu,Kinrara Academy Oval,Malaysia,bat,Malaysia,Unknown,206,184,5,9
T20,2024-06-07,Canada,Ireland,"Nassau County International Cricket Stadium, New York",Ireland,field,Canada,Unknown,137,125,7,7
T20,2026-03-10,Lesotho,Botswana,"Botswana Cricket Association Oval 1, Gaborone",Lesotho,bat,Botswana,Unknown,81,83,8,4
T20,2022-11-02,India,Bangladesh,Adelaide Oval,Bangladesh,field,India,Unknown,184,145,6,6
T20,2026-05-19,Croatia,Switzerland,Happy Valley Ground,Croatia,bat,Croatia,Unknown,199,183,2,8
T20,2012-03-18,Ireland,Scotland,Dubai International Cricket Stadium,Ireland,bat,Ireland,Unknown,159,142,5,7
T20,2019-05-25,Germany,Italy,Sportpark Maarschalkerweerd,Italy,field,Italy,Unknown,130,135,6,4
T20,2021-11-17,Nigeria,Tanzania,Gahanga International Cricket Stadium. Rwanda,Nigeria,bat,Tanzania,Unknown,114,117,9,4
T20,2024-11-16,England,West Indies,"Daren Sammy National Cricket Stadium, Gros Islet, St Lucia",West Indies,field,West Indies,Unknown,218,221,5,5
T20,2016-02-27,India,Pakistan,Shere Bangla National Stadium,India,field,India,Unknown,85,83,5,10
T20,2021-11-10,England,New Zealand,"Zayed Cricket Stadium, Abu Dhabi",New Zealand,field,New Zealand,Unknown,166,167,4,5
T20,2005-06-13,England,Australia,The Rose Bowl,England,bat,England,Unknown,179,79,8,10
T20,2007-09-14,Australia,England,Newlands,England,bat,Australia,Unknown,136,135,2,10
T20,2009-06-10,India,Ireland,Trent Bridge,India,field,India,Unknown,113,112,2,8
T20,2012-03-13,Canada,Netherlands,Dubai International Cricket Stadium,Netherlands,bat,Netherlands,Unknown,93,135,10,6
T20,2021-03-05,Australia,New Zealand,Westpac Stadium,Australia,bat,Australia,Unknown,156,106,6,10
T20,2023-07-26,Japan,Philippines,"Amini Park, Port Moresby",Japan,bat,Japan,Unknown,127,94,9,5
T20,2022-10-31,Australia,Ireland,"Brisbane Cricket Ground, Woolloongabba, Brisbane",Ireland,field,Australia,Unknown,179,137,5,10
T20,2026-03-15,New Zealand,South Africa,"Bay Oval, Mount Maunganui",New Zealand,bat,South Africa,Unknown,91,93,10,3
T20,2020-02-26,Qatar,United Arab Emirates,Al Amerat Cricket Ground Oman Cricket (Ministry Turf 2),United Arab Emirates,bat,United Arab Emirates,Unknown,94,122,10,10
T20,2024-12-14,Bahamas,Suriname,"Belgrano Athletic Club Ground, Buenos Aires",Bahamas,bat,Bahamas,Unknown,97,71,10,10
T20,2022-12-08,Nigeria,Tanzania,Gahanga International Cricket Stadium. Rwanda,Tanzania,field,no result,no result,101,19,10,3
T20,2021-11-04,Bangladesh,Australia,Dubai International Cricket Stadium,Australia,field,Australia,Unknown,73,78,10,2
T20,2024-06-16,Portugal,Isle of Man,Roma Cricket Ground,Portugal,bat,Portugal,Unknown,174,86,4,10
T20,2026-07-27,Israel,Romania,"Moara Vlasiei Cricket Ground, Ilfov County",Romania,field,Romania,Unknown,106,107,7,3
T20,2024-04-17,Saudi Arabia,Nepal,Al Amerat Cricket Ground Oman Cricket (Ministry Turf 2),Nepal,field,Nepal,Unknown,73,75,7,4
T20,2025-12-26,Cambodia,Indonesia,Udayana Cricket Ground,Indonesia,field,Indonesia,Unknown,102,103,1,7
T20,2025-06-01,Belgium,Portugal,"Stars Arena Hofstade, Zemst",Portugal,field,Belgium,Unknown,176,132,10,10
T20,2021-11-06,West Indies,Australia,"Zayed Cricket Stadium, Abu Dhabi",Australia,field,Australia,Unknown,157,161,7,2
T20,2023-11-30,Nigeria,Namibia,"Wanderers Cricket Ground, Windhoek",Nigeria,bat,Namibia,Unknown,93,96,10,2
T20,2025-06-06,England,West Indies,"Riverside Ground, Chester-le-Street",England,bat,England,Unknown,188,167,6,9
T20,2019-10-27,Australia,Sri Lanka,Adelaide Oval,Sri Lanka,field,Australia,Unknown,233,99,2,9
T20,2025-11-10,West Indies,New Zealand,"Saxton Oval, Nelson",New Zealand,field,no result,no result,38,0,1,0
T20,2024-10-15,Sri Lanka,West Indies,Rangiri Dambulla International Stadium,Sri Lanka,bat,Sri Lanka,Unknown,162,89,5,10
T20,2026-06-25,Singapore,Indonesia,Singapore National Cricket Ground,Indonesia,field,Singapore,Unknown,258,135,3,6
T20,2025-11-22,Sri Lanka,Pakistan,Rawalpindi Cricket Stadium,Sri Lanka,bat,Pakistan,Unknown,128,131,7,3
T20,2007-09-04,Kenya,Pakistan,Gymkhana Club Ground,Kenya,bat,Pakistan,Unknown,92,93,10,2
T20,2021-07-08,Malta,Belgium,Marsa Sports Club,Malta,bat,Belgium,Unknown,50,52,10,0
T20,2021-10-23,Maldives,Saudi Arabia,"West End Park International Cricket Stadium, Doha",Maldives,bat,Saudi Arabia,Unknown,98,101,9,3
T20,2023-04-14,Pakistan,New Zealand,"Gaddafi Stadium, Lahore",Pakistan,bat,Pakistan,Unknown,182,94,10,10
T20,2022-02-22,Germany,Canada,Al Amerat Cricket Ground Oman Cricket (Ministry Turf 1),Canada,field,Canada,Unknown,131,132,7,4
T20,2024-10-04,United Arab Emirates,United States of America,"Wanderers Cricket Ground, Windhoek",United Arab Emirates,bat,United Arab Emirates,Unknown,170,164,5,10
T20,2019-07-22,Singapore,Qatar,Indian Association Ground,Singapore,bat,Singapore,Unknown,186,153,7,9
T20,2020-09-04,England,Australia,The Rose Bowl,Australia,field,England,Unknown,162,160,7,6
T20,2022-10-17,Scotland,West Indies,"Bellerive Oval, Hobart",West Indies,field,Scotland,Unknown,160,118,5,10
T20,2025-08-12,South Africa,Australia,"Marrara Stadium, Darwin",Australia,field,South Africa,Unknown,218,165,7,10
T20,2024-08-22,Denmark,Greece,"Guernsey Rovers Athletic Club Ground, Port Soif",Greece,field,Denmark,Unknown,166,134,8,8
T20,2022-07-30,Switzerland,Czech Republic,Kerava National Cricket Ground,Switzerland,bat,Czech Republic,Unknown,183,184,8,3
T20,2014-03-09,West Indies,England,"Kensington Oval, Bridgetown",West Indies,bat,West Indies,Unknown,170,143,3,9
T20,2026-05-04,Malaysia,Indonesia,"Bayuemas Oval, Kuala Lumpur",Malaysia,bat,Malaysia,Unknown,186,82,5,6
T20,2024-12-17,Qatar,Kuwait,"ICC Academy, Dubai",Kuwait,field,Kuwait,Unknown,138,142,7,4
T20,2025-06-16,Bahamas,Bermuda,"Maple Leaf North-West Ground, King City",Bahamas,bat,Bermuda,Unknown,90,91,8,3
T20,2012-06-30,New Zealand,West Indies,Central Broward Regional Park Stadium Turf Ground,New Zealand,field,West Indies,Unknown,153,209,9,2
T20,2024-10-12,India,Bangladesh,"Rajiv Gandhi International Stadium, Uppal, Hyderabad",India,bat,India,Unknown,297,164,6,7
T20,2024-07-13,Norway,Gibraltar,Bayer Uerdingen Cricket Ground,Norway,bat,Norway,Unknown,175,126,5,6
T20,2026-06-11,Norway,Sweden,"Botkyrka Cricket Center, Stockholm",Sweden,field,Sweden,Unknown,137,138,9,5
T20,2024-08-27,Finland,Bulgaria,"Guernsey Rovers Athletic Club Ground, Port Soif",Finland,bat,Finland,Unknown,199,74,8,9
T20,2022-07-01,Belgium,Denmark,"Royal Brussels Cricket Club Ground, Waterloo",Denmark,field,Belgium,Unknown,161,149,9,9
T20,2025-05-17,Bangladesh,United Arab Emirates,Sharjah Cricket Stadium,United Arab Emirates,field,Bangladesh,Unknown,191,164,7,10
T20,2024-05-07,Bangladesh,Zimbabwe,"Zahur Ahmed Chowdhury Stadium, Chattogram",Zimbabwe,field,Bangladesh,Unknown,165,156,5,9
T20,2020-03-01,Hong Kong,Nepal,Terdthai Cricket Ground,Nepal,field,Hong Kong,Unknown,154,111,6,10
T20,2024-12-10,Cayman Islands,Suriname,"Hurlingham Club Ground, Buenos Aires",Suriname,field,Suriname,Unknown,142,143,8,4
T20,2025-02-04,Hungary,Austria,Marsa Sports Club,Hungary,bat,Austria,Unknown,186,187,5,4
T20,2026-02-08,Sri Lanka,Ireland,"R Premadasa Stadium, Colombo",Ireland,field,Sri Lanka,Unknown,163,143,6,10
T20,2026-02-03,England,Sri Lanka,Pallekele International Cricket Stadium,England,bat,England,Unknown,128,116,9,10
T20,2026-06-26,Thailand,Singapore,Singapore National Cricket Ground,Thailand,bat,Singapore,Unknown,73,76,10,4
T20,2023-04-10,Portugal,Gibraltar,Santarem Cricket Ground,Portugal,bat,Portugal,Unknown,208,84,6,10
T20,2024-11-27,St Helena,Botswana,"Nigeria Cricket Federation Oval 1, Abuja",St Helena,bat,Botswana,Unknown,78,79,10,1
T20,2021-10-21,Nigeria,Sierra Leone,University of Lagos Cricket Oval,Sierra Leone,field,Nigeria,Unknown,124,55,8,10
T20,2026-06-03,Singapore,Hong Kong,Singapore National Cricket Ground,Singapore,bat,Hong Kong,Unknown,61,64,10,1
T20,2022-07-07,India,England,"The Rose Bowl, Southampton",India,bat,India,Unknown,198,148,8,10
T20,2019-06-17,Denmark,Norway,King George V Sports Ground,Denmark,bat,Denmark,Unknown,141,95,7,9
T20,2022-02-13,United Arab Emirates,Ireland,Al Amerat Cricket Ground Oman Cricket (Ministry Turf 1),Ireland,field,United Arab Emirates,Unknown,178,165,5,7
T20,2025-08-10,Australia,South Africa,"Marrara Stadium, Darwin",South Africa,field,Australia,Unknown,178,161,10,9
T20,2026-06-12,Norway,Austria,"Botkyrka Cricket Center, Stockholm",Austria,field,Norway,Unknown,150,72,8,9
T20,2013-02-13,Australia,West Indies,"Brisbane Cricket Ground, Woolloongabba",West Indies,bat,West Indies,Unknown,164,191,8,6
T20,2024-08-26,Hong Kong,Malaysia,"Selangor Turf Club, Kuala Lumpur",Malaysia,field,Hong Kong,Unknown,153,146,6,7
T20,2009-06-16,New Zealand,Sri Lanka,Trent Bridge,Sri Lanka,bat,Sri Lanka,Unknown,110,158,10,5
T20,2013-04-20,Kenya,Netherlands,Wanderers Cricket Ground,Kenya,field,Kenya,Unknown,114,113,3,10
T20,2026-05-22,Austria,Sweden,Happy Valley Ground 2,Sweden,field,Sweden,Unknown,148,149,10,7
T20,2025-08-22,Romania,Czech Republic,"Moara Vlasiei Cricket Ground, Ilfov County",Czech Republic,field,Romania,Unknown,195,170,4,7
T20,2026-02-14,Scotland,England,"Eden Gardens, Kolkata",England,field,England,Unknown,152,155,10,5
T20,2025-11-14,Myanmar,Timor-Leste,Udayana Cricket Ground,Myanmar,bat,Myanmar,Unknown,180,93,5,7
T20,2024-09-25,Japan,Indonesia,"Yeonhui Cricket Ground, Incheon",Japan,bat,Japan,Unknown,104,100,9,6
T20,2026-07-10,Hungary,Estonia,Koge Cricket Club,Hungary,bat,Hungary,Unknown,132,126,10,9
T20,2025-06-13,Bermuda,Bahamas,"Maple Leaf North-East Ground, King City",Bermuda,bat,Bermuda,Unknown,163,145,6,5
T20,2025-10-12,Japan,Samoa,Al Amerat Cricket Ground Oman Cricket (Ministry Turf 1),Samoa,field,Japan,Unknown,162,158,6,7
T20,2026-02-13,Zimbabwe,Australia,"R Premadasa Stadium, Colombo",Australia,field,Zimbabwe,Unknown,169,146,2,10
T20,2014-01-29,Australia,England,Bellerive Oval,Australia,bat,Australia,Unknown,213,200,4,9
T20,2024-12-05,Uganda,Rwanda,"Gahanga International Cricket Stadium, Rwanda",Rwanda,field,Uganda,Unknown,192,83,7,10
T20,2016-01-17,New Zealand,Pakistan,Seddon Park,Pakistan,bat,New Zealand,Unknown,171,168,0,7
T20,2015-08-01,Sri Lanka,Pakistan,R Premadasa Stadium,Sri Lanka,bat,Pakistan,Unknown,172,174,7,9
T20,2025-06-20,Scotland,Nepal,"Titwood, Glasgow",Scotland,bat,Scotland,Unknown,193,159,5,10
T20,2024-02-07,Maldives,Bhutan,"Terdthai Cricket Ground, Bangkok",Maldives,bat,Maldives,Unknown,137,105,8,10
T20,2012-02-01,Australia,India,Stadium Australia,India,field,Australia,Unknown,171,140,4,6
T20,2017-01-25,South Africa,Sri Lanka,Newlands,South Africa,bat,Sri Lanka,Unknown,169,170,5,5
T20,2021-06-26,South Africa,West Indies,"National Cricket Stadium, St George's, Grenada",West Indies,field,West Indies,Unknown,160,161,6,2
T20,2019-08-22,Namibia,Botswana,United Cricket Club Ground,Namibia,bat,Namibia,Unknown,174,96,8,10
T20,2025-07-11,Turkey,Gibraltar,"Vassil Levski National Sports Academy, Sofia",Gibraltar,field,Gibraltar,Unknown,149,153,10,3
T20,2023-05-19,Finland,Denmark,"Svanholm Park, Brondby",Finland,bat,Denmark,Unknown,92,94,10,2
T20,2018-01-22,Pakistan,New Zealand,Westpac Stadium,New Zealand,field,New Zealand,Unknown,105,106,10,3
T20,2019-10-09,Pakistan,Sri Lanka,Gaddafi Stadium,Sri Lanka,bat,Sri Lanka,Unknown,134,147,6,7
T20,2024-10-02,Nepal,Oman,"Maple Leaf North-West Ground, King City",Oman,field,Nepal,Unknown,157,101,7,10
T20,2012-03-23,Canada,Scotland,Dubai International Cricket Stadium,Canada,bat,Scotland,Unknown,135,136,8,6
T20,2025-11-27,Sri Lanka,Pakistan,Rawalpindi Cricket Stadium,Pakistan,field,Sri Lanka,Unknown,184,178,5,7
T20,2026-07-29,Israel,France,"Moara Vlasiei Cricket Ground, Ilfov County",Israel,bat,France,Unknown,130,131,6,4
T20,2022-11-22,Seychelles,Malawi,Gahanga International Cricket Stadium. Rwanda,Malawi,field,no result,no result,42,0,1,0
T20,2019-11-02,Netherlands,Papua New Guinea,Dubai International Cricket Stadium,Papua New Guinea,bat,Netherlands,Unknown,134,128,3,8
T20,2007-12-11,Australia,New Zealand,Western Australia Cricket Association Ground,Australia,bat,Australia,Unknown,186,132,6,10
T20,2024-05-24,Bulgaria,Gibraltar,"Moara Vlasiei Cricket Ground, Ilfov County",Gibraltar,field,Gibraltar,Unknown,174,175,7,5
T20,2026-03-15,Botswana,Lesotho,"Botswana Cricket Association Oval 1, Gaborone",Botswana,bat,Botswana,Unknown,114,30,7,10
T20,2023-07-28,Japan,Vanuatu,"Amini Park, Port Moresby",Vanuatu,field,Vanuatu,Unknown,136,137,10,5
T20,2021-03-03,Sri Lanka,West Indies,"Coolidge Cricket Ground, Antigua",West Indies,field,West Indies,Unknown,131,134,9,6
T20,2017-01-08,New Zealand,Bangladesh,Bay Oval,Bangladesh,field,New Zealand,Unknown,194,167,4,6
T20,2017-11-01,India,New Zealand,Arun Jaitley Stadium,New Zealand,field,India,Unknown,202,149,3,8
T20,2021-10-21,Bangladesh,Papua New Guinea,Al Amerat Cricket Ground Oman Cricket (Ministry Turf 1),Bangladesh,bat,Bangladesh,Unknown,181,97,7,10
T20,2024-08-24,Canada,United States of America,"Sportpark Maarschalkerweerd, Utrecht",Canada,bat,no result,no result,169,0,5,0
T20,2013-06-25,England,New Zealand,Kennington Oval,England,field,New Zealand,Unknown,196,201,5,4
T20,2023-10-04,Maldives,Kuwait,"West End Park International Cricket Stadium, Doha",Kuwait,field,Kuwait,Unknown,83,84,6,2
T20,2026-06-19,Germany,Denmark,"Svanholm Park, Brondby",Germany,bat,Denmark,Unknown,187,192,7,3
T20,2026-03-28,Ghana,Eswatini,"Achimota Senior Secondary School B Field, Accra",Ghana,bat,Ghana,Unknown,178,95,5,10
T20,2025-04-19,Panama,Mexico,"Clayton Panama, Panama City",Panama,bat,Panama,Unknown,115,109,10,10
T20,2024-05-05,Thailand,Indonesia,Udayana Cricket Ground,Indonesia,field,Thailand,Unknown,145,128,9,5
T20,2023-08-20,Romania,Malta,"Moara Vlasiei Cricket Ground, Ilfov County",Malta,field,Romania,Unknown,190,184,8,9
T20,2026-06-19,Belgium,Romania,"Moara Vlasiei Cricket Ground, Ilfov County",Belgium,bat,Belgium,Unknown,180,160,4,8
T20,2022-05-11,Czech Republic,Gibraltar,Marsa Sports Club,Czech Republic,bat,Czech Republic,Unknown,184,144,5,8
T20,2015-11-26,England,Pakistan,Dubai International Cricket Stadium,England,bat,England,Unknown,160,146,5,10
T20,2025-07-25,Romania,Austria,"GB Oval, Szodliget",Romania,bat,Austria,Unknown,128,129,9,3
T20,2018-02-24,India,South Africa,Newlands,South Africa,field,India,Unknown,172,165,7,6
T20,2024-11-28,Saudi Arabia,Qatar,University of Doha for Science and Technology,Qatar,field,Qatar,Unknown,165,166,6,4
T20,2024-09-09,Mongolia,Malaysia,"YSD-UKM Cricket Oval, Bangi",Malaysia,field,Malaysia,Unknown,31,35,10,0
T20,2023-07-25,Vanuatu,Philippines,"Amini Park, Port Moresby",Vanuatu,bat,Philippines,Unknown,97,98,10,4
T20,2025-09-26,Malawi,Nigeria,"Takashinga Sports Club, Highfield, Harare",Nigeria,field,Nigeria,Unknown,88,92,10,1
T20,2013-03-03,West Indies,Zimbabwe,"Sir Vivian Richards Stadium, North Sound",West Indies,bat,West Indies,Unknown,158,117,7,6
T20,2022-09-04,India,Pakistan,Dubai International Cricket Stadium,Pakistan,field,Pakistan,Unknown,181,182,7,5
T20,2024-11-16,Myanmar,Indonesia,Udayana Cricket Ground,Myanmar,bat,Indonesia,Unknown,127,128,2,6
T20,2007-09-01,Kenya,Bangladesh,Gymkhana Club Ground,Bangladesh,field,Bangladesh,Unknown,138,139,7,5
T20,2022-11-17,Kenya,St Helena,Gahanga International Cricket Stadium. Rwanda,St Helena,field,no result,no result,48,0,0,0
T20,2024-06-09,Oman,Scotland,"Sir Vivian Richards Stadium, North Sound, Antigua",Oman,bat,Scotland,Unknown,150,153,7,3
T20,2025-09-10,United Arab Emirates,India,Dubai International Cricket Stadium,India,field,India,Unknown,57,60,10,1
T20,2022-11-04,New Zealand,Ireland,Adelaide Oval,Ireland,field,New Zealand,Unknown,185,150,6,9
T20,2024-04-13,Costa Rica,Mexico,Los Reyes Polo Club,Costa Rica,bat,Costa Rica,Unknown,120,78,9,10
T20,2024-08-17,Vanuatu,Cook Islands,"Faleata Oval No 2, Apia",Cook Islands,field,Cook Islands,Unknown,180,186,5,1
T20,2024-06-17,Cyprus,Estonia,Happy Valley Ground,Cyprus,bat,Estonia,Unknown,195,196,7,5
T20,2026-02-13,Canada,United Arab Emirates,"Arun Jaitley Stadium, Delhi",Canada,bat,United Arab Emirates,Unknown,150,151,7,5
T20,2023-10-11,Sierra Leone,Rwanda,"Tafawa Balewa Square Cricket Oval, Lagos",Sierra Leone,bat,Rwanda,Unknown,77,78,10,5
T20,2024-03-07,Oman,Papua New Guinea,Al Amerat Cricket Ground Oman Cricket (Ministry Turf 1),Papua New Guinea,field,Papua New Guinea,Unknown,145,148,7,2
T20,2023-06-14,Rwanda,Kenya,"Gymkhana Club Ground, Nairobi",Rwanda,bat,Kenya,Unknown,92,98,10,3
T20,2025-06-15,Cayman Islands,Bahamas,"Maple Leaf North-West Ground, King City",Bahamas,field,Cayman Islands,Unknown,183,145,7,7
T20,2021-10-22,Gibraltar,Switzerland,Marsa Sports Club,Gibraltar,bat,Switzerland,Unknown,133,134,9,1
T20,2009-06-11,Ireland,New Zealand,Trent Bridge,Ireland,field,New Zealand,Unknown,115,198,10,5
T20,2022-02-22,Ireland,Oman,Al Amerat Cricket Ground Oman Cricket (Ministry Turf 2),Oman,field,Ireland,Unknown,165,109,7,10
T20,2023-03-04,Bahamas,Bermuda,"Hurlingham Club Ground, Buenos Aires",Bermuda,field,Bermuda,Unknown,73,74,9,1
T20,2023-04-17,New Zealand,Pakistan,"Gaddafi Stadium, Lahore",New Zealand,bat,New Zealand,Unknown,163,159,5,10
T20,2024-06-14,Uganda,New Zealand,"Brian Lara Stadium, Tarouba, Trinidad",New Zealand,field,New Zealand,Unknown,40,41,10,1
T20,2025-12-07,Zambia,Rwanda,"Nigeria Cricket Federation Oval 1, Abuja",Zambia,bat,Rwanda,Unknown,83,84,10,2
T20,2024-07-12,Kenya,Nigeria,"Sikh Union Club Ground, Nairobi",Kenya,bat,Kenya,Unknown,159,130,6,9
T20,2017-07-09,West Indies,India,"Sabina Park, Kingston",West Indies,field,West Indies,Unknown,194,190,1,6
T20,2025-07-05,Jersey,Netherlands,"Sportpark Westvliet, Voorburg",Netherlands,field,Netherlands,Unknown,160,161,7,3
T20,2023-07-13,Luxembourg,Malta,Marsa Sports Club,Malta,field,Malta,Unknown,174,175,6,4
T20,2022-12-05,Cameroon,Nigeria,Gahanga International Cricket Stadium. Rwanda,Nigeria,field,Nigeria,Unknown,72,31,10,0
T20,2022-07-12,Zimbabwe,Jersey,"Queens Sports Club, Bulawayo",Jersey,field,Zimbabwe,Unknown,146,123,8,5
T20,2026-06-27,Bahamas,Belize,"White Hill Field, Sandys Parish",Belize,field,Bahamas,Unknown,143,121,6,9
T20,2025-12-29,Cambodia,Indonesia,Udayana Cricket Ground,Indonesia,field,Indonesia,Unknown,80,84,8,4
T20,2024-04-13,Nepal,Qatar,Al Amerat Cricket Ground Oman Cricket (Ministry Turf 1),Nepal,bat,Nepal,Unknown,210,178,7,9
T20,2011-09-16,Zimbabwe,Pakistan,Harare Sports Club,Zimbabwe,field,Pakistan,Unknown,113,198,10,4
T20,2010-05-07,Australia,India,"Kensington Oval, Bridgetown",India,field,Australia,Unknown,184,135,5,10
T20,2021-11-13,Argentina,Canada,"Sir Vivian Richards Stadium, North Sound, Antigua",Argentina,bat,Canada,Unknown,109,115,10,1
T20,2016-01-31,Hong Kong,Scotland,"Mission Road Ground, Mong Kok",Hong Kong,field,Scotland,Unknown,124,161,10,9
T20,2022-05-17,Zimbabwe,Namibia,"Queens Sports Club, Bulawayo",Zimbabwe,bat,Zimbabwe,Unknown,153,146,4,5
T20,2022-08-17,Kuwait,Bahrain,Al Amerat Cricket Ground Oman Cricket (Ministry Turf 1),Bahrain,field,Kuwait,Unknown,186,84,7,10
T20,2024-12-16,Belize,Suriname,"St Albans Club, Buenos Aires",Belize,bat,Suriname,Unknown,98,99,10,6
T20,2020-02-25,Saudi Arabia,United Arab Emirates,Al Amerat Cricket Ground Oman Cricket (Ministry Turf 2),United Arab Emirates,bat,United Arab Emirates,Unknown,138,150,7,10
T20,2026-07-14,Hungary,Belgium,"Svanholm Park, Brondby",Hungary,bat,Belgium,Unknown,77,78,10,0
T20,2025-04-25,Thailand,Malaysia,"Bayuemas Oval, Kuala Lumpur",Malaysia,field,Malaysia,Unknown,92,93,10,3
T20,2019-06-25,Netherlands,Zimbabwe,Hazelaarweg,Netherlands,bat,tie,tie,161,170,9,10
T20,2026-04-13,Sweden,Indonesia,Udayana Cricket Ground,Sweden,bat,Sweden,Unknown,166,148,8,10
T20,2007-01-09,Australia,England,Sydney Cricket Ground,Australia,bat,Australia,Unknown,221,144,5,9
T20,2019-10-07,Nepal,Netherlands,Al Amerat Cricket Ground Oman Cricket (Ministry Turf 1),Nepal,field,Nepal,Unknown,134,133,6,10
T20,2019-10-22,United Arab Emirates,Jersey,Tolerance Oval,Jersey,bat,Jersey,Unknown,112,147,10,10
T20,2026-06-13,Sri Lanka,West Indies,"Sabina Park, Kingston, Jamaica",West Indies,field,Sri Lanka,Unknown,194,157,6,10
T20,2020-12-01,South Africa,England,Newlands,South Africa,bat,England,Unknown,191,192,3,1
T20,2023-10-31,Bahrain,Hong Kong,Mulpani Cricket Ground,Hong Kong,field,Bahrain,Unknown,146,126,10,10
T20,2024-12-16,United Arab Emirates,Kuwait,"ICC Academy, Dubai",United Arab Emirates,bat,United Arab Emirates,Unknown,168,157,8,8
T20,2021-09-01,Ireland,Zimbabwe,"Bready Cricket Club, Magheramason, Bready",Zimbabwe,field,Ireland,Unknown,178,138,2,10
T20,2024-06-13,Portugal,Israel,Roma Cricket Ground,Portugal,bat,Israel,Unknown,118,119,6,8
T20,2026-06-21,Belgium,Romania,"Moara Vlasiei Cricket Ground, Ilfov County",Belgium,bat,Belgium,Unknown,184,176,8,9
T20,2025-07-16,New Zealand,South Africa,Harare Sports Club,South Africa,field,New Zealand,Unknown,173,152,5,10
T20,2024-10-24,Rwanda,Seychelles,"Ruaraka Sports Club Ground, Nairobi",Rwanda,bat,Rwanda,Unknown,146,73,9,9
T20,2026-03-09,Mexico,Cayman Islands,"Jimmy Powell Oval, Cayman Islands",Mexico,bat,Cayman Islands,Unknown,94,95,9,1
T20,2024-02-13,West Indies,Australia,Perth Stadium,West Indies,bat,West Indies,Unknown,220,183,6,5
T20,2025-11-25,Bahrain,Malaysia,"Bayuemas Oval, Kuala Lumpur",Malaysia,field,Malaysia,Unknown,107,108,9,6
T20,2016-03-28,South Africa,Sri Lanka,Feroz Shah Kotla,South Africa,field,South Africa,Unknown,122,120,2,10
T20,2025-11-09,New Zealand,West Indies,"Saxton Oval, Nelson",New Zealand,bat,New Zealand,Unknown,177,168,9,10
T20,2021-09-16,Nigeria,Kenya,Entebbe Cricket Oval,Nigeria,bat,Nigeria,Unknown,133,107,5,5
T20,2024-10-28,Bahrain,Uganda,Jinja Cricket Ground,Uganda,field,Bahrain,Unknown,97,80,5,8
T20,2020-08-28,England,Pakistan,Old Trafford,Pakistan,field,no result,no result,131,0,6,0
T20,2022-09-19,Botswana,Mozambique,"Willowmoore Park, Benoni",Mozambique,field,Botswana,Unknown,185,93,6,10
T20,2024-04-17,Cambodia,United Arab Emirates,Al Amerat Cricket Ground Oman Cricket (Ministry Turf 1),Cambodia,bat,United Arab Emirates,Unknown,76,79,10,1
T20,2025-07-26,United Arab Emirates,Nigeria,Entebbe Cricket Oval,United Arab Emirates,bat,United Arab Emirates,Unknown,141,88,5,10
T20,2021-02-11,Pakistan,South Africa,Gaddafi Stadium,South Africa,field,Pakistan,Unknown,169,166,6,6
T20,2022-07-09,India,England,"Edgbaston, Birmingham",England,field,India,Unknown,170,121,8,10
T20,2023-11-26,India,Australia,"Greenfield International Stadium, Thiruvananthapuram",Australia,field,India,Unknown,235,191,4,9
T20,2021-10-21,Malta,Gibraltar,Marsa Sports Club,Malta,bat,Malta,Unknown,213,152,5,2
T20,2023-09-22,Oman,Kuwait,"West End Park International Cricket Stadium, Doha",Oman,bat,Oman,Unknown,171,103,6,9
T20,2021-07-28,West Indies,Pakistan,"Kensington Oval, Bridgetown, Barbados",Pakistan,field,no result,no result,85,0,6,0
T20,2009-06-15,England,West Indies,Kennington Oval,England,bat,West Indies,Unknown,161,82,6,5
T20,2021-08-06,France,Germany,Bayer Uerdingen Cricket Ground,Germany,field,Germany,Unknown,94,97,9,8
T20,2022-08-01,India,West Indies,"Warner Park, Basseterre, St Kitts",West Indies,field,West Indies,Unknown,138,141,10,5
T20,2022-05-12,Malta,Czech Republic,Marsa Sports Club,Czech Republic,field,Malta,Unknown,164,162,8,9
T20,2024-08-23,South Africa,West Indies,"Brian Lara Stadium, Tarouba, Trinidad",West Indies,field,West Indies,Unknown,174,176,7,3
T20,2025-10-31,Cyprus,Serbia,Happy Valley Ground 2,Cyprus,bat,Cyprus,Unknown,162,121,7,9
T20,2009-06-12,India,West Indies,Lord's,India,bat,West Indies,Unknown,153,156,7,3
T20,2025-02-21,Oman,United States of America,Al Amerat Cricket Ground Oman Cricket (Ministry Turf 1),United States of America,field,United States of America,Unknown,141,142,9,6
T20,2024-02-25,Australia,New Zealand,"Eden Park, Auckland",New Zealand,field,Australia,Unknown,118,98,4,3
T20,2026-04-09,Portugal,France,Santarem Cricket Ground,France,field,Portugal,Unknown,183,153,6,10
T20,2014-03-12,South Africa,Australia,Kingsmead,Australia,field,Australia,Unknown,80,81,1,5
T20,2025-11-12,Qatar,Hong Kong,"West End Park International Cricket Stadium, Doha",Qatar,bat,Qatar,Unknown,109,103,10,9
T20,2024-02-06,Maldives,Thailand,"Terdthai Cricket Ground, Bangkok",Maldives,bat,Thailand,Unknown,127,128,7,2
T20,2008-10-13,Pakistan,Sri Lanka,Maple Leaf North-West Ground,Sri Lanka,field,Sri Lanka,Unknown,132,133,7,5
T20,2024-06-18,Estonia,Cyprus,Happy Valley Ground,Estonia,bat,Estonia,Unknown,144,118,10,10
T20,2015-07-09,Scotland,United Arab Emirates,"Grange Cricket Club Ground, Raeburn Place",Scotland,field,Scotland,Unknown,110,109,1,10
T20,2013-03-03,South Africa,Pakistan,SuperSport Park,Pakistan,bat,Pakistan,Unknown,100,195,10,7
T20,2025-09-13,Bangladesh,Sri Lanka,"Zayed Cricket Stadium, Abu Dhabi",Sri Lanka,field,Sri Lanka,Unknown,139,140,5,4
T20,2018-05-31,West Indies,ICC World XI,Lord's,ICC World XI,field,West Indies,Unknown,199,127,4,9
T20,2021-12-22,United States of America,Ireland,"Central Broward Regional Park Stadium Turf Ground, Lauderhill",United States of America,bat,United States of America,Unknown,188,162,6,6
T20,2019-10-26,Ireland,Nigeria,Sheikh Zayed Stadium,Nigeria,bat,Ireland,Unknown,67,66,2,9
T20,2024-01-27,Myanmar,Cambodia,"Terdthai Cricket Ground, Bangkok",Cambodia,field,Cambodia,Unknown,72,74,8,3
T20,2022-07-07,Bhutan,Maldives,"UKM-YSD Cricket Oval, Bangi",Maldives,field,Bhutan,Unknown,110,108,7,10
T20,2026-03-12,Suriname,Argentina,"Jimmy Powell Oval, Cayman Islands",Suriname,bat,Argentina,Unknown,107,109,7,3
T20,2024-08-21,Samoa,Fiji,"Faleata Oval No 2, Apia",Fiji,field,Samoa,Unknown,183,110,5,10
T20,2021-08-21,Sweden,Finland,Kerava National Cricket Ground,Sweden,bat,Finland,Unknown,141,142,8,6
T20,2026-06-25,Panama,Bermuda,"White Hill Field, Sandys Parish",Panama,bat,Bermuda,Unknown,69,73,10,0
T20,2022-09-21,Botswana,Tanzania,"Willowmoore Park, Benoni",Tanzania,field,Tanzania,Unknown,146,149,7,6
T20,2009-06-08,Bangladesh,Ireland,Trent Bridge,Ireland,field,Ireland,Unknown,137,138,8,4
T20,2016-04-03,England,West Indies,Eden Gardens,West Indies,field,West Indies,Unknown,155,161,9,6
T20,2023-09-30,Panama,Cayman Islands,"White Hill Field, Sandys Parish",Panama,bat,Cayman Islands,Unknown,85,88,8,3
T20,2022-04-30,Guernsey,Spain,"Desert Springs Cricket Ground, Almeria",Guernsey,bat,Spain,Unknown,78,80,10,2
T20,2022-10-20,United Arab Emirates,Namibia,"GMHBA Stadium, South Geelong, Victoria",United Arab Emirates,bat,United Arab Emirates,Unknown,148,141,3,8
T20,2021-09-19,Scotland,Zimbabwe,"Grange Cricket Club Ground, Raeburn Place, Edinburgh",Scotland,bat,Zimbabwe,Unknown,177,180,4,4
T20,2017-10-26,Sri Lanka,Pakistan,Sheikh Zayed Stadium,Pakistan,field,Pakistan,Unknown,102,103,10,3
T20,2021-08-03,West Indies,Pakistan,"Providence Stadium, Guyana",Pakistan,field,no result,no result,30,0,0,0
T20,2025-10-15,United Arab Emirates,Samoa,Al Amerat Cricket Ground Oman Cricket (Ministry Turf 1),Samoa,field,United Arab Emirates,Unknown,225,148,4,8
T20,2024-08-04,Spain,Croatia,"Mladost Cricket Ground, Zagreb",Croatia,field,Spain,Unknown,205,65,5,10
T20,2025-07-21,Uganda,Kenya,Entebbe Cricket Oval,Uganda,bat,Uganda,Unknown,157,129,5,7
T20,2025-10-17,Japan,Oman,Al Amerat Cricket Ground Oman Cricket (Ministry Turf 2),Oman,field,Oman,Unknown,103,107,10,1
T20,2023-05-04,Portugal,Malta,Europa Sports Complex,Malta,field,Portugal,Unknown,160,76,6,10
T20,2015-09-29,Zimbabwe,Pakistan,Harare Sports Club,Pakistan,bat,Pakistan,Unknown,121,136,7,6
T20,2024-12-16,Bermuda,Cayman Islands,"St Albans Club, Buenos Aires",Bermuda,bat,Bermuda,Unknown,139,126,6,9
T20,2024-10-04,Japan,South Korea,"Yeonhui Cricket Ground, Incheon",Japan,bat,Japan,Unknown,155,47,7,10
T20,2025-08-08,Cyprus,Croatia,"Mladost Cricket Ground, Zagreb",Cyprus,bat,Cyprus,Unknown,193,141,6,10
T20,2007-09-19,England,India,Kingsmead,India,bat,India,Unknown,200,218,6,4
T20,2017-09-16,West Indies,England,Riverside Ground,England,field,West Indies,Unknown,176,155,9,10
T20,2018-06-12,Pakistan,Scotland,"Grange Cricket Club, Raeburn Place",Pakistan,bat,Pakistan,Unknown,204,156,4,6
T20,2022-07-04,Portugal,Denmark,"Royal Brussels Cricket Club Ground, Waterloo",Portugal,bat,Denmark,Unknown,110,111,9,1
T20,2026-09-09,Uganda,Sierra Leone,"Gahanga B Ground, Rwanda",Uganda,bat,Uganda,Unknown,250,136,3,4
T20,2023-07-30,Bhutan,China,"Bayuemas Oval, Kuala Lumpur",Bhutan,bat,Bhutan,Unknown,161,48,4,10
T20,2015-11-21,Hong Kong,Oman,Sheikh Zayed Stadium,Oman,field,Oman,Unknown,106,107,9,4
T20,2022-11-05,Germany,Spain,"Desert Springs Cricket Ground, Almeria",Spain,field,Germany,Unknown,131,95,7,10
T20,2025-04-17,Panama,Turks and Caicos Island,"Clayton Panama, Panama City",Panama,bat,Panama,Unknown,145,96,10,10
T20,2025-08-17,Sweden,Hungary,"Stubberudmyra Cricket Ground, Oslo",Hungary,field,Sweden,Unknown,204,125,5,8
T20,2019-03-23,Papua New Guinea,Philippines,Amini Park,Papua New Guinea,bat,no result,no result,205,11,2,2
T20,2026-07-12,Serbia,Gibraltar,Koge Cricket Club,Gibraltar,field,Gibraltar,Unknown,139,143,8,8
T20,2022-07-09,Austria,Luxembourg,"Scott Page Field, Vinor",Luxembourg,field,Austria,Unknown,115,84,3,4
T20,2024-12-13,Bahrain,United Arab Emirates,"ICC Academy, Dubai",Bahrain,bat,United Arab Emirates,Unknown,113,117,8,2
T20,2024-12-14,Oman,Qatar,"ICC Academy, Dubai",Qatar,field,Oman,Unknown,204,169,5,8
T20,2023-09-24,Hong Kong,Papua New Guinea,"Bayuemas Oval, Kuala Lumpur",Papua New Guinea,field,Papua New Guinea,Unknown,89,90,9,9
T20,2014-03-17,Ireland,Zimbabwe,Sylhet Stadium,Ireland,field,Ireland,Unknown,164,163,7,5
T20,2024-06-16,Ireland,Pakistan,"Central Broward Regional Park Stadium Turf Ground, Lauderhill",Pakistan,field,Pakistan,Unknown,106,111,9,7
T20,2025-10-30,Panama,Mexico,"Sao Fernando Polo and Cricket Club, Campo Sede",Mexico,field,no result,no result,40,0,6,0
T20,2026-01-25,New Zealand,India,"Barsapara Cricket Stadium, Guwahati",India,field,India,Unknown,153,155,9,2
T20,2008-12-28,New Zealand,West Indies,Seddon Park,New Zealand,bat,New Zealand,Unknown,191,155,9,7
T20,2024-07-06,Zimbabwe,India,Harare Sports Club,India,field,Zimbabwe,Unknown,115,102,9,10
T20,2026-08-14,Germany,Czech Republic,Tikkurila Cricket Ground,Germany,bat,Germany,Unknown,221,160,5,7
T20,2025-11-01,Bulgaria,Serbia,Happy Valley Ground 2,Serbia,field,Bulgaria,Unknown,211,142,6,5
T20,2022-12-02,Sierra Leone,Nigeria,Gahanga International Cricket Stadium. Rwanda,Nigeria,field,Nigeria,Unknown,62,63,10,4
T20,2025-11-21,Indonesia,Bahrain,Udayana Cricket Ground,Bahrain,field,Bahrain,Unknown,97,99,6,3
T20,2013-11-13,Pakistan,South Africa,Dubai International Cricket Stadium,Pakistan,bat,South Africa,Unknown,98,99,9,1
T20,2016-02-24,India,Bangladesh,Shere Bangla National Stadium,Bangladesh,field,India,Unknown,166,121,6,7
T20,2024-04-17,Malaysia,Hong Kong,Al Amerat Cricket Ground Oman Cricket (Ministry Turf 1),Hong Kong,field,Hong Kong,Unknown,140,144,9,3
T20,2022-12-15,Uganda,Rwanda,"Gahanga International Cricket Stadium, Rwanda",Uganda,bat,Uganda,Unknown,168,35,9,9
T20,2019-07-22,Kuwait,Malaysia,Indian Association Ground,Malaysia,bat,Malaysia,Unknown,120,162,10,10
T20,2024-09-24,Cameroon,Tanzania,"Gymkhana Club Ground, Dar-es-Salaam",Cameroon,bat,Tanzania,Unknown,37,38,10,1
T20,2026-06-04,Lesotho,Eswatini,Malkerns Country Club oval,Lesotho,bat,Eswatini,Unknown,91,93,10,3
T20,2022-06-28,Malaysia,Singapore,"Indian Association Ground, Singapore",Singapore,field,Singapore,Unknown,137,138,7,6
T20,2014-03-24,Netherlands,Sri Lanka,Zahur Ahmed Chowdhury Stadium,Sri Lanka,field,Sri Lanka,Unknown,39,40,10,1
T20,2022-10-18,Sri Lanka,United Arab Emirates,"GMHBA Stadium, South Geelong, Victoria",United Arab Emirates,field,Sri Lanka,Unknown,152,73,8,10
T20,2025-05-30,Belgium,Portugal,"Stars Arena Hofstade, Zemst",Belgium,bat,Portugal,Unknown,162,164,10,5
T20,2023-01-07,India,Sri Lanka,"Saurashtra Cricket Association Stadium, Rajkot",India,bat,India,Unknown,228,137,5,10
T20,2024-05-03,Zimbabwe,Bangladesh,"Zahur Ahmed Chowdhury Stadium, Chattogram",Bangladesh,field,Bangladesh,Unknown,124,126,10,2
T20,2024-03-21,Namibia,Uganda,"Achimota Senior Secondary School A Field, Accra",Namibia,bat,Namibia,Unknown,111,87,7,9
T20,2021-11-05,New Zealand,Namibia,Sharjah Cricket Stadium,Namibia,field,New Zealand,Unknown,163,111,4,7
T20,2025-07-07,Malawi,Bahrain,"TCA Oval, Blantyre",Malawi,bat,Bahrain,Unknown,109,111,9,3
T20,2017-10-07,Australia,India,JSCA International Stadium Complex,India,field,India,Unknown,118,49,8,1
T20,2026-07-12,Belgium,Romania,Koge Cricket Club,Romania,field,Romania,Unknown,107,108,10,8
T20,2026-04-11,Indonesia,Sweden,Udayana Cricket Ground,Sweden,field,Sweden,Unknown,165,166,5,5
T20,2021-05-23,Austria,Luxembourg,"Scott Page Field, Vinor",Austria,bat,Luxembourg,Unknown,179,180,5,5
T20,2021-09-05,New Zealand,Bangladesh,"Shere Bangla National Stadium, Mirpur",New Zealand,bat,New Zealand,Unknown,128,76,5,10
T20,2010-05-23,New Zealand,Sri Lanka,Central Broward Regional Park Stadium Turf Ground,New Zealand,bat,Sri Lanka,Unknown,81,82,10,3
T20,2024-11-18,Pakistan,Australia,"Bellerive Oval, Hobart",Pakistan,bat,Australia,Unknown,117,118,10,3
T20,2026-05-12,Philippines,South Korea,Sano International Cricket Ground 2,Philippines,bat,Philippines,Unknown,163,140,4,8
T20,2022-06-29,Portugal,Malta,"Meersen, Gent",Portugal,bat,Portugal,Unknown,154,143,8,8
T20,2022-08-29,Kenya,Nepal,"Gymkhana Club Ground, Nairobi",Kenya,bat,Kenya,Unknown,101,94,10,9
T20,2024-06-11,Namibia,Australia,"Sir Vivian Richards Stadium, North Sound, Antigua",Australia,field,Australia,Unknown,72,74,10,1
T20,2021-11-20,Kenya,Uganda,Gahanga International Cricket Stadium. Rwanda,Kenya,bat,Uganda,Unknown,123,118,3,4
T20,2015-11-27,England,Pakistan,Dubai International Cricket Stadium,England,bat,England,Unknown,172,169,8,8
T20,2014-03-19,Ireland,United Arab Emirates,Sylhet Stadium,Ireland,field,Ireland,Unknown,103,123,4,6
T20,2024-04-02,Oman,Namibia,Al Amerat Cricket Ground Oman Cricket (Ministry Turf 1),Oman,bat,Oman,Unknown,137,131,7,9
T20,2019-08-22,United States of America,Bermuda,Bermuda National Stadium,Bermuda,field,Bermuda,Unknown,141,142,9,6
T20,2025-06-29,Hungary,France,"Moara Vlasiei Cricket Ground, Ilfov County",France,field,Hungary,Unknown,149,97,10,10
T20,2019-12-07,Bhutan,Maldives,Tribhuvan University International Cricket Ground,Maldives,field,Maldives,Unknown,117,118,7,2
T20,2018-07-02,Pakistan,Australia,Harare Sports Club,Australia,field,Australia,Unknown,116,117,10,1
T20,2020-02-26,South Africa,Australia,Newlands,South Africa,field,Australia,Unknown,96,193,10,5
T20,2021-11-13,Belize,Bermuda,"Sir Vivian Richards Stadium, North Sound, Antigua",Belize,bat,Bermuda,Unknown,85,89,10,3
T20,2014-03-17,Netherlands,United Arab Emirates,Sylhet Stadium,United Arab Emirates,bat,Netherlands,Unknown,152,151,4,10
T20,2025-09-23,Sri Lanka,Pakistan,"Zayed Cricket Stadium, Abu Dhabi",Pakistan,field,Pakistan,Unknown,133,138,8,5
T20,2019-10-23,Bermuda,Namibia,ICC Academy Ground No 2,Namibia,field,Namibia,Unknown,106,111,9,4
T20,2022-05-22,Zimbabwe,Namibia,"Queens Sports Club, Bulawayo",Namibia,field,Namibia,Unknown,157,161,8,4
T20,2024-09-06,Maldives,Mongolia,"Bayuemas Oval, Kuala Lumpur",Maldives,bat,Maldives,Unknown,178,61,6,10
T20,2022-02-21,Canada,Nepal,Al Amerat Cricket Ground Oman Cricket (Ministry Turf 1),Canada,bat,Nepal,Unknown,80,81,10,2
T20,2014-02-02,Australia,England,Stadium Australia,Australia,bat,Australia,Unknown,195,111,6,10
T20,2023-10-12,Nigeria,Sierra Leone,"Tafawa Balewa Square Cricket Oval, Lagos",Sierra Leone,field,Nigeria,Unknown,106,53,10,10
T20,2024-12-04,Rwanda,Nigeria,"Gahanga International Cricket Stadium, Rwanda",Rwanda,bat,Nigeria,Unknown,138,92,10,4
T20,2026-07-01,Sweden,Portugal,"Botkyrka Cricket Center, Stockholm",Sweden,bat,Portugal,Unknown,143,144,9,3
T20,2026-08-21,Germany,Finland,Kerava National Cricket Ground,Germany,bat,Germany,Unknown,144,76,7,10
T20,2026-06-18,Denmark,Germany,"Svanholm Park, Brondby",Denmark,bat,Germany,Unknown,116,117,9,8
T20,2024-11-26,St Helena,Sierra Leone,"Nigeria Cricket Federation Oval 1, Abuja",Sierra Leone,field,Sierra Leone,Unknown,135,141,5,6
T20,2023-10-05,Rwanda,Ghana,"Tafawa Balewa Square Cricket Oval, Lagos",Rwanda,bat,tie,tie,124,127,9,11
T20,2016-03-02,Bangladesh,Pakistan,Shere Bangla National Stadium,Pakistan,bat,Bangladesh,Unknown,131,129,5,7
T20,2024-04-15,United Arab Emirates,Oman,Al Amerat Cricket Ground Oman Cricket (Ministry Turf 1),Oman,field,Oman,Unknown,142,147,5,1
T20,2026-06-04,Mozambique,Lesotho,Malkerns Country Club oval,Lesotho,field,Mozambique,Unknown,200,178,5,3
T20,2021-11-18,Tanzania,Kenya,Gahanga International Cricket Stadium. Rwanda,Tanzania,bat,Kenya,Unknown,101,104,10,3
T20,2022-10-17,Zimbabwe,Ireland,"Bellerive Oval, Hobart",Ireland,field,Zimbabwe,Unknown,174,143,7,9
T20,2023-12-07,Ireland,Zimbabwe,Harare Sports Club,Zimbabwe,field,Zimbabwe,Unknown,147,148,8,9
T20,2024-03-20,Tanzania,Namibia,"Achimota Senior Secondary School B Field, Accra",Tanzania,bat,Namibia,Unknown,71,72,9,3
T20,2022-06-12,India,South Africa,"Barabati Stadium, Cuttack",South Africa,field,South Africa,Unknown,148,149,6,6
T20,2023-07-25,Italy,Denmark,"Grange Cricket Club Ground, Raeburn Place, Edinburgh",Denmark,field,Italy,Unknown,150,124,8,10
T20,2019-03-24,Papua New Guinea,Vanuatu,Amini Park,Vanuatu,bat,Papua New Guinea,Unknown,60,56,0,8
T20,2026-06-26,Czech Republic,Luxembourg,"Scott Page Field, Vinor",Luxembourg,field,Luxembourg,Unknown,164,168,8,8
T20,2022-02-19,Ireland,Bahrain,Al Amerat Cricket Ground Oman Cricket (Ministry Turf 2),Ireland,bat,Ireland,Unknown,158,137,5,5
T20,2024-12-10,South Africa,Pakistan,"Kingsmead, Durban",South Africa,bat,South Africa,Unknown,183,172,9,8
T20,2024-02-09,Singapore,Cambodia,"Terdthai Cricket Ground, Bangkok",Singapore,bat,Cambodia,Unknown,109,113,10,4
T20,2014-01-15,New Zealand,West Indies,Westpac Stadium,West Indies,bat,New Zealand,Unknown,163,159,6,5
T20,2024-12-13,Saudi Arabia,Kuwait,"ICC Academy, Dubai",Kuwait,field,Kuwait,Unknown,136,140,10,4
T20,2019-06-19,Denmark,Germany,King George V Sports Ground,Germany,field,Germany,Unknown,109,110,8,3
T20,2022-12-04,Nigeria,Eswatini,Integrated Polytechnic Regional Centre,Eswatini,field,Nigeria,Unknown,221,103,7,9
T20,2022-06-11,Austria,Sweden,Bayer Uerdingen Cricket Ground,Sweden,field,Austria,Unknown,133,132,7,6
T20,2024-09-05,Myanmar,Maldives,"Bayuemas Oval, Kuala Lumpur",Myanmar,bat,Maldives,Unknown,51,52,10,1
T20,2018-03-12,Sri Lanka,India,"R.Premadasa Stadium, Khettarama",India,field,India,Unknown,152,153,9,4
T20,2022-09-27,Bangladesh,United Arab Emirates,Dubai International Cricket Stadium,United Arab Emirates,field,Bangladesh,Unknown,169,137,5,5
T20,2024-02-16,Thailand,Saudi Arabia,"Terdthai Cricket Ground, Bangkok",Saudi Arabia,field,Saudi Arabia,Unknown,104,108,9,2
T20,2025-07-11,Gibraltar,Bulgaria,"Vassil Levski National Sports Academy, Sofia",Bulgaria,field,Bulgaria,Unknown,243,244,7,4
T20,2025-12-24,Bhutan,Myanmar,Gelephu International Cricket Ground,Myanmar,field,Bhutan,Unknown,216,96,8,8
T20,2019-11-02,Ireland,Namibia,Dubai International Cricket Stadium,Ireland,bat,Ireland,Unknown,135,108,10,10
T20,2017-01-20,Ireland,Scotland,Dubai International Cricket Stadium,Scotland,field,Ireland,Unknown,211,113,6,10
T20,2024-06-09,India,Pakistan,"Nassau County International Cricket Stadium, New York",Pakistan,field,India,Unknown,119,113,10,7
T20,2024-05-11,Belgium,France,Dreux Sport Cricket Club,Belgium,bat,France,Unknown,112,114,10,3
T20,2025-09-28,Namibia,Nigeria,Harare Sports Club,Nigeria,field,Namibia,Unknown,235,118,6,9
T20,2022-09-15,Fiji,Samoa,"Independence Park, Port Vila",Samoa,field,Fiji,Unknown,147,117,10,10
T20,2021-10-09,Scotland,Namibia,"ICC Academy, Dubai",Namibia,field,Namibia,Unknown,137,138,8,5
T20,2019-10-07,Hong Kong,Ireland,Al Amerat Cricket Ground Oman Cricket (Ministry Turf 1),Ireland,bat,Ireland,Unknown,142,208,9,5
T20,2016-01-22,Bangladesh,Zimbabwe,Sheikh Abu Naser Stadium,Zimbabwe,bat,Zimbabwe,Unknown,162,180,10,4
T20,2023-10-07,Rwanda,Nigeria,"Tafawa Balewa Square Cricket Oval, Lagos",Nigeria,field,Nigeria,Unknown,95,101,9,4
T20,2026-06-22,Belize,Bermuda,"White Hill Field, Sandys Parish",Bermuda,field,Bermuda,Unknown,45,48,7,0
T20,2014-03-16,Hong Kong,Nepal,Zahur Ahmed Chowdhury Stadium,Hong Kong,field,Nepal,Unknown,69,149,10,8
T20,2026-05-09,Gibraltar,Malta,Marsa Sports Club,Gibraltar,bat,Malta,Unknown,143,146,7,3
T20,2026-07-26,Turkey,Romania,"Moara Vlasiei Cricket Ground, Ilfov County",Turkey,bat,Romania,Unknown,103,104,9,0
T20,2025-10-31,India,Australia,Melbourne Cricket Ground,Australia,field,Australia,Unknown,125,126,10,6
T20,2022-07-16,Italy,Croatia,Kerava National Cricket Ground,Italy,bat,Italy,Unknown,210,44,5,7
T20,2022-02-24,Ireland,United Arab Emirates,Al Amerat Cricket Ground Oman Cricket (Ministry Turf 1),Ireland,bat,United Arab Emirates,Unknown,159,160,10,3
T20,2023-07-29,Japan,Papua New Guinea,"Amini Park, Port Moresby",Japan,bat,Papua New Guinea,Unknown,106,109,8,4
T20,2025-06-14,Denmark,Norway,Koge Cricket Club,Denmark,bat,Norway,Unknown,180,181,7,1
T20,2024-06-27,India,England,"Providence Stadium, Guyana",England,field,India,Unknown,171,103,7,10
T20,2026-04-21,United Arab Emirates,Nepal,"Tribhuvan University International Cricket Ground, Kirtipur",Nepal,field,Nepal,Unknown,128,129,8,2
T20,2025-07-05,Malawi,Germany,"TCA Oval, Blantyre",Germany,field,Germany,Unknown,144,145,8,5
T20,2016-09-06,Sri Lanka,Australia,Pallekele International Cricket Stadium,Sri Lanka,field,Australia,Unknown,178,263,9,3
T20,2025-04-27,Canada,United States of America,"Jimmy Powell Oval, Cayman Islands",Canada,bat,United States of America,Unknown,168,169,9,4
T20,2023-11-24,Nigeria,Rwanda,"Wanderers Cricket Ground, Windhoek",Rwanda,field,no result,no result,33,0,2,0
T20,2024-06-13,Turkey,Italy,"Simar Cricket Ground, Rome",Turkey,bat,Italy,Unknown,86,90,10,1
T20,2020-08-30,Belgium,Luxembourg,Pierre Werner Cricket Ground,Belgium,bat,Belgium,Unknown,184,135,8,3
T20,2022-08-06,India,West Indies,"Central Broward Regional Park Stadium Turf Ground, Lauderhill",West Indies,field,India,Unknown,191,132,5,10
T20,2014-07-06,West Indies,New Zealand,"Windsor Park, Roseau",New Zealand,field,West Indies,Unknown,165,126,6,10
T20,2015-07-17,Nepal,Papua New Guinea,"The Village, Malahide",Papua New Guinea,field,Papua New Guinea,Unknown,93,99,10,2
T20,2007-09-16,India,New Zealand,New Wanderers Stadium,India,field,New Zealand,Unknown,180,190,9,10
T20,2021-03-07,Sri Lanka,West Indies,"Coolidge Cricket Ground, Antigua",Sri Lanka,bat,West Indies,Unknown,131,134,4,7
T20,2025-07-10,Bulgaria,Gibraltar,"Vassil Levski National Sports Academy, Sofia",Gibraltar,field,Gibraltar,Unknown,217,222,6,4
T20,2026-03-08,Bahrain,Malaysia,"Bayuemas Oval, Kuala Lumpur",Bahrain,bat,Bahrain,Unknown,130,128,7,10
T20,2022-08-20,Hong Kong,Singapore,Al Amerat Cricket Ground Oman Cricket (Ministry Turf 1),Singapore,field,Hong Kong,Unknown,148,140,9,7
T20,2023-03-02,Argentina,Bahamas,"St Albans Club, Buenos Aires",Argentina,bat,Argentina,Unknown,117,74,7,10
T20,2025-02-25,Zimbabwe,Ireland,Harare Sports Club,Ireland,field,no result,no result,142,0,6,0
T20,2022-09-10,Samoa,Vanuatu,"Independence Park, Port Vila",Samoa,bat,Vanuatu,Unknown,122,123,9,1
T20,2025-07-18,Rwanda,Bahrain,"Gahanga International Cricket Stadium, Rwanda",Bahrain,field,Bahrain,Unknown,102,105,10,2
T20,2016-02-19,South Africa,England,Newlands,South Africa,field,South Africa,Unknown,135,134,7,8
T20,2021-10-20,Netherlands,Namibia,"Zayed Cricket Stadium, Abu Dhabi",Namibia,field,Namibia,Unknown,164,166,4,4
T20,2022-09-21,Kenya,Uganda,"Willowmoore Park, Benoni",Uganda,field,Uganda,Unknown,105,107,8,7
T20,2026-08-14,Luxembourg,Isle of Man,Kerava National Cricket Ground,Isle of Man,field,Isle of Man,Unknown,116,118,10,2
T20,2024-04-12,Kuwait,United Arab Emirates,Al Amerat Cricket Ground Oman Cricket (Ministry Turf 2),United Arab Emirates,field,United Arab Emirates,Unknown,178,179,8,3
T20,2013-07-28,West Indies,Pakistan,"Arnos Vale Ground, Kingstown",Pakistan,bat,Pakistan,Unknown,124,135,9,7
T20,2025-07-25,Malawi,Bahrain,"Gahanga International Cricket Stadium, Rwanda",Malawi,bat,Bahrain,Unknown,113,114,9,2
T20,2025-09-03,Bangladesh,Netherlands,Sylhet International Cricket Stadium,Netherlands,field,no result,no result,164,0,4,0
T20,2022-11-15,Canada,Saudi Arabia,Al Amerat Cricket Ground Oman Cricket (Ministry Turf 1),Saudi Arabia,field,Canada,Unknown,194,128,5,8
T20,2025-10-15,Japan,Qatar,Al Amerat Cricket Ground Oman Cricket (Ministry Turf 2),Qatar,field,Qatar,Unknown,139,140,4,7
T20,2012-09-10,Australia,Pakistan,Dubai International Cricket Stadium,Pakistan,field,Australia,Unknown,168,74,7,10
T20,2016-03-26,England,Sri Lanka,Feroz Shah Kotla,Sri Lanka,field,England,Unknown,171,161,4,8
T20,2025-07-26,Romania,Luxembourg,"GB Oval, Szodliget",Luxembourg,field,Romania,Unknown,178,133,6,10
T20,2023-01-03,India,Sri Lanka,"Wankhede Stadium, Mumbai",Sri Lanka,field,India,Unknown,162,160,5,10
T20,2024-03-06,Tanzania,Kuwait,"Bayuemas Oval, Kuala Lumpur",Tanzania,bat,Kuwait,Unknown,97,103,7,5
T20,2024-11-26,Eswatini,Nigeria,"Nigeria Cricket Federation Oval 1, Abuja",Eswatini,bat,Nigeria,Unknown,137,138,7,5
T20,2022-02-18,United Arab Emirates,Ireland,Al Amerat Cricket Ground Oman Cricket (Ministry Turf 1),United Arab Emirates,bat,United Arab Emirates,Unknown,157,139,5,9
T20,2020-02-16,South Africa,England,SuperSport Park,South Africa,bat,England,Unknown,222,226,6,5
T20,2024-05-06,Indonesia,Thailand,Udayana Cricket Ground,Indonesia,bat,Thailand,Unknown,117,122,8,4
T20,2024-11-25,Qatar,Bahrain,"West End Park International Cricket Stadium, Doha",Bahrain,field,Qatar,Unknown,185,172,2,9
T20,2024-07-30,India,Sri Lanka,Pallekele International Cricket Stadium,Sri Lanka,field,tie,tie,141,139,9,10
T20,2026-06-02,China,Malaysia,Singapore National Cricket Ground,Malaysia,field,Malaysia,Unknown,84,85,9,1
T20,2022-10-22,New Zealand,Australia,Sydney Cricket Ground,Australia,field,New Zealand,Unknown,200,111,3,10
T20,2022-12-06,Gambia,Tanzania,Gahanga International Cricket Stadium. Rwanda,Tanzania,field,Tanzania,Unknown,59,61,10,0
T20,2005-02-17,New Zealand,Australia,Eden Park,Australia,bat,Australia,Unknown,170,214,10,5
T20,2021-10-19,Swaziland,Uganda,Integrated Polytechnic Regional Centre,Swaziland,bat,Uganda,Unknown,72,76,10,4
T20,2023-06-11,Rwanda,Uganda,"Gymkhana Club Ground, Nairobi",Rwanda,bat,Uganda,Unknown,81,82,10,2
T20,2025-10-04,Kenya,Tanzania,Harare Sports Club,Tanzania,field,Kenya,Unknown,142,91,7,10
T20,2026-06-07,Malaysia,Hong Kong,Singapore National Cricket Ground,Hong Kong,field,Hong Kong,Unknown,114,120,9,4
T20,2025-12-11,Bahrain,Bhutan,Gelephu International Cricket Ground,Bhutan,field,Bahrain,Unknown,160,125,4,9
T20,2024-10-12,Brazil,Mexico,Sao Fernando Polo and Cricket Club,Mexico,field,Brazil,Unknown,132,125,10,10
T20,2023-10-03,Canada,Panama,"National Stadium, Hamilton",Canada,bat,Canada,Unknown,230,67,4,10
T20,2019-02-06,South Africa,Pakistan,SuperSport Park,South Africa,field,Pakistan,Unknown,141,168,9,9
T20,2022-02-18,India,West Indies,"Eden Gardens, Kolkata",West Indies,field,India,Unknown,186,178,5,3
T20,2012-12-28,India,Pakistan,"Sardar Patel Stadium, Motera",Pakistan,field,India,Unknown,192,181,5,7
T20,2022-10-24,Zimbabwe,South Africa,"Bellerive Oval, Hobart",Zimbabwe,bat,no result,no result,79,51,5,0
T20,2013-05-12,Zimbabwe,Bangladesh,Queens Sports Club,Bangladesh,bat,Bangladesh,Unknown,134,168,9,7
T20,2022-09-14,Samoa,Vanuatu,"Independence Park, Port Vila",Vanuatu,field,Vanuatu,Unknown,120,122,7,4
T20,2025-11-02,Cyprus,Bulgaria,Happy Valley Ground 2,Bulgaria,field,Cyprus,Unknown,179,115,3,8
T20,2019-08-25,Bermuda,Cayman Islands,"White Hill Field, Sandys Parish",Cayman Islands,bat,Bermuda,Unknown,115,114,4,10
T20,2008-02-07,New Zealand,England,Jade Stadium,England,bat,England,Unknown,143,193,8,8
T20,2023-10-08,Rwanda,Ghana,"Tafawa Balewa Square Cricket Oval, Lagos",Rwanda,bat,Rwanda,Unknown,107,60,5,10
T20,2025-06-27,Belgium,France,"Moara Vlasiei Cricket Ground, Ilfov County",Belgium,bat,Belgium,Unknown,178,162,8,10
T20,2024-06-15,Romania,Israel,"Simar Cricket Ground, Rome",Israel,field,Romania,Unknown,149,125,7,7
T20,2024-06-05,Papua New Guinea,Uganda,"Providence Stadium, Guyana",Uganda,field,Uganda,Unknown,77,78,10,7
T20,2014-04-01,Pakistan,West Indies,Shere Bangla National Stadium,West Indies,bat,West Indies,Unknown,82,166,10,6
T20,2025-07-23,Malaysia,Singapore,Singapore National Cricket Ground,Singapore,field,Malaysia,Unknown,209,144,7,7
T20,2025-05-30,Malta,Portugal,"Stars Arena Hofstade, Zemst",Portugal,field,Portugal,Unknown,120,121,10,2
T20,2025-03-02,Singapore,Bahrain,Singapore National Cricket Ground,Singapore,bat,Bahrain,Unknown,142,146,10,2
T20,2026-08-15,Greece,Czech Republic,Kerava National Cricket Ground,Greece,bat,Czech Republic,Unknown,147,148,9,4
T20,2024-03-05,Nepal,Netherlands,"Tribhuvan University International Cricket Ground, Kirtipur",Nepal,bat,Netherlands,Unknown,184,189,8,6
T20,2023-07-27,Malaysia,Bhutan,"Bayuemas Oval, Kuala Lumpur",Bhutan,field,Malaysia,Unknown,180,105,7,8
T20,2012-09-23,New Zealand,Pakistan,Pallekele International Cricket Stadium,Pakistan,bat,Pakistan,Unknown,164,177,9,6
T20,2022-11-21,Saudi Arabia,Bahrain,Al Amerat Cricket Ground Oman Cricket (Ministry Turf 1),Bahrain,field,Saudi Arabia,Unknown,155,123,8,6
T20,2012-09-23,England,India,R Premadasa Stadium,England,field,India,Unknown,80,170,10,4
T20,2024-11-22,Bahrain,Thailand,University of Doha for Science and Technology,Bahrain,bat,Thailand,Unknown,102,103,7,8
T20,2019-02-01,United Arab Emirates,Nepal,ICC Academy,United Arab Emirates,bat,Nepal,Unknown,107,111,10,6
T20,2011-10-16,South Africa,Australia,New Wanderers Stadium,Australia,bat,South Africa,Unknown,148,147,7,8
T20,2025-01-28,England,India,"Saurashtra Cricket Association Stadium, Rajkot",India,field,England,Unknown,171,145,9,9
T20,2022-07-27,New Zealand,Scotland,"Grange Cricket Club Ground, Raeburn Place, Edinburgh",Scotland,field,New Zealand,Unknown,225,157,5,8
T20,2026-02-17,Canada,New Zealand,"MA Chidambaram Stadium, Chepauk, Chennai",Canada,bat,New Zealand,Unknown,173,176,4,2
T20,2025-12-04,Sierra Leone,Rwanda,"Nigeria Cricket Federation Oval 1, Abuja",Rwanda,field,Rwanda,Unknown,47,48,10,3
T20,2025-07-18,Uganda,Nigeria,Entebbe Cricket Oval,Uganda,bat,Uganda,Unknown,180,85,4,5
T20,2026-05-09,Finland,Cyprus,Happy Valley Ground,Finland,bat,Finland,Unknown,163,25,10,10
T20,2022-11-14,Saudi Arabia,Oman,Al Amerat Cricket Ground Oman Cricket (Ministry Turf 1),Saudi Arabia,bat,Oman,Unknown,86,90,8,1
T20,2022-02-11,Australia,Sri Lanka,Sydney Cricket Ground,Sri Lanka,field,Australia,Unknown,149,122,9,8
T20,2026-08-12,Malawi,Rwanda,"TCA Oval, Blantyre",Rwanda,field,Rwanda,Unknown,112,113,8,5
T20,2024-08-22,Spain,Czech Republic,"Guernsey Rovers Athletic Club Ground, Port Soif",Czech Republic,field,Spain,Unknown,179,178,9,6
T20,2025-05-31,Austria,Switzerland,"Velden Cricket Ground, Latschach",Switzerland,field,Austria,Unknown,161,144,8,7
T20,2025-04-29,Singapore,Saudi Arabia,"Bayuemas Oval, Kuala Lumpur",Singapore,bat,Saudi Arabia,Unknown,112,115,8,3
T20,2025-11-02,Bulgaria,Cyprus,Happy Valley Ground 2,Cyprus,field,Cyprus,Unknown,123,124,10,7
T20,2025-05-30,Austria,Switzerland,"Velden Cricket Ground, Latschach",Austria,bat,Austria,Unknown,163,134,7,10
T20,2024-05-12,Bangladesh,Zimbabwe,"Shere Bangla National Stadium, Mirpur",Zimbabwe,field,Zimbabwe,Unknown,157,158,6,2
T20,2025-05-07,Malta,Estonia,Marsa Sports Club,Estonia,field,Malta,Unknown,229,128,8,10
T20,2023-07-20,Ireland,Italy,"Goldenacre, Edinburgh",Italy,field,Ireland,Unknown,158,151,8,9
T20,2023-10-30,Singapore,Nepal,"Tribhuvan University International Cricket Ground, Kirtipur",Singapore,bat,Nepal,Unknown,145,147,9,2
T20,2026-05-08,Gibraltar,Malta,Marsa Sports Club,Gibraltar,bat,Malta,Unknown,144,145,5,3
T20,2024-09-21,Mali,Tanzania,University of Dar-es-Salaam Ground,Tanzania,field,Tanzania,Unknown,18,19,10,0
T20,2023-06-11,Czech Republic,Hungary,"Scott Page Field, Vinor",Hungary,field,tie,tie,179,175,4,11
T20,2025-08-30,Guernsey,Switzerland,"King George V Sports Ground, Castel",Switzerland,field,no result,no result,154,16,4,1
T20,2023-02-01,India,New Zealand,"Narendra Modi Stadium, Ahmedabad",India,bat,India,Unknown,234,66,4,10
T20,2011-10-13,South Africa,Australia,Newlands,South Africa,bat,Australia,Unknown,146,147,7,5
T20,2019-08-21,Bermuda,Cayman Islands,"White Hill Field, Sandys Parish",Cayman Islands,bat,Bermuda,Unknown,117,116,4,9
T20,2024-11-16,Netherlands,Oman,Al Amerat Cricket Ground Oman Cricket (Ministry Turf 1),Oman,field,Netherlands,Unknown,147,118,9,9
T20,2021-10-20,Malawi,Seychelles,Gahanga International Cricket Stadium. Rwanda,Malawi,bat,Malawi,Unknown,142,121,2,10
T20,2020-11-30,West Indies,New Zealand,Bay Oval,New Zealand,field,no result,no result,25,0,1,0
T20,2019-10-27,Jersey,Oman,Sheikh Zayed Stadium,Oman,field,Jersey,Unknown,141,127,7,9
T20,2026-05-01,Austria,Germany,Bayer Uerdingen Cricket Ground,Germany,field,Germany,Unknown,163,165,7,6
T20,2021-10-22,Netherlands,Sri Lanka,Sharjah Cricket Stadium,Sri Lanka,field,Sri Lanka,Unknown,44,45,10,2
T20,2019-10-18,Scotland,Singapore,ICC Academy,Scotland,field,Singapore,Unknown,166,168,9,6
T20,2026-07-15,Zimbabwe,Bangladesh,"Queens Sports Club, Bulawayo",Bangladesh,field,Zimbabwe,Unknown,170,138,6,10
T20,2026-01-31,India,New Zealand,"Greenfield International Stadium, Thiruvananthapuram",India,bat,India,Unknown,271,225,5,10
T20,2024-03-18,Tanzania,Zimbabwe,"Achimota Senior Secondary School A Field, Accra",Tanzania,bat,Zimbabwe,Unknown,86,90,10,6
T20,2010-05-07,West Indies,Sri Lanka,"Kensington Oval, Bridgetown",Sri Lanka,bat,Sri Lanka,Unknown,138,195,8,3
T20,2021-12-14,Pakistan,West Indies,"National Stadium, Karachi",Pakistan,bat,Pakistan,Unknown,172,163,8,10
T20,2015-11-15,Bangladesh,Zimbabwe,Shere Bangla National Stadium,Bangladesh,bat,Zimbabwe,Unknown,135,136,9,7
T20,2015-07-11,Scotland,Netherlands,"Grange Cricket Club Ground, Raeburn Place",Netherlands,bat,Netherlands,Unknown,159,191,10,6
T20,2024-07-13,Slovenia,Sweden,Bayer Uerdingen Cricket Ground,Sweden,field,Sweden,Unknown,101,105,10,4
T20,2024-06-04,Scotland,England,"Kensington Oval, Bridgetown, Barbados",Scotland,bat,no result,no result,90,0,0,0
T20,2021-11-19,New Zealand,India,"JSCA International Stadium Complex, Ranchi",India,field,India,Unknown,153,155,6,3
T20,2023-07-31,Myanmar,China,"Bayuemas Oval, Kuala Lumpur",China,field,China,Unknown,77,78,8,5
T20,2016-02-09,Ireland,Papua New Guinea,Tony Ireland Stadium,Papua New Guinea,bat,Papua New Guinea,Unknown,105,116,10,8
T20,2021-09-02,Hungary,Czech Republic,"Moara Vlasiei Cricket Ground, Ilfov County",Czech Republic,field,Hungary,Unknown,165,160,6,7
T20,2023-03-11,Malaysia,Hong Kong,"Mission Road Ground, Mong Kok, Hong Kong",Hong Kong,field,Hong Kong,Unknown,95,98,10,6
T20,2026-02-27,Bahrain,Thailand,"Terdthai Cricket Ground, Bangkok",Thailand,field,Bahrain,Unknown,126,114,7,10
T20,2023-07-15,Malta,Switzerland,Marsa Sports Club,Switzerland,field,Switzerland,Unknown,156,157,9,4
T20,2023-08-13,India,West Indies,"Central Broward Regional Park Stadium Turf Ground, Lauderhill",India,bat,West Indies,Unknown,165,171,9,2
T20,2021-10-20,Italy,Jersey,"Desert Springs Cricket Ground, Almeria",Jersey,field,Jersey,Unknown,100,104,8,2
T20,2019-02-03,South Africa,Pakistan,The Wanderers Stadium,Pakistan,field,South Africa,Unknown,188,181,3,7
T20,2025-03-18,Pakistan,New Zealand,"University Oval, Dunedin",New Zealand,field,New Zealand,Unknown,135,137,9,5
T20,2026-07-08,Serbia,Romania,Koge Cricket Club,Romania,field,Romania,Unknown,136,140,5,2
T20,2009-09-04,Sri Lanka,New Zealand,R Premadasa Stadium,New Zealand,bat,New Zealand,Unknown,148,170,8,4
T20,2025-07-13,Germany,Malawi,"TCA Oval, Blantyre",Germany,bat,Germany,Unknown,219,182,7,7
T20,2026-05-03,Austria,Germany,Bayer Uerdingen Cricket Ground,Austria,bat,Germany,Unknown,213,216,9,5
T20,2024-06-04,Nepal,Netherlands,"Grand Prairie Stadium, Dallas",Netherlands,field,Netherlands,Unknown,106,109,10,4
T20,2021-10-18,Namibia,Sri Lanka,"Zayed Cricket Stadium, Abu Dhabi",Sri Lanka,field,Sri Lanka,Unknown,96,100,10,3
T20,2024-06-09,France,Isle of Man,Roma Cricket Ground,Isle of Man,field,France,Unknown,149,133,8,6
T20,2014-03-24,New Zealand,South Africa,Zahur Ahmed Chowdhury Stadium,New Zealand,field,South Africa,Unknown,168,170,8,6
T20,2026-05-14,Fiji,Philippines,Sano International Cricket Ground 2,Fiji,bat,Philippines,Unknown,116,117,10,6
T20,2024-06-23,West Indies,South Africa,"Sir Vivian Richards Stadium, North Sound, Antigua",South Africa,field,South Africa,Unknown,135,124,8,7
T20,2026-07-09,India,England,"County Ground, Bristol",India,bat,England,Unknown,158,159,7,1
T20,2023-12-16,West Indies,England,"National Cricket Stadium, St George's, Grenada",England,field,England,Unknown,222,226,6,3
T20,2019-06-16,Jersey,Norway,King George V Sports Ground,Jersey,bat,Jersey,Unknown,160,80,5,10
T20,2016-03-25,Australia,Pakistan,"Punjab Cricket Association IS Bindra Stadium, Mohali",Australia,bat,Australia,Unknown,193,172,4,8
T20,2023-07-28,Jersey,Denmark,"Goldenacre, Edinburgh",Denmark,field,Jersey,Unknown,159,131,10,7
T20,2011-08-31,England,India,Old Trafford,India,bat,England,Unknown,169,165,4,10
T20,2026-01-27,West Indies,South Africa,"Boland Park, Paarl",South Africa,field,South Africa,Unknown,173,176,7,1
T20,2014-03-21,Ireland,Netherlands,Sylhet Stadium,Netherlands,field,Netherlands,Unknown,189,193,4,4
T20,2024-12-20,Bahrain,Qatar,"ICC Academy, Dubai",Qatar,field,Qatar,Unknown,98,102,10,4
T20,2014-02-21,West Indies,Ireland,"Sabina Park, Kingston",Ireland,field,West Indies,Unknown,96,85,9,8
T20,2026-07-28,Turkey,Israel,"Moara Vlasiei Cricket Ground, Ilfov County",Israel,field,Turkey,Unknown,123,88,7,10
T20,2024-05-09,Mongolia,Japan,Sano International Cricket Ground,Mongolia,bat,Japan,Unknown,26,27,10,0
T20,2025-02-22,Zimbabwe,Ireland,Harare Sports Club,Ireland,field,no result,no result,77,0,5,0
T20,2024-12-13,Pakistan,South Africa,"SuperSport Park, Centurion",Pakistan,bat,South Africa,Unknown,206,210,5,3
T20,2017-01-06,New Zealand,Bangladesh,Bay Oval,Bangladesh,field,New Zealand,Unknown,195,148,7,10
T20,2019-01-11,New Zealand,Sri Lanka,Eden Park,Sri Lanka,field,New Zealand,Unknown,179,144,7,10
T20,2025-12-27,Cambodia,Indonesia,Udayana Cricket Ground,Cambodia,bat,Indonesia,Unknown,150,151,4,4
T20,2024-08-27,South Africa,West Indies,"Brian Lara Stadium, Tarouba, Trinidad",West Indies,field,West Indies,Unknown,108,116,4,2
T20,2024-06-22,Guernsey,Jersey,"King George V Sports Ground, Castel",Jersey,field,Jersey,Unknown,156,157,6,3
T20,2019-11-08,New Zealand,England,McLean Park,New Zealand,field,England,Unknown,165,241,10,3
T20,2021-07-22,South Africa,Ireland,"Civil Service Cricket Club, Stormont, Belfast",South Africa,bat,South Africa,Unknown,159,117,7,10
T20,2013-08-02,Sri Lanka,South Africa,R Premadasa Stadium,South Africa,bat,South Africa,Unknown,103,115,9,6
T20,2007-09-12,Australia,Zimbabwe,Newlands,Australia,bat,Zimbabwe,Unknown,138,139,9,5
T20,2025-06-17,Scotland,Nepal,"Titwood, Glasgow",Nepal,field,Nepal,Unknown,97,98,10,8
T20,2024-10-23,Zimbabwe,Gambia,"Ruaraka Sports Club Ground, Nairobi",Zimbabwe,bat,Zimbabwe,Unknown,344,54,4,9
T20,2025-04-28,Singapore,Malaysia,"Bayuemas Oval, Kuala Lumpur",Singapore,bat,no result,no result,39,0,2,0
T20,2022-10-29,New Zealand,Sri Lanka,Sydney Cricket Ground,New Zealand,bat,New Zealand,Unknown,167,102,7,10
T20,2022-06-26,Ireland,India,"The Village, Malahide, Dublin",India,field,India,Unknown,108,111,4,3
T20,2021-10-08,Estonia,Isle of Man,Happy Valley Ground,Isle of Man,field,Isle of Man,Unknown,71,72,10,2
T20,2017-12-22,India,Sri Lanka,Holkar Cricket Stadium,Sri Lanka,field,India,Unknown,260,172,5,9
T20,2026-01-29,Pakistan,Australia,"Gaddafi Stadium, Lahore",Pakistan,bat,Pakistan,Unknown,168,146,8,8
T20,2024-07-08,Germany,Gibraltar,Bayer Uerdingen Cricket Ground,Gibraltar,field,Germany,Unknown,183,139,10,6
T20,2016-02-22,Oman,United Arab Emirates,Shere Bangla National Stadium,Oman,field,United Arab Emirates,Unknown,101,172,8,6
T20,2021-11-17,Uganda,Nigeria,Gahanga International Cricket Stadium. Rwanda,Uganda,bat,Uganda,Unknown,147,50,9,2
T20,2026-02-07,Netherlands,Pakistan,"Sinhalese Sports Club Ground, Colombo",Pakistan,field,Pakistan,Unknown,147,148,10,7
T20,2019-10-03,Malaysia,Vanuatu,Kinrara Academy Oval,Malaysia,bat,Vanuatu,Unknown,144,145,7,4
T20,2026-05-25,Botswana,Cameroon,"Botswana Cricket Association Oval 2, Gaborone",Botswana,bat,Botswana,Unknown,149,78,5,8
T20,2013-08-31,England,Australia,Riverside Ground,Australia,field,England,Unknown,195,168,5,9
T20,2024-08-03,Croatia,Spain,"Mladost Cricket Ground, Zagreb",Spain,field,Spain,Unknown,47,51,10,2
T20,2007-09-02,Bangladesh,Pakistan,Gymkhana Club Ground,Bangladesh,field,Pakistan,Unknown,161,191,7,7
T20,2021-09-17,Zimbabwe,Scotland,"Grange Cricket Club Ground, Raeburn Place, Edinburgh",Zimbabwe,bat,Zimbabwe,Unknown,136,126,5,10
T20,2021-06-23,Sri Lanka,England,"Sophia Gardens, Cardiff",Sri Lanka,bat,England,Unknown,129,130,7,2
T20,2013-06-27,England,New Zealand,Kennington Oval,New Zealand,field,no result,no result,2,0,1,0
T20,2019-03-22,Papua New Guinea,Philippines,Amini Park,Philippines,field,Papua New Guinea,Unknown,216,83,4,8
T20,2025-12-14,Nigeria,Rwanda,"Nigeria Cricket Federation Oval 1, Abuja",Nigeria,bat,Nigeria,Unknown,157,117,5,9
T20,2020-03-04,Hong Kong,Singapore,Terdthai Cricket Ground,Singapore,bat,Singapore,Unknown,152,168,8,5
T20,2016-03-23,India,Bangladesh,M Chinnaswamy Stadium,Bangladesh,field,India,Unknown,146,145,7,9
T20,2024-08-24,Fiji,Cook Islands,"Faleata Oval No 2, Apia",Cook Islands,field,Fiji,Unknown,135,126,9,9
T20,2026-09-08,Kenya,Sierra Leone,"Gahanga B Ground, Rwanda",Kenya,bat,Kenya,Unknown,204,110,7,7
T20,2024-07-09,Germany,Sweden,Bayer Uerdingen Cricket Ground,Germany,bat,Germany,Unknown,220,218,4,9
T20,2026-06-20,Belgium,Hungary,"Moara Vlasiei Cricket Ground, Ilfov County",Belgium,bat,Belgium,Unknown,232,222,4,7
T20,2022-12-01,Mozambique,Nigeria,Gahanga International Cricket Stadium. Rwanda,Nigeria,field,Nigeria,Unknown,86,87,8,2
T20,2020-08-29,Belgium,Luxembourg,Pierre Werner Cricket Ground,Belgium,bat,Belgium,Unknown,165,128,8,8
T20,2021-10-22,Bulgaria,Switzerland,Marsa Sports Club,Bulgaria,bat,Switzerland,Unknown,81,82,10,2
T20,2024-05-21,Bangladesh,United States of America,Prairie View Cricket Complex,United States of America,field,United States of America,Unknown,153,156,6,5
T20,2025-09-28,Tanzania,Uganda,"Takashinga Sports Club, Highfield, Harare",Uganda,field,Tanzania,Unknown,128,119,6,9
T20,2022-07-06,Thailand,Bhutan,"UKM-YSD Cricket Oval, Bangi",Bhutan,field,Bhutan,Unknown,49,50,8,4
T20,2021-10-24,Nigeria,Sierra Leone,University of Lagos Cricket Oval,Nigeria,bat,Nigeria,Unknown,90,71,10,10
T20,2021-10-08,Cyprus,Estonia,Happy Valley Ground,Cyprus,bat,Cyprus,Unknown,160,121,9,6
T20,2022-02-18,Germany,Bahrain,Al Amerat Cricket Ground Oman Cricket (Ministry Turf 2),Bahrain,field,Bahrain,Unknown,106,107,10,4
T20,2016-06-22,Zimbabwe,India,Harare Sports Club,Zimbabwe,field,India,Unknown,135,138,6,6
T20,2026-05-02,Germany,Austria,Bayer Uerdingen Cricket Ground,Germany,bat,Austria,Unknown,211,212,9,3
T20,2024-03-17,Malaysia,Papua New Guinea,"Bayuemas Oval, Kuala Lumpur",Malaysia,bat,Malaysia,Unknown,161,98,4,10
T20,2022-05-01,Spain,Norway,"Desert Springs Cricket Ground, Almeria",Spain,bat,Spain,Unknown,125,84,8,10
T20,2021-08-22,Portugal,Gibraltar,Gucherre Cricket Ground,Gibraltar,field,Portugal,Unknown,218,108,6,10
T20,2024-05-25,Romania,Gibraltar,"Moara Vlasiei Cricket Ground, Ilfov County",Romania,bat,Gibraltar,Unknown,168,169,8,4
T20,2024-02-09,Japan,Saudi Arabia,"Terdthai Cricket Ground, Bangkok",Saudi Arabia,field,Saudi Arabia,Unknown,97,98,8,0
T20,2024-10-20,United States of America,Nepal,"Grand Prairie Stadium, Dallas",United States of America,bat,Nepal,Unknown,156,157,5,2
T20,2010-05-10,England,New Zealand,"Beausejour Stadium, Gros Islet",New Zealand,bat,England,Unknown,153,149,7,6
T20,2026-07-13,Turkey,Estonia,"Svanholm Park, Brondby",Turkey,bat,Estonia,Unknown,117,118,10,4
T20,2025-08-10,Sweden,France,"Botkyrka Cricket Center, Stockholm",Sweden,bat,France,Unknown,152,153,7,8
T20,2021-10-21,Uganda,Ghana,Gahanga International Cricket Stadium. Rwanda,Ghana,field,Uganda,Unknown,176,97,6,10
T20,2024-01-16,Sri Lanka,Zimbabwe,"R Premadasa Stadium, Colombo",Zimbabwe,field,Zimbabwe,Unknown,173,178,6,6
T20,2022-07-25,Guernsey,Luxembourg,Kerava National Cricket Ground,Luxembourg,field,Guernsey,Unknown,131,114,5,6
T20,2024-03-23,Uganda,Kenya,"Achimota Senior Secondary School A Field, Accra",Uganda,bat,Uganda,Unknown,206,100,6,9
T20,2024-08-24,Finland,Guernsey,"Guernsey Rovers Athletic Club Ground, Port Soif",Guernsey,field,Finland,Unknown,90,86,10,10
T20,2022-02-18,Nepal,Oman,Al Amerat Cricket Ground Oman Cricket (Ministry Turf 1),Oman,field,Nepal,Unknown,117,78,8,10
T20,2019-02-08,New Zealand,India,Eden Park,New Zealand,bat,India,Unknown,158,162,8,3
T20,2024-05-25,England,Pakistan,"Edgbaston, Birmingham",Pakistan,field,England,Unknown,183,160,7,10
T20,2024-12-11,Suriname,Argentina,"Hurlingham Club Ground, Buenos Aires",Suriname,bat,Argentina,Unknown,123,124,9,4
T20,2024-04-12,Malaysia,Nepal,Al Amerat Cricket Ground Oman Cricket (Ministry Turf 1),Malaysia,bat,Nepal,Unknown,143,144,3,5
T20,2023-08-15,Guernsey,Germany,"Sportpark Het Schootsveld, Deventer",Guernsey,bat,Guernsey,Unknown,172,162,4,9
T20,2021-11-10,Argentina,Belize,"Sir Vivian Richards Stadium, North Sound, Antigua",Argentina,bat,Argentina,Unknown,171,112,4,10
T20,2026-02-17,Scotland,Nepal,"Wankhede Stadium, Mumbai",Nepal,field,Nepal,Unknown,170,171,7,3
T20,2017-04-02,West Indies,Pakistan,"Queen's Park Oval, Port of Spain",Pakistan,field,Pakistan,Unknown,124,127,8,3
T20,2021-09-11,Uganda,Nigeria,Entebbe Cricket Oval,Uganda,bat,Uganda,Unknown,152,96,4,6
T20,2022-08-13,Kuwait,Bahrain,Al Amerat Cricket Ground Oman Cricket (Ministry Turf 1),Bahrain,field,Kuwait,Unknown,209,189,9,8
T20,2026-06-19,Hungary,Switzerland,"Moara Vlasiei Cricket Ground, Ilfov County",Switzerland,field,Switzerland,Unknown,141,145,10,7
T20,2026-05-22,Croatia,Cyprus,Happy Valley Ground,Cyprus,field,Croatia,Unknown,147,140,9,6
T20,2023-07-20,Austria,Jersey,"Grange Cricket Club Ground, Raeburn Place, Edinburgh",Jersey,field,Jersey,Unknown,104,106,9,2
T20,2019-11-01,Ireland,Netherlands,Dubai International Cricket Stadium,Ireland,field,Netherlands,Unknown,137,158,9,4
T20,2026-08-15,Rwanda,Zambia,"TCA Oval, Blantyre",Zambia,field,Zambia,Unknown,130,131,5,6
T20,2022-02-11,Oman,Nepal,Al Amerat Cricket Ground Oman Cricket (Ministry Turf 1),Nepal,field,Nepal,Unknown,135,137,6,4
T20,2026-06-13,Finland,Norway,"Botkyrka Cricket Center, Stockholm",Norway,field,Finland,Unknown,177,142,7,9
T20,2026-06-28,Hungary,Austria,"GB Oval, Szodliget",Hungary,bat,Austria,Unknown,159,160,6,1
T20,2025-02-23,Ireland,Zimbabwe,Harare Sports Club,Zimbabwe,field,Zimbabwe,Unknown,137,141,8,7
T20,2023-03-02,Cayman Islands,Panama,"Hurlingham Club Ground, Buenos Aires",Cayman Islands,bat,Cayman Islands,Unknown,138,126,7,10
T20,2022-02-21,Philippines,Oman,Al Amerat Cricket Ground Oman Cricket (Ministry Turf 2),Philippines,bat,Oman,Unknown,36,40,10,1
T20,2024-04-20,New Zealand,Pakistan,Rawalpindi Cricket Stadium,Pakistan,field,Pakistan,Unknown,90,92,10,3
T20,2018-07-05,Pakistan,Australia,Harare Sports Club,Australia,field,Pakistan,Unknown,194,149,7,7
T20,2009-01-13,Australia,South Africa,"Brisbane Cricket Ground, Woolloongabba",South Africa,bat,Australia,Unknown,161,157,4,5
T20,2025-04-24,Saudi Arabia,Thailand,"Bayuemas Oval, Kuala Lumpur",Saudi Arabia,bat,Saudi Arabia,Unknown,156,90,10,10
T20,2023-10-03,Bermuda,Cayman Islands,"National Stadium, Hamilton",Bermuda,bat,Bermuda,Unknown,176,123,6,8
T20,2025-11-07,Timor-Leste,Myanmar,Udayana Cricket Ground,Timor-Leste,bat,Myanmar,Unknown,32,34,10,0
T20,2024-12-08,Cayman Islands,Belize,"Hurlingham Club Ground, Buenos Aires",Cayman Islands,bat,Cayman Islands,Unknown,151,107,9,9
T20,2021-07-20,Pakistan,England,"Old Trafford, Manchester",Pakistan,bat,England,Unknown,154,155,6,7
T20,2025-09-01,Netherlands,Bangladesh,Sylhet International Cricket Stadium,Bangladesh,field,Bangladesh,Unknown,103,104,10,1
T20,2025-09-17,Ireland,England,"The Village, Malahide, Dublin",England,field,England,Unknown,196,197,3,6
T20,2025-06-14,Finland,Norway,"Ishoj Cricket Club, Vejledalen",Finland,bat,Finland,Unknown,100,89,10,10
T20,2014-04-01,Bangladesh,Australia,Shere Bangla National Stadium,Bangladesh,bat,Australia,Unknown,153,158,5,3
T20,2026-05-20,Jersey,Croatia,Happy Valley Ground 2,Croatia,field,Jersey,Unknown,280,171,3,10
T20,2023-08-01,Thailand,Malaysia,"Bayuemas Oval, Kuala Lumpur",Malaysia,field,Malaysia,Unknown,93,96,10,3
T20,2016-09-07,England,Pakistan,Old Trafford,England,bat,Pakistan,Unknown,135,139,7,1
T20,2026-04-04,Costa Rica,Mexico,"Reforma Athletic Club, Naucalpan",Costa Rica,bat,Mexico,Unknown,45,47,10,2
T20,2019-09-29,Malaysia,Vanuatu,Kinrara Academy Oval,Vanuatu,bat,Vanuatu,Unknown,134,151,9,5
T20,2013-03-02,West Indies,Zimbabwe,"Sir Vivian Richards Stadium, North Sound",Zimbabwe,bat,West Indies,Unknown,131,130,2,8
T20,2024-06-06,Pakistan,United States of America,"Grand Prairie Stadium, Dallas",United States of America,field,tie,tie,172,177,8,4
T20,2025-10-09,Papua New Guinea,Samoa,Al Amerat Cricket Ground Oman Cricket (Ministry Turf 1),Papua New Guinea,bat,Samoa,Unknown,117,118,10,5
T20,2011-11-25,Pakistan,Sri Lanka,Sheikh Zayed Stadium,Sri Lanka,bat,Pakistan,Unknown,142,141,5,10
T20,2026-06-21,Belgium,Hungary,"Moara Vlasiei Cricket Ground, Ilfov County",Belgium,bat,Belgium,Unknown,211,124,5,10
T20,2015-01-14,South Africa,West Indies,Kingsmead,West Indies,field,South Africa,Unknown,195,126,3,10
T20,2025-04-18,Costa Rica,Panama,"Clayton Panama, Panama City",Costa Rica,bat,Panama,Unknown,91,92,6,1
T20,2022-06-28,Gibraltar,Belgium,"Meersen, Gent",Belgium,field,Belgium,Unknown,139,142,5,3
T20,2021-08-08,Norway,Germany,Bayer Uerdingen Cricket Ground,Germany,field,Norway,Unknown,185,134,7,6
T20,2009-06-13,South Africa,West Indies,Kennington Oval,West Indies,field,South Africa,Unknown,183,163,7,9
T20,2020-01-24,New Zealand,India,Eden Park,India,field,India,Unknown,203,204,5,4
T20,2026-05-09,Romania,Bulgaria,"Moara Vlasiei Cricket Ground, Ilfov County",Romania,bat,Romania,Unknown,191,153,3,4
T20,2014-03-22,South Africa,Sri Lanka,Zahur Ahmed Chowdhury Stadium,Sri Lanka,bat,Sri Lanka,Unknown,160,165,8,7
T20,2026-07-10,Gibraltar,Romania,"Svanholm Park, Brondby",Romania,field,Romania,Unknown,124,125,8,9
T20,2025-07-20,West Indies,Australia,"Sabina Park, Kingston, Jamaica",Australia,field,Australia,Unknown,189,190,8,7
T20,2012-09-29,England,New Zealand,Pallekele International Cricket Stadium,New Zealand,bat,England,Unknown,149,148,4,6
T20,2024-07-09,Slovenia,Norway,Bayer Uerdingen Cricket Ground,Slovenia,bat,Norway,Unknown,49,51,10,2
T20,2026-06-23,Singapore,Thailand,Singapore National Cricket Ground,Singapore,bat,Singapore,Unknown,187,99,7,9
T20,2007-09-14,Kenya,Sri Lanka,New Wanderers Stadium,Kenya,field,Sri Lanka,Unknown,88,260,9,6
T20,2024-05-12,Ireland,Pakistan,"Castle Avenue, Dublin",Pakistan,field,Pakistan,Unknown,193,195,7,3
T20,2021-10-30,Australia,England,Dubai International Cricket Stadium,England,field,England,Unknown,125,126,10,2
T20,2023-10-12,Ghana,Rwanda,"Tafawa Balewa Square Cricket Oval, Lagos",Ghana,bat,Rwanda,Unknown,54,58,10,1
T20,2010-05-20,West Indies,South Africa,"Sir Vivian Richards Stadium, North Sound",West Indies,field,South Africa,Unknown,119,120,7,7
T20,2025-09-12,Pakistan,Oman,Dubai International Cricket Stadium,Pakistan,bat,Pakistan,Unknown,160,67,7,10
T20,2025-06-13,Canada,Cayman Islands,"Maple Leaf North-East Ground, King City",Canada,bat,Canada,Unknown,236,110,6,6
T20,2025-07-28,West Indies,Australia,"Warner Park, Basseterre, St Kitts",Australia,field,Australia,Unknown,170,173,10,7
T20,2021-11-20,Tanzania,Nigeria,Integrated Polytechnic Regional Centre,Tanzania,bat,Tanzania,Unknown,136,67,7,10
T20,2025-07-27,Uganda,United Arab Emirates,Entebbe Cricket Oval,Uganda,bat,Uganda,Unknown,170,162,7,9
T20,2024-06-16,Italy,Romania,"Simar Cricket Ground, Rome",Romania,field,Italy,Unknown,244,84,4,10
T20,2019-10-06,Hong Kong,Nepal,Al Amerat Cricket Ground Oman Cricket (Ministry Turf 1),Nepal,field,Nepal,Unknown,125,126,6,6
T20,2023-08-30,New Zealand,England,"Riverside Ground, Chester-le-Street",England,field,England,Unknown,139,143,9,3
T20,2025-04-20,Turks and Caicos Island,Costa Rica,"Clayton Panama, Panama City",Turks and Caicos Island,bat,Costa Rica,Unknown,127,68,7,0
T20,2026-06-02,Mozambique,Lesotho,Malkerns Country Club oval,Lesotho,field,Mozambique,Unknown,217,107,6,10
T20,2026-06-27,Hungary,Austria,"GB Oval, Szodliget",Hungary,bat,Austria,Unknown,125,129,9,3
T20,2010-05-04,England,Ireland,Providence Stadium,Ireland,field,no result,no result,120,14,8,1
T20,2024-05-18,Netherlands,Scotland,"Sportpark Westvliet, The Hague",Scotland,field,Netherlands,Unknown,167,126,8,10
T20,2017-06-21,England,South Africa,The Rose Bowl,South Africa,bat,England,Unknown,143,142,1,3
T20,2024-06-16,Finland,Norway,Kerava National Cricket Ground,Finland,bat,Norway,Unknown,115,117,10,1
T20,2009-01-11,Australia,South Africa,Melbourne Cricket Ground,Australia,bat,Australia,Unknown,182,130,9,10
T20,2022-07-27,France,Norway,Kerava National Cricket Ground,France,bat,France,Unknown,158,147,8,10
T20,2025-09-15,United Arab Emirates,Oman,"Zayed Cricket Stadium, Abu Dhabi",Oman,field,United Arab Emirates,Unknown,172,130,5,10
T20,2025-03-26,Pakistan,New Zealand,"Sky Stadium, Wellington",New Zealand,field,New Zealand,Unknown,128,131,9,2
T20,2023-05-06,Gibraltar,Portugal,Europa Sports Complex,Gibraltar,bat,Portugal,Unknown,90,93,9,2
T20,2022-07-24,Austria,Luxembourg,Tikkurila Cricket Ground,Luxembourg,field,Austria,Unknown,139,103,10,10
T20,2025-04-13,Kuwait,Nepal,"Mission Road Ground, Mong Kok, Hong Kong",Nepal,field,Kuwait,Unknown,174,171,7,10
T20,2022-08-10,New Zealand,West Indies,"Sabina Park, Kingston, Jamaica",West Indies,field,New Zealand,Unknown,185,172,5,7
T20,2022-07-30,Zimbabwe,Bangladesh,Harare Sports Club,Zimbabwe,bat,Zimbabwe,Unknown,205,188,4,6
T20,2024-09-24,Mali,Malawi,University of Dar-es-Salaam Ground,Mali,bat,Malawi,Unknown,43,44,10,1
T20,2018-11-17,South Africa,Australia,Carrara Oval,Australia,field,South Africa,Unknown,108,87,6,7
T20,2025-09-21,Ireland,England,"The Village, Malahide, Dublin",England,field,England,Unknown,154,155,8,4
T20,2026-06-26,Ireland,India,"Civil Service Cricket Club, Stormont, Belfast",India,field,Ireland,Unknown,182,148,9,10
T20,2023-04-05,Sri Lanka,New Zealand,"University Oval, Dunedin",New Zealand,field,New Zealand,Unknown,141,146,10,1
T20,2026-02-18,United Arab Emirates,South Africa,"Arun Jaitley Stadium, Delhi",South Africa,field,South Africa,Unknown,122,123,6,4
T20,2024-02-12,Bhutan,Thailand,"Terdthai Cricket Ground, Bangkok",Bhutan,bat,Thailand,Unknown,70,72,10,0
T20,2021-09-05,Romania,Luxembourg,"Moara Vlasiei Cricket Ground, Ilfov County",Romania,bat,Romania,Unknown,156,123,10,9
T20,2019-10-27,Kenya,Papua New Guinea,Dubai International Cricket Stadium,Kenya,field,Papua New Guinea,Unknown,73,118,10,10
T20,2013-07-27,West Indies,Pakistan,"Arnos Vale Ground, Kingstown",West Indies,bat,Pakistan,Unknown,152,158,7,8
T20,2019-09-03,Sri Lanka,New Zealand,Pallekele International Cricket Stadium,Sri Lanka,bat,New Zealand,Unknown,161,165,9,6
T20,2025-03-17,Hong Kong,Bahrain,"Bayuemas Oval, Kuala Lumpur",Hong Kong,bat,Bahrain,Unknown,126,129,5,2
T20,2025-05-07,Thailand,Cook Islands,Sano International Cricket Ground,Thailand,bat,Cook Islands,Unknown,124,125,7,7
T20,2025-10-17,Nepal,Samoa,Al Amerat Cricket Ground Oman Cricket (Ministry Turf 1),Samoa,field,Nepal,Unknown,211,87,4,7
T20,2025-02-03,Hungary,Malta,Marsa Sports Club,Malta,field,Hungary,Unknown,180,30,8,1
T20,2021-09-04,Romania,Malta,"Moara Vlasiei Cricket Ground, Ilfov County",Malta,field,Romania,Unknown,202,166,8,8
T20,2021-10-27,Scotland,Namibia,"Zayed Cricket Stadium, Abu Dhabi",Namibia,field,Namibia,Unknown,109,115,8,6
T20,2022-12-18,Bahrain,Qatar,"UKM-YSD Cricket Oval, Bangi",Qatar,field,Bahrain,Unknown,164,151,9,9
T20,2026-05-30,Ivory Coast,Kenya,"Botswana Cricket Association Oval 2, Gaborone",Kenya,field,Kenya,Unknown,18,19,10,1
T20,2021-10-10,Namibia,Papua New Guinea,"ICC Academy, Dubai",Papua New Guinea,field,Namibia,Unknown,174,160,6,6
T20,2010-02-26,New Zealand,Australia,Westpac Stadium,New Zealand,bat,Australia,Unknown,118,119,10,4
T20,2024-12-13,Nigeria,Rwanda,"Gahanga International Cricket Stadium, Rwanda",Nigeria,bat,Nigeria,Unknown,151,114,8,7
T20,2025-02-23,Bahrain,Indonesia,Udayana Cricket Ground,Indonesia,field,Bahrain,Unknown,216,104,4,7
T20,2025-11-30,Argentina,Brazil,"St Albans Club, Buenos Aires",Brazil,field,Argentina,Unknown,143,99,4,7
T20,2022-12-23,Singapore,Qatar,"UKM-YSD Cricket Oval, Bangi",Qatar,field,Qatar,Unknown,164,165,6,1
T20,2017-01-29,India,England,"Vidarbha Cricket Association Stadium, Jamtha",England,field,India,Unknown,144,139,8,6
T20,2024-06-13,Hungary,Romania,Roma Cricket Ground,Romania,field,Romania,Unknown,110,111,10,2
T20,2016-03-18,England,South Africa,Wankhede Stadium,England,field,England,Unknown,230,229,8,4
T20,2026-05-08,Malta,Gibraltar,Marsa Sports Club,Malta,bat,Malta,Unknown,198,148,6,7
T20,2024-10-23,Rwanda,Mozambique,"Gymkhana Club Ground, Nairobi",Rwanda,bat,Mozambique,Unknown,86,87,8,3
T20,2015-08-31,England,Australia,Sophia Gardens,Australia,field,England,Unknown,182,177,5,8
T20,2026-03-11,Suriname,Cayman Islands,"Jimmy Powell Oval, Cayman Islands",Cayman Islands,field,Cayman Islands,Unknown,92,96,7,1
T20,2026-02-26,West Indies,South Africa,"Narendra Modi Stadium, Ahmedabad",South Africa,field,South Africa,Unknown,176,177,8,1
T20,2022-02-20,Australia,Sri Lanka,Melbourne Cricket Ground,Australia,bat,Sri Lanka,Unknown,154,155,6,5
T20,2026-04-06,Portugal,Norway,Santarem Cricket Ground,Portugal,bat,Portugal,Unknown,190,178,3,8
T20,2025-07-19,Uganda,United Arab Emirates,Entebbe Cricket Oval,Uganda,bat,Uganda,Unknown,126,120,9,8
T20,2014-03-31,England,Netherlands,Zahur Ahmed Chowdhury Stadium,England,field,Netherlands,Unknown,88,133,10,5
T20,2022-12-20,Rwanda,Uganda,"Gahanga International Cricket Stadium, Rwanda",Uganda,field,Uganda,Unknown,67,68,10,3
T20,2021-05-22,Czech Republic,Luxembourg,"Scott Page Field, Vinor",Luxembourg,field,Luxembourg,Unknown,161,165,7,4
T20,2023-02-26,Bermuda,Argentina,"Belgrano Athletic Club Ground, Buenos Aires",Bermuda,bat,Bermuda,Unknown,220,110,2,9
T20,2024-06-05,Australia,Oman,"Kensington Oval, Bridgetown, Barbados",Oman,field,Australia,Unknown,164,125,5,9
T20,2025-11-08,Indonesia,Myanmar,Udayana Cricket Ground,Indonesia,bat,Indonesia,Unknown,86,60,5,6
T20,2012-02-27,England,Pakistan,Sheikh Zayed Stadium,England,bat,England,Unknown,129,124,6,6
T20,2022-11-17,Botswana,Rwanda,Gahanga International Cricket Stadium. Rwanda,Rwanda,field,Rwanda,Unknown,106,108,10,5
T20,2026-06-05,Hong Kong,Oman,Singapore National Cricket Ground,Oman,field,Hong Kong,Unknown,287,133,1,8
T20,2024-08-30,Malaysia,Maldives,"Bayuemas Oval, Kuala Lumpur",Maldives,field,Malaysia,Unknown,203,109,3,6
T20,2013-11-26,Canada,Kenya,Sharjah Cricket Stadium,Kenya,bat,Kenya,Unknown,125,146,10,7
T20,2018-11-21,Australia,India,"Brisbane Cricket Ground, Woolloongabba",India,field,Australia,Unknown,158,169,4,7
T20,2022-07-14,Zimbabwe,United States of America,"Queens Sports Club, Bulawayo",Zimbabwe,bat,Zimbabwe,Unknown,185,139,6,8
T20,2019-05-21,Botswana,Nigeria,Lugogo Cricket Oval,Nigeria,bat,Nigeria,Unknown,108,119,7,10
T20,2013-11-06,Bangladesh,New Zealand,Shere Bangla National Stadium,New Zealand,bat,New Zealand,Unknown,189,204,9,5
T20,2026-07-12,Hungary,Turkey,"Svanholm Park, Brondby",Hungary,bat,Hungary,Unknown,164,30,6,5
T20,2018-06-12,Netherlands,Ireland,Hazelaarweg,Ireland,field,Netherlands,Unknown,144,140,10,8
T20,2025-12-11,Philippines,Indonesia,"Terdthai Cricket Ground, Bangkok",Philippines,bat,Philippines,Unknown,182,104,5,10
T20,2022-09-28,Pakistan,England,"Gaddafi Stadium, Lahore",England,field,Pakistan,Unknown,145,139,10,7
T20,2026-05-10,Romania,Bulgaria,"Moara Vlasiei Cricket Ground, Ilfov County",Romania,bat,Romania,Unknown,154,124,9,9
T20,2014-01-31,Australia,England,Melbourne Cricket Ground,England,bat,Australia,Unknown,131,130,2,9
T20,2024-03-10,Tanzania,Malaysia,"Bayuemas Oval, Kuala Lumpur",Tanzania,bat,Malaysia,Unknown,83,86,10,4
T20,2024-04-07,Canada,United States of America,Prairie View Cricket Complex,United States of America,field,United States of America,Unknown,132,133,10,4
T20,2022-08-03,South Africa,Ireland,"County Ground, Bristol",South Africa,bat,South Africa,Unknown,211,190,5,9
T20,2010-05-08,England,South Africa,"Kensington Oval, Bridgetown",England,bat,England,Unknown,168,129,7,10
T20,2022-07-02,Singapore,Papua New Guinea,"Indian Association Ground, Singapore",Singapore,bat,Singapore,Unknown,168,150,5,9
T20,2019-10-27,United Arab Emirates,Canada,Sheikh Zayed Stadium,Canada,field,United Arab Emirates,Unknown,154,140,5,5
T20,2022-07-15,Uganda,Jersey,"Queens Sports Club, Bulawayo",Uganda,bat,Uganda,Unknown,110,105,10,9
T20,2019-06-19,Italy,Jersey,College Field,Italy,field,Jersey,Unknown,76,149,10,6
T20,2022-07-17,Uganda,Hong Kong,"Queens Sports Club, Bulawayo",Hong Kong,field,Uganda,Unknown,102,98,7,8
T20,2025-09-28,Pakistan,India,Dubai International Cricket Stadium,India,field,India,Unknown,146,150,10,5
T20,2023-01-29,New Zealand,India,"Bharat Ratna Shri Atal Bihari Vajpayee Ekana Cricket Stadium, Lucknow",New Zealand,bat,India,Unknown,99,101,8,4
T20,2024-04-16,Cambodia,Bahrain,Al Amerat Cricket Ground Oman Cricket (Ministry Turf 1),Cambodia,bat,Bahrain,Unknown,83,87,10,3
T20,2021-11-19,Bangladesh,Pakistan,"Shere Bangla National Stadium, Mirpur",Bangladesh,bat,Pakistan,Unknown,127,132,7,6
T20,2024-03-09,Sri Lanka,Bangladesh,Sylhet International Cricket Stadium,Bangladesh,field,Sri Lanka,Unknown,174,146,7,10
T20,2023-08-06,Croatia,Hungary,"GB Oval, Szodliget",Croatia,bat,Hungary,Unknown,63,68,10,3
T20,2025-04-09,Hong Kong,Kuwait,"Mission Road Ground, Mong Kok, Hong Kong",Kuwait,field,Kuwait,Unknown,175,180,5,6
T20,2022-07-02,Malaysia,Bhutan,"UKM-YSD Cricket Oval, Bangi",Bhutan,field,Malaysia,Unknown,213,58,4,8
T20,2025-04-19,Costa Rica,Turks and Caicos Island,"Clayton Panama, Panama City",Costa Rica,bat,Turks and Caicos Island,Unknown,71,74,8,0
T20,2022-11-20,India,New Zealand,"Bay Oval, Mount Maunganui",New Zealand,field,India,Unknown,191,126,6,10
T20,2025-05-08,Japan,Thailand,Sano International Cricket Ground,Japan,bat,Japan,Unknown,110,49,9,10
T20,2015-08-14,South Africa,New Zealand,Kingsmead,South Africa,field,South Africa,Unknown,152,151,4,8
T20,2022-12-13,Tanzania,Rwanda,"Gahanga International Cricket Stadium, Rwanda",Rwanda,field,Tanzania,Unknown,147,81,4,4
T20,2026-02-08,England,Nepal,"Wankhede Stadium, Mumbai",England,bat,England,Unknown,184,180,7,6
T20,2018-06-19,Netherlands,Scotland,VRA Ground,Netherlands,bat,Scotland,Unknown,160,161,6,3
T20,2023-07-26,China,Malaysia,"Bayuemas Oval, Kuala Lumpur",China,bat,Malaysia,Unknown,23,24,10,2
T20,2022-07-19,Serbia,Croatia,Tikkurila Cricket Ground,Serbia,bat,Croatia,Unknown,90,94,10,7
T20,2021-10-20,Germany,Denmark,"Desert Springs Cricket Ground, Almeria",Denmark,field,Germany,Unknown,119,107,5,10
T20,2025-07-22,Bahrain,Rwanda,"Gahanga International Cricket Stadium, Rwanda",Rwanda,field,Bahrain,Unknown,211,99,4,10
T20,2021-04-21,Netherlands,Malaysia,"Tribhuvan University International Cricket Ground, Kirtipur",Malaysia,field,tie,tie,107,91,4,4
T20,2023-07-15,France,Luxembourg,Marsa Sports Club,France,bat,Luxembourg,Unknown,187,191,5,6
T20,2022-11-04,Italy,Germany,"Desert Springs Cricket Ground, Almeria",Italy,bat,Germany,Unknown,107,109,10,0
T20,2024-10-17,West Indies,Sri Lanka,Rangiri Dambulla International Stadium,West Indies,bat,Sri Lanka,Unknown,162,166,8,1
T20,2021-09-08,New Zealand,Bangladesh,"Shere Bangla National Stadium, Mirpur",New Zealand,bat,Bangladesh,Unknown,93,96,10,4
T20,2023-07-24,Jersey,Ireland,"Goldenacre, Edinburgh",Ireland,field,Ireland,Unknown,78,80,9,1
T20,2019-05-23,Uganda,Ghana,Kyambogo Cricket Oval,Ghana,bat,Uganda,Unknown,117,113,3,6
T20,2007-09-22,New Zealand,Pakistan,Newlands,New Zealand,bat,Pakistan,Unknown,143,147,8,4
T20,2023-01-05,Sri Lanka,India,"Maharashtra Cricket Association Stadium, Pune",India,field,Sri Lanka,Unknown,206,190,6,8
T20,2026-05-09,Malta,Gibraltar,Marsa Sports Club,Malta,bat,tie,tie,174,177,10,4
T20,2026-05-12,Vanuatu,Samoa,Sano International Cricket Ground,Vanuatu,bat,Samoa,Unknown,129,132,8,1
T20,2019-10-10,Oman,Nepal,Al Amerat Cricket Ground Oman Cricket (Ministry Turf 1),Oman,field,Oman,Unknown,65,64,4,10
T20,2020-01-29,New Zealand,India,Seddon Park,New Zealand,field,tie,tie,196,199,6,5
T20,2025-10-31,Cyprus,Serbia,Happy Valley Ground,Cyprus,bat,Cyprus,Unknown,198,110,6,10
T20,2019-10-21,Papua New Guinea,Scotland,ICC Academy,Scotland,bat,Scotland,Unknown,142,146,9,6
T20,2018-10-28,Pakistan,Australia,Dubai International Cricket Stadium,Pakistan,bat,Pakistan,Unknown,150,117,5,10
T20,2025-08-30,Netherlands,Bangladesh,Sylhet International Cricket Stadium,Bangladesh,field,Bangladesh,Unknown,136,138,8,2
T20,2022-07-18,Croatia,Finland,Tikkurila Cricket Ground,Croatia,bat,Finland,Unknown,85,87,8,5
T20,2022-06-25,Serbia,Bulgaria,"National Sports Academy, Sofia",Serbia,bat,Bulgaria,Unknown,194,199,8,5
T20,2020-02-14,South Africa,England,Kingsmead,South Africa,field,England,Unknown,202,204,7,7
T20,2009-03-27,South Africa,Australia,New Wanderers Stadium,South Africa,field,South Africa,Unknown,168,166,6,7
T20,2018-02-13,New Zealand,England,Westpac Stadium,England,field,New Zealand,Unknown,196,184,5,9
T20,2013-11-16,Canada,Ireland,Sheikh Zayed Stadium,Canada,field,Ireland,Unknown,166,168,3,5
T20,2020-03-03,Thailand,Hong Kong,Terdthai Cricket Ground,Thailand,bat,Hong Kong,Unknown,77,78,8,2
T20,2025-07-10,Philippines,South Korea,Udayana Cricket Ground,Philippines,bat,Philippines,Unknown,246,134,7,9
T20,2020-10-18,Bulgaria,Romania,Moara Vlasiei Cricket Ground,Bulgaria,bat,Romania,Unknown,60,61,10,4
T20,2022-09-20,India,Australia,"Punjab Cricket Association IS Bindra Stadium, Mohali, Chandigarh",Australia,field,Australia,Unknown,208,211,6,6
T20,2024-08-23,Malaysia,Hong Kong,"Selangor Turf Club, Kuala Lumpur",Hong Kong,field,Hong Kong,Unknown,101,102,7,4
T20,2010-12-26,New Zealand,Pakistan,Eden Park,New Zealand,field,New Zealand,Unknown,146,143,5,9
T20,2024-04-19,Hong Kong,Oman,Al Amerat Cricket Ground Oman Cricket (Ministry Turf 1),Oman,field,Oman,Unknown,130,132,9,5
T20,2022-05-10,Malta,Hungary,Marsa Sports Club,Hungary,field,Malta,Unknown,206,161,7,6
T20,2016-03-31,India,West Indies,Wankhede Stadium,West Indies,field,West Indies,Unknown,192,196,2,3
T20,2021-09-11,Germany,Spain,"Desert Springs Cricket Ground, Almeria",Germany,bat,Spain,Unknown,115,116,9,5
T20,2022-11-19,Canada,Saudi Arabia,Al Amerat Cricket Ground Oman Cricket (Ministry Turf 1),Saudi Arabia,field,Canada,Unknown,171,126,6,8
T20,2024-05-11,Japan,Mongolia,Sano International Cricket Ground,Japan,bat,Japan,Unknown,216,58,3,9
T20,2025-07-12,Philippines,South Korea,Udayana Cricket Ground,Philippines,bat,Philippines,Unknown,184,99,9,10
T20,2018-03-18,Bangladesh,India,"R.Premadasa Stadium, Khettarama",India,field,India,Unknown,166,168,8,6
T20,2024-12-09,Nigeria,Rwanda,"Gahanga International Cricket Stadium, Rwanda",Nigeria,bat,Rwanda,Unknown,149,152,8,4
T20,2022-06-08,Sri Lanka,Australia,"R Premadasa Stadium, Colombo",Australia,field,Australia,Unknown,124,126,9,7
T20,2012-12-10,Bangladesh,West Indies,Shere Bangla National Stadium,West Indies,bat,West Indies,Unknown,179,197,1,4
T20,2013-12-13,Pakistan,Sri Lanka,Dubai International Cricket Stadium,Pakistan,field,Sri Lanka,Unknown,187,211,10,3
T20,2026-05-07,Malta,Gibraltar,Marsa Sports Club,Malta,bat,Malta,Unknown,227,162,8,6
T20,2016-01-15,New Zealand,Pakistan,Eden Park,New Zealand,field,Pakistan,Unknown,155,171,10,8
T20,2018-06-27,India,Ireland,"The Village, Malahide",Ireland,field,India,Unknown,208,132,5,9
T20,2022-12-18,Malaysia,Singapore,"UKM-YSD Cricket Oval, Bangi",Malaysia,bat,Malaysia,Unknown,207,87,3,10
T20,2024-07-17,Nigeria,Kenya,"Sikh Union Club Ground, Nairobi",Nigeria,bat,Kenya,Unknown,155,156,8,6
T20,2023-11-20,Cambodia,Indonesia,Udayana Cricket Ground,Cambodia,bat,Indonesia,Unknown,138,139,8,2
T20,2023-04-11,Gibraltar,Portugal,Santarem Cricket Ground,Gibraltar,bat,Portugal,Unknown,128,129,7,5
T20,2024-12-07,Mexico,Brazil,"Hurlingham Club Ground, Buenos Aires",Mexico,bat,Mexico,Unknown,102,55,10,10
T20,2018-02-21,New Zealand,Australia,Eden Park,New Zealand,bat,Australia,Unknown,150,121,9,3
T20,2026-05-29,Ivory Coast,Sierra Leone,"Botswana Cricket Association Oval 2, Gaborone",Ivory Coast,bat,Sierra Leone,Unknown,53,54,8,1
T20,2019-11-01,Namibia,Papua New Guinea,Dubai International Cricket Stadium,Papua New Guinea,bat,Papua New Guinea,Unknown,112,130,5,5
T20,2025-06-07,Jersey,Guernsey,"Grainville, St Saviour",Jersey,bat,Jersey,Unknown,130,127,8,8
T20,2024-10-20,Mozambique,Zimbabwe,"Gymkhana Club Ground, Nairobi",Zimbabwe,field,Zimbabwe,Unknown,56,57,10,1
T20,2025-10-10,Oman,Papua New Guinea,Al Amerat Cricket Ground Oman Cricket (Ministry Turf 1),Papua New Guinea,field,Oman,Unknown,138,86,7,10
T20,2013-08-24,Zimbabwe,Pakistan,Harare Sports Club,Zimbabwe,field,Pakistan,Unknown,160,179,6,1
T20,2025-04-26,Saudi Arabia,Malaysia,"Bayuemas Oval, Kuala Lumpur",Saudi Arabia,bat,Malaysia,Unknown,182,183,7,5
T20,2025-06-12,Indonesia,Cambodia,Udayana Cricket Ground,Cambodia,field,Cambodia,Unknown,156,157,5,5
T20,2025-10-18,Romania,Austria,"Moara Vlasiei Cricket Ground, Ilfov County",Austria,field,Austria,Unknown,173,177,9,6
T20,2025-11-25,Zimbabwe,Sri Lanka,Rawalpindi Cricket Stadium,Zimbabwe,bat,Sri Lanka,Unknown,146,148,5,1
T20,2025-04-18,Turks and Caicos Island,Mexico,"Clayton Panama, Panama City",Turks and Caicos Island,bat,Mexico,Unknown,99,100,10,2
T20,2024-06-08,Netherlands,South Africa,"Nassau County International Cricket Stadium, New York",South Africa,field,South Africa,Unknown,103,106,9,6
T20,2023-07-26,Bhutan,Myanmar,"Bayuemas Oval, Kuala Lumpur",Bhutan,bat,Bhutan,Unknown,105,74,10,9
T20,2024-03-16,Papua New Guinea,Malaysia,"Bayuemas Oval, Kuala Lumpur",Malaysia,field,Papua New Guinea,Unknown,206,129,3,9
T20,2025-07-19,Malawi,Rwanda,"Gahanga International Cricket Stadium, Rwanda",Malawi,bat,Rwanda,Unknown,113,114,7,4
T20,2025-03-19,Canada,Namibia,"Namibia Cricket Ground, Windhoek",Namibia,field,Namibia,Unknown,145,146,8,7
T20,2025-07-18,Zimbabwe,New Zealand,Harare Sports Club,New Zealand,field,New Zealand,Unknown,120,122,7,2
T20,2026-08-20,Portugal,Czech Republic,Tikkurila Cricket Ground,Portugal,bat,Portugal,Unknown,211,24,6,5
T20,2025-11-27,Thailand,Bahrain,"Bayuemas Oval, Kuala Lumpur",Bahrain,field,no result,no result,76,0,7,0
T20,2025-10-29,India,Australia,"Manuka Oval, Canberra",Australia,field,no result,no result,97,0,1,0
T20,2024-07-14,Croatia,Germany,Bayer Uerdingen Cricket Ground,Croatia,bat,Germany,Unknown,98,100,7,2
T20,2019-10-25,Canada,Oman,Sheikh Zayed Stadium,Canada,bat,Oman,Unknown,144,145,9,2
T20,2019-07-14,Ireland,Zimbabwe,Bready,Zimbabwe,field,Zimbabwe,Unknown,171,172,9,2
T20,2022-08-24,United Arab Emirates,Hong Kong,Al Amerat Cricket Ground Oman Cricket (Ministry Turf 1),Hong Kong,field,Hong Kong,Unknown,147,149,10,2
T20,2026-05-30,Mali,Sierra Leone,"Botswana Cricket Association Oval 1, Gaborone",Mali,bat,Sierra Leone,Unknown,97,99,9,4
T20,2012-03-30,South Africa,India,New Wanderers Stadium,India,field,South Africa,Unknown,219,71,4,0
T20,2024-02-28,Netherlands,Nepal,"Tribhuvan University International Cricket Ground, Kirtipur",Nepal,field,Netherlands,Unknown,184,182,4,8
T20,2020-09-08,England,Australia,The Rose Bowl,Australia,field,Australia,Unknown,145,146,6,5
T20,2023-11-21,Indonesia,Cambodia,Udayana Cricket Ground,Cambodia,field,Indonesia,Unknown,192,88,7,8
T20,2023-09-03,South Africa,Australia,"Kingsmead, Durban",South Africa,bat,Australia,Unknown,190,191,8,5
T20,2022-07-01,Portugal,Spain,"Meersen, Gent",Portugal,bat,Spain,Unknown,77,78,10,2
T20,2022-07-08,Bulgaria,Serbia,Lisicji Jarak Cricket Ground,Serbia,field,Serbia,Unknown,152,155,9,3
T20,2023-03-08,Hong Kong,Bahrain,"Mission Road Ground, Mong Kok, Hong Kong",Bahrain,field,Hong Kong,Unknown,153,138,4,10
T20,2025-07-07,Tanzania,Germany,"TCA Oval, Blantyre",Tanzania,bat,Germany,Unknown,135,137,9,6
T20,2012-09-29,Sri Lanka,West Indies,Pallekele International Cricket Stadium,West Indies,bat,Sri Lanka,Unknown,130,129,1,5
T20,2025-10-08,Nepal,Kuwait,Al Amerat Cricket Ground Oman Cricket (Ministry Turf 1),Kuwait,field,Nepal,Unknown,141,83,7,10
T20,2025-03-12,Hong Kong,Malaysia,"Bayuemas Oval, Kuala Lumpur",Hong Kong,bat,Hong Kong,Unknown,185,143,3,9
T20,2025-08-03,Switzerland,Estonia,Estonian National Cricket and Rugby Field,Switzerland,bat,Switzerland,Unknown,235,194,6,9
T20,2023-03-14,Bangladesh,England,"Shere Bangla National Stadium, Mirpur",England,field,Bangladesh,Unknown,158,142,2,6
T20,2012-10-05,Australia,West Indies,R Premadasa Stadium,West Indies,bat,West Indies,Unknown,131,205,10,4
T20,2021-07-08,Belgium,Malta,Marsa Sports Club,Belgium,bat,Malta,Unknown,99,103,10,4
T20,2015-11-26,Hong Kong,Oman,Sheikh Zayed Stadium,Hong Kong,field,Hong Kong,Unknown,155,149,2,5
T20,2022-05-15,Gibraltar,Bulgaria,Marsa Sports Club,Gibraltar,bat,Bulgaria,Unknown,170,171,6,5
T20,2022-07-03,West Indies,Bangladesh,"Windsor Park, Roseau, Dominica",West Indies,bat,West Indies,Unknown,193,158,5,6
T20,2026-06-07,Mozambique,Eswatini,Malkerns Country Club oval,Mozambique,bat,Eswatini,Unknown,191,195,8,4
T20,2007-09-18,England,New Zealand,Kingsmead,England,field,New Zealand,Unknown,159,164,8,9
T20,2016-03-26,Bangladesh,New Zealand,Eden Gardens,New Zealand,bat,New Zealand,Unknown,70,145,10,8
T20,2023-07-24,Scotland,Italy,"Grange Cricket Club Ground, Raeburn Place, Edinburgh",Italy,field,Scotland,Unknown,245,90,2,10
T20,2022-11-06,Bangladesh,Pakistan,Adelaide Oval,Bangladesh,bat,Pakistan,Unknown,127,128,8,5
T20,2010-05-06,New Zealand,South Africa,"Kensington Oval, Bridgetown",South Africa,bat,South Africa,Unknown,157,170,7,4
T20,2019-05-21,Uganda,Namibia,Kyambogo Cricket Oval,Namibia,bat,Namibia,Unknown,125,167,8,7
T20,2026-04-09,Sweden,Indonesia,Udayana Cricket Ground,Sweden,bat,Sweden,Unknown,164,154,7,9
T20,2026-04-18,Scotland,Namibia,"Namibia Cricket Ground, Windhoek",Scotland,bat,Namibia,Unknown,186,187,4,6
T20,2025-09-14,Eswatini,Mozambique,Malkerns Country Club oval,Eswatini,bat,no result,no result,27,0,3,0
T20,2025-06-10,Norway,Czech Republic,"Scott Page Field, Vinor",Czech Republic,field,Norway,Unknown,174,133,6,5
T20,2022-06-07,Sri Lanka,Australia,"R Premadasa Stadium, Colombo",Australia,field,Australia,Unknown,128,134,10,0
T20,2026-02-13,United States of America,Netherlands,"MA Chidambaram Stadium, Chepauk, Chennai",Netherlands,field,United States of America,Unknown,196,103,6,10
T20,2025-07-14,Zimbabwe,South Africa,Harare Sports Club,South Africa,field,South Africa,Unknown,141,142,6,5
T20,2019-10-21,Ireland,Oman,Tolerance Oval,Oman,field,Ireland,Unknown,183,148,3,9
T20,2023-02-24,Spain,Isle of Man,La Manga Club Bottom Ground,Spain,bat,no result,no result,151,0,3,0
T20,2023-09-15,Qatar,Bahrain,"West End Park International Cricket Stadium, Doha",Bahrain,field,Qatar,Unknown,138,104,8,7
T20,2024-04-14,Oman,Cambodia,Al Amerat Cricket Ground Oman Cricket (Ministry Turf 2),Cambodia,field,Oman,Unknown,154,91,6,7
T20,2022-10-15,Indonesia,South Korea,Sano International Cricket Ground,South Korea,field,Indonesia,Unknown,130,66,7,10
T20,2025-04-21,Bermuda,United States of America,"Jimmy Powell Oval, Cayman Islands",Bermuda,bat,United States of America,Unknown,70,71,10,0
T20,2025-09-19,India,Oman,"Zayed Cricket Stadium, Abu Dhabi",India,bat,India,Unknown,188,167,8,4
T20,2023-07-14,France,Switzerland,Marsa Sports Club,France,bat,Switzerland,Unknown,148,151,4,4
T20,2025-07-27,Estonia,Finland,Estonian National Cricket and Rugby Field,Finland,field,Finland,Unknown,141,142,10,5
T20,2015-08-16,South Africa,New Zealand,SuperSport Park,New Zealand,bat,New Zealand,Unknown,145,177,8,7
T20,2024-10-23,Seychelles,Kenya,"Ruaraka Sports Club Ground, Nairobi",Seychelles,bat,Kenya,Unknown,74,78,10,1
T20,2026-01-30,Sri Lanka,England,Pallekele International Cricket Stadium,England,field,England,Unknown,133,125,10,4
T20,2009-06-18,Pakistan,South Africa,Trent Bridge,Pakistan,bat,Pakistan,Unknown,149,142,4,5
T20,2022-07-14,Netherlands,Uganda,"Queens Sports Club, Bulawayo",Uganda,field,Netherlands,Unknown,187,90,3,9
T20,2026-08-20,Bulgaria,Luxembourg,Kerava National Cricket Ground,Luxembourg,field,Bulgaria,Unknown,156,97,6,4
T20,2021-08-15,Sweden,Denmark,"Svanholm Park, Brondby",Denmark,field,Denmark,Unknown,122,126,9,4
T20,2021-10-15,Jersey,Germany,"Desert Springs Cricket Ground, Almeria",Germany,field,Jersey,Unknown,137,133,7,5
T20,2015-07-19,Zimbabwe,India,Harare Sports Club,Zimbabwe,bat,Zimbabwe,Unknown,145,135,7,9
T20,2014-05-20,England,Sri Lanka,Kennington Oval,England,field,Sri Lanka,Unknown,174,183,7,7
T20,2018-10-24,Pakistan,Australia,Sheikh Zayed Stadium,Australia,field,Pakistan,Unknown,155,89,8,10
T20,2023-01-12,Ireland,Zimbabwe,Harare Sports Club,Zimbabwe,field,Zimbabwe,Unknown,114,118,10,5
T20,2026-06-07,Oman,Nepal,Singapore National Cricket Ground,Oman,bat,Nepal,Unknown,94,95,10,2
T20,2024-09-05,Malaysia,Kuwait,"Bayuemas Oval, Kuala Lumpur",Kuwait,field,Kuwait,Unknown,149,150,7,2
T20,2021-08-29,Zimbabwe,Ireland,"Castle Avenue, Dublin",Zimbabwe,bat,Ireland,Unknown,152,153,5,3
T20,2021-07-10,Belgium,Malta,Marsa Sports Club,Belgium,bat,Malta,Unknown,128,125,10,10
T20,2013-11-23,Kenya,Netherlands,ICC Academy,Netherlands,bat,Netherlands,Unknown,101,130,9,7
T20,2023-01-15,Ireland,Zimbabwe,Harare Sports Club,Zimbabwe,field,Zimbabwe,Unknown,141,144,9,6
T20,2022-12-02,Cameroon,Sierra Leone,Gahanga International Cricket Stadium. Rwanda,Sierra Leone,field,Sierra Leone,Unknown,146,150,8,9
T20,2024-05-07,Japan,Mongolia,Sano International Cricket Ground,Japan,bat,Japan,Unknown,199,33,5,10
T20,2019-10-25,Ireland,Jersey,Tolerance Oval,Ireland,field,Ireland,Unknown,110,105,2,10
T20,2018-03-16,Sri Lanka,Bangladesh,"R.Premadasa Stadium, Khettarama",Bangladesh,field,Bangladesh,Unknown,159,160,7,8
T20,2024-02-05,Saudi Arabia,Indonesia,"Terdthai Cricket Ground, Bangkok",Saudi Arabia,bat,Saudi Arabia,Unknown,185,103,4,9
T20,2024-06-16,Bangladesh,Nepal,"Arnos Vale Ground, Kingstown, St Vincent",Nepal,field,Bangladesh,Unknown,106,85,10,10
T20,2024-10-09,Malawi,Rwanda,"TCA Oval, Blantyre",Malawi,bat,Rwanda,Unknown,88,89,10,2
T20,2025-07-11,Italy,Netherlands,"Sportpark Westvliet, Voorburg",Italy,bat,Netherlands,Unknown,134,135,7,1
T20,2022-11-18,Seychelles,Mali,Integrated Polytechnic Regional Centre,Mali,field,no result,no result,162,14,3,2
T20,2024-08-04,Spain,Croatia,"Mladost Cricket Ground, Zagreb",Croatia,field,Spain,Unknown,230,69,4,10
T20,2022-07-13,Croatia,Sweden,Kerava National Cricket Ground,Sweden,field,Sweden,Unknown,69,70,10,2
T20,2010-02-05,Australia,Pakistan,Melbourne Cricket Ground,Australia,bat,Australia,Unknown,127,125,10,9
T20,2024-08-31,Myanmar,Malaysia,"YSD-UKM Cricket Oval, Bangi",Malaysia,field,Malaysia,Unknown,75,78,7,4
T20,2024-01-12,New Zealand,Pakistan,"Eden Park, Auckland",Pakistan,field,New Zealand,Unknown,226,180,8,10
T20,2009-03-15,West Indies,England,"Queen's Park Oval, Port of Spain",West Indies,field,West Indies,Unknown,123,121,4,10
T20,2025-09-30,Zimbabwe,Tanzania,Harare Sports Club,Tanzania,field,Zimbabwe,Unknown,221,108,5,10
T20,2009-06-21,Pakistan,Sri Lanka,Lord's,Sri Lanka,bat,Pakistan,Unknown,139,138,2,6
T20,2024-06-14,Norway,Finland,Kerava National Cricket Ground,Finland,field,Norway,Unknown,171,74,5,10
T20,2025-07-26,Finland,Estonia,Estonian National Cricket and Rugby Field,Finland,bat,Estonia,Unknown,85,86,10,6
T20,2025-04-17,Mexico,Costa Rica,"Clayton Panama, Panama City",Costa Rica,field,Mexico,Unknown,174,50,4,9
T20,2021-10-26,West Indies,South Africa,Dubai International Cricket Stadium,South Africa,field,South Africa,Unknown,143,144,8,2
T20,2025-10-04,New Zealand,Australia,"Bay Oval, Mount Maunganui",Australia,field,Australia,Unknown,156,160,9,7
T20,2026-05-01,Indonesia,Malaysia,"Bayuemas Oval, Kuala Lumpur",Malaysia,field,Malaysia,Unknown,87,88,6,4
T20,2013-08-06,Sri Lanka,South Africa,"Mahinda Rajapaksa International Cricket Stadium, Sooriyawewa",South Africa,bat,Sri Lanka,Unknown,164,163,4,3
T20,2026-01-31,Ireland,United Arab Emirates,Dubai International Cricket Stadium,United Arab Emirates,field,Ireland,Unknown,170,140,7,8
T20,2018-02-21,India,South Africa,SuperSport Park,South Africa,field,South Africa,Unknown,188,189,4,4
T20,2025-07-10,Turkey,Bulgaria,"Vassil Levski National Sports Academy, Sofia",Bulgaria,field,Bulgaria,Unknown,195,200,8,2
T20,2024-09-02,Hong Kong,Singapore,"Bayuemas Oval, Kuala Lumpur",Singapore,field,Hong Kong,Unknown,201,73,8,4
T20,2026-02-13,Qatar,Bahrain,"West End Park International Cricket Stadium, Doha",Bahrain,field,Qatar,Unknown,201,170,4,5
T20,2018-06-13,Ireland,Netherlands,Hazelaarweg,Ireland,bat,Netherlands,Unknown,158,159,6,6
T20,2023-06-11,Belgium,Germany,Bayer Uerdingen Cricket Ground,Germany,field,Germany,Unknown,148,150,9,2
T20,2019-09-18,Bangladesh,Zimbabwe,Zahur Ahmed Chowdhury Stadium,Zimbabwe,field,Bangladesh,Unknown,175,136,7,10
T20,2007-12-16,South Africa,West Indies,St George's Park,West Indies,field,West Indies,Unknown,58,60,8,5
T20,2026-05-10,Samoa,Philippines,Sano International Cricket Ground,Samoa,bat,Samoa,Unknown,166,70,7,10
T20,2021-09-10,South Africa,Sri Lanka,"R Premadasa Stadium, Colombo",South Africa,bat,South Africa,Unknown,163,135,5,6
T20,2024-11-19,Bahrain,Saudi Arabia,"West End Park International Cricket Stadium, Doha",Saudi Arabia,field,Bahrain,Unknown,188,185,5,9
T20,2007-10-20,India,Australia,Brabourne Stadium,Australia,bat,India,Unknown,167,166,3,5
T20,2025-04-25,Saudi Arabia,Singapore,"Bayuemas Oval, Kuala Lumpur",Saudi Arabia,bat,Saudi Arabia,Unknown,178,82,8,9
T20,2023-10-19,Mexico,Argentina,St Georges Quilmes,Argentina,field,Argentina,Unknown,124,125,6,6
T20,2025-12-06,Zambia,Sierra Leone,"Nigeria Cricket Federation Oval 1, Abuja",Zambia,bat,Zambia,Unknown,177,162,4,5
T20,2021-10-19,Lesotho,Uganda,Integrated Polytechnic Regional Centre,Lesotho,bat,Uganda,Unknown,26,27,10,0
T20,2019-10-25,Papua New Guinea,Singapore,Dubai International Cricket Stadium,Singapore,field,Papua New Guinea,Unknown,180,137,4,9
T20,2025-07-20,Pakistan,Bangladesh,"Shere Bangla National Stadium, Mirpur",Bangladesh,field,Bangladesh,Unknown,110,112,10,3
T20,2022-12-09,Gambia,Cameroon,Integrated Polytechnic Regional Centre,Gambia,bat,Gambia,Unknown,115,104,8,10
T20,2022-11-21,Kenya,Lesotho,Integrated Polytechnic Regional Centre,Kenya,bat,Kenya,Unknown,237,70,5,10
T20,2007-09-17,Pakistan,Sri Lanka,New Wanderers Stadium,Sri Lanka,field,Pakistan,Unknown,189,156,6,9
T20,2024-12-13,Uganda,Botswana,"Gahanga International Cricket Stadium, Rwanda",Uganda,bat,Uganda,Unknown,141,109,6,7
T20,2026-06-28,Czech Republic,Luxembourg,"Scott Page Field, Vinor",Luxembourg,field,Czech Republic,Unknown,224,187,8,8
T20,2010-05-22,New Zealand,Sri Lanka,Central Broward Regional Park Stadium Turf Ground,New Zealand,bat,New Zealand,Unknown,120,92,7,10
T20,2010-04-30,New Zealand,Sri Lanka,Providence Stadium,Sri Lanka,bat,New Zealand,Unknown,139,135,8,6
T20,2023-11-27,Zimbabwe,Rwanda,"Wanderers Cricket Ground, Windhoek",Rwanda,field,Zimbabwe,Unknown,215,71,4,10
T20,2024-06-15,Isle of Man,Luxembourg,Roma Cricket Ground,Isle of Man,bat,Isle of Man,Unknown,154,91,8,9
T20,2023-09-20,United Arab Emirates,Qatar,"West End Park International Cricket Stadium, Doha",United Arab Emirates,bat,United Arab Emirates,Unknown,166,106,7,10
T20,2023-06-13,Uganda,Kenya,"Gymkhana Club Ground, Nairobi",Uganda,bat,Uganda,Unknown,175,128,7,7
T20,2024-09-03,Myanmar,Kuwait,"Bayuemas Oval, Kuala Lumpur",Kuwait,field,Kuwait,Unknown,47,48,7,2
T20,2025-11-13,Timor-Leste,Indonesia,Udayana Cricket Ground,Indonesia,field,Indonesia,Unknown,70,71,9,1
T20,2025-06-18,Cayman Islands,Bermuda,"Maple Leaf North-West Ground, King City",Bermuda,field,Bermuda,Unknown,121,126,9,3
T20,2023-05-05,Portugal,Malta,Europa Sports Complex,Portugal,bat,Portugal,Unknown,162,145,10,10
T20,2023-02-25,Isle of Man,Spain,La Manga Club Bottom Ground,Isle of Man,bat,Spain,Unknown,116,120,8,4
T20,2021-10-23,West Indies,England,Dubai International Cricket Stadium,England,field,England,Unknown,55,56,10,4
T20,2024-06-03,Sri Lanka,South Africa,"Nassau County International Cricket Stadium, New York",Sri Lanka,bat,South Africa,Unknown,77,80,10,4
T20,2021-11-02,Pakistan,Namibia,"Zayed Cricket Stadium, Abu Dhabi",Pakistan,bat,Pakistan,Unknown,189,144,2,5
T20,2025-07-09,South Korea,Philippines,Udayana Cricket Ground,Philippines,field,South Korea,Unknown,185,146,5,10
T20,2023-02-21,Argentina,Bermuda,"St Albans Club, Buenos Aires",Argentina,bat,Bermuda,Unknown,77,78,10,4
T20,2026-05-02,Malaysia,Indonesia,"Bayuemas Oval, Kuala Lumpur",Indonesia,field,Malaysia,Unknown,137,125,9,7
T20,2025-08-16,South Africa,Australia,"Cazaly's Stadium, Cairns",Australia,field,Australia,Unknown,172,173,7,8
T20,2019-07-26,Singapore,Malaysia,Indian Association Ground,Malaysia,bat,Singapore,Unknown,96,92,2,10
T20,2025-11-13,West Indies,New Zealand,"University Oval, Dunedin",New Zealand,field,New Zealand,Unknown,140,141,10,2
T20,2022-07-28,South Africa,England,"Sophia Gardens, Cardiff",England,field,South Africa,Unknown,207,149,3,10
T20,2021-02-25,New Zealand,Australia,University Oval,Australia,field,New Zealand,Unknown,219,215,7,8
T20,2024-08-25,West Indies,South Africa,"Brian Lara Stadium, Tarouba, Trinidad",South Africa,field,West Indies,Unknown,179,149,6,10
T20,2012-09-19,Australia,Ireland,R Premadasa Stadium,Ireland,bat,Australia,Unknown,125,123,3,7
T20,2025-06-28,Belgium,Austria,"Moara Vlasiei Cricket Ground, Ilfov County",Austria,field,Austria,Unknown,143,144,5,6
T20,2024-11-13,Myanmar,Indonesia,Udayana Cricket Ground,Myanmar,bat,Indonesia,Unknown,93,94,4,1
T20,2023-10-15,Luxembourg,Gibraltar,Europa Sports Complex,Luxembourg,bat,Luxembourg,Unknown,165,154,10,8
T20,2006-02-16,New Zealand,West Indies,Eden Park,New Zealand,field,tie,tie,126,126,8,7
T20,2025-07-10,Bangladesh,Sri Lanka,Pallekele International Cricket Stadium,Sri Lanka,field,Sri Lanka,Unknown,154,159,5,3
T20,2026-05-23,France,Sweden,Happy Valley Ground 2,Sweden,field,Sweden,Unknown,134,139,10,4
T20,2023-10-04,Panama,Bermuda,"National Stadium, Hamilton",Bermuda,field,Bermuda,Unknown,86,89,9,5
T20,2024-11-28,Nigeria,Botswana,"Nigeria Cricket Federation Oval 2, Abuja",Nigeria,bat,Nigeria,Unknown,181,104,5,10
T20,2022-05-12,Czech Republic,Bulgaria,Marsa Sports Club,Czech Republic,bat,Czech Republic,Unknown,258,170,2,7
T20,2022-07-27,Slovenia,Bulgaria,Tikkurila Cricket Ground,Bulgaria,field,Bulgaria,Unknown,140,143,9,7
T20,2010-02-19,England,Pakistan,Dubai International Cricket Stadium,Pakistan,bat,England,Unknown,130,129,3,8
T20,2024-12-10,Bahamas,Belize,"St Albans Club, Buenos Aires",Belize,field,Bahamas,Unknown,117,114,5,6
T20,2016-03-11,Bangladesh,Ireland,Himachal Pradesh Cricket Association Stadium,Ireland,field,no result,no result,94,0,2,0
T20,2024-09-21,Cameroon,Ghana,"Gymkhana Club Ground, Dar-es-Salaam",Cameroon,bat,Ghana,Unknown,40,41,10,2
T20,2019-02-24,India,Australia,Dr. Y.S. Rajasekhara Reddy ACA-VDCA Cricket Stadium,Australia,field,Australia,Unknown,126,127,7,7
T20,2024-03-20,Nigeria,Zimbabwe,"Achimota Senior Secondary School A Field, Accra",Nigeria,bat,Zimbabwe,Unknown,88,91,10,0
T20,2024-11-27,Ivory Coast,Eswatini,"Nigeria Cricket Federation Oval 2, Abuja",Ivory Coast,bat,Eswatini,Unknown,41,44,10,2
T20,2024-03-06,Papua New Guinea,Oman,Al Amerat Cricket Ground Oman Cricket (Ministry Turf 1),Oman,field,Oman,Unknown,136,137,6,7
T20,2015-07-07,Bangladesh,South Africa,Shere Bangla National Stadium,South Africa,bat,South Africa,Unknown,138,169,10,4
T20,2019-06-26,Maldives,Thailand,Kinrara Academy Oval,Thailand,bat,Maldives,Unknown,131,130,8,7
T20,2022-07-15,Romania,Isle of Man,Kerava National Cricket Ground,Isle of Man,field,Isle of Man,Unknown,120,121,10,2
T20,2011-06-04,West Indies,India,"Queen's Park Oval, Port of Spain",West Indies,field,India,Unknown,143,159,5,6
T20,2026-07-09,Denmark,Turkey,Koge Cricket Club,Turkey,field,Denmark,Unknown,201,115,4,9
T20,2022-10-24,Bangladesh,Netherlands,"Bellerive Oval, Hobart",Netherlands,field,Bangladesh,Unknown,144,135,8,10
T20,2024-07-07,India,Zimbabwe,Harare Sports Club,India,bat,India,Unknown,234,134,2,10
T20,2019-09-27,Nepal,Zimbabwe,Indian Association Ground,Nepal,bat,Zimbabwe,Unknown,132,133,6,5
T20,2024-08-22,Finland,Estonia,"King George V Sports Ground, Castel",Estonia,field,Estonia,Unknown,142,143,9,2
T20,2024-04-19,Nepal,United Arab Emirates,Al Amerat Cricket Ground Oman Cricket (Ministry Turf 1),United Arab Emirates,field,United Arab Emirates,Unknown,119,123,9,4
T20,2021-04-01,New Zealand,Bangladesh,Eden Park,Bangladesh,field,New Zealand,Unknown,141,76,4,10
T20,2026-03-27,St Helena,Ghana,"Achimota Senior Secondary School A Field, Accra",Ghana,field,Ghana,Unknown,77,78,10,1
T20,2025-09-30,Nepal,West Indies,Sharjah Cricket Stadium,West Indies,field,West Indies,Unknown,122,123,10,0
T20,2026-05-19,Slovenia,Sweden,Happy Valley Ground 2,Slovenia,bat,Sweden,Unknown,133,136,6,3
T20,2017-01-22,South Africa,Sri Lanka,New Wanderers Stadium,South Africa,bat,Sri Lanka,Unknown,113,119,10,7
T20,2026-07-27,France,Turkey,"Moara Vlasiei Cricket Ground, Ilfov County",France,bat,France,Unknown,235,90,2,7
T20,2026-07-13,Denmark,Hungary,"Svanholm Park, Brondby",Denmark,bat,Denmark,Unknown,186,120,3,10
T20,2026-03-28,Seychelles,Malawi,"Achimota Senior Secondary School A Field, Accra",Malawi,field,Malawi,Unknown,108,111,7,4
T20,2021-10-07,Cyprus,Isle of Man,Happy Valley Ground,Isle of Man,field,Isle of Man,Unknown,149,151,7,7
T20,2021-10-27,Maldives,Bahrain,"West End Park International Cricket Stadium, Doha",Bahrain,field,Bahrain,Unknown,88,93,9,3
T20,2022-07-11,Bhutan,Malaysia,"UKM-YSD Cricket Oval, Bangi",Malaysia,field,Malaysia,Unknown,82,84,10,1
T20,2023-01-27,New Zealand,India,"JSCA International Stadium Complex, Ranchi",India,field,New Zealand,Unknown,176,155,6,9
T20,2023-11-23,Nigeria,Kenya,"United Cricket Club Ground, Windhoek",Kenya,field,Kenya,Unknown,121,124,7,6
T20,2023-12-14,West Indies,England,"National Cricket Stadium, St George's, Grenada",England,field,West Indies,Unknown,176,166,7,7
T20,2013-11-22,Netherlands,Scotland,ICC Academy,Netherlands,field,Scotland,Unknown,150,165,6,4
T20,2022-08-24,Singapore,Kuwait,Al Amerat Cricket Ground Oman Cricket (Ministry Turf 1),Singapore,bat,Kuwait,Unknown,104,105,10,4
T20,2024-08-25,Kuwait,Malaysia,"Selangor Turf Club, Kuala Lumpur",Malaysia,field,Kuwait,Unknown,163,145,7,8
T20,2016-03-18,Australia,New Zealand,Himachal Pradesh Cricket Association Stadium,New Zealand,bat,New Zealand,Unknown,134,142,9,8
T20,2023-07-25,Jersey,Germany,"Grange Cricket Club Ground, Raeburn Place, Edinburgh",Germany,field,Jersey,Unknown,190,139,6,8
T20,2024-03-17,South Africa,Ghana,"Achimota Senior Secondary School A Field, Accra",South Africa,bat,South Africa,Unknown,237,103,2,7
T20,2024-02-14,Japan,Hong Kong,"Mission Road Ground, Mong Kok, Hong Kong",Japan,bat,Hong Kong,Unknown,179,184,5,3
T20,2023-11-28,India,Australia,"Barsapara Cricket Stadium, Guwahati",Australia,field,Australia,Unknown,222,225,3,5
T20,2026-03-01,Hong Kong,Kuwait,"Mission Road Ground, Mong Kok, Hong Kong",Kuwait,field,Kuwait,Unknown,125,127,9,7
T20,2025-02-28,Bahrain,Singapore,Singapore National Cricket Ground,Singapore,field,Bahrain,Unknown,167,136,4,8
T20,2026-07-31,Bahrain,Kenya,"Gymkhana Club Ground, Nairobi",Bahrain,bat,Bahrain,Unknown,159,144,4,8
T20,2025-11-30,Thailand,Bahrain,"Bayuemas Oval, Kuala Lumpur",Bahrain,field,Bahrain,Unknown,69,70,8,3
T20,2023-07-28,Germany,Italy,"Grange Cricket Club Ground, Raeburn Place, Edinburgh",Italy,field,Italy,Unknown,141,147,10,6
T20,2023-03-25,South Africa,West Indies,"SuperSport Park, Centurion",West Indies,field,West Indies,Unknown,131,132,8,7
T20,2023-11-03,United Arab Emirates,Nepal,Mulpani Cricket Ground,United Arab Emirates,bat,Nepal,Unknown,134,135,9,2
T20,2013-02-09,New Zealand,England,Eden Park,New Zealand,field,England,Unknown,174,214,9,7
T20,2009-12-09,India,Sri Lanka,"Vidarbha Cricket Association Stadium, Jamtha",India,field,Sri Lanka,Unknown,186,215,9,5
T20,2026-05-16,Samoa,Japan,Sano International Cricket Ground,Samoa,bat,Japan,Unknown,81,82,10,1
T20,2025-10-08,Qatar,United Arab Emirates,Al Amerat Cricket Ground Oman Cricket (Ministry Turf 1),Qatar,bat,United Arab Emirates,Unknown,118,119,8,3
T20,2012-09-22,Australia,West Indies,R Premadasa Stadium,West Indies,bat,Australia,Unknown,100,191,1,8
T20,2025-06-13,Denmark,Finland,"Ishoj Cricket Club, Vejledalen",Finland,field,Denmark,Unknown,198,77,3,9
T20,2022-02-18,Canada,Philippines,Al Amerat Cricket Ground Oman Cricket (Ministry Turf 2),Philippines,field,Canada,Unknown,216,98,1,5
T20,2019-02-01,South Africa,Pakistan,Newlands,Pakistan,field,South Africa,Unknown,192,186,6,9
T20,2024-06-15,England,Namibia,"Sir Vivian Richards Stadium, North Sound, Antigua",Namibia,field,England,Unknown,122,84,5,3
T20,2024-11-15,India,South Africa,"The Wanderers Stadium, Johannesburg",India,bat,India,Unknown,283,148,1,10
T20,2024-12-14,Bahrain,Kuwait,"ICC Academy, Dubai",Kuwait,field,Bahrain,Unknown,125,121,8,10
T20,2026-02-19,West Indies,Italy,"Eden Gardens, Kolkata",Italy,field,West Indies,Unknown,165,123,6,10
T20,2022-07-02,Denmark,Spain,"Royal Brussels Cricket Club Ground, Waterloo",Spain,field,Denmark,Unknown,154,113,7,10
T20,2025-06-18,Netherlands,Scotland,"Titwood, Glasgow",Scotland,field,Netherlands,Unknown,198,181,7,9
T20,2018-06-13,Pakistan,Scotland,"Grange Cricket Club, Raeburn Place",Pakistan,bat,Pakistan,Unknown,166,82,6,10
T20,2023-09-19,Bahrain,Oman,"West End Park International Cricket Stadium, Doha",Oman,field,Bahrain,Unknown,123,122,7,9
T20,2025-10-09,Malaysia,Qatar,Al Amerat Cricket Ground Oman Cricket (Ministry Turf 2),Qatar,field,Qatar,Unknown,123,124,9,2
T20,2014-03-29,Netherlands,New Zealand,Zahur Ahmed Chowdhury Stadium,New Zealand,field,New Zealand,Unknown,151,152,4,4
T20,2022-11-10,India,England,Adelaide Oval,England,field,England,Unknown,168,170,6,0
T20,2024-04-20,Nepal,Hong Kong,Al Amerat Cricket Ground Oman Cricket (Ministry Turf 1),Nepal,bat,Hong Kong,Unknown,139,140,8,6
T20,2021-09-11,Germany,Spain,"Desert Springs Cricket Ground, Almeria",Spain,field,Spain,Unknown,119,120,9,9
T20,2024-05-30,Pakistan,England,"Kennington Oval, London",England,field,England,Unknown,157,158,10,3
T20,2025-12-07,Croatia,Spain,La Manga Club Top Ground,Spain,field,Spain,Unknown,90,93,7,2
T20,2020-02-02,New Zealand,India,Bay Oval,India,bat,India,Unknown,156,163,9,4
T20,2019-12-06,Nepal,Maldives,Tribhuvan University International Cricket Ground,Nepal,bat,Nepal,Unknown,163,79,7,6
T20,2024-03-17,Tanzania,Nigeria,"Achimota Senior Secondary School B Field, Accra",Tanzania,bat,Tanzania,Unknown,131,84,6,10
T20,2016-01-30,Hong Kong,Scotland,"Mission Road Ground, Mong Kok",Hong Kong,field,Hong Kong,Unknown,72,66,1,7
T20,2022-09-01,Bangladesh,Sri Lanka,Dubai International Cricket Stadium,Sri Lanka,field,Sri Lanka,Unknown,183,184,7,8
T20,2026-05-30,Rwanda,Botswana,"Botswana Cricket Association Oval 1, Gaborone",Rwanda,bat,Rwanda,Unknown,117,115,8,8
T20,2025-08-03,Pakistan,West Indies,"Central Broward Regional Park Stadium Turf Ground, Lauderhill",Pakistan,bat,Pakistan,Unknown,189,176,4,6
T20,2022-07-18,New Zealand,Ireland,"Civil Service Cricket Club, Stormont, Belfast",Ireland,field,New Zealand,Unknown,173,142,8,10
T20,2009-09-02,Sri Lanka,New Zealand,R Premadasa Stadium,New Zealand,bat,New Zealand,Unknown,138,141,9,8
T20,2023-11-02,United Arab Emirates,Hong Kong,Mulpani Cricket Ground,Hong Kong,field,United Arab Emirates,Unknown,176,154,6,8
T20,2026-02-14,Ireland,Oman,"Sinhalese Sports Club Ground, Colombo",Oman,field,Ireland,Unknown,235,139,5,10
T20,2019-08-08,Netherlands,United Arab Emirates,Sportpark Westvliet,Netherlands,bat,United Arab Emirates,Unknown,150,153,6,3
T20,2024-06-05,Ireland,India,"Nassau County International Cricket Stadium, New York",India,field,India,Unknown,96,97,10,3
T20,2010-10-10,South Africa,Zimbabwe,De Beers Diamond Oval,South Africa,bat,South Africa,Unknown,194,186,6,7
T20,2023-10-20,Chile,Argentina,St Georges Quilmes,Chile,bat,Argentina,Unknown,52,53,10,0
T20,2026-04-03,Costa Rica,Brazil,"Reforma Athletic Club, Naucalpan",Costa Rica,bat,Brazil,Unknown,64,66,10,0
T20,2025-01-02,Sri Lanka,New Zealand,"Saxton Oval, Nelson",New Zealand,field,Sri Lanka,Unknown,218,211,5,7
T20,2022-11-09,New Zealand,Pakistan,Sydney Cricket Ground,New Zealand,bat,Pakistan,Unknown,152,153,4,3
T20,2023-08-24,Uganda,Tanzania,"Gahanga International Cricket Stadium, Rwanda",Tanzania,field,Uganda,Unknown,171,111,5,10
T20,2021-08-08,Norway,Germany,Bayer Uerdingen Cricket Ground,Norway,bat,Germany,Unknown,127,96,8,4
T20,2026-07-26,India,Zimbabwe,Harare Sports Club,India,bat,India,Unknown,192,157,5,7
T20,2014-03-14,South Africa,Australia,SuperSport Park,Australia,field,Australia,Unknown,128,129,7,4
T20,2007-09-12,Kenya,New Zealand,Kingsmead,New Zealand,field,New Zealand,Unknown,73,74,10,1
T20,2012-02-19,New Zealand,South Africa,Seddon Park,South Africa,field,South Africa,Unknown,173,174,4,2
T20,2025-06-15,Indonesia,Cambodia,Udayana Cricket Ground,Cambodia,field,Cambodia,Unknown,133,134,8,1
T20,2024-07-10,India,Zimbabwe,Harare Sports Club,India,bat,India,Unknown,182,159,4,6
T20,2025-08-24,Belgium,Austria,"Velden Cricket Ground, Latschach",Austria,field,Austria,Unknown,154,155,10,6
T20,2022-10-30,Netherlands,Pakistan,Perth Stadium,Netherlands,bat,Pakistan,Unknown,91,95,10,4
T20,2024-03-09,Kuwait,Malaysia,"Bayuemas Oval, Kuala Lumpur",Malaysia,field,Malaysia,Unknown,87,88,10,3
T20,2021-04-23,Zimbabwe,Pakistan,Harare Sports Club,Pakistan,field,Zimbabwe,Unknown,118,99,9,10
T20,2021-04-17,Netherlands,Nepal,"Tribhuvan University International Cricket Ground, Kirtipur",Nepal,field,Nepal,Unknown,136,141,4,1
T20,2022-04-05,Pakistan,Australia,"Gaddafi Stadium, Lahore",Australia,field,Australia,Unknown,162,163,8,7
T20,2024-07-28,Sri Lanka,India,Pallekele International Cricket Stadium,India,field,India,Unknown,161,81,9,3
T20,2022-06-10,Austria,Sweden,Bayer Uerdingen Cricket Ground,Sweden,field,Austria,Unknown,124,121,9,10
T20,2022-05-10,Gibraltar,Malta,Marsa Sports Club,Malta,field,Malta,Unknown,132,135,6,5
T20,2025-06-12,Canada,Bahamas,"Maple Leaf North-East Ground, King City",Canada,bat,Canada,Unknown,219,112,10,7
T20,2017-11-07,India,New Zealand,Greenfield International Stadium,New Zealand,field,India,Unknown,67,61,5,6
T20,2021-10-22,Malawi,Rwanda,Gahanga International Cricket Stadium. Rwanda,Malawi,bat,Malawi,Unknown,139,115,2,10
T20,2025-11-03,Bulgaria,Cyprus,Happy Valley Ground 2,Bulgaria,bat,Cyprus,Unknown,125,127,10,4
T20,2019-11-10,New Zealand,England,Eden Park,England,field,tie,tie,154,163,6,7
T20,2025-09-13,Eswatini,Mozambique,Malkerns Country Club oval,Eswatini,bat,Eswatini,Unknown,182,108,6,10
T20,2021-10-19,Nigeria,Sierra Leone,University of Lagos Cricket Oval,Sierra Leone,field,Sierra Leone,Unknown,99,100,10,4
T20,2021-10-06,Estonia,Isle of Man,Happy Valley Ground,Estonia,bat,Isle of Man,Unknown,118,122,7,4
T20,2026-02-26,Hong Kong,Kuwait,"Mission Road Ground, Mong Kok, Hong Kong",Kuwait,field,Hong Kong,Unknown,171,147,9,8
T20,2024-06-13,Oman,England,"Sir Vivian Richards Stadium, North Sound, Antigua",England,field,England,Unknown,47,50,10,2
T20,2014-01-11,New Zealand,West Indies,Eden Park,New Zealand,bat,New Zealand,Unknown,189,108,5,8
T20,2022-07-31,Luxembourg,Switzerland,Tikkurila Cricket Ground,Luxembourg,bat,Luxembourg,Unknown,115,108,9,10
T20,2025-05-30,Malta,Belgium,"Stars Arena Hofstade, Zemst",Malta,bat,Belgium,Unknown,107,111,10,4
T20,2024-04-12,Hong Kong,Qatar,Al Amerat Cricket Ground Oman Cricket (Ministry Turf 2),Hong Kong,bat,Hong Kong,Unknown,201,175,7,8
T20,2020-02-29,Thailand,Singapore,Terdthai Cricket Ground,Thailand,field,Singapore,Unknown,96,139,10,7
T20,2024-06-12,Isle of Man,Italy,Roma Cricket Ground,Isle of Man,bat,Italy,Unknown,85,87,10,3
T20,2022-07-07,Thailand,Malaysia,"UKM-YSD Cricket Oval, Bangi",Malaysia,field,Malaysia,Unknown,73,74,10,1
T20,2025-12-02,Ireland,Bangladesh,"Bir Sreshtho Flight Lieutenant Matiur Rahman Stadium, Chattogram",Ireland,bat,Bangladesh,Unknown,117,119,10,2
T20,2026-03-25,St Helena,Seychelles,"Achimota Senior Secondary School A Field, Accra",Seychelles,field,Seychelles,Unknown,95,96,7,3
T20,2021-10-24,Bahrain,Kuwait,"West End Park International Cricket Stadium, Doha",Kuwait,field,Kuwait,Unknown,124,129,8,4
T20,2025-03-04,Singapore,Bahrain,Singapore National Cricket Ground,Singapore,bat,no result,no result,144,12,8,2
T20,2022-08-22,United Arab Emirates,Singapore,Al Amerat Cricket Ground Oman Cricket (Ministry Turf 1),Singapore,field,United Arab Emirates,Unknown,160,113,8,10
T20,2023-07-25,Japan,Papua New Guinea,"Amini Park, Port Moresby",Japan,bat,Papua New Guinea,Unknown,87,92,8,4
T20,2015-01-09,South Africa,West Indies,Newlands,South Africa,bat,West Indies,Unknown,165,168,4,6
T20,2025-09-28,Zimbabwe,Botswana,Harare Sports Club,Botswana,field,Zimbabwe,Unknown,259,89,5,8
T20,2018-11-25,Australia,India,Sydney Cricket Ground,Australia,bat,India,Unknown,164,168,6,4
T20,2024-05-02,Thailand,Indonesia,Udayana Cricket Ground,Thailand,bat,Indonesia,Unknown,90,91,10,4
T20,2010-05-13,England,Sri Lanka,"Beausejour Stadium, Gros Islet",Sri Lanka,bat,England,Unknown,132,128,3,6
T20,2020-03-09,Bangladesh,Zimbabwe,"Shere Bangla National Stadium, Mirpur",Zimbabwe,field,Bangladesh,Unknown,200,152,3,10
T20,2021-09-10,Kenya,Uganda,Entebbe Cricket Oval,Kenya,bat,Kenya,Unknown,151,129,9,10
T20,2025-07-12,Turkey,Gibraltar,"Vassil Levski National Sports Academy, Sofia",Turkey,bat,Gibraltar,Unknown,193,198,4,5
T20,2024-03-11,Scotland,United Arab Emirates,Dubai International Cricket Stadium,United Arab Emirates,field,United Arab Emirates,Unknown,147,149,8,2
T20,2024-11-26,United Arab Emirates,Qatar,"West End Park International Cricket Stadium, Doha",United Arab Emirates,bat,United Arab Emirates,Unknown,206,177,3,10
T20,2026-05-28,Botswana,Ivory Coast,"Botswana Cricket Association Oval 1, Gaborone",Botswana,bat,Botswana,Unknown,255,24,3,10
T20,2026-05-17,Fiji,South Korea,Sano International Cricket Ground 2,South Korea,field,South Korea,Unknown,107,109,7,3
T20,2024-09-04,Scotland,Australia,"Grange Cricket Club Ground, Raeburn Place, Edinburgh",Australia,field,Australia,Unknown,154,156,9,3
T20,2022-07-27,Guernsey,Austria,Tikkurila Cricket Ground,Guernsey,bat,Austria,Unknown,139,141,6,8
T20,2026-07-14,Norway,Gibraltar,Koge Cricket Club,Norway,bat,Norway,Unknown,199,175,1,6
T20,2021-08-09,Bangladesh,Australia,"Shere Bangla National Stadium, Mirpur",Bangladesh,bat,Bangladesh,Unknown,122,62,8,10
T20,2026-02-10,Pakistan,United States of America,"Sinhalese Sports Club Ground, Colombo",United States of America,field,Pakistan,Unknown,190,158,9,8
T20,2022-10-07,Australia,West Indies,"Brisbane Cricket Ground, Woolloongabba, Brisbane",West Indies,field,Australia,Unknown,178,147,7,8
T20,2025-07-21,Saudi Arabia,Qatar,"West End Park International Cricket Stadium, Doha",Qatar,field,Qatar,Unknown,169,173,7,6
T20,2021-11-01,England,Sri Lanka,Sharjah Cricket Stadium,Sri Lanka,field,England,Unknown,163,137,4,10
T20,2025-04-26,Cayman Islands,Canada,"Jimmy Powell Oval, Cayman Islands",Cayman Islands,bat,Canada,Unknown,122,125,8,0
T20,2022-09-30,Pakistan,England,"Gaddafi Stadium, Lahore",England,field,England,Unknown,169,170,6,2
T20,2017-01-18,United Arab Emirates,Ireland,Dubai International Cricket Stadium,Ireland,bat,Ireland,Unknown,136,160,7,6
T20,2017-12-24,Sri Lanka,India,Wankhede Stadium,India,field,India,Unknown,135,139,7,5
T20,2024-04-04,Namibia,Oman,Al Amerat Cricket Ground Oman Cricket (Ministry Turf 1),Oman,field,Oman,Unknown,101,104,8,2
T20,2026-01-31,Pakistan,Australia,"Gaddafi Stadium, Lahore",Pakistan,bat,Pakistan,Unknown,198,108,5,10
T20,2012-02-17,New Zealand,South Africa,Westpac Stadium,New Zealand,field,New Zealand,Unknown,148,147,4,6
T20,2022-07-04,Thailand,Malaysia,"UKM-YSD Cricket Oval, Bangi",Thailand,bat,Malaysia,Unknown,30,34,10,1
T20,2024-07-03,Rwanda,Kenya,"Sikh Union Club Ground, Nairobi",Rwanda,bat,Kenya,Unknown,168,172,1,6
T20,2024-04-12,Mexico,Costa Rica,Los Reyes Polo Club,Costa Rica,field,Mexico,Unknown,104,82,6,10
T20,2026-03-24,Seychelles,Ghana,"Achimota Senior Secondary School B Field, Accra",Ghana,field,Ghana,Unknown,72,76,10,4
T20,2020-02-26,Malaysia,Hong Kong,Kinrara Academy Oval,Hong Kong,bat,Malaysia,Unknown,176,171,4,7
T20,2024-03-09,Bahrain,Tanzania,"Bayuemas Oval, Kuala Lumpur",Tanzania,field,Bahrain,Unknown,135,83,8,10
T20,2023-06-19,Uganda,Rwanda,"Gymkhana Club Ground, Nairobi",Uganda,bat,Uganda,Unknown,153,59,5,10
T20,2023-10-19,Hong Kong,Nepal,Mulpani Cricket Ground,Nepal,field,Nepal,Unknown,94,99,10,4
T20,2023-02-28,Bermuda,Panama,"Belgrano Athletic Club Ground, Buenos Aires",Bermuda,bat,Bermuda,Unknown,196,136,1,6
T20,2022-11-19,Oman,Bahrain,Al Amerat Cricket Ground Oman Cricket (Ministry Turf 1),Bahrain,field,Oman,Unknown,220,114,5,10
T20,2023-06-17,Rwanda,Kenya,"Gymkhana Club Ground, Nairobi",Rwanda,bat,Kenya,Unknown,99,100,10,3
T20,2026-02-09,Scotland,Italy,"Eden Gardens, Kolkata",Italy,field,Scotland,Unknown,207,134,4,9
T20,2021-08-20,Gibraltar,Malta,Gucherre Cricket Ground,Malta,field,Malta,Unknown,148,149,5,2
T20,2025-12-10,Philippines,Singapore,"Terdthai Cricket Ground, Bangkok",Philippines,bat,Philippines,Unknown,145,131,9,6
T20,2017-10-29,South Africa,Bangladesh,Senwes Park,Bangladesh,field,South Africa,Unknown,224,141,4,10
T20,2014-11-09,Australia,South Africa,Stadium Australia,Australia,field,Australia,Unknown,146,145,8,6
T20,2024-05-01,Thailand,Indonesia,Udayana Cricket Ground,Indonesia,field,Thailand,Unknown,137,129,8,7
T20,2021-10-06,Cyprus,Isle of Man,Happy Valley Ground,Cyprus,bat,Isle of Man,Unknown,92,93,10,2
T20,2014-03-23,India,West Indies,Shere Bangla National Stadium,India,field,India,Unknown,130,129,3,7
T20,2022-07-08,Maldives,Thailand,"UKM-YSD Cricket Oval, Bangi",Thailand,field,Maldives,Unknown,97,56,10,10
T20,2022-07-19,Romania,Sweden,Tikkurila Cricket Ground,Romania,bat,Sweden,Unknown,104,106,10,2
T20,2021-10-24,Qatar,Maldives,"West End Park International Cricket Stadium, Doha",Maldives,field,Qatar,Unknown,154,56,6,10
T20,2022-12-21,Singapore,Bahrain,"UKM-YSD Cricket Oval, Bangi",Bahrain,field,Bahrain,Unknown,168,172,10,4
T20,2019-10-21,United Arab Emirates,Hong Kong,Sheikh Zayed Stadium,Hong Kong,bat,United Arab Emirates,Unknown,118,116,2,7
T20,2024-07-27,India,Sri Lanka,Pallekele International Cricket Stadium,Sri Lanka,field,India,Unknown,213,170,7,10
T20,2025-12-13,Zambia,Sierra Leone,"Nigeria Cricket Federation Oval 1, Abuja",Zambia,bat,Sierra Leone,Unknown,116,121,8,7
T20,2023-08-14,Guernsey,Germany,"Sportpark Het Schootsveld, Deventer",Germany,field,Germany,Unknown,98,100,10,1
T20,2024-06-23,United States of America,England,"Kensington Oval, Bridgetown, Barbados",England,field,England,Unknown,115,117,10,0
T20,2009-06-16,India,South Africa,Trent Bridge,South Africa,bat,South Africa,Unknown,118,130,8,5
T20,2023-10-30,Hong Kong,Kuwait,Mulpani Cricket Ground,Kuwait,field,Hong Kong,Unknown,166,150,6,8
T20,2026-09-09,Rwanda,Kenya,"Gahanga B Ground, Rwanda",Rwanda,bat,Kenya,Unknown,139,144,8,8
T20,2021-10-20,Sri Lanka,Ireland,"Zayed Cricket Stadium, Abu Dhabi",Ireland,field,Sri Lanka,Unknown,171,101,7,10
T20,2021-10-27,Bangladesh,England,"Zayed Cricket Stadium, Abu Dhabi",Bangladesh,bat,England,Unknown,124,126,9,2
T20,2023-07-10,Malta,France,Marsa Sports Club,Malta,bat,Malta,Unknown,125,121,9,10
T20,2010-02-11,Ireland,Scotland,Dubai International Cricket Stadium,Ireland,bat,Ireland,Unknown,136,99,7,10
T20,2014-03-23,Australia,Pakistan,Shere Bangla National Stadium,Australia,field,Pakistan,Unknown,175,191,10,5
T20,2019-10-30,United Arab Emirates,Scotland,Dubai International Cricket Stadium,Scotland,bat,Scotland,Unknown,108,198,10,6
T20,2026-07-08,Gibraltar,Belgium,Koge Cricket Club,Belgium,field,Belgium,Unknown,139,142,9,3
T20,2024-06-29,Rwanda,Kenya,"Sikh Union Club Ground, Nairobi",Rwanda,bat,Kenya,Unknown,125,129,4,4
T20,2012-03-27,West Indies,Australia,"Beausejour Stadium, Gros Islet",West Indies,bat,Australia,Unknown,150,153,7,2
T20,2021-09-12,Sri Lanka,South Africa,"R Premadasa Stadium, Colombo",Sri Lanka,bat,South Africa,Unknown,103,105,10,1
T20,2014-03-25,Bangladesh,West Indies,Shere Bangla National Stadium,Bangladesh,field,West Indies,Unknown,98,171,10,7
T20,2025-04-21,Bahamas,Canada,"Jimmy Powell Oval, Cayman Islands",Bahamas,bat,Canada,Unknown,41,46,10,0
T20,2025-11-06,Myanmar,Indonesia,Udayana Cricket Ground,Myanmar,bat,Indonesia,Unknown,52,53,7,1
T20,2008-10-11,Pakistan,Sri Lanka,Maple Leaf North-West Ground,Pakistan,field,Pakistan,Unknown,141,137,7,9
T20,2024-08-17,Fiji,Samoa,"Faleata Oval No 2, Apia",Fiji,bat,Samoa,Unknown,62,63,10,1
T20,2022-02-24,Oman,Nepal,Al Amerat Cricket Ground Oman Cricket (Ministry Turf 2),Oman,bat,Nepal,Unknown,87,90,9,1
T20,2025-03-23,New Zealand,Pakistan,"Bay Oval, Mount Maunganui",Pakistan,field,New Zealand,Unknown,220,105,6,10
T20,2022-05-10,Gibraltar,Hungary,Marsa Sports Club,Hungary,field,Hungary,Unknown,137,138,8,6
T20,2025-05-09,Japan,Cook Islands,Sano International Cricket Ground,Cook Islands,field,Japan,Unknown,105,71,10,10
T20,2025-12-14,Zambia,Sierra Leone,"Nigeria Cricket Federation Oval 1, Abuja",Sierra Leone,field,Zambia,Unknown,145,125,6,10
T20,2024-09-24,Ghana,Lesotho,University of Dar-es-Salaam Ground,Ghana,bat,Ghana,Unknown,133,83,4,10
T20,2021-10-17,Italy,Germany,"Desert Springs Cricket Ground, Almeria",Italy,bat,Germany,Unknown,103,104,5,6
T20,2022-10-18,South Korea,Indonesia,Sano International Cricket Ground,South Korea,bat,Indonesia,Unknown,98,99,6,7
T20,2022-09-23,England,Pakistan,"National Stadium, Karachi",Pakistan,field,England,Unknown,221,158,3,8
T20,2026-03-24,Eswatini,St Helena,"Achimota Senior Secondary School A Field, Accra",Eswatini,bat,Eswatini,Unknown,115,88,8,10
T20,2026-05-16,Switzerland,Jersey,Happy Valley Ground,Switzerland,bat,Jersey,Unknown,73,75,10,1
T20,2024-12-14,Nigeria,Uganda,"Gahanga International Cricket Stadium, Rwanda",Nigeria,bat,Uganda,Unknown,89,90,10,4
T20,2024-05-14,Ireland,Pakistan,"Castle Avenue, Dublin",Pakistan,field,Pakistan,Unknown,178,181,7,4
T20,2020-01-26,New Zealand,India,Eden Park,New Zealand,bat,India,Unknown,132,135,5,3
T20,2024-02-14,Hong Kong,China,"Mission Road Ground, Mong Kok, Hong Kong",Hong Kong,bat,Hong Kong,Unknown,171,48,5,8
T20,2024-03-02,Netherlands,Nepal,"Tribhuvan University International Cricket Ground, Kirtipur",Netherlands,bat,Nepal,Unknown,120,121,10,4
T20,2025-07-25,Bahrain,Rwanda,"Gahanga International Cricket Stadium, Rwanda",Rwanda,field,Bahrain,Unknown,163,49,6,10
T20,2025-11-09,Timor-Leste,Myanmar,Udayana Cricket Ground,Timor-Leste,bat,Myanmar,Unknown,47,48,7,2
T20,2022-12-02,Eswatini,Mozambique,Integrated Polytechnic Regional Centre,Mozambique,field,Mozambique,Unknown,150,151,5,1
T20,2023-01-14,Zimbabwe,Ireland,Harare Sports Club,Ireland,field,Ireland,Unknown,144,150,10,4
T20,2024-10-09,India,Bangladesh,"Arun Jaitley Stadium, Delhi",Bangladesh,field,India,Unknown,221,135,9,9
T20,2026-04-07,Indonesia,Sweden,Udayana Cricket Ground,Sweden,field,Sweden,Unknown,119,125,10,6
T20,2015-07-25,Hong Kong,Scotland,"The Village, Malahide",Scotland,field,Scotland,Unknown,116,117,10,5
T20,2021-10-24,Bangladesh,Sri Lanka,Sharjah Cricket Stadium,Sri Lanka,field,Sri Lanka,Unknown,171,172,4,5
T20,2023-12-12,England,West Indies,"Kensington Oval, Bridgetown, Barbados",West Indies,field,West Indies,Unknown,171,172,10,6
T20,2024-02-09,Australia,West Indies,"Bellerive Oval, Hobart",West Indies,field,Australia,Unknown,213,202,7,8
T20,2021-10-29,Kuwait,Qatar,"West End Park International Cricket Stadium, Doha",Kuwait,bat,Qatar,Unknown,126,127,9,8
T20,2021-10-21,Italy,Germany,"Desert Springs Cricket Ground, Almeria",Germany,field,Italy,Unknown,117,116,10,6
T20,2017-03-30,West Indies,Pakistan,"Queen's Park Oval, Port of Spain",West Indies,field,Pakistan,Unknown,129,132,8,10
T20,2025-10-04,Malawi,Botswana,"Takashinga Sports Club, Highfield, Harare",Malawi,bat,Malawi,Unknown,151,95,5,9
T20,2024-05-10,Pakistan,Ireland,"Castle Avenue, Dublin",Ireland,field,Ireland,Unknown,182,183,6,5
T20,2013-03-15,Canada,Kenya,ICC Global Cricket Academy,Kenya,bat,Canada,Unknown,128,126,5,9
T20,2016-01-10,New Zealand,Sri Lanka,Eden Park,New Zealand,field,New Zealand,Unknown,147,142,1,8
T20,2020-02-12,South Africa,England,Buffalo Park,England,field,South Africa,Unknown,177,176,8,9
T20,2022-10-23,Pakistan,India,Melbourne Cricket Ground,India,field,India,Unknown,159,160,8,6
T20,2024-11-28,Bahrain,United Arab Emirates,University of Doha for Science and Technology,Bahrain,bat,United Arab Emirates,Unknown,135,138,7,2
T20,2024-12-08,Panama,Bermuda,"St Albans Club, Buenos Aires",Panama,bat,Bermuda,Unknown,60,61,7,1
T20,2016-02-21,South Africa,England,New Wanderers Stadium,South Africa,field,South Africa,Unknown,172,171,1,10
T20,2022-06-17,India,South Africa,"Saurashtra Cricket Association Stadium, Rajkot",South Africa,field,India,Unknown,169,87,6,10
T20,2024-02-13,Thailand,Saudi Arabia,"Terdthai Cricket Ground, Bangkok",Saudi Arabia,field,Saudi Arabia,Unknown,112,115,7,5
T20,2023-06-24,Turkey,Bulgaria,"National Sports Academy, Sofia",Bulgaria,field,Bulgaria,Unknown,147,149,10,2
T20,2025-06-01,Bangladesh,Pakistan,"Gaddafi Stadium, Lahore",Pakistan,field,Pakistan,Unknown,196,197,6,3
T20,2014-03-31,New Zealand,Sri Lanka,Zahur Ahmed Chowdhury Stadium,New Zealand,field,Sri Lanka,Unknown,60,119,9,10
T20,2019-06-27,Malaysia,Thailand,Kinrara Academy Oval,Thailand,bat,Malaysia,Unknown,129,127,2,7
T20,2020-02-26,Kuwait,Bahrain,Al Amerat Cricket Ground Oman Cricket (Ministry Turf 1),Bahrain,field,Kuwait,Unknown,210,123,4,10
T20,2009-11-13,New Zealand,Pakistan,Dubai International Cricket Stadium,Pakistan,bat,Pakistan,Unknown,146,153,5,5
T20,2024-08-30,Kuwait,Mongolia,"Bayuemas Oval, Kuala Lumpur",Mongolia,field,Kuwait,Unknown,210,50,8,10
T20,2025-07-27,Nigeria,Kenya,Entebbe Cricket Oval,Nigeria,bat,Kenya,Unknown,113,116,9,4
T20,2025-07-18,Singapore,Samoa,Singapore National Cricket Ground,Singapore,bat,Singapore,Unknown,136,84,8,10
T20,2019-07-14,Malaysia,Nepal,Kinrara Academy Oval,Nepal,bat,Nepal,Unknown,167,173,7,6
T20,2016-06-20,Zimbabwe,India,Harare Sports Club,Zimbabwe,bat,India,Unknown,99,103,9,0
T20,2026-05-22,Slovenia,Malta,Happy Valley Ground 2,Slovenia,bat,Malta,Unknown,68,69,10,1
T20,2025-10-04,Namibia,Zimbabwe,Harare Sports Club,Zimbabwe,field,Zimbabwe,Unknown,167,171,6,3
T20,2025-07-06,Bahrain,Germany,"TCA Oval, Blantyre",Bahrain,bat,Bahrain,Unknown,207,161,2,8
T20,2009-05-07,Australia,Pakistan,Dubai International Cricket Stadium,Pakistan,field,Pakistan,Unknown,108,109,10,3
T20,2026-05-29,Kenya,Botswana,"Botswana Cricket Association Oval 2, Gaborone",Kenya,bat,Kenya,Unknown,193,131,3,8
T20,2023-12-09,Zimbabwe,Ireland,Harare Sports Club,Ireland,field,Ireland,Unknown,165,166,5,6
T20,2024-12-19,Bangladesh,West Indies,"Arnos Vale Ground, Kingstown, St Vincent",Bangladesh,bat,Bangladesh,Unknown,189,109,7,10
T20,2026-06-19,Germany,Denmark,"Svanholm Park, Brondby",Germany,bat,Denmark,Unknown,146,148,9,5
T20,2024-12-11,Bermuda,Brazil,"St George's College Ground, Buenos Aires",Brazil,field,Bermuda,Unknown,149,62,4,10
T20,2017-02-01,India,England,M Chinnaswamy Stadium,England,field,India,Unknown,202,127,6,10
T20,2024-12-07,Uganda,Rwanda,"Gahanga International Cricket Stadium, Rwanda",Rwanda,field,Uganda,Unknown,151,65,8,10
T20,2023-08-20,Uganda,Rwanda,"Gahanga International Cricket Stadium, Rwanda",Uganda,bat,Uganda,Unknown,146,106,6,9
T20,2023-03-29,Bangladesh,Ireland,"Zahur Ahmed Chowdhury Stadium, Chattogram",Ireland,field,Bangladesh,Unknown,202,125,3,9
T20,2025-04-07,Norway,Portugal,Santarem Cricket Ground,Portugal,field,Norway,Unknown,154,115,6,9
T20,2025-07-20,Malawi,Bahrain,"Gahanga International Cricket Stadium, Rwanda",Bahrain,field,Bahrain,Unknown,139,140,7,1
T20,2020-11-27,South Africa,England,Newlands,England,field,England,Unknown,179,183,6,5
T20,2009-08-12,Sri Lanka,Pakistan,R Premadasa Stadium,Pakistan,bat,Pakistan,Unknown,120,172,10,5
T20,2025-11-29,Sri Lanka,Pakistan,Rawalpindi Cricket Stadium,Pakistan,field,Pakistan,Unknown,114,118,10,4
T20,2022-11-16,Canada,Oman,Al Amerat Cricket Ground Oman Cricket (Ministry Turf 1),Oman,field,Canada,Unknown,191,190,2,6
T20,2011-10-29,India,England,Eden Gardens,India,bat,England,Unknown,120,121,9,4
T20,2014-03-30,Australia,India,Shere Bangla National Stadium,Australia,field,India,Unknown,86,159,10,7
T20,2023-09-19,Malaysia,Hong Kong,"Bayuemas Oval, Kuala Lumpur",Hong Kong,field,Malaysia,Unknown,181,79,8,10
T20,2026-05-01,Germany,Austria,Bayer Uerdingen Cricket Ground,Austria,field,Germany,Unknown,308,146,1,10
T20,2026-05-26,Mali,Rwanda,"Botswana Cricket Association Oval 2, Gaborone",Rwanda,field,Rwanda,Unknown,49,53,10,2
T20,2019-06-16,Denmark,Jersey,King George V Sports Ground,Denmark,field,Jersey,Unknown,113,131,8,9
T20,2024-08-21,Bulgaria,Guernsey,"Guernsey Rovers Athletic Club Ground, Port Soif",Bulgaria,bat,Guernsey,Unknown,97,99,10,2
T20,2023-10-05,Serbia,Gibraltar,Europa Sports Complex,Serbia,bat,Gibraltar,Unknown,82,83,10,3
T20,2022-12-05,Sierra Leone,Eswatini,Integrated Polytechnic Regional Centre,Eswatini,field,Sierra Leone,Unknown,52,48,4,4
T20,2022-09-17,Kenya,Tanzania,"Willowmoore Park, Benoni",Kenya,bat,Tanzania,Unknown,155,159,3,6
T20,2024-08-25,Malta,Bulgaria,"King George V Sports Ground, Castel",Malta,bat,Malta,Unknown,211,150,2,8
T20,2018-02-07,England,Australia,Bellerive Oval,Australia,field,Australia,Unknown,155,161,9,5
T20,2024-12-15,Bangladesh,West Indies,"Arnos Vale Ground, Kingstown, St Vincent",West Indies,field,Bangladesh,Unknown,147,140,6,10
T20,2021-10-21,Oman,Scotland,Al Amerat Cricket Ground Oman Cricket (Ministry Turf 1),Oman,bat,Scotland,Unknown,122,123,10,2
T20,2023-03-12,England,Bangladesh,"Shere Bangla National Stadium, Mirpur",Bangladesh,field,Bangladesh,Unknown,117,120,10,6
T20,2021-11-17,Kenya,Uganda,Integrated Polytechnic Regional Centre,Kenya,bat,Kenya,Unknown,161,160,5,7
T20,2010-05-14,Australia,Pakistan,"Beausejour Stadium, Gros Islet",Australia,field,Australia,Unknown,197,191,7,6
T20,2026-08-06,Mexico,Panama,"Los Pinos Polo Club 1, Cundinamarca",Panama,field,Panama,Unknown,122,123,6,5
T20,2022-01-30,West Indies,England,"Kensington Oval, Bridgetown, Barbados",West Indies,bat,West Indies,Unknown,179,162,4,10
T20,2022-12-01,Gambia,Eswatini,Integrated Polytechnic Regional Centre,Eswatini,field,Eswatini,Unknown,122,123,10,5
T20,2025-07-26,Austria,Luxembourg,"GB Oval, Szodliget",Austria,bat,Austria,Unknown,245,179,7,5
T20,2018-07-03,England,India,Old Trafford,India,field,India,Unknown,159,163,8,2
T20,2022-12-15,Uganda,Tanzania,"Gahanga International Cricket Stadium, Rwanda",Tanzania,field,Uganda,Unknown,169,156,8,9
T20,2026-03-12,Botswana,Lesotho,"Botswana Cricket Association Oval 1, Gaborone",Botswana,bat,Botswana,Unknown,102,96,9,8
T20,2025-05-31,Malta,Portugal,"Stars Arena Hofstade, Zemst",Malta,bat,Portugal,Unknown,133,136,7,2
T20,2024-12-12,Uganda,Rwanda,"Gahanga International Cricket Stadium, Rwanda",Rwanda,field,Uganda,Unknown,148,98,6,9
T20,2024-10-01,United States of America,Namibia,"Wanderers Cricket Ground, Windhoek",United States of America,bat,United States of America,Unknown,181,168,4,8
T20,2022-10-11,Pakistan,New Zealand,"Hagley Oval, Christchurch",Pakistan,bat,New Zealand,Unknown,130,131,7,1
T20,2026-06-27,Serbia,Luxembourg,"Scott Page Field, Vinor",Serbia,bat,Luxembourg,Unknown,162,163,7,2
T20,2022-11-25,Rwanda,Lesotho,Integrated Polytechnic Regional Centre,Rwanda,bat,no result,no result,192,0,6,0
T20,2017-03-26,West Indies,Pakistan,"Kensington Oval, Bridgetown",Pakistan,field,Pakistan,Unknown,111,115,8,4
T20,2024-05-19,Ireland,Netherlands,"Sportpark Westvliet, The Hague",Netherlands,field,Ireland,Unknown,150,149,8,8
T20,2018-04-01,Pakistan,West Indies,National Stadium,West Indies,field,Pakistan,Unknown,203,60,5,9
T20,2022-11-20,Rwanda,Kenya,Gahanga International Cricket Stadium. Rwanda,Kenya,field,Kenya,Unknown,87,90,9,1
T20,2025-08-09,Norway,Sweden,"Botkyrka Cricket Center, Stockholm",Norway,bat,Norway,Unknown,179,156,4,10
T20,2025-08-30,Switzerland,Guernsey,"King George V Sports Ground, Castel",Guernsey,field,no result,no result,83,0,3,0
T20,2025-09-25,Pakistan,Bangladesh,Dubai International Cricket Stadium,Bangladesh,field,Pakistan,Unknown,135,124,8,9
T20,2024-07-01,Malawi,Kenya,"Sikh Union Club Ground, Nairobi",Kenya,field,Kenya,Unknown,103,106,7,1
T20,2024-07-12,Belgium,Serbia,Bayer Uerdingen Cricket Ground,Belgium,bat,Belgium,Unknown,179,102,5,3
T20,2023-08-22,Rwanda,Tanzania,"Gahanga International Cricket Stadium, Rwanda",Tanzania,field,Tanzania,Unknown,154,155,6,3
T20,2014-03-20,Bangladesh,Hong Kong,Zahur Ahmed Chowdhury Stadium,Hong Kong,field,Hong Kong,Unknown,108,114,10,8
T20,2025-12-12,Rwanda,Sierra Leone,"Nigeria Cricket Federation Oval 1, Abuja",Rwanda,bat,Rwanda,Unknown,179,132,1,8
T20,2024-12-18,United Arab Emirates,Qatar,"ICC Academy, Dubai",United Arab Emirates,bat,United Arab Emirates,Unknown,162,139,6,7
T20,2021-04-05,Namibia,Uganda,"Wanderers Cricket Ground, Windhoek",Namibia,bat,Namibia,Unknown,134,65,6,5
T20,2026-09-06,South Africa,Zimbabwe,"Namibia Cricket Ground, Windhoek",South Africa,bat,South Africa,Unknown,205,157,5,10
T20,2011-08-06,Sri Lanka,Australia,Pallekele International Cricket Stadium,Australia,field,Sri Lanka,Unknown,198,163,3,8
T20,2009-02-15,Australia,New Zealand,Sydney Cricket Ground,Australia,bat,Australia,Unknown,150,149,7,5
T20,2023-10-27,Namibia,Zimbabwe,"United Cricket Club Ground, Windhoek",Namibia,bat,Zimbabwe,Unknown,138,144,6,4
T20,2024-09-07,Malaysia,Hong Kong,"Bayuemas Oval, Kuala Lumpur",Hong Kong,field,Malaysia,Unknown,124,121,10,9
T20,2026-02-09,South Africa,Canada,"Narendra Modi Stadium, Ahmedabad",Canada,field,South Africa,Unknown,213,156,4,8
T20,2026-01-23,New Zealand,India,"Shaheed Veer Narayan Singh International Stadium, Raipur",India,field,India,Unknown,208,209,6,3
T20,2025-06-21,Switzerland,Luxembourg,Pierre Werner Cricket Ground,Switzerland,bat,Switzerland,Unknown,168,157,8,5
T20,2009-03-29,South Africa,Australia,SuperSport Park,Australia,field,South Africa,Unknown,156,139,5,8
T20,2021-11-06,South Africa,England,Sharjah Cricket Stadium,England,field,South Africa,Unknown,189,179,2,9
T20,2026-03-25,Malawi,Ghana,"Achimota Senior Secondary School A Field, Accra",Ghana,field,Ghana,Unknown,98,99,8,8
T20,2024-02-04,Singapore,Thailand,"Terdthai Cricket Ground, Bangkok",Singapore,bat,Thailand,Unknown,115,116,9,3
T20,2009-06-13,New Zealand,Pakistan,Kennington Oval,New Zealand,bat,Pakistan,Unknown,99,100,10,4
T20,2016-03-16,England,West Indies,Wankhede Stadium,West Indies,field,West Indies,Unknown,182,183,6,4
T20,2025-06-08,Norway,Czech Republic,"Scott Page Field, Vinor",Norway,bat,Norway,Unknown,139,102,4,9
T20,2023-10-23,United Arab Emirates,Nepal,Mulpani Cricket Ground,Nepal,field,Nepal,Unknown,164,165,7,5
T20,2022-11-24,Botswana,Kenya,Gahanga International Cricket Stadium. Rwanda,Botswana,bat,Kenya,Unknown,116,122,6,2
T20,2006-08-28,England,Pakistan,County Ground,England,bat,Pakistan,Unknown,144,148,7,5
T20,2025-11-11,Timor-Leste,Indonesia,Udayana Cricket Ground,Timor-Leste,bat,Indonesia,Unknown,18,16,9,0
T20,2016-03-12,Hong Kong,Scotland,"Vidarbha Cricket Association Stadium, Jamtha",Hong Kong,bat,Scotland,Unknown,127,78,7,2
T20,2024-11-15,Myanmar,Indonesia,Udayana Cricket Ground,Indonesia,field,Indonesia,Unknown,113,117,7,5
T20,2019-11-05,Australia,Pakistan,Manuka Oval,Pakistan,bat,Australia,Unknown,151,150,3,6
T20,2025-06-11,Indonesia,Cambodia,Udayana Cricket Ground,Cambodia,field,Cambodia,Unknown,124,127,10,2
T20,2025-12-26,Bhutan,Myanmar,Gelephu International Cricket Ground,Myanmar,field,Bhutan,Unknown,127,45,9,10
T20,2026-03-10,Malaysia,Bahrain,"Bayuemas Oval, Kuala Lumpur",Malaysia,bat,Bahrain,Unknown,131,135,7,3
T20,2009-06-07,England,Pakistan,Kennington Oval,Pakistan,field,England,Unknown,185,137,5,7
T20,2025-06-19,Canada,Cayman Islands,"Maple Leaf North-West Ground, King City",Cayman Islands,field,Canada,Unknown,81,39,0,5
T20,2022-11-18,Lesotho,Botswana,Integrated Polytechnic Regional Centre,Botswana,field,Botswana,Unknown,91,97,10,0
T20,2026-02-27,Japan,Bhutan,"Terdthai Cricket Ground, Bangkok",Japan,bat,Japan,Unknown,170,93,5,10
T20,2025-06-15,Indonesia,Cambodia,Udayana Cricket Ground,Indonesia,bat,Cambodia,Unknown,98,99,10,0
T20,2023-02-22,Bermuda,Argentina,"Belgrano Athletic Club Ground, Buenos Aires",Argentina,field,Bermuda,Unknown,226,119,4,5
T20,2025-10-02,Uganda,Malawi,"Takashinga Sports Club, Highfield, Harare",Uganda,bat,Uganda,Unknown,192,75,3,6
T20,2013-11-20,South Africa,Pakistan,New Wanderers Stadium,Pakistan,field,South Africa,Unknown,153,60,7,2
T20,2022-09-22,Tanzania,Uganda,"Willowmoore Park, Benoni",Uganda,field,Uganda,Unknown,174,175,5,2
T20,2024-06-12,Israel,Hungary,"Simar Cricket Ground, Rome",Israel,bat,Hungary,Unknown,122,123,8,9
T20,2024-10-19,Indonesia,Maldives,Gelephu International Cricket Ground,Indonesia,bat,Maldives,Unknown,95,75,10,2
T20,2025-11-01,South Africa,Pakistan,"Gaddafi Stadium, Lahore",Pakistan,field,Pakistan,Unknown,139,140,9,6
T20,2025-09-20,Sri Lanka,Bangladesh,Dubai International Cricket Stadium,Bangladesh,field,Bangladesh,Unknown,168,169,7,6
T20,2022-12-04,Ghana,Tanzania,Gahanga International Cricket Stadium. Rwanda,Tanzania,field,Tanzania,Unknown,121,122,7,6
T20,2021-07-01,West Indies,South Africa,"National Cricket Stadium, St George's, Grenada",South Africa,field,West Indies,Unknown,167,146,6,9
T20,2026-02-18,Pakistan,Namibia,"Sinhalese Sports Club Ground, Colombo",Pakistan,bat,Pakistan,Unknown,199,97,3,10
T20,2022-07-29,New Zealand,Scotland,"Grange Cricket Club Ground, Raeburn Place, Edinburgh",New Zealand,bat,New Zealand,Unknown,254,152,5,9
T20,2023-05-06,Malta,Portugal,Europa Sports Complex,Malta,bat,Portugal,Unknown,156,157,4,3
T20,2009-06-19,Sri Lanka,West Indies,Kennington Oval,West Indies,field,Sri Lanka,Unknown,158,101,5,10
T20,2024-08-28,Netherlands,United States of America,"Sportpark Westvliet, The Hague",Netherlands,bat,Netherlands,Unknown,132,128,8,10
T20,2023-07-16,Luxembourg,Romania,Marsa Sports Club,Romania,field,Romania,Unknown,149,151,9,3
T20,2019-02-17,Oman,Scotland,Al Amerat Cricket Ground Oman Cricket (Ministry Turf 1),Scotland,field,Scotland,Unknown,111,115,10,3
T20,2016-03-16,Bangladesh,Pakistan,Eden Gardens,Pakistan,bat,Pakistan,Unknown,146,201,6,5
T20,2023-10-18,United Arab Emirates,Nepal,Mulpani Cricket Ground,Nepal,field,Nepal,Unknown,140,144,7,3
T20,2026-02-26,India,Zimbabwe,"MA Chidambaram Stadium, Chepauk, Chennai",Zimbabwe,field,India,Unknown,256,184,4,6
T20,2024-09-22,Malawi,Ghana,University of Dar-es-Salaam Ground,Ghana,field,Malawi,Unknown,113,88,5,10
T20,2024-03-05,Kuwait,Bahrain,"Bayuemas Oval, Kuala Lumpur",Bahrain,field,Bahrain,Unknown,123,99,10,2
T20,2023-03-09,Hong Kong,Kuwait,"Mission Road Ground, Mong Kok, Hong Kong",Kuwait,field,Hong Kong,Unknown,161,150,7,9
T20,2024-08-25,Greece,Spain,"Guernsey Rovers Athletic Club Ground, Port Soif",Greece,bat,Spain,Unknown,96,99,9,3
T20,2023-02-25,Panama,Argentina,"Hurlingham Club Ground, Buenos Aires",Argentina,field,Panama,Unknown,139,86,8,10
T20,2016-03-08,Hong Kong,Zimbabwe,"Vidarbha Cricket Association Stadium, Jamtha",Hong Kong,field,Zimbabwe,Unknown,144,158,6,8
T20,2018-04-03,West Indies,Pakistan,National Stadium,West Indies,bat,Pakistan,Unknown,153,154,6,2
T20,2023-11-24,Uganda,Namibia,"Wanderers Cricket Ground, Windhoek",Namibia,field,Namibia,Unknown,114,116,10,4
T20,2009-02-10,Sri Lanka,India,R Premadasa Stadium,Sri Lanka,bat,India,Unknown,171,174,4,7
T20,2023-07-28,Papua New Guinea,Philippines,"Amini Park, Port Moresby",Philippines,field,Papua New Guinea,Unknown,229,129,6,7
T20,2023-02-26,Panama,Bahamas,"Hurlingham Club Ground, Buenos Aires",Panama,bat,Bahamas,Unknown,101,105,9,6
T20,2019-10-21,Bermuda,Kenya,ICC Academy,Kenya,bat,Kenya,Unknown,93,138,10,4
T20,2025-06-21,Switzerland,Luxembourg,Pierre Werner Cricket Ground,Luxembourg,field,Switzerland,Unknown,163,106,6,10
T20,2013-03-16,Canada,Kenya,ICC Global Cricket Academy,Kenya,bat,Kenya,Unknown,118,139,10,7
T20,2023-07-15,Romania,Luxembourg,Marsa Sports Club,Romania,bat,Luxembourg,Unknown,162,163,7,3
T20,2013-11-22,South Africa,Pakistan,Newlands,Pakistan,bat,Pakistan,Unknown,170,176,4,4
T20,2025-07-22,Qatar,Saudi Arabia,"West End Park International Cricket Stadium, Doha",Saudi Arabia,field,Qatar,Unknown,177,145,5,10
T20,2025-11-08,India,Australia,"Brisbane Cricket Ground, Woolloongabba, Brisbane",Australia,field,no result,no result,52,0,0,0
T20,2024-09-21,Malawi,Lesotho,"Gymkhana Club Ground, Dar-es-Salaam",Lesotho,field,Malawi,Unknown,145,52,4,10
T20,2023-11-23,Tanzania,Zimbabwe,"United Cricket Club Ground, Windhoek",Zimbabwe,field,Zimbabwe,Unknown,96,98,9,1
T20,2024-08-20,Fiji,Cook Islands,"Faleata Oval No 2, Apia",Cook Islands,field,Fiji,Unknown,173,69,7,9
T20,2022-07-11,Zimbabwe,Singapore,"Queens Sports Club, Bulawayo",Singapore,field,Zimbabwe,Unknown,236,125,5,7
T20,2022-05-12,Romania,Hungary,Marsa Sports Club,Romania,bat,Hungary,Unknown,158,162,7,4
T20,2026-02-19,Sri Lanka,Zimbabwe,"R Premadasa Stadium, Colombo",Sri Lanka,bat,Zimbabwe,Unknown,178,182,7,4
T20,2021-11-17,Tanzania,Kenya,Integrated Polytechnic Regional Centre,Tanzania,bat,Tanzania,Unknown,187,138,5,10
T20,2014-11-07,Australia,South Africa,Melbourne Cricket Ground,South Africa,bat,Australia,Unknown,102,101,3,7
T20,2024-09-29,Philippines,Indonesia,"Yeonhui Cricket Ground, Incheon",Indonesia,field,Philippines,Unknown,113,71,6,10
T20,2025-03-14,Hong Kong,Bahrain,"Bayuemas Oval, Kuala Lumpur",Hong Kong,bat,tie,tie,130,129,7,10
T20,2024-08-27,United States of America,Canada,"Sportpark Westvliet, The Hague",United States of America,bat,United States of America,Unknown,168,148,6,7
T20,2019-10-23,Canada,Ireland,Sheikh Zayed Stadium,Canada,bat,Canada,Unknown,156,146,5,7
T20,2025-10-18,Austria,Romania,"Moara Vlasiei Cricket Ground, Ilfov County",Austria,bat,Romania,Unknown,171,172,10,7
T20,2022-07-09,Bulgaria,Serbia,Lisicji Jarak Cricket Ground,Serbia,field,Serbia,Unknown,154,157,9,2
T20,2022-09-16,Ghana,Mozambique,"Willowmoore Park, Benoni",Ghana,bat,Ghana,Unknown,154,126,7,4
T20,2023-10-01,Canada,Cayman Islands,"White Hill Field, Sandys Parish",Canada,bat,Canada,Unknown,194,86,6,10
T20,2024-07-05,Kenya,Rwanda,"Sikh Union Club Ground, Nairobi",Kenya,bat,Kenya,Unknown,182,133,6,9
T20,2024-04-13,Canada,United States of America,Prairie View Cricket Complex,Canada,bat,United States of America,Unknown,168,169,5,6
T20,2014-03-21,India,Pakistan,Shere Bangla National Stadium,India,field,India,Unknown,131,130,3,7
T20,2021-10-26,New Zealand,Pakistan,Sharjah Cricket Stadium,Pakistan,field,Pakistan,Unknown,134,135,8,5
T20,2009-06-09,New Zealand,South Africa,Lord's,New Zealand,field,South Africa,Unknown,127,128,5,7
T20,2020-03-01,Thailand,Malaysia,Terdthai Cricket Ground,Thailand,bat,Malaysia,Unknown,85,86,9,2
T20,2019-10-20,Canada,Jersey,Tolerance Oval,Jersey,field,Canada,Unknown,176,123,5,10
T20,2023-11-29,Uganda,Kenya,"Wanderers Cricket Ground, Windhoek",Uganda,bat,Uganda,Unknown,162,129,5,10
T20,2023-08-28,Rwanda,Uganda,"Gahanga International Cricket Stadium, Rwanda",Rwanda,bat,Uganda,Unknown,110,114,6,2
T20,2026-07-28,France,Austria,"Moara Vlasiei Cricket Ground, Ilfov County",France,bat,France,Unknown,166,85,7,10
T20,2024-07-07,Jersey,Serbia,Bayer Uerdingen Cricket Ground,Jersey,bat,Jersey,Unknown,233,68,3,10
T20,2024-11-10,New Zealand,Sri Lanka,Rangiri Dambulla International Stadium,Sri Lanka,field,New Zealand,Unknown,108,103,10,10
T20,2024-05-23,Scotland,Ireland,"Sportpark Westvliet, The Hague",Scotland,bat,Ireland,Unknown,157,158,8,5
T20,2026-05-23,Cameroon,Rwanda,"Botswana Cricket Association Oval 1, Gaborone",Rwanda,field,Rwanda,Unknown,107,108,7,3
T20,2023-04-15,Pakistan,New Zealand,"Gaddafi Stadium, Lahore",Pakistan,bat,Pakistan,Unknown,192,154,4,7
T20,2021-10-17,Papua New Guinea,Oman,Al Amerat Cricket Ground Oman Cricket (Ministry Turf 1),Oman,field,Oman,Unknown,129,131,9,0
T20,2024-04-21,Pakistan,New Zealand,Rawalpindi Cricket Stadium,New Zealand,field,New Zealand,Unknown,178,179,5,3
T20,2025-07-31,Pakistan,West Indies,"Central Broward Regional Park Stadium Turf Ground, Lauderhill",West Indies,field,Pakistan,Unknown,178,164,6,7
T20,2026-04-05,Mexico,Brazil,"Reforma Athletic Club, Naucalpan",Mexico,bat,Brazil,Unknown,112,113,10,3
T20,2024-06-19,South Africa,United States of America,"Sir Vivian Richards Stadium, North Sound, Antigua",United States of America,field,South Africa,Unknown,194,176,4,6
T20,2025-09-18,Namibia,Zimbabwe,"Queens Sports Club, Bulawayo",Namibia,bat,Namibia,Unknown,204,176,7,10
T20,2021-11-18,Nigeria,Uganda,Integrated Polytechnic Regional Centre,Uganda,field,Uganda,Unknown,112,114,9,2
T20,2024-12-06,Panama,Suriname,"St Albans Club, Buenos Aires",Panama,bat,Panama,Unknown,93,83,6,8
T20,2022-02-24,India,Sri Lanka,"Bharat Ratna Shri Atal Bihari Vajpayee Ekana Cricket Stadium, Lucknow",Sri Lanka,field,India,Unknown,199,137,2,6
T20,2024-03-09,Hong Kong,Nepal,"Mission Road Ground, Mong Kok, Hong Kong",Nepal,field,Hong Kong,Unknown,212,139,6,10
T20,2023-06-19,Botswana,Kenya,"Gymkhana Club Ground, Nairobi",Botswana,bat,Kenya,Unknown,131,133,5,4
T20,2023-10-01,Maldives,Qatar,"West End Park International Cricket Stadium, Doha",Qatar,field,Qatar,Unknown,121,125,9,1
T20,2019-07-13,Malaysia,Nepal,Kinrara Academy Oval,Malaysia,bat,Nepal,Unknown,128,129,9,3
T20,2025-06-14,Cambodia,Indonesia,Udayana Cricket Ground,Indonesia,field,Indonesia,Unknown,61,65,10,1
T20,2022-07-13,Finland,Italy,Kerava National Cricket Ground,Italy,field,Italy,Unknown,141,144,6,5
T20,2025-09-03,Zimbabwe,Sri Lanka,Harare Sports Club,Sri Lanka,field,Sri Lanka,Unknown,175,177,7,6
T20,2016-01-07,New Zealand,Sri Lanka,Bay Oval,Sri Lanka,field,New Zealand,Unknown,182,179,4,9
T20,2024-10-19,Zimbabwe,Seychelles,"Gymkhana Club Ground, Nairobi",Seychelles,field,Zimbabwe,Unknown,286,18,5,2
T20,2021-06-26,England,Sri Lanka,"The Rose Bowl, Southampton",Sri Lanka,field,England,Unknown,180,91,6,10
T20,2021-06-25,Serbia,Greece,"National Sports Academy, Sofia",Greece,field,Greece,Unknown,144,147,10,5
T20,2010-05-11,West Indies,Australia,"Beausejour Stadium, Gros Islet",West Indies,bat,Australia,Unknown,105,109,10,4
T20,2011-09-23,England,West Indies,Kennington Oval,England,field,England,Unknown,128,125,0,10
T20,2023-11-02,Bahrain,Kuwait,Mulpani Cricket Ground,Kuwait,field,Kuwait,Unknown,158,160,9,6
T20,2021-06-24,Sri Lanka,England,"Sophia Gardens, Cardiff",Sri Lanka,bat,England,Unknown,111,108,7,5
T20,2026-05-16,Cyprus,France,Happy Valley Ground,Cyprus,bat,France,Unknown,115,119,9,2
T20,2025-12-09,Malaysia,Philippines,"Terdthai Cricket Ground, Bangkok",Philippines,field,Malaysia,Unknown,201,87,9,9
T20,2024-12-11,Mexico,Cayman Islands,"St George's College Ground, Buenos Aires",Mexico,bat,Cayman Islands,Unknown,85,86,10,3
T20,2022-07-18,Cyprus,Serbia,Kerava National Cricket Ground,Cyprus,bat,Serbia,Unknown,125,126,10,6
T20,2017-01-18,Hong Kong,Netherlands,Dubai International Cricket Stadium,Hong Kong,bat,Hong Kong,Unknown,183,92,4,10
T20,2024-02-04,Japan,Maldives,"Terdthai Cricket Ground, Bangkok",Japan,bat,Japan,Unknown,150,108,8,10
T20,2016-03-09,South Africa,Australia,Newlands,South Africa,bat,Australia,Unknown,178,181,4,4
T20,2018-08-04,Bangladesh,West Indies,Central Broward Regional Park Stadium Turf Ground,West Indies,field,Bangladesh,Unknown,171,159,5,9
T20,2026-08-08,Peru,Panama,"Los Pinos Polo Club 2, Cundinamarca",Panama,field,Panama,Unknown,95,96,6,7
T20,2025-06-21,Hungary,Slovenia,"GB Oval, Szodliget",Hungary,bat,Hungary,Unknown,222,160,6,8
T20,2021-08-05,Norway,Germany,Bayer Uerdingen Cricket Ground,Germany,field,Germany,Unknown,76,80,10,5
T20,2024-06-21,South Africa,England,"Daren Sammy National Cricket Stadium, Gros Islet, St Lucia",England,field,South Africa,Unknown,163,156,6,6
T20,2019-10-30,Hong Kong,Oman,Dubai International Cricket Stadium,Oman,bat,Oman,Unknown,122,134,9,7
T20,2025-07-20,Zimbabwe,South Africa,Harare Sports Club,South Africa,field,South Africa,Unknown,144,145,6,3
T20,2024-04-17,Oman,Kuwait,Al Amerat Cricket Ground Oman Cricket (Ministry Turf 2),Kuwait,field,Oman,Unknown,200,154,9,9
T20,2020-01-31,New Zealand,India,Westpac Stadium,New Zealand,field,tie,tie,178,181,8,9
T20,2012-07-26,Netherlands,Bangladesh,Sportpark Westvliet,Bangladesh,bat,Netherlands,Unknown,131,128,9,10
T20,2017-04-06,Sri Lanka,Bangladesh,R Premadasa Stadium,Bangladesh,bat,Bangladesh,Unknown,131,176,10,9
T20,2025-10-16,Japan,United Arab Emirates,Al Amerat Cricket Ground Oman Cricket (Ministry Turf 1),United Arab Emirates,field,United Arab Emirates,Unknown,116,118,9,2
T20,2022-08-31,India,Hong Kong,Dubai International Cricket Stadium,Hong Kong,field,India,Unknown,192,152,2,5
T20,2025-04-09,Qatar,Nepal,"Mission Road Ground, Mong Kok, Hong Kong",Nepal,field,Nepal,Unknown,151,154,5,2
T20,2026-06-20,Germany,Denmark,"Svanholm Park, Brondby",Denmark,field,Denmark,Unknown,141,144,9,5
T20,2026-08-15,Germany,Portugal,Kerava National Cricket Ground,Portugal,field,Portugal,Unknown,140,141,9,6
T20,2021-07-19,South Africa,Ireland,"The Village, Malahide, Dublin",Ireland,field,South Africa,Unknown,165,132,7,9
T20,2019-10-23,Hong Kong,Jersey,Sheikh Zayed Stadium,Hong Kong,bat,Hong Kong,Unknown,144,136,7,6
T20,2024-12-09,Uganda,Botswana,"Gahanga International Cricket Stadium, Rwanda",Botswana,field,Uganda,Unknown,229,121,3,7
T20,2026-02-09,Oman,Zimbabwe,"Sinhalese Sports Club Ground, Colombo",Zimbabwe,field,Zimbabwe,Unknown,103,106,10,3
T20,2019-10-25,Kenya,Namibia,Dubai International Cricket Stadium,Namibia,bat,Namibia,Unknown,94,181,10,5
T20,2026-04-08,Portugal,France,Santarem Cricket Ground,Portugal,bat,France,Unknown,161,165,9,8
T20,2024-05-09,France,Malta,Dreux Sport Cricket Club,France,bat,France,Unknown,170,84,5,10
T20,2024-01-19,Pakistan,New Zealand,"Hagley Oval, Christchurch",New Zealand,field,New Zealand,Unknown,158,159,5,3
T20,2024-08-23,Canada,Netherlands,"Sportpark Maarschalkerweerd, Utrecht",Canada,bat,Netherlands,Unknown,152,153,5,5
T20,2019-07-27,Malaysia,Qatar,Indian Association Ground,Malaysia,bat,Qatar,Unknown,144,147,10,6
T20,2021-10-19,Scotland,Papua New Guinea,Al Amerat Cricket Ground Oman Cricket (Ministry Turf 1),Scotland,bat,Scotland,Unknown,165,148,9,10
T20,2024-11-17,West Indies,England,"Daren Sammy National Cricket Stadium, Gros Islet, St Lucia",England,field,no result,no result,44,0,0,0
T20,2026-06-28,Austria,Hungary,"GB Oval, Szodliget",Austria,bat,Austria,Unknown,322,165,7,10
T20,2023-06-14,Uganda,Botswana,"Gymkhana Club Ground, Nairobi",Uganda,bat,Uganda,Unknown,153,89,7,9
T20,2013-11-28,Netherlands,Scotland,Sheikh Zayed Stadium,Scotland,bat,Netherlands,Unknown,149,147,2,6
T20,2019-03-15,United Arab Emirates,United States of America,ICC Academy,United Arab Emirates,field,no result,no result,29,152,2,7
T20,2011-08-08,Sri Lanka,Australia,Pallekele International Cricket Stadium,Sri Lanka,bat,Sri Lanka,Unknown,157,149,9,9
T20,2026-05-08,Cyprus,Finland,Happy Valley Ground,Cyprus,bat,Finland,Unknown,112,113,8,3
T20,2021-07-09,Malta,Belgium,Marsa Sports Club,Belgium,field,Belgium,Unknown,114,115,9,6
T20,2006-12-22,New Zealand,Sri Lanka,Westpac Stadium,New Zealand,bat,Sri Lanka,Unknown,162,62,8,1
T20,2023-08-30,Australia,South Africa,"Kingsmead, Durban",South Africa,field,Australia,Unknown,226,115,6,10
T20,2021-08-21,Malta,Gibraltar,Gucherre Cricket Ground,Gibraltar,field,Malta,Unknown,197,193,3,2
T20,2009-08-02,West Indies,Bangladesh,"Warner Park, Basseterre",Bangladesh,bat,West Indies,Unknown,119,118,5,9
T20,2022-03-31,Nepal,Papua New Guinea,"Tribhuvan University International Cricket Ground, Kirtipur",Papua New Guinea,field,Nepal,Unknown,203,166,7,10
T20,2025-03-23,Canada,Namibia,"Namibia Cricket Ground, Windhoek",Namibia,field,Namibia,Unknown,142,143,7,2
T20,2024-11-10,India,South Africa,"St George's Park, Gqeberha",South Africa,field,South Africa,Unknown,124,128,6,7
T20,2024-03-07,Malaysia,Bahrain,"Bayuemas Oval, Kuala Lumpur",Bahrain,field,Bahrain,Unknown,110,112,6,1
T20,2024-10-22,Kenya,Gambia,"Gymkhana Club Ground, Nairobi",Kenya,bat,Kenya,Unknown,175,46,9,10
T20,2026-05-09,Japan,Vanuatu,"Korogi Sports Park, Nisshin",Japan,bat,Japan,Unknown,123,93,10,6
T20,2026-02-14,New Zealand,South Africa,"Narendra Modi Stadium, Ahmedabad",South Africa,field,South Africa,Unknown,175,178,7,3
T20,2023-12-27,New Zealand,Bangladesh,"McLean Park, Napier",Bangladesh,field,Bangladesh,Unknown,134,137,9,5
T20,2018-10-12,Zimbabwe,South Africa,Senwes Park,Zimbabwe,bat,South Africa,Unknown,132,135,7,4
T20,2018-07-04,Zimbabwe,Pakistan,Harare Sports Club,Pakistan,field,Pakistan,Unknown,162,163,4,3
T20,2019-11-03,India,Bangladesh,Arun Jaitley Stadium,Bangladesh,field,Bangladesh,Unknown,148,154,6,3
T20,2026-02-14,Qatar,Bahrain,"West End Park International Cricket Stadium, Doha",Bahrain,field,Bahrain,Unknown,187,191,5,5
T20,2023-07-30,Malaysia,Myanmar,"Bayuemas Oval, Kuala Lumpur",Myanmar,field,Malaysia,Unknown,219,35,6,10
T20,2015-07-25,Ireland,Netherlands,"The Village, Malahide",Netherlands,field,Netherlands,Unknown,128,129,10,5
T20,2018-10-31,Pakistan,New Zealand,Sheikh Zayed Stadium,Pakistan,bat,Pakistan,Unknown,148,146,6,6
T20,2025-08-21,Romania,Czech Republic,"Moara Vlasiei Cricket Ground, Ilfov County",Romania,bat,Romania,Unknown,176,158,4,10
T20,2023-05-20,Finland,Norway,"Solvangs Park, Glostrup",Finland,bat,Norway,Unknown,102,106,10,3
T20,2022-02-16,West Indies,India,"Eden Gardens, Kolkata",India,field,India,Unknown,157,162,7,4
T20,2025-11-23,Pakistan,Zimbabwe,Rawalpindi Cricket Stadium,Pakistan,bat,Pakistan,Unknown,195,126,5,10
T20,2023-08-19,Romania,Malta,"Moara Vlasiei Cricket Ground, Ilfov County",Romania,bat,Malta,Unknown,147,151,9,6
T20,2022-05-11,Romania,Malta,Marsa Sports Club,Malta,field,Malta,Unknown,165,166,4,5
T20,2006-02-24,South Africa,Australia,New Wanderers Stadium,South Africa,bat,South Africa,Unknown,201,199,4,7
T20,2018-01-01,New Zealand,West Indies,Bay Oval,West Indies,field,no result,no result,102,0,4,0
T20,2026-08-11,Zambia,Rwanda,"TCA Oval, Blantyre",Rwanda,field,Rwanda,Unknown,142,144,9,3
T20,2014-03-11,West Indies,England,"Kensington Oval, Bridgetown",England,bat,West Indies,Unknown,155,152,5,7
T20,2022-07-31,Bulgaria,Czech Republic,Tikkurila Cricket Ground,Bulgaria,bat,Czech Republic,Unknown,117,118,10,6
T20,2022-12-06,Gambia,Sierra Leone,Integrated Polytechnic Regional Centre,Sierra Leone,field,Sierra Leone,Unknown,81,84,9,2
T20,2023-10-10,Nigeria,Ghana,"Tafawa Balewa Square Cricket Oval, Lagos",Nigeria,bat,Nigeria,Unknown,142,60,6,10
T20,2026-05-14,Papua New Guinea,Indonesia,Sano International Cricket Ground,Papua New Guinea,bat,Papua New Guinea,Unknown,130,92,7,9
T20,2022-11-20,Bahrain,Saudi Arabia,Al Amerat Cricket Ground Oman Cricket (Ministry Turf 1),Bahrain,bat,Saudi Arabia,Unknown,112,115,9,1
T20,2020-01-07,India,Sri Lanka,Holkar Cricket Stadium,India,field,India,Unknown,144,142,3,9
T20,2022-09-20,Tanzania,Malawi,"Willowmoore Park, Benoni",Malawi,field,Tanzania,Unknown,170,126,8,4
T20,2026-02-27,New Zealand,England,"R Premadasa Stadium, Colombo",New Zealand,bat,England,Unknown,159,161,7,6
T20,2022-07-03,Gibraltar,Malta,"Royal Brussels Cricket Club Ground, Waterloo",Gibraltar,bat,Malta,Unknown,190,196,8,3
T20,2019-10-26,Gibraltar,Portugal,La Manga Club Bottom Ground,Gibraltar,bat,Portugal,Unknown,113,116,6,4
T20,2022-12-21,Malaysia,Qatar,"UKM-YSD Cricket Oval, Bangi",Malaysia,bat,no result,no result,61,0,1,0
T20,2022-07-10,Czech Republic,Luxembourg,"Scott Page Field, Vinor",Czech Republic,bat,Czech Republic,Unknown,209,173,6,9
T20,2026-04-04,Brazil,Costa Rica,"Reforma Athletic Club, Naucalpan",Costa Rica,field,Brazil,Unknown,157,88,7,7
T20,2022-02-26,Sri Lanka,India,"Himachal Pradesh Cricket Association Stadium, Dharamsala",India,field,India,Unknown,183,186,5,3
T20,2026-05-09,Romania,Bulgaria,"Moara Vlasiei Cricket Ground, Ilfov County",Romania,bat,Romania,Unknown,198,58,3,4
T20,2024-12-05,Pakistan,Zimbabwe,"Queens Sports Club, Bulawayo",Pakistan,bat,Zimbabwe,Unknown,132,133,7,8
T20,2022-03-30,Malaysia,Nepal,"Tribhuvan University International Cricket Ground, Kirtipur",Malaysia,bat,Nepal,Unknown,114,117,8,4
T20,2019-08-25,Canada,United States of America,"White Hill Field, Sandys Parish",United States of America,field,Canada,Unknown,173,158,8,8
T20,2021-06-27,South Africa,West Indies,"National Cricket Stadium, St George's, Grenada",West Indies,field,South Africa,Unknown,166,150,7,9
T20,2023-12-26,Indonesia,Philippines,Udayana Cricket Ground,Philippines,field,Philippines,Unknown,123,124,8,3
T20,2018-01-25,Pakistan,New Zealand,Eden Park,Pakistan,bat,Pakistan,Unknown,201,153,4,10
T20,2015-07-15,Ireland,Papua New Guinea,"Civil Service Cricket Club, Stormont",Ireland,bat,Papua New Guinea,Unknown,123,124,9,8
T20,2021-07-31,Pakistan,West Indies,"Providence Stadium, Guyana",West Indies,field,Pakistan,Unknown,157,150,8,5
T20,2025-07-23,Kenya,United Arab Emirates,Entebbe Cricket Oval,Kenya,bat,United Arab Emirates,Unknown,98,101,10,3
T20,2024-09-02,Kuwait,Maldives,"YSD-UKM Cricket Oval, Bangi",Maldives,field,Kuwait,Unknown,226,84,4,8
T20,2025-02-19,Bahrain,Indonesia,Udayana Cricket Ground,Indonesia,field,Bahrain,Unknown,156,93,6,10
T20,2025-09-24,India,Bangladesh,Dubai International Cricket Stadium,Bangladesh,field,India,Unknown,168,127,6,10
T20,2024-06-19,Estonia,Cyprus,Happy Valley Ground,Cyprus,field,Cyprus,Unknown,145,147,6,6
T20,2024-11-20,Bhutan,Qatar,University of Doha for Science and Technology,Qatar,field,Qatar,Unknown,111,112,10,4
T20,2021-07-03,South Africa,West Indies,"National Cricket Stadium, St George's, Grenada",South Africa,bat,South Africa,Unknown,168,143,4,9
T20,2012-06-24,England,West Indies,Trent Bridge,West Indies,bat,England,Unknown,173,172,3,4
T20,2024-09-30,United States of America,United Arab Emirates,"Wanderers Cricket Ground, Windhoek",United States of America,bat,United States of America,Unknown,175,160,9,8
T20,2026-08-28,Namibia,South Africa,"Namibia Cricket Ground, Windhoek",South Africa,field,Namibia,Unknown,163,145,9,9
T20,2021-06-29,South Africa,West Indies,"National Cricket Stadium, St George's, Grenada",West Indies,field,South Africa,Unknown,167,166,8,7
T20,2022-12-16,Qatar,Malaysia,"UKM-YSD Cricket Oval, Bangi",Qatar,bat,Malaysia,Unknown,126,127,9,2
T20,2021-08-18,Ghana,Rwanda,Gahanga International Cricket Stadium. Rwanda,Ghana,bat,Rwanda,Unknown,164,165,5,9
T20,2024-08-26,Canada,Netherlands,"Sportpark Maarschalkerweerd, Utrecht",Netherlands,field,Canada,Unknown,132,124,9,8
T20,2023-11-03,Bahrain,Oman,"Tribhuvan University International Cricket Ground, Kirtipur",Bahrain,bat,Oman,Unknown,106,109,9,0
T20,2012-09-24,Ireland,West Indies,R Premadasa Stadium,West Indies,field,no result,no result,129,0,6,0
T20,2023-12-01,India,Australia,"Shaheed Veer Narayan Singh International Stadium, Raipur",Australia,field,India,Unknown,174,154,9,7
T20,2024-04-16,Qatar,Saudi Arabia,Al Amerat Cricket Ground Oman Cricket (Ministry Turf 1),Saudi Arabia,field,Qatar,Unknown,153,138,9,8
T20,2016-02-07,Ireland,Papua New Guinea,Tony Ireland Stadium,Papua New Guinea,field,Ireland,Unknown,96,89,5,9
T20,2025-05-31,Belgium,Portugal,"Stars Arena Hofstade, Zemst",Belgium,bat,Portugal,Unknown,102,105,10,5
T20,2024-03-08,Papua New Guinea,Oman,Al Amerat Cricket Ground Oman Cricket (Ministry Turf 1),Oman,field,Oman,Unknown,127,128,6,6
T20,2023-10-06,Rwanda,Sierra Leone,"Tafawa Balewa Square Cricket Oval, Lagos",Rwanda,bat,Rwanda,Unknown,154,121,8,5
T20,2017-01-14,Hong Kong,Scotland,Sheikh Zayed Stadium,Scotland,bat,Scotland,Unknown,165,189,6,3
T20,2026-06-19,Hong Kong,Namibia,"Namibia Cricket Ground, Windhoek",Namibia,field,Namibia,Unknown,126,127,10,3
T20,2020-01-19,West Indies,Ireland,"Warner Park, St Kitts",West Indies,field,West Indies,Unknown,140,138,1,10
T20,2025-11-29,Ireland,Bangladesh,"Bir Sreshtho Flight Lieutenant Matiur Rahman Stadium, Chattogram",Ireland,bat,Bangladesh,Unknown,170,174,6,6
T20,2023-10-25,Namibia,Zimbabwe,"Wanderers Cricket Ground, Windhoek",Zimbabwe,field,Zimbabwe,Unknown,198,200,3,5
T20,2022-10-18,Namibia,Netherlands,"GMHBA Stadium, South Geelong, Victoria",Namibia,bat,Netherlands,Unknown,121,122,6,5
T20,2022-07-29,India,West Indies,"Brian Lara Stadium, Tarouba, Trinidad",West Indies,field,India,Unknown,190,122,6,8
T20,2009-06-06,New Zealand,Scotland,Kennington Oval,New Zealand,field,New Zealand,Unknown,90,89,3,4
T20,2019-06-19,Guernsey,Norway,King George V Sports Ground,Guernsey,field,Guernsey,Unknown,96,95,6,6
T20,2024-08-19,Vanuatu,Fiji,"Faleata Oval No 2, Apia",Fiji,field,Vanuatu,Unknown,157,121,4,9
T20,2012-09-20,South Africa,Zimbabwe,"Mahinda Rajapaksa International Cricket Stadium, Sooriyawewa",South Africa,field,South Africa,Unknown,94,93,0,8
T20,2025-01-22,England,India,"Eden Gardens, Kolkata",India,field,India,Unknown,132,133,10,3
T20,2016-02-25,Sri Lanka,United Arab Emirates,Shere Bangla National Stadium,United Arab Emirates,field,Sri Lanka,Unknown,129,115,8,9
T20,2022-06-28,India,Ireland,"The Village, Malahide, Dublin",India,bat,India,Unknown,225,221,7,5
T20,2024-02-21,New Zealand,Australia,"Sky Stadium, Wellington",New Zealand,bat,Australia,Unknown,215,216,3,4
T20,2021-11-05,Cameroon,Botswana,Gahanga International Cricket Stadium. Rwanda,Cameroon,bat,Botswana,Unknown,51,54,10,1
T20,2026-05-13,Fiji,South Korea,Sano International Cricket Ground 2,Fiji,bat,South Korea,Unknown,140,141,10,4
T20,2024-02-27,Hong Kong,Qatar,University of Doha for Science and Technology,Qatar,field,Hong Kong,Unknown,172,162,8,7
T20,2024-02-29,Netherlands,Namibia,"Tribhuvan University International Cricket Ground, Kirtipur",Netherlands,bat,Netherlands,Unknown,247,188,5,7
T20,2024-03-05,Vanuatu,Tanzania,"Bayuemas Oval, Kuala Lumpur",Tanzania,field,Vanuatu,Unknown,128,119,5,10
T20,2007-06-29,England,West Indies,Kennington Oval,West Indies,bat,England,Unknown,173,169,5,7
T20,2023-10-31,Kuwait,United Arab Emirates,Mulpani Cricket Ground,Kuwait,bat,United Arab Emirates,Unknown,88,94,8,5
T20,2021-07-10,West Indies,Australia,"Daren Sammy National Cricket Stadium, Gros Islet, St Lucia",Australia,field,West Indies,Unknown,196,140,4,10
T20,2021-07-10,Belgium,Malta,Marsa Sports Club,Belgium,bat,Belgium,Unknown,172,133,6,10
T20,2022-12-06,Tanzania,Eswatini,Gahanga International Cricket Stadium. Rwanda,Eswatini,field,Tanzania,Unknown,186,120,8,8
T20,2022-07-31,Norway,Austria,Kerava National Cricket Ground,Norway,bat,Austria,Unknown,77,77,10,1
T20,2024-09-25,Lesotho,Mali,"Gymkhana Club Ground, Dar-es-Salaam",Mali,field,Lesotho,Unknown,148,36,10,10
T20,2018-02-03,New Zealand,Australia,Sydney Cricket Ground,Australia,field,Australia,Unknown,117,96,9,3
T20,2019-10-01,Malaysia,Vanuatu,Kinrara Academy Oval,Vanuatu,bat,Vanuatu,Unknown,137,188,7,6
T20,2025-07-13,Gibraltar,Bulgaria,"Vassil Levski National Sports Academy, Sofia",Bulgaria,field,Bulgaria,Unknown,194,200,9,2
T20,2022-10-02,England,Pakistan,"Gaddafi Stadium, Lahore",Pakistan,field,England,Unknown,209,142,3,8
T20,2024-10-24,Indonesia,Bhutan,Gelephu International Cricket Ground,Indonesia,bat,Bhutan,Unknown,105,106,6,9
T20,2014-08-27,West Indies,Bangladesh,"Warner Park, Basseterre",Bangladesh,bat,no result,no result,0,31,0,0
T20,2023-10-05,Saudi Arabia,Kuwait,"West End Park International Cricket Stadium, Doha",Kuwait,field,Kuwait,Unknown,173,175,4,6
T20,2023-10-30,Bahrain,United Arab Emirates,Mulpani Cricket Ground,United Arab Emirates,field,United Arab Emirates,Unknown,135,137,6,5
T20,2022-05-07,Denmark,Finland,"Svanholm Park, Brondby",Finland,field,Denmark,Unknown,171,33,5,10
T20,2025-07-19,Malawi,Bahrain,"Gahanga International Cricket Stadium, Rwanda",Bahrain,field,Bahrain,Unknown,112,116,6,1
T20,2026-05-23,Malta,Switzerland,Happy Valley Ground,Switzerland,field,Switzerland,Unknown,139,145,10,7
T20,2022-11-04,Italy,Germany,"Desert Springs Cricket Ground, Almeria",Italy,bat,Germany,Unknown,146,149,6,2
T20,2019-03-24,Philippines,Vanuatu,Amini Park,Vanuatu,field,Philippines,Unknown,46,36,3,2
T20,2025-06-19,Netherlands,Nepal,"Titwood, Glasgow",Nepal,field,Nepal,Unknown,174,180,7,5
T20,2020-12-18,Pakistan,New Zealand,Eden Park,Pakistan,bat,New Zealand,Unknown,153,156,9,5
T20,2026-02-25,New Zealand,Sri Lanka,"R Premadasa Stadium, Colombo",Sri Lanka,field,New Zealand,Unknown,168,107,7,8
T20,2026-06-24,Brazil,Belize,"White Hill Field, Sandys Parish",Brazil,bat,Belize,Unknown,133,134,9,2
T20,2009-06-07,Scotland,South Africa,Kennington Oval,Scotland,field,South Africa,Unknown,81,211,10,5
T20,2025-06-10,England,West Indies,"The Rose Bowl, Southampton",West Indies,field,England,Unknown,248,211,3,8
T20,2022-07-24,France,Czech Republic,Kerava National Cricket Ground,Czech Republic,field,France,Unknown,153,102,6,9
T20,2022-02-19,Nepal,Philippines,Al Amerat Cricket Ground Oman Cricket (Ministry Turf 2),Philippines,field,Nepal,Unknown,218,82,3,8
T20,2023-08-05,Hungary,Croatia,"GB Oval, Szodliget",Hungary,bat,Hungary,Unknown,209,64,8,10
T20,2026-06-21,Romania,Switzerland,"Moara Vlasiei Cricket Ground, Ilfov County",Switzerland,field,Romania,Unknown,229,178,3,6
T20,2023-07-25,Scotland,Austria,"Goldenacre, Edinburgh",Austria,field,Scotland,Unknown,232,66,2,10
T20,2021-10-16,Jersey,Italy,"Desert Springs Cricket Ground, Almeria",Jersey,bat,Jersey,Unknown,139,98,5,10
T20,2024-06-10,Isle of Man,Turkey,"Simar Cricket Ground, Rome",Turkey,field,Isle of Man,Unknown,182,101,7,9
T20,2026-06-19,Australia,Bangladesh,"Bir Sreshtho Flight Lieutenant Matiur Rahman Stadium, Chattogram",Australia,bat,Australia,Unknown,196,189,5,6
T20,2024-08-27,Denmark,Cyprus,"King George V Sports Ground, Castel",Denmark,bat,Denmark,Unknown,205,63,4,9
T20,2019-03-19,South Africa,Sri Lanka,Newlands,South Africa,field,tie,tie,148,139,8,7
T20,2015-07-02,Netherlands,Nepal,Hazelaarweg,Netherlands,bat,Netherlands,Unknown,149,131,6,9
T20,2022-07-01,Malta,Israel,"Meersen, Gent",Israel,field,Malta,Unknown,136,120,10,7
T20,2015-11-30,England,Pakistan,Sharjah Cricket Stadium,England,bat,tie,tie,158,157,8,8
T20,2022-07-12,Uganda,Papua New Guinea,Bulawayo Athletic Club,Papua New Guinea,field,Papua New Guinea,Unknown,160,161,4,2
T20,2022-06-24,Serbia,Bulgaria,"National Sports Academy, Sofia",Bulgaria,field,Bulgaria,Unknown,225,229,6,4
T20,2023-08-27,Rwanda,Uganda,"Gahanga International Cricket Stadium, Rwanda",Rwanda,bat,Uganda,Unknown,126,127,7,4
T20,2024-09-03,Maldives,Hong Kong,"YSD-UKM Cricket Oval, Bangi",Hong Kong,field,Hong Kong,Unknown,102,107,9,1
T20,2025-12-12,Indonesia,Singapore,"Terdthai Cricket Ground, Bangkok",Singapore,field,Singapore,Unknown,151,155,9,7
T20,2020-02-20,Malaysia,Hong Kong,Kinrara Academy Oval,Malaysia,bat,Malaysia,Unknown,123,61,3,8
T20,2018-11-04,Pakistan,New Zealand,Dubai International Cricket Stadium,Pakistan,bat,Pakistan,Unknown,166,119,3,10
T20,2024-02-11,Cambodia,Saudi Arabia,"Terdthai Cricket Ground, Bangkok",Saudi Arabia,field,Saudi Arabia,Unknown,147,151,5,5
T20,2022-07-31,South Africa,England,"The Rose Bowl, Southampton",England,field,South Africa,Unknown,191,101,5,10
T20,2025-11-30,Argentina,Brazil,"St Albans Club, Buenos Aires",Argentina,bat,no result,no result,150,0,6,0
T20,2013-01-26,Australia,Sri Lanka,Stadium Australia,Australia,bat,Sri Lanka,Unknown,137,139,3,5
T20,2021-09-03,Bangladesh,New Zealand,"Shere Bangla National Stadium, Mirpur",Bangladesh,bat,Bangladesh,Unknown,141,137,6,5
T20,2024-05-24,Bulgaria,Romania,"Moara Vlasiei Cricket Ground, Ilfov County",Bulgaria,bat,Romania,Unknown,79,80,10,3
T20,2024-04-18,New Zealand,Pakistan,Rawalpindi Cricket Stadium,New Zealand,bat,no result,no result,2,0,1,0
T20,2024-11-09,New Zealand,Sri Lanka,Rangiri Dambulla International Stadium,New Zealand,bat,Sri Lanka,Unknown,135,140,10,6
T20,2025-07-26,Hungary,Austria,"GB Oval, Szodliget",Austria,field,Austria,Unknown,168,169,9,6
T20,2010-09-07,England,Pakistan,Sophia Gardens,Pakistan,bat,England,Unknown,90,89,4,10
T20,2022-06-09,Sweden,Germany,Bayer Uerdingen Cricket Ground,Germany,field,Germany,Unknown,93,95,10,6
T20,2024-12-12,Bahamas,Cayman Islands,"Belgrano Athletic Club Ground, Buenos Aires",Bahamas,bat,Cayman Islands,Unknown,108,109,5,0
T20,2023-11-23,Australia,India,"Dr. Y.S. Rajasekhara Reddy ACA-VDCA Cricket Stadium, Visakhapatnam",India,field,India,Unknown,208,209,3,8
T20,2026-03-16,Cyprus,Austria,Happy Valley Ground 2,Cyprus,bat,Austria,Unknown,136,140,8,3
T20,2023-07-14,Luxembourg,Switzerland,Marsa Sports Club,Switzerland,field,Switzerland,Unknown,118,119,8,2
T20,2013-02-12,New Zealand,England,Seddon Park,England,field,New Zealand,Unknown,192,137,6,10
T20,2023-10-15,Gibraltar,Luxembourg,Europa Sports Complex,Luxembourg,field,Gibraltar,Unknown,172,148,8,8
T20,2011-09-18,Zimbabwe,Pakistan,Harare Sports Club,Pakistan,bat,Pakistan,Unknown,136,141,7,7
T20,2021-02-14,South Africa,Pakistan,Gaddafi Stadium,Pakistan,field,Pakistan,Unknown,164,169,8,6
T20,2024-06-09,Austria,Romania,"Simar Cricket Ground, Rome",Austria,bat,Romania,Unknown,169,170,10,7
T20,2007-11-23,South Africa,New Zealand,New Wanderers Stadium,South Africa,field,South Africa,Unknown,131,129,7,7
T20,2014-11-05,Australia,South Africa,Adelaide Oval,Australia,bat,South Africa,Unknown,144,145,6,3
T20,2025-12-11,Singapore,Thailand,"Terdthai Cricket Ground, Bangkok",Thailand,field,Singapore,Unknown,156,152,8,9
T20,2025-04-13,Hong Kong,Qatar,"Mission Road Ground, Mong Kok, Hong Kong",Qatar,field,Hong Kong,Unknown,188,187,6,5
T20,2021-04-21,Pakistan,Zimbabwe,Harare Sports Club,Zimbabwe,field,Pakistan,Unknown,149,138,7,7
T20,2022-07-15,Turkey,Serbia,Kerava National Cricket Ground,Serbia,field,Serbia,Unknown,67,68,10,3
T20,2019-11-05,New Zealand,England,Saxton Oval,New Zealand,bat,New Zealand,Unknown,180,166,7,7
T20,2024-11-26,Bahrain,Cambodia,University of Doha for Science and Technology,Cambodia,field,Bahrain,Unknown,174,125,6,10
T20,2019-10-31,Oman,Scotland,ICC Academy,Oman,bat,Scotland,Unknown,167,168,7,5
T20,2019-09-29,Singapore,Zimbabwe,Indian Association Ground,Singapore,bat,Singapore,Unknown,181,177,9,7
T20,2010-10-27,Pakistan,South Africa,Sheikh Zayed Stadium,Pakistan,bat,South Africa,Unknown,120,125,9,4
T20,2014-03-19,Netherlands,Zimbabwe,Sylhet Stadium,Netherlands,bat,Zimbabwe,Unknown,140,146,5,5
T20,2024-10-18,Kenya,Seychelles,"Sikh Union Club Ground, Nairobi",Kenya,bat,Kenya,Unknown,177,86,6,10
T20,2023-03-27,Bangladesh,Ireland,"Zahur Ahmed Chowdhury Stadium, Chattogram",Ireland,field,Bangladesh,Unknown,207,81,5,5
T20,2025-06-28,Malta,Romania,"Moara Vlasiei Cricket Ground, Ilfov County",Romania,field,Malta,Unknown,138,78,10,6
T20,2023-12-29,New Zealand,Bangladesh,"Bay Oval, Mount Maunganui",Bangladesh,field,no result,no result,72,0,2,0
T20,2025-09-16,Namibia,Zimbabwe,"Queens Sports Club, Bulawayo",Zimbabwe,field,Zimbabwe,Unknown,169,170,6,5
T20,2026-08-16,Malawi,Rwanda,"TCA Oval, Blantyre",Malawi,bat,Rwanda,Unknown,101,102,7,8
T20,2020-03-11,Bangladesh,Zimbabwe,"Shere Bangla National Stadium, Mirpur",Bangladesh,field,Bangladesh,Unknown,120,119,1,7
T20,2019-08-18,Canada,Cayman Islands,"White Hill Field, Sandys Parish",Canada,bat,Canada,Unknown,196,112,6,7
T20,2016-02-16,United Arab Emirates,Ireland,Sheikh Zayed Stadium,United Arab Emirates,bat,United Arab Emirates,Unknown,133,128,7,9
T20,2019-09-17,Ireland,Scotland,"The Village, Malahide",Scotland,bat,Ireland,Unknown,194,193,6,7
T20,2026-05-03,Guernsey,Isle of Man,"King George V Sports Ground, Castel",Isle of Man,field,Guernsey,Unknown,198,158,6,4
T20,2023-10-02,Qatar,Kuwait,"West End Park International Cricket Stadium, Doha",Kuwait,field,Kuwait,Unknown,129,130,6,5
T20,2022-10-27,South Africa,Bangladesh,Sydney Cricket Ground,South Africa,bat,South Africa,Unknown,205,101,5,10
T20,2022-06-11,Germany,Sweden,Bayer Uerdingen Cricket Ground,Germany,bat,Germany,Unknown,151,122,8,8
T20,2010-05-03,Sri Lanka,Zimbabwe,Providence Stadium,Sri Lanka,bat,Sri Lanka,Unknown,173,29,7,1
T20,2021-11-14,New Zealand,Australia,Dubai International Cricket Stadium,Australia,field,Australia,Unknown,172,173,4,2
T20,2022-01-22,England,West Indies,"Kensington Oval, Bridgetown, Barbados",West Indies,field,West Indies,Unknown,103,104,10,1
T20,2024-10-22,Zimbabwe,Rwanda,"Ruaraka Sports Club Ground, Nairobi",Zimbabwe,bat,Zimbabwe,Unknown,240,91,8,10
T20,2024-12-11,Uganda,Nigeria,"Gahanga International Cricket Stadium, Rwanda",Nigeria,field,Uganda,Unknown,151,128,8,7
T20,2011-11-29,Bangladesh,Pakistan,Shere Bangla National Stadium,Pakistan,bat,Pakistan,Unknown,85,135,9,7
T20,2022-06-29,Denmark,Gibraltar,"Royal Brussels Cricket Club Ground, Waterloo",Denmark,bat,Denmark,Unknown,256,124,5,8
T20,2016-03-04,South Africa,Australia,Kingsmead,Australia,bat,South Africa,Unknown,158,157,7,9
T20,2023-09-01,England,New Zealand,"Old Trafford, Manchester",England,bat,England,Unknown,198,103,4,10
T20,2012-12-22,India,England,Wankhede Stadium,England,field,England,Unknown,177,181,8,4
T20,2026-04-05,Norway,France,Santarem Cricket Ground,Norway,bat,Norway,Unknown,148,138,9,10
T20,2012-02-11,New Zealand,Zimbabwe,Eden Park,Zimbabwe,bat,New Zealand,Unknown,160,159,3,8
T20,2025-07-13,Indonesia,Philippines,Udayana Cricket Ground,Philippines,field,Philippines,Unknown,141,142,10,4
T20,2023-10-30,Namibia,Zimbabwe,"United Cricket Club Ground, Windhoek",Zimbabwe,field,Namibia,Unknown,101,93,10,10
T20,2022-07-18,Isle of Man,Turkey,Kerava National Cricket Ground,Isle of Man,bat,Isle of Man,Unknown,171,97,9,8
T20,2025-08-08,Sweden,Austria,"Botkyrka Cricket Center, Stockholm",Sweden,bat,Austria,Unknown,136,139,10,6
T20,2012-09-08,England,South Africa,Riverside Ground,South Africa,field,South Africa,Unknown,118,119,7,3
T20,2023-07-23,Denmark,Germany,"Grange Cricket Club Ground, Raeburn Place, Edinburgh",Denmark,bat,Germany,Unknown,124,126,9,4
T20,2021-07-09,West Indies,Australia,"Daren Sammy National Cricket Stadium, Gros Islet, St Lucia",Australia,field,West Indies,Unknown,145,127,6,10
T20,2024-06-16,France,Austria,"Simar Cricket Ground, Rome",Austria,field,Austria,Unknown,122,123,8,4
T20,2021-11-06,Tanzania,Cameroon,Gahanga International Cricket Stadium. Rwanda,Tanzania,bat,Tanzania,Unknown,240,62,5,10
T20,2013-02-15,New Zealand,England,Westpac Stadium,England,field,England,Unknown,139,143,8,0
T20,2022-02-21,Bahrain,United Arab Emirates,Al Amerat Cricket Ground Oman Cricket (Ministry Turf 2),Bahrain,bat,Bahrain,Unknown,172,170,5,6
T20,2025-12-09,Bahrain,Bhutan,Gelephu International Cricket Ground,Bhutan,field,Bahrain,Unknown,152,89,9,10
T20,2007-09-16,South Africa,England,Newlands,England,field,South Africa,Unknown,154,135,8,7
T20,2021-10-22,Uganda,Seychelles,Integrated Polytechnic Regional Centre,Uganda,bat,Uganda,Unknown,164,69,5,9
T20,2012-02-25,England,Pakistan,Dubai International Cricket Stadium,England,bat,England,Unknown,150,112,7,10
T20,2023-11-30,Zimbabwe,Kenya,"United Cricket Club Ground, Windhoek",Kenya,field,Zimbabwe,Unknown,217,107,4,8
T20,2022-12-23,Malaysia,Bahrain,"UKM-YSD Cricket Oval, Bangi",Malaysia,bat,Bahrain,Unknown,153,156,9,4
T20,2022-09-20,Pakistan,England,"National Stadium, Karachi",England,field,England,Unknown,158,160,7,4
T20,2026-06-18,Nigeria,Hong Kong,"Namibia Cricket Ground, Windhoek",Hong Kong,field,Hong Kong,Unknown,126,127,10,2
T20,2020-12-08,Australia,India,Sydney Cricket Ground,India,field,Australia,Unknown,186,174,5,7
T20,2018-07-31,Bangladesh,West Indies,"Warner Park, Basseterre",West Indies,field,West Indies,Unknown,143,93,9,3
T20,2021-10-07,United Arab Emirates,Ireland,"ICC Academy, Dubai",United Arab Emirates,bat,Ireland,Unknown,123,124,7,3
T20,2024-10-13,Malawi,Rwanda,"TCA Oval, Blantyre",Rwanda,field,Rwanda,Unknown,101,102,10,4
T20,2024-12-14,Cayman Islands,Brazil,"St Albans Club, Buenos Aires",Cayman Islands,bat,Cayman Islands,Unknown,224,65,1,9
T20,2026-03-08,Mexico,Suriname,"Jimmy Powell Oval, Cayman Islands",Suriname,field,Mexico,Unknown,97,88,10,8
T20,2025-04-20,United States of America,Bahamas,"Jimmy Powell Oval, Cayman Islands",United States of America,bat,United States of America,Unknown,217,68,4,9
T20,2017-01-16,Hong Kong,Oman,Sheikh Zayed Stadium,Oman,field,Oman,Unknown,87,89,10,3
T20,2024-06-15,Austria,Hungary,"Simar Cricket Ground, Rome",Hungary,field,Austria,Unknown,187,173,7,9
T20,2022-11-02,Zimbabwe,Netherlands,Adelaide Oval,Zimbabwe,bat,Netherlands,Unknown,117,120,10,5
T20,2010-02-28,West Indies,Zimbabwe,"Queen's Park Oval, Port of Spain",Zimbabwe,bat,Zimbabwe,Unknown,79,105,7,10
T20,2025-05-18,Austria,Slovenia,"Ballpark Ground, Graz",Austria,bat,Austria,Unknown,244,76,5,10
T20,2022-04-09,Namibia,Uganda,"United Cricket Club Ground, Windhoek",Uganda,field,Uganda,Unknown,177,178,4,3
T20,2016-07-05,England,Sri Lanka,The Rose Bowl,Sri Lanka,bat,England,Unknown,144,140,2,10
T20,2026-05-12,Japan,Indonesia,Sano International Cricket Ground,Japan,bat,Japan,Unknown,142,101,7,10
T20,2026-06-03,Eswatini,Mozambique,Malkerns Country Club oval,Eswatini,bat,Mozambique,Unknown,131,133,5,5
T20,2026-06-28,Ireland,India,"Civil Service Cricket Club, Stormont, Belfast",India,field,Ireland,Unknown,154,153,8,9
T20,2024-02-16,Japan,China,"Mission Road Ground, Mong Kok, Hong Kong",Japan,bat,Japan,Unknown,143,99,10,8
T20,2020-02-21,South Africa,Australia,The Wanderers Stadium,South Africa,field,Australia,Unknown,89,196,10,6
T20,2012-02-24,Kenya,Ireland,Mombasa Sports Club Ground,Ireland,bat,Ireland,Unknown,105,107,7,9
T20,2024-08-21,Vanuatu,Cook Islands,"Faleata Oval No 2, Apia",Cook Islands,field,Cook Islands,Unknown,125,127,9,3
T20,2024-08-28,Czech Republic,Estonia,"Guernsey Rovers Athletic Club Ground, Port Soif",Estonia,field,Estonia,Unknown,110,112,10,3
T20,2026-08-17,Isle of Man,Bulgaria,Tikkurila Cricket Ground,Bulgaria,field,Isle of Man,Unknown,177,88,7,8
T20,2019-08-23,Namibia,Botswana,United Cricket Club Ground,Botswana,bat,Namibia,Unknown,86,85,2,8
T20,2024-03-23,Namibia,Zimbabwe,"Achimota Senior Secondary School A Field, Accra",Namibia,bat,Zimbabwe,Unknown,113,114,7,2
T20,2007-09-19,South Africa,New Zealand,Kingsmead,South Africa,field,South Africa,Unknown,158,153,4,8
T20,2026-02-12,Nepal,Italy,"Wankhede Stadium, Mumbai",Italy,field,Italy,Unknown,123,124,10,0
T20,2024-03-07,Vanuatu,Kuwait,"Bayuemas Oval, Kuala Lumpur",Kuwait,field,Kuwait,Unknown,102,105,7,2
T20,2024-12-02,Bermuda,Argentina,"Hurlingham Club Ground, Buenos Aires",Argentina,field,Bermuda,Unknown,154,112,6,8
T20,2016-02-12,India,Sri Lanka,JSCA International Stadium Complex,Sri Lanka,field,India,Unknown,196,127,6,9
T20,2021-06-26,Serbia,Romania,"National Sports Academy, Sofia",Serbia,bat,Romania,Unknown,115,116,7,0
T20,2019-09-18,Ireland,Netherlands,"The Village, Malahide",Ireland,bat,Netherlands,Unknown,181,183,7,4
T20,2016-03-06,South Africa,Australia,New Wanderers Stadium,Australia,field,Australia,Unknown,204,205,7,5
T20,2025-09-30,Botswana,Uganda,"Takashinga Sports Club, Highfield, Harare",Uganda,field,Uganda,Unknown,81,85,6,2
T20,2024-06-11,Canada,Pakistan,"Nassau County International Cricket Stadium, New York",Pakistan,field,Pakistan,Unknown,106,107,7,3
T20,2021-05-21,Luxembourg,Czech Republic,"Scott Page Field, Vinor",Czech Republic,field,Czech Republic,Unknown,126,127,5,1
T20,2022-12-01,Sierra Leone,Tanzania,Gahanga International Cricket Stadium. Rwanda,Tanzania,field,Tanzania,Unknown,57,47,10,1
T20,2023-07-23,Italy,Jersey,"Goldenacre, Edinburgh",Jersey,field,Italy,Unknown,183,158,8,10
T20,2024-03-21,Zimbabwe,Kenya,"Achimota Senior Secondary School A Field, Accra",Zimbabwe,bat,Zimbabwe,Unknown,196,126,5,10
T20,2009-11-15,South Africa,England,SuperSport Park,South Africa,bat,South Africa,Unknown,241,157,6,8
T20,2015-11-13,Bangladesh,Zimbabwe,Shere Bangla National Stadium,Bangladesh,field,Bangladesh,Unknown,136,131,6,10
T20,2025-06-27,Hungary,Romania,"Moara Vlasiei Cricket Ground, Ilfov County",Romania,field,Romania,Unknown,147,153,8,3
T20,2006-12-01,South Africa,India,New Wanderers Stadium,South Africa,bat,India,Unknown,126,127,9,4
T20,2022-11-14,Bahrain,Canada,Al Amerat Cricket Ground Oman Cricket (Ministry Turf 1),Canada,field,Canada,Unknown,195,199,7,6
T20,2018-01-28,Pakistan,New Zealand,Bay Oval,Pakistan,bat,Pakistan,Unknown,181,163,6,6
T20,2024-06-20,Bangladesh,Australia,"Sir Vivian Richards Stadium, North Sound, Antigua",Australia,field,Australia,Unknown,140,100,8,2
T20,2026-02-26,Thailand,Bhutan,"Terdthai Cricket Ground, Bangkok",Bhutan,field,Thailand,Unknown,140,80,6,10
T20,2026-09-01,South Africa,Zimbabwe,"Namibia Cricket Ground, Windhoek",South Africa,bat,South Africa,Unknown,185,142,7,10
T20,2024-12-05,Nigeria,Botswana,"Gahanga International Cricket Stadium, Rwanda",Botswana,field,Nigeria,Unknown,185,156,5,7
T20,2023-05-07,Gibraltar,Portugal,Europa Sports Complex,Gibraltar,bat,Portugal,Unknown,124,129,5,9
T20,2024-01-14,Zimbabwe,Sri Lanka,"R Premadasa Stadium, Colombo",Sri Lanka,field,Sri Lanka,Unknown,143,144,5,7
T20,2022-07-17,Papua New Guinea,United States of America,Bulawayo Athletic Club,United States of America,field,Papua New Guinea,Unknown,97,92,10,10
T20,2016-03-19,India,Pakistan,Eden Gardens,India,field,India,Unknown,119,118,4,5
T20,2008-08-03,Bermuda,Scotland,"Civil Service Cricket Club, Stormont",Scotland,field,Scotland,Unknown,99,100,7,2
T20,2024-11-09,West Indies,England,"Kensington Oval, Bridgetown, Barbados",England,field,England,Unknown,182,183,9,2
T20,2018-02-10,England,Australia,Melbourne Cricket Ground,Australia,field,Australia,Unknown,137,138,7,3
T20,2016-01-22,New Zealand,Pakistan,Westpac Stadium,Pakistan,field,New Zealand,Unknown,196,101,6,10
T20,2019-12-05,Nepal,Bhutan,Tribhuvan University International Cricket Ground,Bhutan,field,Nepal,Unknown,236,95,3,6
T20,2021-07-25,Zimbabwe,Bangladesh,Harare Sports Club,Zimbabwe,bat,Bangladesh,Unknown,193,194,5,5
T20,2016-08-27,India,West Indies,Central Broward Regional Park Stadium Turf Ground,India,field,West Indies,Unknown,244,245,4,6
T20,2020-03-08,Spain,Germany,Desert Springs Cricket Ground,Spain,field,Germany,Unknown,122,180,6,3
T20,2024-12-10,Mexico,Bermuda,"Hurlingham Club Ground, Buenos Aires",Mexico,bat,Bermuda,Unknown,96,97,9,4
T20,2020-03-04,Thailand,Nepal,Terdthai Cricket Ground,Thailand,bat,Nepal,Unknown,66,72,10,1
T20,2025-04-24,Canada,United States of America,"Jimmy Powell Oval, Cayman Islands",Canada,bat,Canada,Unknown,184,167,7,8
T20,2024-06-12,Portugal,Austria,"Simar Cricket Ground, Rome",Portugal,bat,Austria,Unknown,125,128,9,3
T20,2024-09-07,Scotland,Australia,"Grange Cricket Club Ground, Raeburn Place, Edinburgh",Australia,field,Australia,Unknown,149,153,9,4
T20,2023-07-31,Bhutan,Thailand,"Bayuemas Oval, Kuala Lumpur",Thailand,field,Thailand,Unknown,83,84,10,2
T20,2025-07-05,Guernsey,Italy,"Sportpark Westvliet, Voorburg",Italy,field,Italy,Unknown,122,127,9,3
T20,2016-09-23,Pakistan,West Indies,Dubai International Cricket Stadium,Pakistan,field,Pakistan,Unknown,116,115,1,10
T20,2010-02-21,Australia,West Indies,Bellerive Oval,Australia,bat,Australia,Unknown,179,141,8,8
T20,2010-05-09,Australia,Sri Lanka,"Kensington Oval, Bridgetown",Australia,bat,Australia,Unknown,168,87,5,10
T20,2024-09-29,Nepal,Oman,"Maple Leaf North-West Ground, King City",Oman,field,Nepal,Unknown,176,139,6,10
T20,2024-02-01,Indonesia,Bhutan,"Terdthai Cricket Ground, Bangkok",Bhutan,field,Indonesia,Unknown,132,116,7,10
T20,2026-06-07,Lesotho,Eswatini,Malkerns Country Club oval,Lesotho,bat,Lesotho,Unknown,221,203,6,5
T20,2026-05-20,Switzerland,Cyprus,Happy Valley Ground 2,Cyprus,field,Switzerland,Unknown,155,130,9,10
T20,2021-08-07,Germany,France,Bayer Uerdingen Cricket Ground,France,field,Germany,Unknown,164,116,3,8
T20,2012-12-21,South Africa,New Zealand,Kingsmead,New Zealand,bat,South Africa,Unknown,87,86,2,10
T20,2010-06-13,Zimbabwe,India,Harare Sports Club,India,field,India,Unknown,140,144,5,3
T20,2023-10-04,Nigeria,Rwanda,"Tafawa Balewa Square Cricket Oval, Lagos",Nigeria,bat,Nigeria,Unknown,127,73,8,10
T20,2021-09-17,Uganda,Kenya,Entebbe Cricket Oval,Uganda,bat,Uganda,Unknown,120,114,9,9
T20,2025-02-03,Malta,Austria,Marsa Sports Club,Austria,field,Austria,Unknown,150,151,7,4
T20,2023-11-28,Namibia,Tanzania,"Wanderers Cricket Ground, Windhoek",Tanzania,field,Namibia,Unknown,157,99,6,6
T20,2025-08-10,Norway,Austria,"Botkyrka Cricket Center, Stockholm",Austria,field,Austria,Unknown,105,106,10,2
T20,2020-11-07,Zimbabwe,Pakistan,Rawalpindi Cricket Stadium,Zimbabwe,bat,Pakistan,Unknown,156,157,6,4
T20,2025-06-08,Czech Republic,Austria,"Scott Page Field, Vinor",Austria,field,Austria,Unknown,113,117,10,0
T20,2023-05-19,Denmark,Sweden,"Svanholm Park, Brondby",Sweden,field,Sweden,Unknown,109,110,10,0
T20,2025-06-15,Scotland,Netherlands,"Titwood, Glasgow",Netherlands,field,Scotland,Unknown,160,121,8,10
T20,2026-07-30,France,Romania,"Moara Vlasiei Cricket Ground, Ilfov County",France,bat,France,Unknown,166,162,8,7
T20,2023-03-11,Kuwait,Bahrain,"Mission Road Ground, Mong Kok, Hong Kong",Bahrain,field,Bahrain,Unknown,156,159,8,6
T20,2022-09-02,Pakistan,Hong Kong,Sharjah Cricket Stadium,Hong Kong,field,Pakistan,Unknown,193,38,2,10
T20,2024-02-15,Japan,China,"Mission Road Ground, Mong Kok, Hong Kong",Japan,bat,Japan,Unknown,258,78,0,10
T20,2025-11-24,Thailand,Malaysia,"Bayuemas Oval, Kuala Lumpur",Malaysia,field,no result,no result,23,0,2,0
T20,2019-02-03,United Arab Emirates,Nepal,ICC Academy,United Arab Emirates,field,Nepal,Unknown,90,104,8,8
T20,2022-02-22,Bahrain,Philippines,Al Amerat Cricket Ground Oman Cricket (Ministry Turf 2),Bahrain,bat,Bahrain,Unknown,191,100,5,9
T20,2025-04-30,Malaysia,Saudi Arabia,"Bayuemas Oval, Kuala Lumpur",Saudi Arabia,field,Saudi Arabia,Unknown,160,161,6,3
T20,2025-10-31,South Africa,Pakistan,"Gaddafi Stadium, Lahore",Pakistan,field,Pakistan,Unknown,110,112,10,1
T20,2025-06-06,Jersey,Guernsey,"Grainville, St Saviour",Guernsey,field,Guernsey,Unknown,116,65,8,2
T20,2025-03-21,New Zealand,Pakistan,"Eden Park, Auckland",Pakistan,field,Pakistan,Unknown,204,207,10,1
T20,2019-06-18,Guernsey,Denmark,King George V Sports Ground,Guernsey,field,no result,no result,0,100,0,9
T20,2025-06-16,Cambodia,Indonesia,Udayana Cricket Ground,Indonesia,field,Indonesia,Unknown,152,154,7,6
T20,2022-12-02,Ghana,Mozambique,Integrated Polytechnic Regional Centre,Mozambique,field,Mozambique,Unknown,111,115,10,3
T20,2025-11-06,Timor-Leste,Indonesia,Udayana Cricket Ground,Timor-Leste,bat,Indonesia,Unknown,61,62,10,0
T20,2018-11-04,West Indies,India,Eden Gardens,India,field,India,Unknown,109,110,8,5
T20,2024-07-11,Switzerland,Serbia,Bayer Uerdingen Cricket Ground,Switzerland,bat,Switzerland,Unknown,146,106,9,10
T20,2017-12-20,India,Sri Lanka,Barabati Stadium,Sri Lanka,field,India,Unknown,180,87,3,10
T20,2024-05-10,Belgium,Malta,Dreux Sport Cricket Club,Belgium,bat,Belgium,Unknown,142,126,9,9
T20,2021-05-23,Czech Republic,Austria,"Scott Page Field, Vinor",Czech Republic,bat,Austria,Unknown,156,161,4,6
T20,2019-08-19,Cayman Islands,United States of America,National Stadium,United States of America,field,United States of America,Unknown,68,60,8,5
T20,2021-04-22,Nepal,Malaysia,"Tribhuvan University International Cricket Ground, Kirtipur",Malaysia,field,Nepal,Unknown,217,148,7,10
T20,2021-09-13,Kenya,Nigeria,Entebbe Cricket Oval,Kenya,bat,Kenya,Unknown,162,101,5,7
T20,2024-06-22,Guernsey,Jersey,"King George V Sports Ground, Castel",Jersey,field,Jersey,Unknown,134,137,10,2
T20,2024-09-06,Australia,Scotland,"Grange Cricket Club Ground, Raeburn Place, Edinburgh",Scotland,field,Australia,Unknown,196,126,4,10
T20,2025-12-08,Rwanda,Sierra Leone,"Nigeria Cricket Federation Oval 1, Abuja",Sierra Leone,field,Rwanda,Unknown,126,68,10,10
T20,2022-11-01,England,New Zealand,"Brisbane Cricket Ground, Woolloongabba, Brisbane",England,bat,England,Unknown,179,159,6,6
T20,2022-05-14,Hungary,Czech Republic,Marsa Sports Club,Hungary,bat,Czech Republic,Unknown,169,175,7,3
T20,2025-10-13,Nepal,Qatar,Al Amerat Cricket Ground Oman Cricket (Ministry Turf 1),Qatar,field,Nepal,Unknown,147,142,9,10
T20,2026-03-01,West Indies,India,"Eden Gardens, Kolkata",India,field,India,Unknown,195,199,4,5
T20,2023-03-04,Argentina,Cayman Islands,"Belgrano Athletic Club Ground, Buenos Aires",Argentina,bat,Cayman Islands,Unknown,125,126,7,7
T20,2024-03-18,Uganda,Ghana,"Achimota Senior Secondary School B Field, Accra",Uganda,bat,Uganda,Unknown,194,73,5,10
T20,2011-01-09,South Africa,India,Moses Mabhida Stadium,India,bat,India,Unknown,147,168,9,6
T20,2025-07-10,Malawi,Germany,"TCA Oval, Blantyre",Malawi,bat,Malawi,Unknown,166,158,8,10
T20,2026-06-26,Indonesia,Uzbekistan,Singapore National Cricket Ground,Indonesia,bat,Indonesia,Unknown,227,130,6,6
T20,2019-12-06,India,West Indies,"Rajiv Gandhi International Stadium, Uppal",India,field,India,Unknown,209,207,4,5
T20,2022-12-14,Tanzania,Uganda,"Gahanga International Cricket Stadium, Rwanda",Tanzania,bat,no result,no result,48,0,9,0
T20,2021-10-31,India,New Zealand,Dubai International Cricket Stadium,New Zealand,field,New Zealand,Unknown,110,111,7,2
T20,2026-06-14,Norway,Austria,"Botkyrka Cricket Center, Stockholm",Norway,bat,Austria,Unknown,119,79,8,2
T20,2024-02-16,Maldives,Bhutan,"Terdthai Cricket Ground, Bangkok",Maldives,bat,Bhutan,Unknown,138,141,6,6
T20,2026-05-25,Ivory Coast,Mali,"Botswana Cricket Association Oval 2, Gaborone",Mali,field,Mali,Unknown,78,79,5,4
T20,2021-07-18,England,Pakistan,"Headingley, Leeds",Pakistan,field,England,Unknown,200,155,10,9
T20,2023-06-18,Kenya,Uganda,"Gymkhana Club Ground, Nairobi",Kenya,bat,Uganda,Unknown,117,120,8,5
T20,2024-03-17,Zimbabwe,Namibia,"Achimota Senior Secondary School A Field, Accra",Zimbabwe,bat,Zimbabwe,Unknown,197,162,6,8
T20,2012-02-03,Australia,India,Melbourne Cricket Ground,Australia,bat,India,Unknown,131,135,10,2
T20,2019-10-19,Jersey,Nigeria,Sheikh Zayed Stadium,Jersey,bat,Jersey,Unknown,184,115,4,7
T20,2023-12-23,Philippines,Indonesia,Udayana Cricket Ground,Indonesia,field,Indonesia,Unknown,106,107,9,0
T20,2018-02-18,Sri Lanka,Bangladesh,Sylhet International Cricket Stadium,Bangladesh,field,Sri Lanka,Unknown,210,135,4,10
T20,2026-06-25,Uzbekistan,Thailand,Singapore National Cricket Ground,Thailand,field,Thailand,Unknown,37,38,10,2
T20,2010-05-05,Australia,Bangladesh,"Kensington Oval, Bridgetown",Australia,bat,Australia,Unknown,141,114,7,10
T20,2023-08-30,Uganda,Tanzania,"Gahanga International Cricket Stadium, Rwanda",Tanzania,field,Uganda,Unknown,141,122,10,10
T20,2024-02-27,Namibia,Nepal,"Tribhuvan University International Cricket Ground, Kirtipur",Namibia,bat,Namibia,Unknown,206,186,4,10
T20,2026-03-20,South Africa,New Zealand,"Eden Park, Auckland",New Zealand,field,New Zealand,Unknown,136,137,9,2
T20,2014-09-07,England,India,Edgbaston,England,bat,England,Unknown,180,177,7,5
T20,2024-11-14,West Indies,England,"Daren Sammy National Cricket Stadium, Gros Islet, St Lucia",England,field,England,Unknown,145,149,8,7
T20,2022-05-14,Bulgaria,Malta,Marsa Sports Club,Bulgaria,bat,Malta,Unknown,204,205,4,4
T20,2022-07-10,England,India,"Trent Bridge, Nottingham",England,bat,England,Unknown,215,198,7,9
T20,2022-09-13,Samoa,Cook Islands,"Independence Park, Port Vila",Cook Islands,field,Cook Islands,Unknown,157,158,9,6
T20,2024-10-20,Indonesia,Thailand,Gelephu International Cricket Ground,Indonesia,bat,Thailand,Unknown,86,87,10,4
T20,2026-02-22,England,Sri Lanka,Pallekele International Cricket Stadium,Sri Lanka,field,England,Unknown,146,95,9,10
T20,2024-09-27,Ireland,South Africa,"Zayed Cricket Stadium, Abu Dhabi",South Africa,field,South Africa,Unknown,171,174,8,2
T20,2022-02-24,Bahrain,Canada,Al Amerat Cricket Ground Oman Cricket (Ministry Turf 1),Bahrain,bat,Canada,Unknown,131,132,8,3
T20,2012-09-28,Australia,India,R Premadasa Stadium,India,bat,Australia,Unknown,141,140,1,7
T20,2025-07-08,Scotland,Netherlands,"Sportpark Westvliet, Voorburg",Scotland,bat,Scotland,Unknown,148,142,9,7
T20,2022-10-12,New Zealand,Bangladesh,"Hagley Oval, Christchurch",Bangladesh,field,New Zealand,Unknown,208,160,5,7
T20,2022-12-18,Rwanda,Tanzania,"Gahanga International Cricket Stadium, Rwanda",Rwanda,bat,Tanzania,Unknown,118,123,9,4
T20,2023-10-24,Zimbabwe,Namibia,"Wanderers Cricket Ground, Windhoek",Zimbabwe,bat,Namibia,Unknown,121,122,9,3
T20,2022-10-21,Scotland,Zimbabwe,"Bellerive Oval, Hobart",Scotland,bat,Zimbabwe,Unknown,132,133,6,5
T20,2022-07-15,Italy,Sweden,Tikkurila Cricket Ground,Sweden,field,Italy,Unknown,169,78,7,10
T20,2024-08-03,Croatia,Spain,"Mladost Cricket Ground, Zagreb",Spain,field,Spain,Unknown,52,53,10,4
T20,2021-07-28,India,Sri Lanka,"R Premadasa Stadium, Colombo",Sri Lanka,field,Sri Lanka,Unknown,132,133,5,6
T20,2023-11-26,Zimbabwe,Uganda,"United Cricket Club Ground, Windhoek",Uganda,field,Uganda,Unknown,136,138,7,5
T20,2022-11-17,Canada,Bahrain,Al Amerat Cricket Ground Oman Cricket (Ministry Turf 1),Bahrain,field,Bahrain,Unknown,160,164,6,2
T20,2026-03-08,Argentina,Cayman Islands,"Jimmy Powell Oval, Cayman Islands",Argentina,bat,Cayman Islands,Unknown,98,102,10,0
T20,2013-11-19,Kenya,Scotland,ICC Academy,Kenya,bat,Kenya,Unknown,183,91,7,10
T20,2024-11-23,Botswana,Eswatini,"Tafawa Balewa Square Cricket Oval, Lagos",Botswana,bat,Botswana,Unknown,175,127,4,9
T20,2024-05-23,United States of America,Bangladesh,Prairie View Cricket Complex,Bangladesh,field,United States of America,Unknown,144,138,6,10
T20,2018-10-09,South Africa,Zimbabwe,Buffalo Park,South Africa,bat,South Africa,Unknown,160,126,6,10
T20,2016-09-09,Sri Lanka,Australia,R Premadasa Stadium,Sri Lanka,bat,Australia,Unknown,128,130,9,6
T20,2021-10-17,Lesotho,Seychelles,Gahanga International Cricket Stadium. Rwanda,Seychelles,field,Seychelles,Unknown,131,132,8,4
T20,2010-05-04,New Zealand,Zimbabwe,Providence Stadium,New Zealand,field,New Zealand,Unknown,36,84,1,10
T20,2025-06-09,Austria,Czech Republic,"Scott Page Field, Vinor",Austria,bat,Austria,Unknown,224,63,5,10
T20,2018-03-10,Sri Lanka,Bangladesh,"R.Premadasa Stadium, Khettarama",Bangladesh,field,Bangladesh,Unknown,214,215,6,5
T20,2025-07-18,Hong Kong,Malaysia,Singapore National Cricket Ground,Malaysia,field,Malaysia,Unknown,151,152,9,5
T20,2024-12-08,Suriname,Brazil,"St Albans Club, Buenos Aires",Suriname,bat,Brazil,Unknown,101,102,8,4
T20,2019-11-07,India,Bangladesh,Saurashtra Cricket Association Stadium,India,field,India,Unknown,154,153,2,6
T20,2023-05-06,Gibraltar,Malta,Europa Sports Complex,Gibraltar,bat,Gibraltar,Unknown,143,63,8,10
T20,2024-04-01,Oman,Namibia,Al Amerat Cricket Ground Oman Cricket (Ministry Turf 1),Namibia,field,Namibia,Unknown,109,114,9,6
T20,2010-02-09,Canada,Netherlands,Dubai International Cricket Stadium,Canada,bat,Netherlands,Unknown,142,146,8,4
T20,2022-07-12,Finland,Sweden,Tikkurila Cricket Ground,Sweden,field,Finland,Unknown,115,103,10,7
T20,2023-02-28,Cayman Islands,Bahamas,"St Albans Club, Buenos Aires",Cayman Islands,bat,Cayman Islands,Unknown,125,94,10,8
T20,2025-04-20,Bermuda,Cayman Islands,"Jimmy Powell Oval, Cayman Islands",Bermuda,bat,Bermuda,Unknown,137,107,5,8
T20,2026-08-15,Isle of Man,Spain,Tikkurila Cricket Ground,Spain,field,Spain,Unknown,108,110,8,3
T20,2026-06-01,Bahrain,Hong Kong,Singapore National Cricket Ground,Hong Kong,field,Hong Kong,Unknown,173,175,9,2
T20,2026-08-18,Finland,Luxembourg,Tikkurila Cricket Ground,Finland,bat,Finland,Unknown,168,95,9,10
T20,2022-07-24,Estonia,Norway,Kerava National Cricket Ground,Estonia,bat,Norway,Unknown,101,102,10,0
T20,2026-01-26,Ireland,Italy,"7he Sevens Stadium, Dubai",Italy,field,Italy,Unknown,154,157,10,6
T20,2019-09-19,Netherlands,Scotland,"The Village, Malahide",Netherlands,bat,Scotland,Unknown,123,126,10,4
T20,2021-11-02,Bangladesh,South Africa,"Zayed Cricket Stadium, Abu Dhabi",South Africa,field,South Africa,Unknown,84,86,10,4
T20,2023-10-07,Canada,Bermuda,"National Stadium, Hamilton",Canada,bat,Canada,Unknown,132,93,4,10
T20,2025-06-21,Bermuda,Cayman Islands,"Maple Leaf North-West Ground, King City",Cayman Islands,field,Cayman Islands,Unknown,139,142,2,1
T20,2021-09-03,Romania,Czech Republic,"Moara Vlasiei Cricket Ground, Ilfov County",Romania,bat,Romania,Unknown,211,176,8,10
T20,2018-02-16,New Zealand,Australia,Eden Park,New Zealand,bat,Australia,Unknown,243,245,6,5
T20,2024-10-05,Japan,Indonesia,"Yeonhui Cricket Ground, Incheon",Japan,bat,Japan,Unknown,173,29,2,10
T20,2025-10-15,Nepal,Oman,Al Amerat Cricket Ground Oman Cricket (Ministry Turf 1),Nepal,bat,Nepal,Unknown,151,113,9,9
T20,2022-07-11,Netherlands,Papua New Guinea,"Queens Sports Club, Bulawayo",Netherlands,bat,Netherlands,Unknown,163,111,7,10
T20,2019-07-24,Malaysia,Nepal,Indian Association Ground,Nepal,field,Nepal,Unknown,83,86,7,3
T20,2024-12-07,Cayman Islands,Panama,"St George's College Ground, Buenos Aires",Cayman Islands,bat,Cayman Islands,Unknown,124,41,6,10
T20,2026-03-12,Cayman Islands,Mexico,"Jimmy Powell Oval, Cayman Islands",Cayman Islands,bat,Cayman Islands,Unknown,187,94,3,10
T20,2024-12-11,Rwanda,Botswana,"Gahanga International Cricket Stadium, Rwanda",Botswana,field,Rwanda,Unknown,168,143,8,9
T20,2012-09-05,Australia,Pakistan,Dubai International Cricket Stadium,Pakistan,field,Pakistan,Unknown,89,90,10,3
T20,2021-11-07,Belize,United States of America,"Coolidge Cricket Ground, Antigua",United States of America,field,United States of America,Unknown,64,68,9,0
T20,2019-11-08,Australia,Pakistan,Perth Stadium,Australia,field,Australia,Unknown,109,106,0,8
T20,2024-03-04,Sri Lanka,Bangladesh,Sylhet International Cricket Stadium,Bangladesh,field,Sri Lanka,Unknown,206,203,3,8
T20,2026-08-21,Portugal,Spain,Kerava National Cricket Ground,Spain,field,Portugal,Unknown,160,103,6,10
T20,2023-09-20,Malaysia,Papua New Guinea,"Bayuemas Oval, Kuala Lumpur",Malaysia,bat,Papua New Guinea,Unknown,152,108,9,1
T20,2023-11-29,Nigeria,Zimbabwe,"United Cricket Club Ground, Windhoek",Nigeria,bat,Zimbabwe,Unknown,110,111,8,4
T20,2014-04-06,India,Sri Lanka,Shere Bangla National Stadium,Sri Lanka,field,Sri Lanka,Unknown,130,134,4,4
T20,2024-07-15,Kenya,Nigeria,"Sikh Union Club Ground, Nairobi",Nigeria,field,Nigeria,Unknown,149,150,7,7
T20,2026-08-14,Finland,Spain,Kerava National Cricket Ground,Spain,field,Spain,Unknown,131,135,9,2
T20,2023-10-21,Nepal,Hong Kong,Mulpani Cricket Ground,Nepal,bat,Nepal,Unknown,213,134,6,8
T20,2023-10-05,Nigeria,Sierra Leone,"Tafawa Balewa Square Cricket Oval, Lagos",Sierra Leone,field,Nigeria,Unknown,155,92,6,10
T20,2023-10-07,Pakistan,Bangladesh,Zhejiang University of Technology Cricket Field,Bangladesh,field,Bangladesh,Unknown,48,65,1,4
T20,2019-06-29,Maldives,Thailand,Kinrara Academy Oval,Thailand,field,Thailand,Unknown,153,154,6,5
T20,2025-12-07,Sierra Leone,Nigeria,"Nigeria Cricket Federation Oval 1, Abuja",Nigeria,field,Nigeria,Unknown,95,98,10,1
T20,2025-01-31,India,England,"Maharashtra Cricket Association Stadium, Pune",England,field,India,Unknown,181,166,9,10
T20,2023-12-10,Zimbabwe,Ireland,Harare Sports Club,Ireland,field,Ireland,Unknown,140,141,6,4
T20,2012-09-27,England,West Indies,Pallekele International Cricket Stadium,West Indies,bat,West Indies,Unknown,164,179,4,5
T20,2024-06-12,Luxembourg,Turkey,Roma Cricket Ground,Turkey,field,Luxembourg,Unknown,147,74,9,10
T20,2019-06-16,Guernsey,Italy,College Field,Guernsey,field,Italy,Unknown,110,121,8,10
T20,2021-09-01,New Zealand,Bangladesh,"Shere Bangla National Stadium, Mirpur",New Zealand,bat,Bangladesh,Unknown,60,62,10,3
T20,2023-10-30,Oman,Malaysia,"Tribhuvan University International Cricket Ground, Kirtipur",Oman,bat,Oman,Unknown,153,121,6,8
T20,2019-10-27,Spain,Gibraltar,La Manga Club Bottom Ground,Spain,field,Spain,Unknown,96,95,4,10
T20,2016-03-10,Scotland,Zimbabwe,"Vidarbha Cricket Association Stadium, Jamtha",Zimbabwe,bat,Zimbabwe,Unknown,136,147,10,7
T20,2022-11-22,Mali,Botswana,Gahanga International Cricket Stadium. Rwanda,Botswana,field,Botswana,Unknown,37,38,10,5
T20,2022-09-15,Botswana,Uganda,"Willowmoore Park, Benoni",Uganda,field,Uganda,Unknown,103,107,8,3
T20,2024-03-13,Scotland,United Arab Emirates,Dubai International Cricket Stadium,United Arab Emirates,field,Scotland,Unknown,121,112,8,9
T20,2023-10-03,India,Nepal,Zhejiang University of Technology Cricket Field,India,bat,India,Unknown,202,179,4,9
T20,2022-09-23,Australia,India,"Vidarbha Cricket Association Stadium, Jamtha, Nagpur",India,field,India,Unknown,90,92,5,4
T20,2016-01-15,Bangladesh,Zimbabwe,Sheikh Abu Naser Stadium,Zimbabwe,bat,Bangladesh,Unknown,166,163,6,7
T20,2026-05-08,Indonesia,Philippines,Sano International Cricket Ground,Philippines,field,Indonesia,Unknown,132,121,9,6
T20,2012-09-27,Sri Lanka,New Zealand,Pallekele International Cricket Stadium,New Zealand,bat,tie,tie,187,181,7,8
T20,2024-10-05,Philippines,South Korea,"Yeonhui Cricket Ground, Incheon",Philippines,bat,Philippines,Unknown,158,57,5,10
T20,2019-02-06,New Zealand,India,Westpac Stadium,India,field,New Zealand,Unknown,219,139,6,10
T20,2025-11-28,Brazil,Argentina,"St Albans Club, Buenos Aires",Brazil,bat,Argentina,Unknown,109,110,8,2
T20,2023-08-20,Tanzania,Uganda,"Gahanga International Cricket Stadium, Rwanda",Tanzania,bat,Uganda,Unknown,143,146,8,4
T20,2019-12-09,Nepal,Maldives,Tribhuvan University International Cricket Ground,Nepal,field,Nepal,Unknown,98,94,5,9
T20,2017-10-29,Pakistan,Sri Lanka,Gaddafi Stadium,Sri Lanka,field,Pakistan,Unknown,180,144,3,9
T20,2022-11-18,Rwanda,St Helena,Gahanga International Cricket Stadium. Rwanda,Rwanda,bat,Rwanda,Unknown,130,76,8,8
T20,2025-09-30,Nigeria,Kenya,"Takashinga Sports Club, Highfield, Harare",Nigeria,bat,Kenya,Unknown,147,148,7,3
T20,2022-07-22,Ireland,New Zealand,"Civil Service Cricket Club, Stormont, Belfast",Ireland,bat,New Zealand,Unknown,174,180,6,4
T20,2023-06-13,Rwanda,Botswana,"Gymkhana Club Ground, Nairobi",Botswana,field,Rwanda,Unknown,158,131,9,10
T20,2022-02-12,Oman,Ireland,Al Amerat Cricket Ground Oman Cricket (Ministry Turf 1),Ireland,field,Ireland,Unknown,137,140,10,1
T20,2025-05-17,Austria,Slovenia,"Velden Cricket Ground, Latschach",Slovenia,field,Austria,Unknown,155,80,10,10
T20,2026-05-08,Romania,Bulgaria,"Moara Vlasiei Cricket Ground, Ilfov County",Romania,bat,Romania,Unknown,164,133,10,6
T20,2021-04-19,Malaysia,Nepal,"Tribhuvan University International Cricket Ground, Kirtipur",Nepal,field,Nepal,Unknown,109,113,10,1
T20,2023-03-12,Hong Kong,Malaysia,"Mission Road Ground, Mong Kok, Hong Kong",Malaysia,field,Hong Kong,Unknown,182,143,8,10
T20,2023-10-15,Ghana,Sierra Leone,"Tafawa Balewa Square Cricket Oval, Lagos",Ghana,bat,Sierra Leone,Unknown,72,73,10,5
T20,2022-07-25,Austria,Slovenia,Kerava National Cricket Ground,Slovenia,field,Austria,Unknown,214,73,4,10
T20,2019-10-03,Singapore,Zimbabwe,Indian Association Ground,Zimbabwe,field,Zimbabwe,Unknown,167,168,7,2
T20,2016-03-22,New Zealand,Pakistan,"Punjab Cricket Association IS Bindra Stadium, Mohali",New Zealand,bat,New Zealand,Unknown,180,158,5,5
T20,2025-12-13,Thailand,Philippines,"Terdthai Cricket Ground, Bangkok",Philippines,field,Philippines,Unknown,153,156,7,9
T20,2025-10-02,Kenya,Zimbabwe,Harare Sports Club,Kenya,bat,Zimbabwe,Unknown,122,123,6,3
T20,2023-07-14,Malta,Romania,Marsa Sports Club,Malta,bat,Malta,Unknown,187,146,7,9
T20,2024-12-12,Bermuda,Belize,"St George's College Ground, Buenos Aires",Belize,field,Bermuda,Unknown,123,52,9,10
T20,2021-10-16,Rwanda,Ghana,Gahanga International Cricket Stadium. Rwanda,Ghana,field,Ghana,Unknown,153,157,9,5
T20,2022-11-20,Oman,Canada,Al Amerat Cricket Ground Oman Cricket (Ministry Turf 1),Canada,field,Canada,Unknown,169,170,7,7
T20,2025-08-07,Cyprus,Croatia,"Mladost Cricket Ground, Zagreb",Croatia,field,Cyprus,Unknown,213,155,3,6
T20,2025-03-15,Malaysia,Hong Kong,"Bayuemas Oval, Kuala Lumpur",Malaysia,bat,Hong Kong,Unknown,94,95,10,2
T20,2014-07-05,West Indies,New Zealand,"Windsor Park, Roseau",New Zealand,field,New Zealand,Unknown,132,117,8,4
T20,2024-07-10,Croatia,Serbia,Bayer Uerdingen Cricket Ground,Serbia,field,Croatia,Unknown,103,75,9,8
T20,2022-12-19,Singapore,Qatar,"UKM-YSD Cricket Oval, Bangi",Qatar,field,Qatar,Unknown,140,141,6,2
T20,2021-04-20,Nepal,Netherlands,"Tribhuvan University International Cricket Ground, Kirtipur",Nepal,bat,Netherlands,Unknown,206,209,6,7
T20,2018-07-06,India,England,Sophia Gardens,England,field,England,Unknown,148,149,5,5
T20,2025-12-13,Bhutan,Bahrain,Gelephu International Cricket Ground,Bahrain,field,Bahrain,Unknown,102,105,10,6
T20,2022-10-16,Namibia,Sri Lanka,"GMHBA Stadium, South Geelong, Victoria",Sri Lanka,field,Namibia,Unknown,163,108,7,10
T20,2016-03-20,Sri Lanka,West Indies,M Chinnaswamy Stadium,West Indies,field,West Indies,Unknown,122,127,9,3
T20,2019-10-07,Pakistan,Sri Lanka,Gaddafi Stadium,Sri Lanka,bat,Sri Lanka,Unknown,147,182,10,6
T20,2026-01-11,Sri Lanka,Pakistan,Rangiri Dambulla International Stadium,Pakistan,field,Sri Lanka,Unknown,160,146,6,8
T20,2015-07-13,Nepal,Ireland,"Civil Service Cricket Club, Stormont",Ireland,field,Ireland,Unknown,53,54,10,2
T20,2022-07-13,Isle of Man,Serbia,Tikkurila Cricket Ground,Serbia,field,Isle of Man,Unknown,165,97,7,7
T20,2024-11-23,Bahrain,Bhutan,"West End Park International Cricket Stadium, Doha",Bhutan,field,Bahrain,Unknown,175,85,7,7
T20,2024-08-21,Malta,Finland,"Guernsey Rovers Athletic Club Ground, Port Soif",Malta,bat,Finland,Unknown,117,118,9,1
T20,2026-03-27,Eswatini,Malawi,"Achimota Senior Secondary School B Field, Accra",Eswatini,bat,Malawi,Unknown,75,77,10,2
T20,2015-11-09,Sri Lanka,West Indies,Pallekele International Cricket Stadium,West Indies,field,Sri Lanka,Unknown,215,185,3,10
T20,2022-08-21,United Arab Emirates,Kuwait,Al Amerat Cricket Ground Oman Cricket (Ministry Turf 1),Kuwait,field,Kuwait,Unknown,173,177,5,9
T20,2023-07-21,Denmark,Ireland,"Grange Cricket Club Ground, Raeburn Place, Edinburgh",Denmark,bat,Ireland,Unknown,122,123,9,1
T20,2024-08-24,Bulgaria,Estonia,"Guernsey Rovers Athletic Club Ground, Port Soif",Estonia,field,Estonia,Unknown,129,131,8,3
T20,2023-08-06,India,West Indies,"Providence Stadium, Guyana",India,bat,West Indies,Unknown,152,155,7,8
T20,2019-05-22,Uganda,Kenya,Lugogo Cricket Oval,Kenya,bat,Kenya,Unknown,144,145,9,6
T20,2025-07-25,Hungary,Luxembourg,"GB Oval, Szodliget",Hungary,bat,Hungary,Unknown,148,78,8,10
T20,2024-02-03,Indonesia,Cambodia,"Terdthai Cricket Ground, Bangkok",Indonesia,bat,Cambodia,Unknown,127,132,6,4
T20,2019-05-22,Ghana,Nigeria,Kyambogo Cricket Oval,Ghana,field,Nigeria,Unknown,107,135,8,8
T20,2022-07-18,Sweden,Greece,Tikkurila Cricket Ground,Greece,field,Sweden,Unknown,150,43,6,10
T20,2016-01-31,Australia,India,Sydney Cricket Ground,Australia,bat,India,Unknown,197,200,5,3
T20,2022-07-02,Belgium,Portugal,"Royal Brussels Cricket Club Ground, Waterloo",Belgium,bat,Portugal,Unknown,113,114,10,2
T20,2024-02-13,Bhutan,Maldives,"Terdthai Cricket Ground, Bangkok",Bhutan,bat,Maldives,Unknown,115,119,6,1
T20,2018-06-29,India,Ireland,"The Village, Malahide",Ireland,field,India,Unknown,213,70,4,10
T20,2025-11-05,West Indies,New Zealand,"Eden Park, Auckland",New Zealand,field,West Indies,Unknown,164,157,6,9
T20,2023-10-02,Maldives,Saudi Arabia,"West End Park International Cricket Stadium, Doha",Maldives,bat,Saudi Arabia,Unknown,76,78,10,1
T20,2025-05-31,Austria,Switzerland,"Velden Cricket Ground, Latschach",Austria,bat,Switzerland,Unknown,148,154,8,7
T20,2025-11-18,Zimbabwe,Pakistan,Rawalpindi Cricket Stadium,Pakistan,field,Pakistan,Unknown,147,151,8,5
T20,2022-11-17,Saudi Arabia,Oman,Al Amerat Cricket Ground Oman Cricket (Ministry Turf 1),Oman,field,Oman,Unknown,114,118,8,3
T20,2019-09-13,Bangladesh,Zimbabwe,"Shere Bangla National Stadium, Mirpur",Bangladesh,field,Bangladesh,Unknown,148,144,7,5
T20,2026-04-09,Indonesia,Sweden,Udayana Cricket Ground,Sweden,field,Sweden,Unknown,135,136,7,5
T20,2022-11-17,Lesotho,Mali,Integrated Polytechnic Regional Centre,Mali,field,Lesotho,Unknown,138,107,6,10
T20,2022-07-13,Cyprus,Romania,Tikkurila Cricket Ground,Romania,field,Cyprus,Unknown,154,134,8,9
T20,2026-03-13,Botswana,Lesotho,"Botswana Cricket Association Oval 1, Gaborone",Botswana,bat,Botswana,Unknown,164,60,7,10
T20,2022-08-30,Nepal,Kenya,"Gymkhana Club Ground, Nairobi",Nepal,bat,Nepal,Unknown,175,144,7,7
T20,2020-09-01,Pakistan,England,Old Trafford,England,field,Pakistan,Unknown,190,185,4,8
T20,2021-04-10,South Africa,Pakistan,"The Wanderers Stadium, Johannesburg",South Africa,bat,Pakistan,Unknown,188,189,6,6
T20,2023-04-08,Sri Lanka,New Zealand,"John Davies Oval, Queenstown",New Zealand,field,New Zealand,Unknown,182,183,6,6
T20,2012-02-23,Kenya,Ireland,Mombasa Sports Club Ground,Kenya,bat,Ireland,Unknown,131,132,7,2
T20,2022-09-13,Vanuatu,Fiji,"Independence Park, Port Vila",Fiji,field,Vanuatu,Unknown,167,149,7,9
T20,2023-05-18,Denmark,Finland,"Svanholm Park, Brondby",Denmark,bat,Denmark,Unknown,175,103,5,8
T20,2021-08-21,Rwanda,Ghana,Gahanga International Cricket Stadium. Rwanda,Rwanda,bat,Ghana,Unknown,147,148,8,3
T20,2024-07-08,Croatia,Belgium,Bayer Uerdingen Cricket Ground,Croatia,bat,Croatia,Unknown,140,100,6,6
T20,2022-08-28,Kenya,Nepal,"Gymkhana Club Ground, Nairobi",Kenya,bat,Nepal,Unknown,156,160,2,6
T20,2016-03-01,India,Sri Lanka,Shere Bangla National Stadium,India,field,India,Unknown,142,138,5,9
T20,2024-12-20,Oman,Kuwait,"ICC Academy, Dubai",Oman,bat,Kuwait,Unknown,143,144,8,7
T20,2024-12-12,Panama,Brazil,"Belgrano Athletic Club Ground, Buenos Aires",Panama,bat,Brazil,Unknown,122,123,9,4
T20,2023-06-11,Hungary,Czech Republic,"Scott Page Field, Vinor",Hungary,bat,Czech Republic,Unknown,138,139,10,7
T20,2026-01-23,Italy,Ireland,"7he Sevens Stadium, Dubai",Ireland,field,Ireland,Unknown,118,119,10,7
T20,2006-06-15,England,Sri Lanka,The Rose Bowl,Sri Lanka,bat,Sri Lanka,Unknown,161,163,5,10
T20,2026-09-08,Rwanda,Botswana,"Gahanga B Ground, Rwanda",Botswana,field,Rwanda,Unknown,192,137,2,7
T20,2024-07-13,Croatia,Switzerland,Bayer Uerdingen Cricket Ground,Switzerland,field,Switzerland,Unknown,104,106,7,3
T20,2023-08-25,Rwanda,Tanzania,"Gahanga International Cricket Stadium, Rwanda",Tanzania,field,Tanzania,Unknown,133,134,9,9
T20,2025-06-16,Canada,Cayman Islands,"Maple Leaf North-West Ground, King City",Cayman Islands,field,Canada,Unknown,162,103,5,9
T20,2021-10-08,United Arab Emirates,Ireland,"ICC Academy, Dubai",Ireland,field,United Arab Emirates,Unknown,163,109,4,10
T20,2025-07-08,Indonesia,South Korea,Udayana Cricket Ground,South Korea,field,Indonesia,Unknown,168,116,10,10
T20,2025-07-08,Jersey,Guernsey,"Sportpark Westvliet, Voorburg",Guernsey,field,Jersey,Unknown,160,138,4,5
T20,2026-05-25,Kenya,Rwanda,"Botswana Cricket Association Oval 1, Gaborone",Kenya,bat,Rwanda,Unknown,101,102,9,8
T20,2025-09-26,India,Sri Lanka,Dubai International Cricket Stadium,Sri Lanka,field,tie,tie,205,204,5,7
T20,2025-08-21,Czech Republic,Romania,"Moara Vlasiei Cricket Ground, Ilfov County",Romania,field,Czech Republic,Unknown,149,131,9,8
T20,2024-07-14,Norway,Jersey,Bayer Uerdingen Cricket Ground,Jersey,field,Jersey,Unknown,69,71,10,4
T20,2025-07-27,Hungary,Luxembourg,"GB Oval, Szodliget",Luxembourg,field,Hungary,Unknown,182,145,7,9
T20,2026-05-08,South Korea,Cook Islands,"Korogi Sports Park, Nisshin",Cook Islands,field,Cook Islands,Unknown,47,49,10,1
T20,2023-08-31,Rwanda,Uganda,"Gahanga International Cricket Stadium, Rwanda",Rwanda,bat,Uganda,Unknown,131,133,10,2
T20,2023-09-05,England,New Zealand,"Trent Bridge, Nottingham",England,bat,New Zealand,Unknown,175,179,8,4
T20,2011-01-14,Australia,England,Melbourne Cricket Ground,Australia,bat,Australia,Unknown,147,143,7,6
T20,2024-07-07,Switzerland,Belgium,Bayer Uerdingen Cricket Ground,Belgium,field,Belgium,Unknown,172,177,5,8
T20,2018-08-05,Bangladesh,West Indies,Central Broward Regional Park Stadium Turf Ground,Bangladesh,bat,Bangladesh,Unknown,184,135,5,7
T20,2022-02-19,United Arab Emirates,Germany,Al Amerat Cricket Ground Oman Cricket (Ministry Turf 1),United Arab Emirates,bat,United Arab Emirates,Unknown,191,167,5,9
T20,2019-08-05,Netherlands,United Arab Emirates,VRA Ground,United Arab Emirates,field,United Arab Emirates,Unknown,136,140,9,5
T20,2025-05-28,Pakistan,Bangladesh,"Gaddafi Stadium, Lahore",Pakistan,bat,Pakistan,Unknown,201,164,7,10
T20,2025-09-15,Hong Kong,Sri Lanka,Dubai International Cricket Stadium,Sri Lanka,field,Sri Lanka,Unknown,149,153,4,6
T20,2022-10-19,West Indies,Zimbabwe,"Bellerive Oval, Hobart",West Indies,bat,West Indies,Unknown,153,122,7,10
T20,2021-08-04,Australia,Bangladesh,"Shere Bangla National Stadium, Mirpur",Australia,bat,Bangladesh,Unknown,121,123,7,5
T20,2025-03-01,Singapore,Bahrain,Singapore National Cricket Ground,Singapore,bat,Bahrain,Unknown,107,108,6,3
T20,2026-06-13,Sweden,Austria,"Botkyrka Cricket Center, Stockholm",Austria,field,Sweden,Unknown,165,90,6,10
T20,2021-11-10,Canada,United States of America,"Coolidge Cricket Ground, Antigua",Canada,bat,tie,tie,156,164,5,9
T20,2023-11-23,Cambodia,Indonesia,Udayana Cricket Ground,Indonesia,field,Indonesia,Unknown,77,0,3,0
T20,2026-03-24,Malawi,Tanzania,"Achimota Senior Secondary School A Field, Accra",Tanzania,field,Tanzania,Unknown,77,78,9,2
T20,2023-11-02,Oman,Nepal,"Tribhuvan University International Cricket Ground, Kirtipur",Nepal,field,Oman,Unknown,145,140,9,10
T20,2026-07-03,Portugal,Finland,Kerava National Cricket Ground,Finland,field,Portugal,Unknown,142,110,9,10
T20,2010-09-05,England,Pakistan,Sophia Gardens,England,field,England,Unknown,129,126,5,4
T20,2022-05-13,Bulgaria,Romania,Marsa Sports Club,Bulgaria,bat,Romania,Unknown,131,132,7,2
T20,2024-06-16,Luxembourg,Israel,Roma Cricket Ground,Luxembourg,bat,Israel,Unknown,172,175,6,8
T20,2026-03-22,South Africa,New Zealand,"Sky Stadium, Wellington",South Africa,bat,South Africa,Unknown,164,145,5,10
T20,2021-09-05,Malta,Hungary,"Moara Vlasiei Cricket Ground, Ilfov County",Hungary,field,Hungary,Unknown,170,171,5,2
T20,2024-06-10,Israel,Austria,Roma Cricket Ground,Israel,bat,Austria,Unknown,107,110,9,3
T20,2025-06-26,Belgium,Malta,"Moara Vlasiei Cricket Ground, Ilfov County",Malta,field,Belgium,Unknown,199,134,6,9
T20,2011-10-15,Zimbabwe,New Zealand,Harare Sports Club,New Zealand,field,New Zealand,Unknown,123,127,8,0
T20,2026-08-21,Bulgaria,Czech Republic,Tikkurila Cricket Ground,Czech Republic,field,Czech Republic,Unknown,158,164,10,5
T20,2018-11-06,India,West Indies,Bharat Ratna Shri Atal Bihari Vajpayee Ekana Cricket Stadium,West Indies,field,India,Unknown,195,124,2,9
T20,2021-10-22,Swaziland,Rwanda,Gahanga International Cricket Stadium. Rwanda,Swaziland,bat,Rwanda,Unknown,77,79,10,3
T20,2022-07-11,Hong Kong,Uganda,Bulawayo Athletic Club,Hong Kong,bat,Uganda,Unknown,87,88,9,8
T20,2008-11-05,South Africa,Bangladesh,New Wanderers Stadium,Bangladesh,field,South Africa,Unknown,118,109,7,8
T20,2026-06-14,Sri Lanka,West Indies,"Sabina Park, Kingston, Jamaica",West Indies,field,West Indies,Unknown,169,170,10,5
T20,2022-07-28,Luxembourg,Bulgaria,Kerava National Cricket Ground,Luxembourg,bat,Luxembourg,Unknown,164,73,6,5
T20,2022-12-18,Uganda,Tanzania,"Gahanga International Cricket Stadium, Rwanda",Uganda,bat,Uganda,Unknown,107,105,9,9
T20,2025-10-28,South Africa,Pakistan,Rawalpindi Cricket Stadium,Pakistan,field,South Africa,Unknown,194,139,9,10
T20,2024-12-08,Rwanda,Botswana,"Gahanga International Cricket Stadium, Rwanda",Rwanda,bat,Botswana,Unknown,111,115,8,4
T20,2019-10-21,Canada,Nigeria,Sheikh Zayed Stadium,Canada,bat,Canada,Unknown,159,109,7,8
T20,2009-06-12,Pakistan,Sri Lanka,Lord's,Sri Lanka,bat,Sri Lanka,Unknown,131,150,9,7
T20,2024-12-11,Bahamas,Panama,"Hurlingham Club Ground, Buenos Aires",Bahamas,bat,Bahamas,Unknown,109,88,10,10
T20,2007-09-13,Bangladesh,West Indies,New Wanderers Stadium,Bangladesh,field,Bangladesh,Unknown,165,164,4,8
T20,2026-07-30,Austria,Romania,"Moara Vlasiei Cricket Ground, Ilfov County",Romania,field,Romania,Unknown,99,102,10,4
T20,2019-03-10,West Indies,England,"Warner Park, St Kitts",West Indies,bat,England,Unknown,71,72,10,2
T20,2023-07-20,Scotland,Germany,"Goldenacre, Edinburgh",Germany,field,Scotland,Unknown,234,65,5,7
T20,2026-04-07,France,Norway,Santarem Cricket Ground,Norway,field,France,Unknown,133,126,10,9
T20,2026-04-20,Nepal,United Arab Emirates,"Tribhuvan University International Cricket Ground, Kirtipur",Nepal,bat,United Arab Emirates,Unknown,122,78,8,4
T20,2010-05-02,India,South Africa,"Beausejour Stadium, Gros Islet",South Africa,field,India,Unknown,186,172,5,5
T20,2024-06-09,Italy,Luxembourg,Roma Cricket Ground,Luxembourg,field,Italy,Unknown,166,89,7,9
T20,2026-08-09,Brazil,Panama,"Los Pinos Polo Club 1, Cundinamarca",Panama,field,Brazil,Unknown,128,125,7,5
T20,2025-08-07,Croatia,Cyprus,"Mladost Cricket Ground, Zagreb",Croatia,bat,Cyprus,Unknown,132,136,10,3
T20,2017-02-19,Australia,Sri Lanka,"Simonds Stadium, South Geelong",Sri Lanka,field,Sri Lanka,Unknown,173,176,10,8
T20,2019-10-18,United Arab Emirates,Oman,Sheikh Zayed Stadium,Oman,field,Oman,Unknown,108,109,9,3
T20,2024-05-10,Belgium,France,Dreux Sport Cricket Club,Belgium,bat,tie,tie,149,154,10,10
T20,2021-10-18,Netherlands,Ireland,"Zayed Cricket Stadium, Abu Dhabi",Netherlands,bat,Ireland,Unknown,106,107,10,3
T20,2025-07-16,Sri Lanka,Bangladesh,"R Premadasa Stadium, Colombo",Sri Lanka,bat,Bangladesh,Unknown,132,133,7,2
T20,2025-06-12,Bermuda,Cayman Islands,"Maple Leaf North-East Ground, King City",Bermuda,bat,Bermuda,Unknown,172,142,7,10
T20,2022-07-14,Papua New Guinea,Hong Kong,Bulawayo Athletic Club,Hong Kong,field,Hong Kong,Unknown,185,186,7,8
T20,2026-02-15,India,Pakistan,"R Premadasa Stadium, Colombo",Pakistan,field,India,Unknown,175,114,7,10
T20,2025-04-23,Bahamas,Bermuda,"Jimmy Powell Oval, Cayman Islands",Bahamas,bat,Bermuda,Unknown,51,55,10,0
T20,2024-11-27,Nigeria,Sierra Leone,"Nigeria Cricket Federation Oval 2, Abuja",Sierra Leone,field,Nigeria,Unknown,141,112,6,5
T20,2023-07-16,France,Malta,Marsa Sports Club,France,bat,Malta,Unknown,78,82,10,3
T20,2020-10-16,Bulgaria,Romania,Moara Vlasiei Cricket Ground,Bulgaria,bat,Bulgaria,Unknown,128,95,5,10
T20,2009-06-14,Ireland,Sri Lanka,Lord's,Sri Lanka,bat,Sri Lanka,Unknown,135,144,7,9
T20,2022-02-14,United Arab Emirates,Oman,Al Amerat Cricket Ground Oman Cricket (Ministry Turf 1),Oman,field,Oman,Unknown,164,165,8,3
T20,2026-03-15,Argentina,Cayman Islands,"Jimmy Powell Oval, Cayman Islands",Argentina,bat,Cayman Islands,Unknown,114,116,8,4
T20,2025-10-13,United Arab Emirates,Oman,Al Amerat Cricket Ground Oman Cricket (Ministry Turf 1),United Arab Emirates,bat,Oman,Unknown,112,113,7,5
T20,2026-07-25,India,Zimbabwe,Harare Sports Club,Zimbabwe,field,India,Unknown,219,129,5,10
T20,2024-08-23,Vanuatu,Fiji,"Faleata Oval No 2, Apia",Vanuatu,bat,Fiji,Unknown,168,169,6,5
T20,2021-11-17,New Zealand,India,"Sawai Mansingh Stadium, Jaipur",India,field,India,Unknown,164,166,6,5
T20,2016-03-09,Bangladesh,Netherlands,Himachal Pradesh Cricket Association Stadium,Netherlands,field,Bangladesh,Unknown,153,145,7,7
T20,2018-07-29,Netherlands,Nepal,Lord's,Nepal,field,no result,no result,174,0,4,0
T20,2025-12-05,Croatia,Spain,La Manga Club Top Ground,Croatia,bat,Spain,Unknown,76,77,10,2
T20,2026-02-28,Bhutan,Thailand,"Terdthai Cricket Ground, Bangkok",Bhutan,bat,Bhutan,Unknown,86,79,8,9
T20,2019-03-16,United Arab Emirates,United States of America,ICC Academy,United Arab Emirates,bat,United Arab Emirates,Unknown,182,158,7,6
T20,2007-09-13,England,Zimbabwe,Newlands,England,bat,England,Unknown,188,138,9,7
T20,2023-09-30,Gibraltar,Estonia,Europa Sports Complex,Estonia,field,Estonia,Unknown,159,160,10,2
T20,2014-03-27,Netherlands,South Africa,Zahur Ahmed Chowdhury Stadium,Netherlands,field,South Africa,Unknown,139,145,10,9
T20,2026-08-18,Czech Republic,Israel,Kerava National Cricket Ground,Czech Republic,bat,Israel,Unknown,154,155,6,3
T20,2016-03-30,England,New Zealand,Feroz Shah Kotla,England,field,England,Unknown,159,153,3,8
T20,2024-08-22,Malta,Guernsey,"King George V Sports Ground, Castel",Guernsey,field,Guernsey,Unknown,139,140,10,2
T20,2024-06-06,Namibia,Scotland,"Kensington Oval, Bridgetown, Barbados",Namibia,bat,Scotland,Unknown,155,157,9,5
T20,2023-12-19,England,West Indies,"Brian Lara Stadium, Tarouba, Trinidad",West Indies,field,England,Unknown,267,192,3,10
T20,2022-09-11,Samoa,Fiji,"Independence Park, Port Vila",Samoa,bat,Fiji,Unknown,142,145,6,7
T20,2024-12-18,Oman,Saudi Arabia,"ICC Academy, Dubai",Saudi Arabia,field,Saudi Arabia,Unknown,165,166,6,2
T20,2025-12-12,Bahrain,Bhutan,Gelephu International Cricket Ground,Bhutan,field,Bahrain,Unknown,175,133,3,7
T20,2022-08-25,Kenya,Nepal,"Gymkhana Club Ground, Nairobi",Nepal,field,Nepal,Unknown,130,133,8,5
T20,2017-02-22,Australia,Sri Lanka,Adelaide Oval,Sri Lanka,field,Australia,Unknown,187,146,6,10
T20,2026-01-31,West Indies,South Africa,"The Wanderers Stadium, Johannesburg",South Africa,field,West Indies,Unknown,114,118,3,6
T20,2026-03-07,Malaysia,Bahrain,"Bayuemas Oval, Kuala Lumpur",Malaysia,bat,Malaysia,Unknown,140,106,7,10
T20,2026-02-15,United States of America,Namibia,"MA Chidambaram Stadium, Chepauk, Chennai",United States of America,bat,United States of America,Unknown,199,168,4,6
T20,2022-10-30,India,South Africa,Perth Stadium,India,bat,South Africa,Unknown,133,137,9,5
T20,2026-02-11,West Indies,England,"Wankhede Stadium, Mumbai",England,field,West Indies,Unknown,196,166,6,10
T20,2021-11-07,Tanzania,Botswana,Gahanga International Cricket Stadium. Rwanda,Tanzania,bat,Tanzania,Unknown,143,140,10,7
T20,2019-10-19,Namibia,Netherlands,ICC Academy,Netherlands,bat,Netherlands,Unknown,96,140,10,6
T20,2021-03-07,Australia,New Zealand,Sky Stadium,Australia,bat,New Zealand,Unknown,142,143,8,3
T20,2025-07-09,Italy,Scotland,"Sportpark Westvliet, Voorburg",Italy,bat,Italy,Unknown,167,155,6,5
T20,2025-07-25,Kenya,Uganda,Entebbe Cricket Oval,Uganda,field,Uganda,Unknown,124,125,8,4
T20,2018-07-03,Australia,Zimbabwe,Harare Sports Club,Zimbabwe,field,Australia,Unknown,229,129,2,9
T20,2022-11-17,Botswana,Seychelles,Integrated Polytechnic Regional Centre,Seychelles,field,no result,no result,115,0,2,0
T20,2024-02-02,Singapore,Maldives,"Terdthai Cricket Ground, Bangkok",Singapore,bat,Singapore,Unknown,199,158,4,8
T20,2024-01-14,New Zealand,Pakistan,"Seddon Park, Hamilton",Pakistan,field,New Zealand,Unknown,194,173,9,10
T20,2021-10-21,Denmark,Jersey,"Desert Springs Cricket Ground, Almeria",Denmark,bat,Jersey,Unknown,130,131,6,6
T20,2021-10-24,India,Pakistan,Dubai International Cricket Stadium,Pakistan,field,Pakistan,Unknown,151,152,7,0
T20,2022-12-08,Ghana,Gambia,Gahanga International Cricket Stadium. Rwanda,Ghana,bat,Ghana,Unknown,215,69,3,10
T20,2012-06-03,Sri Lanka,Pakistan,"Mahinda Rajapaksa International Cricket Stadium, Sooriyawewa",Pakistan,bat,Pakistan,Unknown,99,122,10,6
T20,2012-03-14,Ireland,Kenya,Dubai International Cricket Stadium,Kenya,bat,Ireland,Unknown,72,71,0,10
T20,2019-10-06,Oman,Ireland,Al Amerat Cricket Ground Oman Cricket (Ministry Turf 1),Ireland,field,Oman,Unknown,173,130,9,10
T20,2025-06-07,Slovenia,Serbia,Lisicji Jarak Cricket Ground,Slovenia,bat,Serbia,Unknown,199,200,7,1
T20,2025-08-09,France,Austria,"Botkyrka Cricket Center, Stockholm",France,bat,Austria,Unknown,162,168,6,4
T20,2024-10-13,Mexico,Argentina,Sao Fernando Polo and Cricket Club,Argentina,field,Argentina,Unknown,101,103,7,2
T20,2019-05-20,Uganda,Botswana,Lugogo Cricket Oval,Botswana,field,Uganda,Unknown,142,90,7,10
T20,2018-11-02,New Zealand,Pakistan,Dubai International Cricket Stadium,New Zealand,bat,Pakistan,Unknown,153,154,7,4
T20,2022-05-20,Jersey,Guernsey,"College Field, St Peter Port",Guernsey,field,Jersey,Unknown,178,141,4,7
T20,2023-09-22,Bahrain,United Arab Emirates,"West End Park International Cricket Stadium, Doha",Bahrain,bat,Bahrain,Unknown,150,147,5,7
T20,2024-09-29,Ireland,South Africa,"Zayed Cricket Stadium, Abu Dhabi",South Africa,field,Ireland,Unknown,195,185,6,9
T20,2021-10-19,Bangladesh,Oman,Al Amerat Cricket Ground Oman Cricket (Ministry Turf 1),Bangladesh,bat,Bangladesh,Unknown,153,127,10,9
T20,2024-04-12,Mexico,Costa Rica,Los Reyes Polo Club,Mexico,bat,Mexico,Unknown,106,64,5,10
T20,2013-10-10,India,Australia,Saurashtra Cricket Association Stadium,India,field,India,Unknown,202,201,4,7
T20,2021-11-08,Canada,Belize,"Coolidge Cricket Ground, Antigua",Canada,bat,Canada,Unknown,234,89,3,6
T20,2026-05-16,Vanuatu,Indonesia,Sano International Cricket Ground,Indonesia,field,Vanuatu,Unknown,102,101,9,9
T20,2010-12-30,New Zealand,Pakistan,AMI Stadium,Pakistan,bat,Pakistan,Unknown,80,183,10,6
T20,2016-03-09,Ireland,Oman,Himachal Pradesh Cricket Association Stadium,Ireland,bat,Oman,Unknown,154,157,5,8
T20,2011-01-12,Australia,England,Adelaide Oval,Australia,bat,England,Unknown,157,158,4,9
T20,2019-05-05,England,Pakistan,Sophia Gardens,Pakistan,bat,England,Unknown,175,173,3,6
T20,2023-10-05,Qatar,Maldives,"West End Park International Cricket Stadium, Doha",Maldives,field,Qatar,Unknown,201,159,7,10
T20,2019-06-20,Germany,Jersey,College Field,Germany,field,Germany,Unknown,136,134,7,5
T20,2015-11-25,Hong Kong,Oman,Sheikh Zayed Stadium,Hong Kong,field,Oman,Unknown,127,131,10,6
T20,2017-11-04,New Zealand,India,Saurashtra Cricket Association Stadium,New Zealand,bat,New Zealand,Unknown,196,156,2,7
T20,2025-11-27,Ireland,Bangladesh,"Bir Sreshtho Flight Lieutenant Matiur Rahman Stadium, Chattogram",Bangladesh,field,Ireland,Unknown,181,142,4,9
T20,2022-07-17,Zimbabwe,Netherlands,"Queens Sports Club, Bulawayo",Zimbabwe,bat,Zimbabwe,Unknown,132,95,10,10
T20,2025-07-23,Samoa,Hong Kong,Singapore National Cricket Ground,Hong Kong,field,Hong Kong,Unknown,159,162,4,7
T20,2022-11-22,New Zealand,India,"McLean Park, Napier",New Zealand,bat,tie,tie,160,75,10,4
T20,2022-06-26,Serbia,Bulgaria,"National Sports Academy, Sofia",Bulgaria,field,Bulgaria,Unknown,242,246,4,4
T20,2010-02-23,Australia,West Indies,Sydney Cricket Ground,West Indies,bat,Australia,Unknown,142,138,2,7
T20,2026-08-14,Portugal,Israel,Tikkurila Cricket Ground,Israel,field,Portugal,Unknown,163,69,4,9
T20,2025-06-08,West Indies,England,"County Ground, Bristol",England,field,England,Unknown,196,199,6,6
T20,2019-07-23,Nepal,Qatar,Indian Association Ground,Nepal,bat,Qatar,Unknown,122,124,10,6
T20,2025-07-26,New Zealand,South Africa,Harare Sports Club,South Africa,field,New Zealand,Unknown,180,177,5,6
T20,2025-08-22,Romania,Czech Republic,"Moara Vlasiei Cricket Ground, Ilfov County",Romania,bat,Czech Republic,Unknown,157,159,8,6
T20,2016-09-27,Pakistan,West Indies,Sheikh Zayed Stadium,Pakistan,field,Pakistan,Unknown,108,103,2,5
T20,2024-01-18,Zimbabwe,Sri Lanka,"R Premadasa Stadium, Colombo",Sri Lanka,field,Sri Lanka,Unknown,82,88,10,1
T20,2008-12-26,New Zealand,West Indies,"Eden Park, Auckland",New Zealand,bat,tie,tie,170,180,9,9
T20,2025-07-19,Singapore,Malaysia,Singapore National Cricket Ground,Malaysia,field,Malaysia,Unknown,105,107,9,4
T20,2022-05-13,Gibraltar,Bulgaria,Marsa Sports Club,Gibraltar,bat,Gibraltar,Unknown,213,192,0,6
T20,2024-09-30,Serbia,Gibraltar,Europa Sports Complex,Gibraltar,field,Gibraltar,Unknown,106,111,9,2
T20,2018-10-27,England,Sri Lanka,"R.Premadasa Stadium, Khettarama",Sri Lanka,field,England,Unknown,187,157,8,10
T20,2025-04-29,Malaysia,Thailand,"Bayuemas Oval, Kuala Lumpur",Thailand,field,Malaysia,Unknown,160,90,9,8
T20,2023-09-01,South Africa,Australia,"Kingsmead, Durban",Australia,field,Australia,Unknown,164,168,8,2
T20,2012-09-21,Bangladesh,New Zealand,Pallekele International Cricket Stadium,Bangladesh,field,New Zealand,Unknown,132,191,8,3
T20,2024-06-08,West Indies,Uganda,"Providence Stadium, Guyana",West Indies,bat,West Indies,Unknown,173,39,5,10
T20,2022-02-13,Australia,Sri Lanka,Sydney Cricket Ground,Sri Lanka,field,tie,tie,173,169,6,9
T20,2024-07-13,Nigeria,Kenya,"Sikh Union Club Ground, Nairobi",Nigeria,bat,Kenya,Unknown,136,137,8,6
T20,2005-10-21,South Africa,New Zealand,New Wanderers Stadium,New Zealand,field,New Zealand,Unknown,133,134,10,5
T20,2020-03-04,Sri Lanka,West Indies,Pallekele International Cricket Stadium,West Indies,bat,West Indies,Unknown,171,196,10,4
T20,2019-02-13,Oman,Ireland,Al Amerat Cricket Ground Oman Cricket (Ministry Turf 1),Oman,field,Ireland,Unknown,144,159,9,5
T20,2018-04-02,Pakistan,West Indies,National Stadium,Pakistan,bat,Pakistan,Unknown,205,123,3,10
T20,2022-07-16,Romania,Serbia,Tikkurila Cricket Ground,Romania,bat,Romania,Unknown,133,102,6,7
T20,2020-12-22,New Zealand,Pakistan,McLean Park,Pakistan,field,Pakistan,Unknown,173,177,7,6
T20,2021-10-26,Nigeria,Sierra Leone,University of Lagos Cricket Oval,Nigeria,bat,Nigeria,Unknown,134,98,8,9
T20,2022-11-24,Rwanda,Seychelles,Integrated Polytechnic Regional Centre,Rwanda,bat,Rwanda,Unknown,122,47,4,8
T20,2021-11-11,Argentina,United States of America,"Sir Vivian Richards Stadium, North Sound, Antigua",Argentina,bat,United States of America,Unknown,90,94,7,2
T20,2021-11-22,Bangladesh,Pakistan,"Shere Bangla National Stadium, Mirpur",Bangladesh,bat,Pakistan,Unknown,124,127,7,5
T20,2019-08-20,Namibia,Botswana,United Cricket Club Ground,Botswana,field,Namibia,Unknown,240,116,3,2
T20,2025-06-22,Cayman Islands,Bahamas,"Maple Leaf North-West Ground, King City",Bahamas,field,Cayman Islands,Unknown,167,118,5,7
T20,2025-10-10,Malaysia,United Arab Emirates,Al Amerat Cricket Ground Oman Cricket (Ministry Turf 2),United Arab Emirates,field,United Arab Emirates,Unknown,161,167,5,4
T20,2026-05-20,Slovenia,Guernsey,Happy Valley Ground,Slovenia,bat,Guernsey,Unknown,99,103,10,6
T20,2022-08-12,New Zealand,West Indies,"Sabina Park, Kingston, Jamaica",New Zealand,bat,New Zealand,Unknown,215,125,5,9
T20,2026-05-28,Sierra Leone,Rwanda,"Botswana Cricket Association Oval 2, Gaborone",Rwanda,field,Rwanda,Unknown,88,89,10,2
T20,2024-11-26,Ivory Coast,Botswana,"Nigeria Cricket Federation Oval 2, Abuja",Botswana,field,Botswana,Unknown,31,35,10,0
T20,2024-10-20,Maldives,Bhutan,Gelephu International Cricket Ground,Bhutan,field,Bhutan,Unknown,112,113,6,6
T20,2023-07-16,Malta,Switzerland,Marsa Sports Club,Malta,bat,Switzerland,Unknown,164,166,6,4
T20,2023-10-04,Canada,Cayman Islands,"National Stadium, Hamilton",Canada,bat,Canada,Unknown,196,30,5,10
T20,2024-05-09,France,Malta,Dreux Sport Cricket Club,France,bat,France,Unknown,136,127,10,7
T20,2018-06-20,Scotland,Netherlands,VRA Ground,Scotland,bat,Scotland,Unknown,221,106,3,9
T20,2019-10-22,Netherlands,Singapore,ICC Academy,Singapore,bat,Netherlands,Unknown,104,101,5,10
T20,2026-05-09,Papua New Guinea,South Korea,"Korogi Sports Park, Nisshin",Papua New Guinea,bat,Papua New Guinea,Unknown,197,61,3,10
T20,2023-10-06,Bangladesh,India,Zhejiang University of Technology Cricket Field,India,field,India,Unknown,96,97,9,1
T20,2024-05-26,Romania,Bulgaria,"Moara Vlasiei Cricket Ground, Ilfov County",Bulgaria,field,Romania,Unknown,192,118,6,10
T20,2007-06-28,England,West Indies,Kennington Oval,West Indies,bat,West Indies,Unknown,193,208,7,8
T20,2025-05-06,Malta,Estonia,Marsa Sports Club,Estonia,field,Estonia,Unknown,202,203,9,6
T20,2024-08-25,Estonia,Guernsey,"King George V Sports Ground, Castel",Guernsey,field,Guernsey,Unknown,99,102,8,5
T20,2024-12-15,Cayman Islands,Argentina,"Hurlingham Club Ground, Buenos Aires",Argentina,field,Cayman Islands,Unknown,116,94,10,10
T20,2023-06-23,Serbia,Turkey,"National Sports Academy, Sofia",Serbia,bat,Serbia,Unknown,181,111,8,10
T20,2025-09-12,Eswatini,Mozambique,Malkerns Country Club oval,Eswatini,bat,Eswatini,Unknown,165,160,10,7
T20,2024-08-25,Cyprus,Czech Republic,"Guernsey Rovers Athletic Club Ground, Port Soif",Cyprus,bat,Czech Republic,Unknown,67,68,10,6
T20,2021-10-23,Switzerland,Malta,Marsa Sports Club,Switzerland,bat,Switzerland,Unknown,150,142,9,9
T20,2022-03-28,Nepal,Papua New Guinea,"Tribhuvan University International Cricket Ground, Kirtipur",Papua New Guinea,field,Nepal,Unknown,183,168,9,10
T20,2024-08-27,Malta,Estonia,"Guernsey Rovers Athletic Club Ground, Port Soif",Malta,bat,Estonia,Unknown,132,135,8,5
T20,2023-09-18,Qatar,Kuwait,"West End Park International Cricket Stadium, Doha",Kuwait,field,Qatar,Unknown,156,155,3,10
T20,2022-09-18,Botswana,Ghana,"Willowmoore Park, Benoni",Ghana,field,Botswana,Unknown,146,135,9,10
T20,2026-02-07,West Indies,Scotland,"Eden Gardens, Kolkata",Scotland,field,West Indies,Unknown,182,147,5,10
T20,2024-09-22,Mali,Cameroon,"Gymkhana Club Ground, Dar-es-Salaam",Mali,bat,Cameroon,Unknown,57,58,10,4
T20,2026-05-22,France,Switzerland,Happy Valley Ground,France,bat,France,Unknown,149,141,7,9
T20,2026-02-16,England,Italy,"Eden Gardens, Kolkata",England,bat,England,Unknown,202,178,7,10
T20,2015-07-01,Netherlands,Nepal,VRA Ground,Nepal,field,Netherlands,Unknown,172,69,4,10
T20,2019-07-28,Singapore,Nepal,Indian Association Ground,Singapore,bat,Singapore,Unknown,191,109,6,10
T20,2018-06-16,Ireland,Scotland,Sportpark Het Schootsveld,Ireland,bat,Ireland,Unknown,205,159,5,5
T20,2024-03-20,Ghana,Kenya,"Achimota Senior Secondary School B Field, Accra",Ghana,bat,Kenya,Unknown,111,115,10,3
T20,2016-03-04,Pakistan,Sri Lanka,Shere Bangla National Stadium,Pakistan,field,Pakistan,Unknown,151,150,4,4
T20,2022-02-21,Germany,Ireland,Al Amerat Cricket Ground Oman Cricket (Ministry Turf 1),Ireland,field,Ireland,Unknown,107,111,7,3
T20,2024-06-17,Papua New Guinea,New Zealand,"Brian Lara Stadium, Tarouba, Trinidad",New Zealand,field,New Zealand,Unknown,78,79,10,3
T20,2026-05-17,Papua New Guinea,Vanuatu,Sano International Cricket Ground,Papua New Guinea,bat,Papua New Guinea,Unknown,207,60,5,10
T20,2022-07-12,Romania,Turkey,Kerava National Cricket Ground,Turkey,field,Romania,Unknown,147,96,5,8
T20,2026-08-12,Zambia,Rwanda,"TCA Oval, Blantyre",Zambia,bat,Zambia,Unknown,151,143,8,8
T20,2023-08-08,West Indies,India,"Providence Stadium, Guyana",West Indies,bat,India,Unknown,159,164,5,3
T20,2026-08-15,Finland,Bulgaria,Tikkurila Cricket Ground,Bulgaria,field,Finland,Unknown,232,140,9,9
T20,2024-12-06,Bahamas,Brazil,"St George's College Ground, Buenos Aires",Bahamas,bat,Bahamas,Unknown,89,63,4,9
T20,2018-12-22,Bangladesh,West Indies,"Shere Bangla National Stadium, Mirpur",Bangladesh,field,West Indies,Unknown,140,190,10,10
T20,2026-01-29,Ireland,United Arab Emirates,Dubai International Cricket Stadium,Ireland,bat,Ireland,Unknown,178,121,6,10
T20,2021-03-14,England,India,Narendra Modi Stadium,India,field,India,Unknown,164,166,6,3
T20,2024-08-30,Myanmar,Hong Kong,"YSD-UKM Cricket Oval, Bangi",Hong Kong,field,Hong Kong,Unknown,50,51,7,1
T20,2024-03-10,Hong Kong,Nepal,"Mission Road Ground, Mong Kok, Hong Kong",Nepal,field,no result,no result,65,0,2,0
T20,2025-05-11,Japan,Thailand,Sano International Cricket Ground,Japan,bat,Thailand,Unknown,106,109,8,4
T20,2021-10-28,Sri Lanka,Australia,Dubai International Cricket Stadium,Australia,field,Australia,Unknown,154,155,6,3
T20,2026-08-18,Greece,Germany,Kerava National Cricket Ground,Germany,field,Germany,Unknown,96,98,10,3
T20,2024-12-06,Botswana,Rwanda,"Gahanga International Cricket Stadium, Rwanda",Rwanda,field,Rwanda,Unknown,137,138,9,0
T20,2023-02-26,Isle of Man,Spain,La Manga Club Bottom Ground,Spain,field,Spain,Unknown,10,13,10,0
T20,2025-07-27,Austria,Romania,"GB Oval, Szodliget",Romania,field,no result,no result,182,0,3,0
T20,2024-06-10,France,Italy,"Simar Cricket Ground, Rome",Italy,field,Italy,Unknown,116,118,10,5
T20,2026-06-20,Hungary,Romania,"Moara Vlasiei Cricket Ground, Ilfov County",Romania,field,Romania,Unknown,124,125,8,5
T20,2022-07-17,Singapore,Jersey,Bulawayo Athletic Club,Singapore,bat,Jersey,Unknown,140,141,7,4
T20,2026-04-03,Mexico,Brazil,"Reforma Athletic Club, Naucalpan",Brazil,field,Mexico,Unknown,160,144,9,8
T20,2021-09-04,Zimbabwe,Ireland,"Bready Cricket Club, Magheramason, Bready",Zimbabwe,bat,Zimbabwe,Unknown,124,119,4,10
T20,2012-09-22,Sri Lanka,South Africa,"Mahinda Rajapaksa International Cricket Stadium, Sooriyawewa",Sri Lanka,field,South Africa,Unknown,46,78,5,4
T20,2015-05-22,Pakistan,Zimbabwe,Gaddafi Stadium,Zimbabwe,bat,Pakistan,Unknown,173,172,5,6
T20,2021-04-25,Pakistan,Zimbabwe,Harare Sports Club,Pakistan,bat,Pakistan,Unknown,165,141,3,7
T20,2019-10-01,Nepal,Zimbabwe,Indian Association Ground,Nepal,field,Zimbabwe,Unknown,120,160,9,6
T20,2024-11-28,Bhutan,Cambodia,"West End Park International Cricket Stadium, Doha",Cambodia,field,Cambodia,Unknown,123,126,7,5
T20,2018-07-01,Pakistan,Zimbabwe,Harare Sports Club,Zimbabwe,field,Pakistan,Unknown,182,108,4,9
T20,2025-11-02,Australia,India,"Bellerive Oval, Hobart",India,field,India,Unknown,186,188,6,5
T20,2019-10-10,Hong Kong,Netherlands,Al Amerat Cricket Ground Oman Cricket (Ministry Turf 1),Hong Kong,field,Netherlands,Unknown,148,185,7,4
T20,2026-08-07,Panama,Brazil,"Los Pinos Polo Club 1, Cundinamarca",Brazil,field,Brazil,Unknown,93,94,9,3
T20,2022-02-18,Sri Lanka,Australia,Melbourne Cricket Ground,Australia,field,Australia,Unknown,139,143,8,4
T20,2023-10-01,Panama,Bermuda,"White Hill Field, Sandys Parish",Panama,bat,Bermuda,Unknown,90,91,8,3
T20,2026-07-26,Romania,Austria,"Moara Vlasiei Cricket Ground, Ilfov County",Austria,field,Austria,Unknown,142,143,6,7
T20,2009-11-12,New Zealand,Pakistan,Dubai International Cricket Stadium,New Zealand,field,Pakistan,Unknown,112,161,9,8
T20,2022-07-11,Jersey,United States of America,Bulawayo Athletic Club,United States of America,field,United States of America,Unknown,154,159,5,2
T20,2024-06-13,Bangladesh,Netherlands,"Arnos Vale Ground, Kingstown, St Vincent",Netherlands,field,Bangladesh,Unknown,159,134,5,8
T20,2022-07-09,Czech Republic,Austria,"Scott Page Field, Vinor",Austria,field,Austria,Unknown,182,183,6,6
T20,2024-10-19,Kenya,Mozambique,"Ruaraka Sports Club Ground, Nairobi",Mozambique,field,Kenya,Unknown,224,76,4,8
T20,2021-04-12,Pakistan,South Africa,"The Wanderers Stadium, Johannesburg",Pakistan,bat,South Africa,Unknown,140,141,9,4
T20,2022-04-01,Malaysia,Papua New Guinea,"Tribhuvan University International Cricket Ground, Kirtipur",Papua New Guinea,field,Papua New Guinea,Unknown,196,199,6,2
T20,2023-07-21,Scotland,Jersey,"Grange Cricket Club Ground, Raeburn Place, Edinburgh",Jersey,field,Scotland,Unknown,149,135,6,9
T20,2021-07-25,India,Sri Lanka,"R Premadasa Stadium, Colombo",Sri Lanka,field,India,Unknown,164,126,5,10
T20,2012-07-25,Netherlands,Bangladesh,Sportpark Westvliet,Netherlands,bat,Bangladesh,Unknown,144,145,7,2
T20,2022-05-19,Zimbabwe,Namibia,"Queens Sports Club, Bulawayo",Zimbabwe,bat,Namibia,Unknown,122,124,8,2
T20,2026-04-11,Sweden,Indonesia,Udayana Cricket Ground,Sweden,bat,Sweden,Unknown,170,83,6,10
T20,2023-05-05,Gibraltar,Malta,Europa Sports Complex,Gibraltar,bat,Gibraltar,Unknown,176,133,5,8
T20,2022-09-19,Cameroon,Kenya,"Willowmoore Park, Benoni",Kenya,field,Kenya,Unknown,48,50,10,1
T20,2012-02-14,New Zealand,Zimbabwe,Seddon Park,Zimbabwe,bat,New Zealand,Unknown,202,200,5,2
T20,2025-05-02,Singapore,Thailand,"Bayuemas Oval, Kuala Lumpur",Singapore,bat,Singapore,Unknown,110,80,10,10
T20,2022-06-10,Austria,Germany,Bayer Uerdingen Cricket Ground,Austria,bat,Austria,Unknown,141,103,9,10
T20,2014-03-21,United Arab Emirates,Zimbabwe,Sylhet Stadium,Zimbabwe,field,Zimbabwe,Unknown,116,118,9,5
T20,2020-01-25,Pakistan,Bangladesh,Gaddafi Stadium,Bangladesh,bat,Pakistan,Unknown,137,136,1,6
T20,2025-02-22,Bahrain,Indonesia,Udayana Cricket Ground,Indonesia,field,Indonesia,Unknown,128,129,10,2
T20,2020-03-08,Spain,Germany,Desert Springs Cricket Ground,Spain,field,Spain,Unknown,142,139,1,7
T20,2025-11-08,Timor-Leste,Indonesia,Udayana Cricket Ground,Indonesia,field,Indonesia,Unknown,59,65,9,0
T20,2019-02-13,Netherlands,Scotland,Al Amerat Cricket Ground Oman Cricket (Ministry Turf 1),Netherlands,field,Netherlands,Unknown,154,153,3,7
T20,2023-11-25,Namibia,Rwanda,"Wanderers Cricket Ground, Windhoek",Rwanda,field,Namibia,Unknown,207,46,3,5
T20,2012-02-22,New Zealand,South Africa,Eden Park,New Zealand,field,South Africa,Unknown,162,165,7,7
T20,2025-07-26,Rwanda,Malawi,"Gahanga International Cricket Stadium, Rwanda",Malawi,field,Malawi,Unknown,157,158,5,1
T20,2023-07-12,France,Malta,Marsa Sports Club,France,bat,France,Unknown,153,123,7,10
T20,2022-07-12,United States of America,Singapore,Bulawayo Athletic Club,Singapore,field,United States of America,Unknown,201,69,6,10
T20,2019-07-12,Ireland,Zimbabwe,"Bready Cricket Club, Magheramason",Ireland,field,Ireland,Unknown,134,132,1,8
T20,2022-05-13,Romania,Czech Republic,Marsa Sports Club,Romania,bat,Romania,Unknown,193,167,4,9
T20,2023-12-12,India,South Africa,"St George's Park, Gqeberha",South Africa,field,South Africa,Unknown,180,154,7,5
T20,2022-08-07,India,West Indies,"Central Broward Regional Park Stadium Turf Ground, Lauderhill",India,bat,India,Unknown,188,100,7,10
T20,2025-06-21,Bahamas,Canada,"Maple Leaf North-West Ground, King City",Canada,field,Canada,Unknown,57,61,10,3
T20,2021-03-16,India,England,Narendra Modi Stadium,England,field,England,Unknown,156,158,6,2
T20,2020-11-29,South Africa,England,Boland Park,England,field,England,Unknown,146,147,6,6
T20,2023-02-25,Isle of Man,Spain,La Manga Club Bottom Ground,Isle of Man,bat,Spain,Unknown,66,70,10,2
T20,2025-11-13,Hong Kong,Qatar,University of Doha for Science and Technology,Qatar,field,Hong Kong,Unknown,131,122,9,7
T20,2026-04-02,Mexico,Costa Rica,"Reforma Athletic Club, Naucalpan",Mexico,bat,Mexico,Unknown,204,80,5,7
T20,2026-08-11,Malawi,Zambia,"TCA Oval, Blantyre",Zambia,field,Malawi,Unknown,151,101,9,10
T20,2024-09-11,Australia,England,"The Rose Bowl, Southampton",England,field,Australia,Unknown,179,151,10,10
T20,2023-08-20,India,Ireland,"Malahide, Dublin",Ireland,field,India,Unknown,185,152,5,8
T20,2024-06-13,France,Luxembourg,"Simar Cricket Ground, Rome",France,bat,France,Unknown,145,132,6,6
T20,2026-06-22,Singapore,Uzbekistan,Singapore National Cricket Ground,Uzbekistan,field,Singapore,Unknown,101,49,3,5
T20,2025-09-30,Malawi,Namibia,Harare Sports Club,Malawi,bat,Namibia,Unknown,71,72,10,2
T20,2016-03-15,India,New Zealand,"Vidarbha Cricket Association Stadium, Jamtha",New Zealand,bat,New Zealand,Unknown,79,126,10,7
T20,2021-07-14,Australia,West Indies,"Daren Sammy National Cricket Stadium, Gros Islet, St Lucia",Australia,bat,Australia,Unknown,189,185,6,6
T20,2021-11-07,Pakistan,Scotland,Sharjah Cricket Stadium,Pakistan,bat,Pakistan,Unknown,189,117,4,6
T20,2022-07-03,Israel,Hungary,"Royal Brussels Cricket Club Ground, Waterloo",Hungary,field,Israel,Unknown,166,154,6,9
T20,2026-07-02,Sweden,Portugal,"Botkyrka Cricket Center, Stockholm",Portugal,field,tie,tie,170,177,11,7
T20,2024-03-12,Hong Kong,Papua New Guinea,"Mission Road Ground, Mong Kok, Hong Kong",Hong Kong,bat,Papua New Guinea,Unknown,121,124,10,0
T20,2024-09-30,Serbia,Gibraltar,Europa Sports Complex,Serbia,bat,Gibraltar,Unknown,105,107,9,3
T20,2024-03-06,Malaysia,Vanuatu,"Bayuemas Oval, Kuala Lumpur",Malaysia,bat,Malaysia,Unknown,148,96,7,9
T20,2026-06-21,Nigeria,Hong Kong,"Namibia Cricket Ground, Windhoek",Hong Kong,field,Hong Kong,Unknown,76,77,10,4
T20,2022-10-09,England,Australia,Perth Stadium,Australia,field,England,Unknown,208,200,6,9
T20,2023-06-15,Rwanda,Uganda,"Gymkhana Club Ground, Nairobi",Uganda,field,Uganda,Unknown,85,87,10,3
T20,2015-07-05,Bangladesh,South Africa,Shere Bangla National Stadium,South Africa,bat,South Africa,Unknown,96,148,10,4
T20,2019-08-21,Canada,United States of America,"White Hill Field, Sandys Parish",United States of America,bat,Canada,Unknown,145,144,6,6
T20,2012-03-30,West Indies,Australia,"Kensington Oval, Bridgetown",West Indies,bat,West Indies,Unknown,160,146,10,9
T20,2022-07-08,Luxembourg,Austria,"Scott Page Field, Vinor",Austria,field,Austria,Unknown,119,123,5,5
T20,2022-02-22,United Arab Emirates,Nepal,Al Amerat Cricket Ground Oman Cricket (Ministry Turf 1),United Arab Emirates,bat,United Arab Emirates,Unknown,175,107,7,10
T20,2024-03-01,Qatar,Hong Kong,"West End Park International Cricket Stadium, Doha",Hong Kong,field,tie,tie,128,146,11,8
T20,2022-07-10,Austria,Czech Republic,"Scott Page Field, Vinor",Czech Republic,field,Czech Republic,Unknown,146,150,8,4
T20,2013-08-23,Zimbabwe,Pakistan,Harare Sports Club,Zimbabwe,field,Pakistan,Unknown,136,161,5,5
T20,2025-07-22,South Africa,New Zealand,Harare Sports Club,New Zealand,field,New Zealand,Unknown,134,135,8,3
T20,2025-07-22,Hong Kong,Malaysia,Singapore National Cricket Ground,Malaysia,field,Malaysia,Unknown,140,144,10,3
T20,2026-07-04,India,England,"Old Trafford, Manchester",India,bat,England,Unknown,190,191,7,6
T20,2024-09-26,Mali,Ghana,"Gymkhana Club Ground, Dar-es-Salaam",Mali,bat,Ghana,Unknown,24,27,10,0
T20,2013-08-04,Sri Lanka,South Africa,"Mahinda Rajapaksa International Cricket Stadium, Sooriyawewa",South Africa,bat,South Africa,Unknown,123,145,7,6
T20,2020-01-10,India,Sri Lanka,Maharashtra Cricket Association Stadium,Sri Lanka,field,India,Unknown,201,123,6,10
T20,2024-02-07,Indonesia,Thailand,"Terdthai Cricket Ground, Bangkok",Thailand,field,Thailand,Unknown,131,132,8,3
T20,2024-10-02,Indonesia,South Korea,"Yeonhui Cricket Ground, Incheon",Indonesia,bat,Indonesia,Unknown,141,114,3,6
T20,2010-05-09,West Indies,India,"Kensington Oval, Bridgetown",India,field,West Indies,Unknown,169,155,6,9
T20,2018-02-18,India,South Africa,The Wanderers Stadium,South Africa,field,India,Unknown,203,175,5,9
T20,2012-10-07,Sri Lanka,West Indies,R Premadasa Stadium,West Indies,bat,West Indies,Unknown,101,137,10,6
T20,2010-10-31,Australia,Sri Lanka,Western Australia Cricket Association Ground,Australia,bat,Sri Lanka,Unknown,133,135,8,3
T20,2019-10-24,Netherlands,Papua New Guinea,ICC Academy,Netherlands,bat,Papua New Guinea,Unknown,126,127,7,5
T20,2019-10-09,Ireland,Nepal,Al Amerat Cricket Ground Oman Cricket (Ministry Turf 1),Ireland,bat,Ireland,Unknown,145,132,8,10
T20,2025-07-20,Hong Kong,Singapore,Singapore National Cricket Ground,Singapore,field,Hong Kong,Unknown,213,161,4,5
T20,2021-07-16,Pakistan,England,"Trent Bridge, Nottingham",England,field,Pakistan,Unknown,232,201,6,10
T20,2024-04-12,United States of America,Canada,Prairie View Cricket Complex,Canada,field,United States of America,Unknown,159,145,6,6
T20,2021-09-03,Romania,Hungary,"Moara Vlasiei Cricket Ground, Ilfov County",Romania,bat,Romania,Unknown,195,187,6,10
T20,2021-10-17,Scotland,Bangladesh,Al Amerat Cricket Ground Oman Cricket (Ministry Turf 1),Bangladesh,field,Scotland,Unknown,140,134,9,7
T20,2021-11-11,Pakistan,Australia,Dubai International Cricket Stadium,Australia,field,Australia,Unknown,176,177,4,5
T20,2025-09-27,Nepal,West Indies,Sharjah Cricket Stadium,West Indies,field,Nepal,Unknown,148,129,8,9
T20,2024-05-11,Japan,Mongolia,Sano International Cricket Ground,Japan,bat,Japan,Unknown,223,43,7,10
T20,2023-06-18,Botswana,Rwanda,"Gymkhana Club Ground, Nairobi",Botswana,bat,Rwanda,Unknown,98,99,8,3
T20,2018-03-06,India,Sri Lanka,"R.Premadasa Stadium, Khettarama",Sri Lanka,field,Sri Lanka,Unknown,174,175,5,5
T20,2025-07-23,Saudi Arabia,Qatar,"West End Park International Cricket Stadium, Doha",Qatar,field,tie,tie,140,137,10,9
T20,2026-05-31,Nepal,China,Singapore National Cricket Ground,China,field,Nepal,Unknown,313,92,2,10
T20,2022-11-18,Kenya,Malawi,Gahanga International Cricket Stadium. Rwanda,Kenya,bat,no result,no result,209,11,6,0
T20,2022-07-19,Finland,Cyprus,Kerava National Cricket Ground,Finland,bat,Finland,Unknown,159,148,10,7
T20,2022-07-09,Bhutan,Thailand,"UKM-YSD Cricket Oval, Bangi",Bhutan,bat,Bhutan,Unknown,135,107,6,7
T20,2024-11-14,Australia,Pakistan,"Brisbane Cricket Ground, Woolloongabba, Brisbane",Pakistan,field,Australia,Unknown,93,64,4,9
T20,2025-02-23,Oman,United States of America,Al Amerat Cricket Ground Oman Cricket (Ministry Turf 1),Oman,bat,United States of America,Unknown,123,127,10,2
T20,2026-06-14,Finland,Sweden,"Botkyrka Cricket Center, Stockholm",Sweden,field,Sweden,Unknown,116,117,10,1
T20,2022-12-16,Rwanda,Tanzania,"Gahanga International Cricket Stadium, Rwanda",Tanzania,field,Rwanda,Unknown,128,131,7,8
T20,2024-10-22,Thailand,Maldives,Gelephu International Cricket Ground,Thailand,bat,Thailand,Unknown,154,110,6,3
T20,2023-10-18,Chile,Mexico,St Georges Quilmes,Chile,bat,Mexico,Unknown,72,74,7,5
T20,2024-11-16,Australia,Pakistan,Sydney Cricket Ground,Australia,bat,Australia,Unknown,147,134,9,10
T20,2023-12-21,England,West Indies,"Brian Lara Stadium, Tarouba, Trinidad",West Indies,field,West Indies,Unknown,132,133,10,6
T20,2026-07-01,Portugal,Sweden,"Botkyrka Cricket Center, Stockholm",Sweden,field,Portugal,Unknown,169,157,8,8
T20,2017-06-23,England,South Africa,County Ground,England,field,South Africa,Unknown,171,174,6,8
T20,2025-08-17,Sweden,Norway,"Stubberudmyra Cricket Ground, Oslo",Sweden,bat,Norway,Unknown,136,137,9,7
T20,2025-09-07,Zimbabwe,Sri Lanka,Harare Sports Club,Sri Lanka,field,Sri Lanka,Unknown,191,193,8,2
T20,2025-07-09,South Korea,Indonesia,Udayana Cricket Ground,South Korea,bat,Indonesia,Unknown,52,53,10,0
T20,2026-07-14,Serbia,Estonia,Koge Cricket Club,Serbia,bat,Estonia,Unknown,148,150,6,4
T20,2026-04-05,France,Portugal,Santarem Cricket Ground,France,bat,Portugal,Unknown,128,129,10,4
T20,2022-10-16,Indonesia,Japan,Sano International Cricket Ground,Indonesia,bat,Japan,Unknown,83,84,10,6
T20,2024-02-15,Saudi Arabia,Bhutan,"Terdthai Cricket Ground, Bangkok",Bhutan,field,Saudi Arabia,Unknown,221,55,3,10
T20,2010-05-19,West Indies,South Africa,"Sir Vivian Richards Stadium, North Sound",West Indies,field,South Africa,Unknown,123,136,10,7
T20,2024-05-25,West Indies,South Africa,"Sabina Park, Kingston, Jamaica",West Indies,bat,West Indies,Unknown,207,191,7,7
T20,2026-04-06,Portugal,France,Santarem Cricket Ground,Portugal,bat,Portugal,Unknown,207,67,4,4
T20,2019-10-20,Namibia,Papua New Guinea,ICC Academy Ground No 2,Papua New Guinea,bat,Papua New Guinea,Unknown,116,197,10,7
T20,2026-05-29,Cameroon,Mali,"Botswana Cricket Association Oval 1, Gaborone",Cameroon,bat,Cameroon,Unknown,159,69,6,10
T20,2024-08-24,Hong Kong,Kuwait,"Selangor Turf Club, Kuala Lumpur",Kuwait,field,Kuwait,Unknown,144,145,6,8
T20,2022-12-19,Bahrain,Malaysia,"UKM-YSD Cricket Oval, Bangi",Bahrain,bat,Malaysia,Unknown,179,182,5,3
T20,2025-05-31,Belgium,Malta,"Stars Arena Hofstade, Zemst",Malta,field,Belgium,Unknown,177,74,5,10
T20,2025-07-25,West Indies,Australia,"Warner Park, Basseterre, St Kitts",Australia,field,Australia,Unknown,214,215,4,4
T20,2025-10-02,Namibia,Tanzania,Harare Sports Club,Tanzania,field,Namibia,Unknown,174,111,6,8
T20,2023-02-26,Isle of Man,Spain,La Manga Club Bottom Ground,Spain,field,Spain,Unknown,132,135,8,3
T20,2021-08-21,Sweden,Finland,Kerava National Cricket Ground,Sweden,bat,Finland,Unknown,135,139,6,6
T20,2025-12-14,South Africa,India,"Himachal Pradesh Cricket Association Stadium, Dharamsala",India,field,India,Unknown,117,120,10,3
T20,2026-05-17,Cook Islands,Indonesia,Sano International Cricket Ground,Indonesia,field,Cook Islands,Unknown,128,78,6,6
T20,2024-04-09,United States of America,Canada,Prairie View Cricket Complex,Canada,field,United States of America,Unknown,230,199,3,10
T20,2012-09-30,Australia,South Africa,R Premadasa Stadium,Australia,field,Australia,Unknown,147,146,2,5
T20,2014-03-22,England,New Zealand,Zahur Ahmed Chowdhury Stadium,New Zealand,field,New Zealand,Unknown,172,52,6,1
T20,2026-07-23,Zimbabwe,India,Harare Sports Club,India,field,India,Unknown,125,126,7,3
T20,2022-07-28,Czech Republic,Estonia,Tikkurila Cricket Ground,Czech Republic,bat,Czech Republic,Unknown,135,93,9,9
T20,2026-05-28,Cameroon,Kenya,"Botswana Cricket Association Oval 1, Gaborone",Kenya,field,Kenya,Unknown,42,43,10,0
T20,2026-05-17,Jersey,Cyprus,Happy Valley Ground 2,Jersey,bat,Jersey,Unknown,172,120,9,9
T20,2025-06-07,Guernsey,Jersey,"Grainville, St Saviour",Jersey,field,Jersey,Unknown,107,116,7,3
T20,2023-09-28,Qatar,Kuwait,"West End Park International Cricket Stadium, Doha",Kuwait,field,Kuwait,Unknown,123,124,6,3
T20,2024-02-06,Singapore,Japan,"Terdthai Cricket Ground, Bangkok",Japan,field,Singapore,Unknown,176,142,5,8
T20,2026-03-14,Suriname,Cayman Islands,"Jimmy Powell Oval, Cayman Islands",Suriname,bat,Cayman Islands,Unknown,85,86,5,1
T20,2023-10-06,Nigeria,Ghana,"Tafawa Balewa Square Cricket Oval, Lagos",Ghana,field,Nigeria,Unknown,129,94,10,10
T20,2025-08-14,Guernsey,Papua New Guinea,"King George V Sports Ground, Castel",Papua New Guinea,field,Papua New Guinea,Unknown,165,168,6,4
T20,2024-12-15,United Arab Emirates,Oman,"ICC Academy, Dubai",Oman,field,United Arab Emirates,Unknown,157,133,7,8
T20,2019-05-22,Botswana,Namibia,Kyambogo Cricket Oval,Botswana,bat,Namibia,Unknown,46,50,10,0
T20,2015-11-11,Sri Lanka,West Indies,R Premadasa Stadium,West Indies,bat,West Indies,Unknown,139,162,10,6
T20,2023-10-31,Oman,Singapore,"Tribhuvan University International Cricket Ground, Kirtipur",Singapore,field,Oman,Unknown,174,152,6,8
T20,2024-03-03,Namibia,Netherlands,"Tribhuvan University International Cricket Ground, Kirtipur",Netherlands,field,no result,no result,98,0,4,0
T20,2025-10-10,Japan,Nepal,Al Amerat Cricket Ground Oman Cricket (Ministry Turf 1),Nepal,field,Nepal,Unknown,131,132,8,5
T20,2024-05-24,Ireland,Netherlands,"Sportpark Westvliet, The Hague",Netherlands,field,Ireland,Unknown,161,158,6,5
T20,2011-09-25,England,West Indies,Kennington Oval,England,field,West Indies,Unknown,88,113,10,5
T20,2019-10-19,Kenya,Scotland,ICC Academy Ground No 2,Scotland,bat,Scotland,Unknown,139,170,8,6
T20,2026-05-17,France,Croatia,Happy Valley Ground 2,France,bat,France,Unknown,208,126,4,10
T20,2025-09-28,Malawi,Kenya,"Takashinga Sports Club, Highfield, Harare",Malawi,bat,Malawi,Unknown,130,127,4,10
T20,2023-08-14,Germany,Guernsey,"Sportpark Het Schootsveld, Deventer",Germany,bat,Guernsey,Unknown,164,165,5,5
T20,2026-06-19,Romania,Switzerland,"Moara Vlasiei Cricket Ground, Ilfov County",Romania,bat,Switzerland,Unknown,192,195,7,6
T20,2020-03-06,Hong Kong,Malaysia,Terdthai Cricket Ground,Malaysia,bat,Hong Kong,Unknown,133,132,4,6
T20,2009-12-12,India,Sri Lanka,"Punjab Cricket Association Stadium, Mohali",Sri Lanka,bat,India,Unknown,211,206,4,7
T20,2021-10-15,Denmark,Italy,"Desert Springs Cricket Ground, Almeria",Denmark,bat,Italy,Unknown,100,101,9,4
T20,2023-09-03,New Zealand,England,"Edgbaston, Birmingham",New Zealand,bat,New Zealand,Unknown,202,128,5,10
T20,2024-06-07,Sri Lanka,Bangladesh,"Grand Prairie Stadium, Dallas",Bangladesh,field,Bangladesh,Unknown,124,125,9,8
T20,2026-02-28,Japan,Bahrain,"Terdthai Cricket Ground, Bangkok",Bahrain,field,tie,tie,118,123,11,10
T20,2023-07-24,Austria,Denmark,"Goldenacre, Edinburgh",Denmark,field,Denmark,Unknown,97,98,9,2
T20,2022-10-12,England,Australia,"Manuka Oval, Canberra",Australia,field,England,Unknown,178,170,7,6
T20,2021-09-10,New Zealand,Bangladesh,"Shere Bangla National Stadium, Mirpur",New Zealand,bat,New Zealand,Unknown,161,134,5,8
T20,2022-12-22,Bahrain,Qatar,"UKM-YSD Cricket Oval, Bangi",Qatar,field,no result,no result,97,0,4,0
T20,2017-12-29,New Zealand,West Indies,Saxton Oval,West Indies,field,New Zealand,Unknown,187,140,7,10
T20,2025-06-10,Norway,Austria,"Scott Page Field, Vinor",Norway,bat,Austria,Unknown,149,155,8,1
T20,2022-08-14,New Zealand,West Indies,"Sabina Park, Kingston, Jamaica",New Zealand,bat,West Indies,Unknown,145,150,7,2
T20,2023-07-21,Austria,Germany,"Goldenacre, Edinburgh",Austria,bat,Germany,Unknown,83,86,10,1
T20,2022-12-05,Mozambique,Tanzania,Gahanga International Cricket Stadium. Rwanda,Tanzania,field,Tanzania,Unknown,81,82,3,4
T20,2020-02-27,Kuwait,United Arab Emirates,Al Amerat Cricket Ground Oman Cricket (Ministry Turf 1),Kuwait,field,United Arab Emirates,Unknown,97,199,7,5
T20,2024-09-28,Philippines,Japan,"Yeonhui Cricket Ground, Incheon",Philippines,bat,Japan,Unknown,96,97,9,8
T20,2022-07-28,Norway,Switzerland,Tikkurila Cricket Ground,Norway,bat,Norway,Unknown,174,25,7,1
T20,2024-03-12,Nepal,Papua New Guinea,"Mission Road Ground, Mong Kok, Hong Kong",Papua New Guinea,field,Nepal,Unknown,198,113,6,10
T20,2022-06-09,India,South Africa,"Arun Jaitley Stadium, Delhi",South Africa,field,South Africa,Unknown,211,212,4,3
T20,2019-10-26,Spain,Gibraltar,La Manga Club Bottom Ground,Spain,field,Spain,Unknown,99,98,2,6
T20,2023-11-05,Nepal,Oman,"Tribhuvan University International Cricket Ground, Kirtipur",Nepal,bat,tie,tie,194,205,7,9
T20,2025-12-27,Bhutan,Myanmar,Gelephu International Cricket Ground,Myanmar,field,Bhutan,Unknown,223,102,5,7
T20,2018-02-15,Bangladesh,Sri Lanka,"Shere Bangla National Stadium, Mirpur",Bangladesh,bat,Sri Lanka,Unknown,193,194,5,4
T20,2023-04-11,Gibraltar,Portugal,Santarem Cricket Ground,Gibraltar,bat,Portugal,Unknown,166,167,4,5
T20,2025-08-23,Austria,Belgium,"Velden Cricket Ground, Latschach",Austria,bat,Austria,Unknown,211,182,4,8
T20,2021-11-18,Nigeria,Kenya,Integrated Polytechnic Regional Centre,Nigeria,bat,Kenya,Unknown,130,136,6,2
T20,2026-03-25,South Africa,New Zealand,"Hagley Oval, Christchurch",New Zealand,field,South Africa,Unknown,187,154,4,8
T20,2025-09-26,Botswana,Tanzania,"Takashinga Sports Club, Highfield, Harare",Botswana,bat,Tanzania,Unknown,122,124,6,3
T20,2008-08-04,Ireland,Kenya,"Civil Service Cricket Club, Stormont",Ireland,field,Ireland,Unknown,72,67,6,10
T20,2017-01-20,South Africa,Sri Lanka,SuperSport Park,Sri Lanka,field,South Africa,Unknown,126,107,5,6
T20,2019-10-24,Canada,Hong Kong,Tolerance Oval,Hong Kong,bat,Hong Kong,Unknown,118,150,9,7
T20,2024-12-08,Nigeria,Uganda,"Gahanga International Cricket Stadium, Rwanda",Uganda,field,Uganda,Unknown,103,107,10,3
T20,2024-03-17,Uganda,Kenya,"Achimota Senior Secondary School B Field, Accra",Uganda,bat,Uganda,Unknown,169,97,7,10
T20,2016-03-03,India,United Arab Emirates,Shere Bangla National Stadium,United Arab Emirates,bat,India,Unknown,82,81,1,9
T20,2022-10-27,Zimbabwe,Pakistan,Perth Stadium,Zimbabwe,bat,Zimbabwe,Unknown,130,129,8,8
T20,2026-08-15,Zambia,Malawi,"TCA Oval, Blantyre",Zambia,bat,Zambia,Unknown,180,133,9,9
T20,2016-09-05,Ireland,Hong Kong,"Bready Cricket Club, Magheramason",Hong Kong,bat,Hong Kong,Unknown,129,169,10,5
T20,2021-11-02,Botswana,Sierra Leone,Gahanga International Cricket Stadium. Rwanda,Botswana,bat,Botswana,Unknown,157,85,5,10
T20,2024-04-27,Pakistan,New Zealand,"Gaddafi Stadium, Lahore",New Zealand,field,Pakistan,Unknown,178,169,5,10
T20,2025-12-29,Bhutan,Myanmar,Gelephu International Cricket Ground,Bhutan,bat,Bhutan,Unknown,139,55,8,8
T20,2007-09-20,Bangladesh,Pakistan,Newlands,Pakistan,field,Pakistan,Unknown,140,141,10,6
T20,2023-03-09,Malaysia,Bahrain,"Mission Road Ground, Mong Kok, Hong Kong",Bahrain,field,Malaysia,Unknown,200,147,6,9
T20,2024-05-05,Zimbabwe,Bangladesh,"Zahur Ahmed Chowdhury Stadium, Chattogram",Bangladesh,field,Bangladesh,Unknown,138,142,7,4
T20,2023-07-11,Malta,Luxembourg,Marsa Sports Club,Luxembourg,field,Malta,Unknown,179,137,8,9
T20,2023-07-11,France,Luxembourg,Marsa Sports Club,France,bat,France,Unknown,177,126,5,10
T20,2024-05-25,United States of America,Bangladesh,Prairie View Cricket Complex,Bangladesh,field,Bangladesh,Unknown,104,108,9,0
T20,2019-10-02,Malaysia,Vanuatu,Kinrara Academy Oval,Malaysia,bat,Malaysia,Unknown,134,108,8,10
T20,2022-12-04,Cameroon,Mozambique,Gahanga International Cricket Stadium. Rwanda,Mozambique,field,Mozambique,Unknown,95,98,10,1
T20,2012-09-11,India,New Zealand,"MA Chidambaram Stadium, Chepauk",India,field,New Zealand,Unknown,166,167,4,5
T20,2024-04-14,Jersey,Spain,La Manga Club Top Ground,Jersey,bat,Spain,Unknown,141,145,10,9
T20,2022-08-04,New Zealand,Netherlands,"Sportpark Westvliet, The Hague",New Zealand,bat,New Zealand,Unknown,148,132,7,10
T20,2025-06-01,Austria,Switzerland,"Velden Cricket Ground, Latschach",Austria,bat,Austria,Unknown,190,173,4,10
T20,2024-05-26,South Africa,West Indies,"Sabina Park, Kingston, Jamaica",South Africa,bat,West Indies,Unknown,163,165,7,2
T20,2026-02-15,Nepal,West Indies,"Wankhede Stadium, Mumbai",West Indies,field,West Indies,Unknown,133,134,8,1
T20,2022-09-20,Ghana,Uganda,"Willowmoore Park, Benoni",Ghana,bat,Uganda,Unknown,133,135,9,2
T20,2024-11-25,Thailand,Bhutan,"West End Park International Cricket Stadium, Doha",Thailand,bat,Thailand,Unknown,117,110,5,6
T20,2026-05-08,Cyprus,Finland,Happy Valley Ground,Cyprus,bat,Cyprus,Unknown,165,139,3,10
T20,2026-04-08,Portugal,Norway,Santarem Cricket Ground,Portugal,bat,Portugal,Unknown,129,46,9,10
T20,2021-09-15,Scotland,Zimbabwe,"Grange Cricket Club Ground, Raeburn Place, Edinburgh",Scotland,bat,Scotland,Unknown,141,134,6,9
T20,2024-07-11,Norway,Germany,Bayer Uerdingen Cricket Ground,Germany,field,Norway,Unknown,162,151,10,10
T20,2024-07-11,Gibraltar,Sweden,Bayer Uerdingen Cricket Ground,Sweden,field,Sweden,Unknown,99,103,9,2
T20,2025-09-29,Nepal,West Indies,Sharjah Cricket Stadium,Nepal,bat,Nepal,Unknown,173,83,6,10
T20,2021-11-07,Cameroon,Sierra Leone,Gahanga International Cricket Stadium. Rwanda,Cameroon,bat,Sierra Leone,Unknown,89,90,9,4
T20,2026-05-26,Kenya,Sierra Leone,"Botswana Cricket Association Oval 1, Gaborone",Sierra Leone,field,Kenya,Unknown,135,97,5,9
T20,2023-12-24,Indonesia,Philippines,Udayana Cricket Ground,Philippines,field,Philippines,Unknown,119,123,10,2
T20,2021-04-18,Netherlands,Malaysia,"Tribhuvan University International Cricket Ground, Kirtipur",Netherlands,bat,Netherlands,Unknown,191,176,2,8
T20,2024-06-15,France,Turkey,Roma Cricket Ground,Turkey,field,France,Unknown,167,127,6,10
T20,2024-10-05,Namibia,United States of America,"Wanderers Cricket Ground, Windhoek",Namibia,bat,United States of America,Unknown,120,124,9,4
T20,2024-03-01,Nepal,Namibia,"Tribhuvan University International Cricket Ground, Kirtipur",Namibia,field,Nepal,Unknown,180,177,8,7
T20,2024-05-04,Indonesia,Thailand,Udayana Cricket Ground,Thailand,field,Indonesia,Unknown,126,93,9,9
T20,2025-09-17,Pakistan,United Arab Emirates,Dubai International Cricket Stadium,United Arab Emirates,field,Pakistan,Unknown,146,105,9,10
T20,2008-06-20,West Indies,Australia,"Kensington Oval, Bridgetown",West Indies,field,West Indies,Unknown,102,97,3,3
T20,2019-01-31,United Arab Emirates,Nepal,ICC Academy,Nepal,field,United Arab Emirates,Unknown,153,132,6,7
T20,2023-08-19,New Zealand,United Arab Emirates,Dubai International Cricket Stadium,United Arab Emirates,field,United Arab Emirates,Unknown,142,144,8,3
T20,2024-04-15,Malaysia,Qatar,Al Amerat Cricket Ground Oman Cricket (Ministry Turf 2),Qatar,field,Qatar,Unknown,151,153,5,6
T20,2021-11-14,Canada,Panama,"Coolidge Cricket Ground, Antigua",Canada,bat,Canada,Unknown,245,37,1,10
T20,2021-02-13,Pakistan,South Africa,Gaddafi Stadium,South Africa,field,South Africa,Unknown,144,145,7,4
T20,2022-01-26,West Indies,England,"Kensington Oval, Bridgetown, Barbados",England,field,West Indies,Unknown,224,204,5,9
T20,2024-08-20,Samoa,Vanuatu,"Faleata Oval No 2, Apia",Samoa,bat,Samoa,Unknown,174,164,10,9
T20,2015-07-12,Netherlands,United Arab Emirates,"Grange Cricket Club Ground, Raeburn Place",Netherlands,field,Netherlands,Unknown,125,119,3,7
T20,2024-04-07,Namibia,Oman,Al Amerat Cricket Ground Oman Cricket (Ministry Turf 1),Namibia,bat,Namibia,Unknown,212,150,3,10
T20,2012-09-07,Australia,Pakistan,Dubai International Cricket Stadium,Pakistan,bat,tie,tie,162,163,9,4
T20,2023-08-19,Malta,Romania,"Moara Vlasiei Cricket Ground, Ilfov County",Romania,field,Romania,Unknown,115,116,10,7
T20,2009-06-14,England,India,Lord's,India,field,England,Unknown,153,150,7,5
T20,2022-07-25,France,Switzerland,Tikkurila Cricket Ground,France,bat,Switzerland,Unknown,157,158,5,9
T20,2026-06-11,Austria,Finland,"Botkyrka Cricket Center, Stockholm",Austria,bat,Finland,Unknown,86,89,10,4
T20,2021-10-22,Ireland,Namibia,Sharjah Cricket Stadium,Ireland,bat,Namibia,Unknown,125,126,8,2
T20,2022-12-05,Ghana,Sierra Leone,Integrated Polytechnic Regional Centre,Sierra Leone,field,Sierra Leone,Unknown,135,61,7,1
T20,2022-09-22,England,Pakistan,"National Stadium, Karachi",England,bat,Pakistan,Unknown,199,203,5,0
T20,2023-04-20,New Zealand,Pakistan,Rawalpindi Cricket Stadium,Pakistan,field,no result,no result,164,0,5,0
T20,2022-12-19,Uganda,Tanzania,"Gahanga International Cricket Stadium, Rwanda",Uganda,bat,Tanzania,Unknown,132,137,10,5
T20,2019-02-15,Ireland,Scotland,Al Amerat Cricket Ground Oman Cricket (Ministry Turf 1),Scotland,field,Scotland,Unknown,180,181,7,4
T20,2024-02-11,Australia,West Indies,Adelaide Oval,West Indies,field,Australia,Unknown,241,207,4,9
T20,2024-11-22,Cambodia,United Arab Emirates,"West End Park International Cricket Stadium, Doha",United Arab Emirates,field,United Arab Emirates,Unknown,132,134,5,5
T20,2026-03-11,Argentina,Mexico,"Jimmy Powell Oval, Cayman Islands",Mexico,field,Argentina,Unknown,153,91,4,7
T20,2024-12-10,Panama,Argentina,"St Albans Club, Buenos Aires",Panama,bat,Argentina,Unknown,92,95,10,4
T20,2024-02-17,Hong Kong,Japan,"Mission Road Ground, Mong Kok, Hong Kong",Japan,field,Hong Kong,Unknown,219,185,7,8
T20,2025-07-20,Rwanda,Bahrain,"Gahanga International Cricket Stadium, Rwanda",Rwanda,bat,Bahrain,Unknown,125,126,5,3
T20,2022-11-05,Italy,Spain,"Desert Springs Cricket Ground, Almeria",Italy,bat,Spain,Unknown,161,165,4,6
T20,2020-08-21,Isle of Man,Guernsey,College Field,Isle of Man,bat,Guernsey,Unknown,100,101,9,2
T20,2026-02-01,Sri Lanka,England,Pallekele International Cricket Stadium,England,field,England,Unknown,189,173,5,4
T20,2024-10-22,Bhutan,Indonesia,Gelephu International Cricket Ground,Bhutan,bat,Bhutan,Unknown,144,88,3,9
T20,2021-09-04,Luxembourg,Hungary,"Moara Vlasiei Cricket Ground, Ilfov County",Hungary,field,Luxembourg,Unknown,179,177,6,9
T20,2026-06-21,Bahamas,Bermuda,"White Hill Field, Sandys Parish",Bahamas,bat,no result,no result,15,0,1,0
T20,2024-08-27,Czech Republic,Greece,"King George V Sports Ground, Castel",Czech Republic,bat,Czech Republic,Unknown,159,84,6,9
T20,2020-10-17,Romania,Bulgaria,Moara Vlasiei Cricket Ground,Romania,bat,Romania,Unknown,148,96,2,6
T20,2024-11-28,Ivory Coast,St Helena,"Nigeria Cricket Federation Oval 1, Abuja",Ivory Coast,bat,St Helena,Unknown,26,27,10,0
T20,2026-03-05,India,England,"Wankhede Stadium, Mumbai",England,field,India,Unknown,253,246,7,7
T20,2025-11-20,Zimbabwe,Sri Lanka,Rawalpindi Cricket Stadium,Sri Lanka,field,Zimbabwe,Unknown,162,95,8,10
T20,2025-08-02,Pakistan,West Indies,"Central Broward Regional Park Stadium Turf Ground, Lauderhill",Pakistan,bat,West Indies,Unknown,133,135,9,8
T20,2026-05-16,Malta,Austria,Happy Valley Ground 2,Austria,field,Austria,Unknown,140,141,10,3
T20,2026-03-14,Argentina,Mexico,"Jimmy Powell Oval, Cayman Islands",Argentina,bat,Argentina,Unknown,215,123,3,10
T20,2024-09-29,United Arab Emirates,Namibia,"Wanderers Cricket Ground, Windhoek",Namibia,field,United Arab Emirates,Unknown,245,205,2,8
T20,2024-12-21,United Arab Emirates,Kuwait,Dubai International Cricket Stadium,United Arab Emirates,bat,United Arab Emirates,Unknown,153,151,9,10
T20,2025-04-24,Malaysia,Singapore,"Bayuemas Oval, Kuala Lumpur",Malaysia,bat,Malaysia,Unknown,170,142,6,6
T20,2025-10-27,West Indies,Bangladesh,"Bir Sreshtho Flight Lieutenant Matiur Rahman Stadium, Chattogram",West Indies,bat,West Indies,Unknown,165,149,3,10
T20,2026-06-24,Bahamas,Panama,"White Hill Field, Sandys Parish",Panama,field,Panama,Unknown,114,115,5,6
T20,2021-07-23,Zimbabwe,Bangladesh,Harare Sports Club,Zimbabwe,bat,Zimbabwe,Unknown,166,143,6,10
T20,2021-10-17,Uganda,Rwanda,Integrated Polytechnic Regional Centre,Uganda,bat,Uganda,Unknown,169,63,4,10
T20,2012-08-07,Sri Lanka,India,Pallekele International Cricket Stadium,Sri Lanka,field,India,Unknown,116,155,10,3
T20,2021-02-22,New Zealand,Australia,Hagley Oval,Australia,field,New Zealand,Unknown,184,131,5,10
T20,2024-10-02,Japan,Philippines,"Yeonhui Cricket Ground, Incheon",Japan,bat,Japan,Unknown,121,94,7,9
T20,2024-05-23,West Indies,South Africa,"Sabina Park, Kingston, Jamaica",South Africa,field,West Indies,Unknown,175,147,8,10
T20,2024-02-15,Maldives,Thailand,"Terdthai Cricket Ground, Bangkok",Thailand,field,Thailand,Unknown,105,109,10,2
T20,2025-10-19,Austria,Romania,"Moara Vlasiei Cricket Ground, Ilfov County",Romania,field,Austria,Unknown,207,165,6,10
T20,2007-09-14,India,Pakistan,Kingsmead,Pakistan,field,tie,tie,141,141,9,7
T20,2024-11-17,Indonesia,Myanmar,Udayana Cricket Ground,Indonesia,bat,Indonesia,Unknown,185,71,7,10
T20,2020-08-30,Pakistan,England,Old Trafford,England,field,England,Unknown,195,199,4,5
T20,2021-05-22,Austria,Czech Republic,"Scott Page Field, Vinor",Czech Republic,field,Austria,Unknown,162,84,6,10
T20,2022-10-09,Bangladesh,New Zealand,"Hagley Oval, Christchurch",New Zealand,field,New Zealand,Unknown,137,142,8,2
T20,2012-12-26,South Africa,New Zealand,St George's Park,South Africa,bat,South Africa,Unknown,179,146,6,9
T20,2025-11-12,Myanmar,Timor-Leste,Udayana Cricket Ground,Myanmar,bat,Myanmar,Unknown,148,55,7,8
T20,2021-10-28,Bahrain,Saudi Arabia,"West End Park International Cricket Stadium, Doha",Saudi Arabia,field,Bahrain,Unknown,179,161,9,6
T20,2022-10-13,Bangladesh,Pakistan,"Hagley Oval, Christchurch",Bangladesh,bat,Pakistan,Unknown,173,177,6,3
T20,2025-04-23,Canada,Cayman Islands,"Jimmy Powell Oval, Cayman Islands",Cayman Islands,field,Canada,Unknown,165,71,6,10
T20,2021-10-10,Ireland,United Arab Emirates,"ICC Academy, Dubai",United Arab Emirates,field,United Arab Emirates,Unknown,134,139,6,3
T20,2024-12-07,Argentina,Belize,"St George's College Ground, Buenos Aires",Belize,field,Argentina,Unknown,101,96,10,10
T20,2014-12-04,New Zealand,Pakistan,Dubai International Cricket Stadium,Pakistan,field,Pakistan,Unknown,135,140,7,3
T20,2023-07-22,Japan,Philippines,"Amini Park, Port Moresby",Japan,bat,Japan,Unknown,166,113,7,5
T20,2024-12-16,Argentina,Brazil,"St George's College Ground, Buenos Aires",Brazil,field,Argentina,Unknown,107,96,8,10
T20,2025-07-10,Indonesia,Philippines,Udayana Cricket Ground,Indonesia,bat,Philippines,Unknown,172,176,5,1
T20,2025-11-01,Serbia,Bulgaria,Happy Valley Ground 2,Bulgaria,field,Bulgaria,Unknown,93,97,10,2
T20,2024-12-28,New Zealand,Sri Lanka,"Bay Oval, Mount Maunganui",Sri Lanka,field,New Zealand,Unknown,172,164,8,8
T20,2019-05-21,Ghana,Kenya,Kyambogo Cricket Oval,Ghana,field,Kenya,Unknown,88,141,10,5
T20,2017-02-17,New Zealand,South Africa,Eden Park,New Zealand,field,South Africa,Unknown,107,185,10,6
T20,2025-10-31,Bangladesh,West Indies,"Bir Sreshtho Flight Lieutenant Matiur Rahman Stadium, Chattogram",Bangladesh,bat,West Indies,Unknown,151,152,10,5
T20,2020-03-03,Malaysia,Singapore,Terdthai Cricket Ground,Singapore,bat,Singapore,Unknown,111,239,10,3
T20,2025-04-26,Singapore,Thailand,"Bayuemas Oval, Kuala Lumpur",Singapore,bat,Singapore,Unknown,125,115,10,7
T20,2024-08-22,Kuwait,Malaysia,"Selangor Turf Club, Kuala Lumpur",Malaysia,field,Malaysia,Unknown,70,71,10,5
T20,2019-10-27,Netherlands,Scotland,Dubai International Cricket Stadium,Netherlands,field,Netherlands,Unknown,131,130,6,8
T20,2026-06-23,Indonesia,Uzbekistan,Singapore National Cricket Ground,Uzbekistan,field,Indonesia,Unknown,247,128,2,5
T20,2022-07-27,England,South Africa,"County Ground, Bristol",South Africa,field,England,Unknown,234,193,6,8
T20,2026-07-08,Denmark,Estonia,"Svanholm Park, Brondby",Estonia,field,Denmark,Unknown,180,72,6,8
T20,2023-09-23,United Arab Emirates,Oman,"West End Park International Cricket Stadium, Doha",United Arab Emirates,bat,Oman,Unknown,163,164,5,5
T20,2023-10-11,Ghana,Nigeria,"Tafawa Balewa Square Cricket Oval, Lagos",Nigeria,field,Nigeria,Unknown,109,110,9,5
T20,2025-07-13,Bangladesh,Sri Lanka,Rangiri Dambulla International Stadium,Sri Lanka,field,Bangladesh,Unknown,177,94,7,10
T20,2022-11-20,Mali,Kenya,Integrated Polytechnic Regional Centre,Mali,bat,Kenya,Unknown,30,34,10,0
T20,2016-02-21,Hong Kong,United Arab Emirates,Khan Shaheb Osman Ali Stadium,Hong Kong,bat,United Arab Emirates,Unknown,146,147,7,4
T20,2021-11-03,New Zealand,Scotland,Dubai International Cricket Stadium,Scotland,field,New Zealand,Unknown,172,156,5,5
T20,2012-03-23,Ireland,Netherlands,Dubai International Cricket Stadium,Ireland,field,Ireland,Unknown,115,114,3,7
T20,2026-05-24,Sierra Leone,Cameroon,"Botswana Cricket Association Oval 2, Gaborone",Cameroon,field,Cameroon,Unknown,64,67,10,9
T20,2021-11-04,Sri Lanka,West Indies,"Zayed Cricket Stadium, Abu Dhabi",West Indies,field,Sri Lanka,Unknown,189,169,3,8
T20,2025-07-21,Nigeria,United Arab Emirates,Entebbe Cricket Oval,Nigeria,bat,United Arab Emirates,Unknown,58,59,10,3
T20,2015-09-27,Zimbabwe,Pakistan,Harare Sports Club,Pakistan,bat,Pakistan,Unknown,123,136,9,8
T20,2021-08-05,Norway,France,Bayer Uerdingen Cricket Ground,France,field,France,Unknown,112,113,7,6
T20,2023-08-21,Uganda,Tanzania,"Gahanga International Cricket Stadium, Rwanda",Uganda,bat,Tanzania,Unknown,176,180,6,7
T20,2012-12-20,India,England,Subrata Roy Sahara Stadium,India,field,India,Unknown,158,157,5,6
T20,2012-10-02,India,South Africa,R Premadasa Stadium,South Africa,field,India,Unknown,152,151,6,10
T20,2022-12-22,Malaysia,Singapore,"UKM-YSD Cricket Oval, Bangi",Malaysia,bat,Malaysia,Unknown,223,80,4,10
T20,2026-08-21,Israel,Isle of Man,Tikkurila Cricket Ground,Isle of Man,field,Isle of Man,Unknown,88,89,10,1
T20,2025-12-05,Zambia,Rwanda,"Nigeria Cricket Federation Oval 1, Abuja",Rwanda,field,Rwanda,Unknown,114,115,7,3
T20,2019-02-10,New Zealand,India,Seddon Park,India,field,New Zealand,Unknown,212,208,4,6
T20,2025-12-25,Indonesia,Cambodia,Udayana Cricket Ground,Indonesia,bat,Indonesia,Unknown,152,125,6,8
T20,2019-02-27,India,Australia,M.Chinnaswamy Stadium,Australia,field,Australia,Unknown,190,194,4,3
T20,2024-12-08,Bahamas,Argentina,"Hurlingham Club Ground, Buenos Aires",Bahamas,bat,Bahamas,Unknown,119,101,8,5
T20,2024-10-20,Rwanda,Kenya,"Gymkhana Club Ground, Nairobi",Rwanda,bat,Kenya,Unknown,100,101,7,5
T20,2018-10-26,Pakistan,Australia,Dubai International Cricket Stadium,Pakistan,bat,Pakistan,Unknown,147,136,6,8
T20,2022-08-02,West Indies,India,"Warner Park, Basseterre, St Kitts",India,field,India,Unknown,164,165,5,4
T20,2020-12-06,Australia,India,Sydney Cricket Ground,India,field,India,Unknown,194,195,5,4
T20,2024-10-01,Philippines,South Korea,"Yeonhui Cricket Ground, Incheon",South Korea,field,Philippines,Unknown,178,141,5,9
T20,2023-03-31,Bangladesh,Ireland,"Zahur Ahmed Chowdhury Stadium, Chattogram",Bangladesh,bat,Ireland,Unknown,124,126,10,3
T20,2025-04-19,United States of America,Cayman Islands,"Jimmy Powell Oval, Cayman Islands",United States of America,bat,United States of America,Unknown,186,107,6,7
T20,2025-04-12,Hong Kong,Nepal,"Mission Road Ground, Mong Kok, Hong Kong",Nepal,field,no result,no result,68,0,3,0
T20,2022-09-14,Fiji,Cook Islands,"Independence Park, Port Vila",Cook Islands,field,Cook Islands,Unknown,147,150,10,2
T20,2022-11-05,Sri Lanka,England,Sydney Cricket Ground,Sri Lanka,bat,England,Unknown,141,144,8,6
T20,2025-11-19,Bahrain,Indonesia,Udayana Cricket Ground,Indonesia,field,Bahrain,Unknown,231,84,2,7
T20,2026-05-10,Fiji,Japan,"Korogi Sports Park, Nisshin",Fiji,bat,Japan,Unknown,74,75,10,2
T20,2025-12-11,Zambia,Rwanda,"Nigeria Cricket Federation Oval 1, Abuja",Rwanda,field,Zambia,Unknown,140,116,8,9
T20,2024-08-28,Cyprus,Malta,"Guernsey Rovers Athletic Club Ground, Port Soif",Malta,field,Cyprus,Unknown,134,128,10,7
T20,2022-02-15,Sri Lanka,Australia,"Manuka Oval, Canberra",Australia,field,Australia,Unknown,121,124,6,4
T20,2026-05-17,Malta,Guernsey,Happy Valley Ground,Guernsey,field,Guernsey,Unknown,74,78,10,4
T20,2025-04-28,Saudi Arabia,Thailand,"Bayuemas Oval, Kuala Lumpur",Thailand,field,Saudi Arabia,Unknown,170,131,5,9
T20,2019-10-26,Spain,Portugal,La Manga Club Bottom Ground,Portugal,field,Spain,Unknown,143,114,6,10
T20,2022-04-08,Uganda,Namibia,"United Cricket Club Ground, Windhoek",Namibia,field,Namibia,Unknown,127,128,5,2
T20,2022-02-14,Ireland,Nepal,Al Amerat Cricket Ground Oman Cricket (Ministry Turf 1),Nepal,field,Ireland,Unknown,127,111,10,9
T20,2021-04-03,Uganda,Namibia,Wanderers,Uganda,bat,Namibia,Unknown,134,135,5,3
T20,2023-08-18,Romania,Malta,"Moara Vlasiei Cricket Ground, Ilfov County",Romania,bat,Malta,Unknown,162,163,10,2
T20,2015-07-15,Hong Kong,Nepal,"Civil Service Cricket Club, Stormont",Hong Kong,field,Hong Kong,Unknown,110,109,5,10
T20,2012-12-25,India,Pakistan,M Chinnaswamy Stadium,Pakistan,field,Pakistan,Unknown,133,134,9,5
T20,2024-10-04,Indonesia,Philippines,"Yeonhui Cricket Ground, Incheon",Indonesia,bat,Indonesia,Unknown,101,98,8,9
T20,2021-12-16,West Indies,Pakistan,"National Stadium, Karachi",West Indies,bat,Pakistan,Unknown,207,208,3,3
T20,2020-12-04,India,Australia,Manuka Oval,Australia,field,India,Unknown,161,150,7,7
T20,2017-09-06,Sri Lanka,India,"R.Premadasa Stadium, Khettarama",India,field,India,Unknown,170,174,7,3
T20,2024-09-30,Canada,Oman,"Maple Leaf North-West Ground, King City",Oman,field,Oman,Unknown,106,107,10,2
T20,2026-05-24,Mali,Botswana,"Botswana Cricket Association Oval 1, Gaborone",Mali,bat,Botswana,Unknown,24,25,10,0
T20,2025-07-22,Samoa,Singapore,Singapore National Cricket Ground,Samoa,bat,Singapore,Unknown,132,133,6,7
T20,2026-07-12,Denmark,Norway,"Svanholm Park, Brondby",Norway,field,Denmark,Unknown,203,149,5,10
T20,2023-08-12,West Indies,India,"Central Broward Regional Park Stadium Turf Ground, Lauderhill",West Indies,bat,India,Unknown,178,179,8,1
T20,2026-05-20,Sweden,Malta,Happy Valley Ground,Malta,field,Malta,Unknown,181,182,8,4
T20,2019-12-11,India,West Indies,Wankhede Stadium,West Indies,field,India,Unknown,240,173,3,8
T20,2026-06-12,Sweden,Finland,"Botkyrka Cricket Center, Stockholm",Finland,field,Finland,Unknown,107,108,10,9
T20,2024-09-13,Australia,England,"Sophia Gardens, Cardiff",England,field,England,Unknown,193,194,6,7
T20,2023-08-20,New Zealand,United Arab Emirates,Dubai International Cricket Stadium,United Arab Emirates,field,New Zealand,Unknown,166,134,5,7
T20,2023-06-11,Botswana,Kenya,"Gymkhana Club Ground, Nairobi",Botswana,bat,Kenya,Unknown,92,98,8,2
T20,2026-04-15,Namibia,Scotland,"Namibia Cricket Ground, Windhoek",Namibia,bat,Scotland,Unknown,159,160,7,3
T20,2016-03-13,Bangladesh,Oman,Himachal Pradesh Cricket Association Stadium,Oman,field,Bangladesh,Unknown,180,65,2,9
T20,2022-10-26,Ireland,England,Melbourne Cricket Ground,England,field,Ireland,Unknown,157,105,10,5
T20,2026-05-13,Cook Islands,Vanuatu,Sano International Cricket Ground,Cook Islands,bat,Cook Islands,Unknown,163,69,7,5
T20,2022-04-10,Namibia,Uganda,"United Cricket Club Ground, Windhoek",Uganda,field,Namibia,Unknown,185,133,7,10
T20,2024-04-14,Jersey,Spain,La Manga Club Top Ground,Spain,field,Spain,Unknown,195,197,5,5
T20,2025-07-24,Hong Kong,Singapore,Singapore National Cricket Ground,Hong Kong,bat,Hong Kong,Unknown,193,141,4,10
T20,2023-03-12,Bahrain,Kuwait,"Mission Road Ground, Mong Kok, Hong Kong",Kuwait,field,Kuwait,Unknown,135,136,9,4
T20,2026-06-03,Oman,Bahrain,Singapore National Cricket Ground,Bahrain,field,Oman,Unknown,184,164,4,5
T20,2026-05-18,Japan,Papua New Guinea,Sano International Cricket Ground,Japan,bat,Japan,Unknown,121,95,7,8
T20,2025-07-22,Malawi,Rwanda,"Gahanga International Cricket Stadium, Rwanda",Malawi,bat,Rwanda,Unknown,134,139,5,6
T20,2020-02-25,Bahrain,Qatar,Al Amerat Cricket Ground Oman Cricket (Ministry Turf 1),Qatar,bat,Bahrain,Unknown,109,106,4,9
T20,2023-07-26,Papua New Guinea,Vanuatu,"Amini Park, Port Moresby",Papua New Guinea,bat,Papua New Guinea,Unknown,148,109,7,10
T20,2025-12-12,Thailand,Malaysia,"Terdthai Cricket Ground, Bangkok",Malaysia,field,Malaysia,Unknown,62,67,10,2
T20,2021-10-28,Maldives,Kuwait,"West End Park International Cricket Stadium, Doha",Kuwait,field,Kuwait,Unknown,103,107,10,5
T20,2025-07-22,Uganda,Nigeria,Entebbe Cricket Oval,Uganda,bat,Uganda,Unknown,147,109,6,9
T20,2017-09-12,Pakistan,ICC World XI,Gaddafi Stadium,ICC World XI,field,Pakistan,Unknown,197,177,5,7
T20,2024-02-11,Japan,Singapore,"Terdthai Cricket Ground, Bangkok",Singapore,field,Singapore,Unknown,215,216,3,2
T20,2024-10-23,Thailand,Indonesia,Gelephu International Cricket Ground,Thailand,bat,Thailand,Unknown,146,80,5,10
T20,2020-01-18,West Indies,Ireland,"Warner Park, St Kitts",West Indies,field,no result,no result,16,147,1,9
T20,2024-08-21,Hong Kong,Kuwait,"Selangor Turf Club, Kuala Lumpur",Kuwait,field,Kuwait,Unknown,168,169,8,6
T20,2021-11-08,United States of America,Bermuda,"Sir Vivian Richards Stadium, North Sound, Antigua",United States of America,bat,United States of America,Unknown,172,149,10,8
T20,2024-06-02,Papua New Guinea,West Indies,"Providence Stadium, Guyana",West Indies,field,West Indies,Unknown,136,137,8,5
T20,2022-10-16,United Arab Emirates,Netherlands,"GMHBA Stadium, South Geelong, Victoria",United Arab Emirates,bat,Netherlands,Unknown,111,112,8,7
T20,2009-06-11,England,South Africa,Trent Bridge,England,bat,South Africa,Unknown,111,114,10,3
T20,2019-02-17,Ireland,Netherlands,Al Amerat Cricket Ground Oman Cricket (Ministry Turf 1),Ireland,field,Ireland,Unknown,183,182,9,9
T20,2023-05-18,Norway,Denmark,"Svanholm Park, Brondby",Norway,bat,Denmark,Unknown,99,100,9,1
T20,2024-12-01,Pakistan,Zimbabwe,"Queens Sports Club, Bulawayo",Pakistan,bat,Pakistan,Unknown,165,108,4,10
T20,2022-10-04,South Africa,India,"Holkar Cricket Stadium, Indore",India,field,South Africa,Unknown,227,178,3,10
T20,2019-03-22,Papua New Guinea,Vanuatu,Amini Park,Vanuatu,bat,Papua New Guinea,Unknown,125,124,2,6
T20,2026-06-11,Sri Lanka,West Indies,"Sabina Park, Kingston, Jamaica",Sri Lanka,bat,West Indies,Unknown,147,149,9,3
T20,2017-04-01,West Indies,Pakistan,"Queen's Park Oval, Port of Spain",Pakistan,bat,West Indies,Unknown,138,137,3,8
T20,2025-06-26,France,Malta,"Moara Vlasiei Cricket Ground, Ilfov County",France,bat,Malta,Unknown,105,106,10,4
T20,2022-10-10,Japan,Indonesia,Sano International Cricket Ground,Japan,bat,Japan,Unknown,179,104,4,6
T20,2024-08-24,Samoa,Vanuatu,"Faleata Oval No 2, Apia",Samoa,bat,Samoa,Unknown,145,137,8,9
T20,2022-09-28,South Africa,India,"Greenfield International Stadium, Thiruvananthapuram",India,field,India,Unknown,106,110,8,2
T20,2024-07-10,Gibraltar,Slovenia,Bayer Uerdingen Cricket Ground,Gibraltar,bat,Slovenia,Unknown,136,137,9,9
T20,2026-07-11,England,India,"The Rose Bowl, Southampton",India,field,England,Unknown,257,201,3,8
T20,2022-10-19,Scotland,Ireland,"Bellerive Oval, Hobart",Scotland,bat,Ireland,Unknown,176,180,5,4
T20,2010-02-13,Ireland,Netherlands,Dubai International Cricket Stadium,Ireland,bat,Ireland,Unknown,151,86,6,10
T20,2019-10-27,Hong Kong,Nigeria,Tolerance Oval,Nigeria,bat,Hong Kong,Unknown,82,81,5,8
T20,2024-12-07,Bermuda,Suriname,"Hurlingham Club Ground, Buenos Aires",Bermuda,bat,Bermuda,Unknown,161,69,7,9
T20,2022-05-24,Namibia,Zimbabwe,"Queens Sports Club, Bulawayo",Zimbabwe,field,Namibia,Unknown,127,95,8,10
T20,2024-09-25,Ghana,Tanzania,University of Dar-es-Salaam Ground,Ghana,bat,Tanzania,Unknown,84,88,9,3
T20,2021-06-25,Romania,Serbia,"National Sports Academy, Sofia",Romania,bat,Romania,Unknown,191,100,10,10
T20,2013-11-21,Sri Lanka,New Zealand,Pallekele International Cricket Stadium,Sri Lanka,field,Sri Lanka,Unknown,143,142,2,7
T20,2023-10-29,Zimbabwe,Namibia,"United Cricket Club Ground, Windhoek",Zimbabwe,bat,Namibia,Unknown,153,154,6,3
T20,2009-02-25,New Zealand,India,AMI Stadium,New Zealand,field,New Zealand,Unknown,166,162,3,8
T20,2021-08-20,Rwanda,Ghana,Gahanga International Cricket Stadium. Rwanda,Ghana,field,Rwanda,Unknown,136,79,8,10
T20,2016-01-26,Australia,India,Adelaide Oval,Australia,field,India,Unknown,151,188,10,3
T20,2010-05-06,England,Pakistan,"Kensington Oval, Bridgetown",England,field,England,Unknown,151,147,4,9
T20,2010-07-06,Australia,Pakistan,Edgbaston,Pakistan,bat,Pakistan,Unknown,151,162,10,9
T20,2019-09-01,Sri Lanka,New Zealand,Pallekele International Cricket Stadium,Sri Lanka,bat,New Zealand,Unknown,174,175,4,5
T20,2024-11-14,Netherlands,Oman,Al Amerat Cricket Ground Oman Cricket (Ministry Turf 1),Oman,field,Netherlands,Unknown,185,135,6,7
T20,2026-05-03,Guernsey,Isle of Man,"King George V Sports Ground, Castel",Guernsey,bat,no result,no result,27,0,0,0
T20,2026-02-22,South Africa,India,"Narendra Modi Stadium, Ahmedabad",South Africa,bat,South Africa,Unknown,187,111,7,10
T20,2024-06-12,West Indies,New Zealand,"Brian Lara Stadium, Tarouba, Trinidad",New Zealand,field,West Indies,Unknown,149,136,9,9
T20,2015-04-24,Bangladesh,Pakistan,Shere Bangla National Stadium,Pakistan,bat,Bangladesh,Unknown,143,141,3,5
T20,2025-07-24,New Zealand,Zimbabwe,Harare Sports Club,New Zealand,bat,New Zealand,Unknown,190,130,6,10
T20,2025-06-22,Slovenia,Hungary,"GB Oval, Szodliget",Slovenia,bat,Hungary,Unknown,149,151,10,1
T20,2009-06-05,England,Netherlands,Lord's,Netherlands,field,Netherlands,Unknown,162,163,5,6
T20,2022-08-02,Zimbabwe,Bangladesh,Harare Sports Club,Zimbabwe,bat,Zimbabwe,Unknown,156,146,8,8
T20,2021-07-24,South Africa,Ireland,"Civil Service Cricket Club, Stormont, Belfast",South Africa,bat,South Africa,Unknown,189,140,2,9
T20,2019-03-05,West Indies,England,"Darren Sammy National Cricket Stadium, St Lucia",England,field,England,Unknown,160,161,8,6
T20,2025-03-22,Canada,Namibia,"Namibia Cricket Ground, Windhoek",Canada,bat,Namibia,Unknown,42,42,7,0
T20,2026-06-27,Bermuda,Brazil,"White Hill Field, Sandys Parish",Bermuda,bat,Bermuda,Unknown,220,74,4,10
T20,2021-11-05,Scotland,India,Dubai International Cricket Stadium,India,field,India,Unknown,85,89,10,2
T20,2015-01-11,South Africa,West Indies,New Wanderers Stadium,West Indies,field,West Indies,Unknown,231,236,7,6
T20,2025-07-26,Hong Kong,Malaysia,Singapore National Cricket Ground,Malaysia,field,Malaysia,Unknown,52,55,4,0
T20,2025-07-13,Bahrain,Tanzania,"TCA Oval, Blantyre",Tanzania,field,Tanzania,Unknown,89,90,10,0
T20,2024-06-18,Cyprus,Estonia,Happy Valley Ground,Estonia,field,Cyprus,Unknown,166,154,7,9
T20,2025-10-11,South Africa,Namibia,"Namibia Cricket Ground, Windhoek",South Africa,bat,Namibia,Unknown,134,138,8,6
T20,2021-03-30,New Zealand,Bangladesh,McLean Park,Bangladesh,field,New Zealand,Unknown,173,142,5,7
T20,2024-12-30,New Zealand,Sri Lanka,"Bay Oval, Mount Maunganui",Sri Lanka,field,New Zealand,Unknown,186,141,5,10
T20,2019-11-10,India,Bangladesh,"Vidarbha Cricket Association Stadium, Jamtha",Bangladesh,field,India,Unknown,174,144,5,10
T20,2025-05-13,Cook Islands,Japan,Sano International Cricket Ground,Cook Islands,bat,Japan,Unknown,104,107,8,8
T20,2023-08-03,West Indies,India,"Brian Lara Stadium, Tarouba, Trinidad",West Indies,bat,West Indies,Unknown,149,145,6,9
T20,2025-07-11,Scotland,Jersey,"Sportpark Westvliet, Voorburg",Jersey,field,Jersey,Unknown,133,134,7,9
T20,2024-01-28,Cambodia,China,"Terdthai Cricket Ground, Bangkok",Cambodia,bat,Cambodia,Unknown,130,37,5,10
T20,2022-05-08,Denmark,Finland,"Svanholm Park, Brondby",Denmark,bat,Denmark,Unknown,164,109,4,8
T20,2022-02-20,India,West Indies,"Eden Gardens, Kolkata",West Indies,field,India,Unknown,184,167,5,9
T20,2025-06-12,Indonesia,Cambodia,Udayana Cricket Ground,Indonesia,bat,Cambodia,Unknown,120,126,8,4
T20,2025-08-03,Switzerland,Estonia,Estonian National Cricket and Rugby Field,Switzerland,bat,Switzerland,Unknown,157,142,6,10
T20,2022-11-03,Pakistan,South Africa,Sydney Cricket Ground,Pakistan,bat,Pakistan,Unknown,185,108,9,9
T20,2025-02-05,Austria,Hungary,Marsa Sports Club,Hungary,field,Hungary,Unknown,98,100,10,8
T20,2024-11-28,Sierra Leone,Eswatini,"Nigeria Cricket Federation Oval 2, Abuja",Sierra Leone,bat,Sierra Leone,Unknown,155,46,8,10
T20,2025-11-11,Myanmar,Indonesia,Udayana Cricket Ground,Indonesia,field,Indonesia,Unknown,102,76,7,5
T20,2022-12-22,Uganda,Tanzania,"Gahanga International Cricket Stadium, Rwanda",Uganda,bat,Uganda,Unknown,183,176,5,10
T20,2019-08-19,Bermuda,Canada,National Stadium,Bermuda,bat,no result,no result,82,40,9,0
T20,2019-09-16,Netherlands,Scotland,"The Village, Malahide",Netherlands,field,Scotland,Unknown,194,252,7,3
T20,2007-09-22,Australia,India,Kingsmead,India,bat,India,Unknown,173,188,7,5
T20,2022-12-09,Tanzania,Cameroon,Integrated Polytechnic Regional Centre,Tanzania,bat,Tanzania,Unknown,218,34,6,10
T20,2024-05-12,France,Belgium,Dreux Sport Cricket Club,France,bat,Belgium,Unknown,139,112,10,5
T20,2025-04-24,Cayman Islands,Bahamas,"Jimmy Powell Oval, Cayman Islands",Cayman Islands,bat,Cayman Islands,Unknown,175,96,2,5
T20,2021-08-07,Norway,France,Bayer Uerdingen Cricket Ground,France,field,Norway,Unknown,131,128,8,8
T20,2024-08-25,Netherlands,United States of America,"Sportpark Maarschalkerweerd, Utrecht",United States of America,field,Netherlands,Unknown,217,115,5,10
T20,2019-09-06,Sri Lanka,New Zealand,Pallekele International Cricket Stadium,Sri Lanka,bat,Sri Lanka,Unknown,125,88,8,10
T20,2008-02-01,Australia,India,Melbourne Cricket Ground,India,bat,Australia,Unknown,75,74,1,10
T20,2021-10-05,Estonia,Cyprus,Happy Valley Ground,Estonia,bat,Cyprus,Unknown,130,131,6,2
T20,2024-12-19,Saudi Arabia,United Arab Emirates,"ICC Academy, Dubai",United Arab Emirates,field,Saudi Arabia,Unknown,182,171,8,5
T20,2024-03-18,Namibia,Nigeria,"Achimota Senior Secondary School B Field, Accra",Namibia,bat,Nigeria,Unknown,121,126,7,7
T20,2008-06-13,England,New Zealand,Old Trafford,England,field,England,Unknown,127,123,1,9
T20,2023-09-30,Estonia,Gibraltar,Europa Sports Complex,Gibraltar,field,Gibraltar,Unknown,149,151,6,8
T20,2025-08-17,Norway,Hungary,"Stubberudmyra Cricket Ground, Oslo",Norway,bat,Norway,Unknown,172,140,8,8
T20,2022-08-05,Netherlands,New Zealand,"Sportpark Westvliet, The Hague",Netherlands,bat,New Zealand,Unknown,147,149,4,2
T20,2021-11-21,India,New Zealand,"Eden Gardens, Kolkata",India,bat,India,Unknown,184,111,7,10
T20,2024-08-28,Spain,Finland,"King George V Sports Ground, Castel",Finland,field,Spain,Unknown,172,126,6,7
T20,2023-08-18,Ireland,India,"Malahide, Dublin",India,field,India,Unknown,139,47,7,2
T20,2012-10-02,Australia,Pakistan,R Premadasa Stadium,Australia,field,Pakistan,Unknown,117,149,7,6
T20,2019-10-09,Oman,Netherlands,Al Amerat Cricket Ground Oman Cricket (Ministry Turf 1),Netherlands,bat,Oman,Unknown,95,94,3,10
T20,2022-11-24,St Helena,Malawi,Gahanga International Cricket Stadium. Rwanda,Malawi,field,Malawi,Unknown,37,39,6,0
T20,2024-09-09,Myanmar,Singapore,"Bayuemas Oval, Kuala Lumpur",Singapore,field,Singapore,Unknown,45,47,10,2
T20,2024-11-22,Saudi Arabia,Bhutan,University of Doha for Science and Technology,Bhutan,field,Saudi Arabia,Unknown,170,85,7,8
T20,2009-06-08,Australia,Sri Lanka,Trent Bridge,Sri Lanka,field,Sri Lanka,Unknown,159,160,9,4
T20,2017-01-17,Netherlands,Scotland,Sheikh Zayed Stadium,Netherlands,field,Scotland,Unknown,141,148,10,7
T20,2024-08-02,Croatia,Spain,"Mladost Cricket Ground, Zagreb",Spain,field,Spain,Unknown,125,128,9,6
T20,2024-11-13,India,South Africa,"SuperSport Park, Centurion",South Africa,field,India,Unknown,219,208,6,7
T20,2022-10-15,Japan,South Korea,Sano International Cricket Ground,Japan,bat,Japan,Unknown,218,170,8,6
T20,2026-03-17,New Zealand,South Africa,"Seddon Park, Hamilton",South Africa,field,New Zealand,Unknown,175,107,6,10
T20,2025-07-24,Samoa,Malaysia,Singapore National Cricket Ground,Malaysia,field,Malaysia,Unknown,188,190,2,4
T20,2019-08-22,Canada,Cayman Islands,"White Hill Field, Sandys Parish",Canada,field,Canada,Unknown,95,91,2,7
T20,2022-06-09,Germany,Austria,Bayer Uerdingen Cricket Ground,Austria,field,Germany,Unknown,135,81,7,10
T20,2022-12-14,Uganda,Rwanda,"Gahanga International Cricket Stadium, Rwanda",Rwanda,field,Uganda,Unknown,185,100,9,10
T20,2023-10-31,Malaysia,Nepal,"Tribhuvan University International Cricket Ground, Kirtipur",Malaysia,bat,Nepal,Unknown,165,166,9,4
T20,2024-12-15,Brazil,Belize,"Belgrano Athletic Club Ground, Buenos Aires",Brazil,bat,Belize,Unknown,120,121,10,4
T20,2025-04-26,Bermuda,United States of America,"Jimmy Powell Oval, Cayman Islands",Bermuda,bat,United States of America,Unknown,114,115,7,0
T20,2023-04-24,Pakistan,New Zealand,Rawalpindi Cricket Stadium,New Zealand,field,New Zealand,Unknown,193,194,5,4
T20,2024-12-16,Bahamas,Mexico,"St George's College Ground, Buenos Aires",Bahamas,bat,Bahamas,Unknown,95,71,9,10
T20,2021-06-25,Bulgaria,Romania,"National Sports Academy, Sofia",Bulgaria,bat,Romania,Unknown,157,161,8,3
T20,2020-02-24,Malaysia,Hong Kong,Kinrara Academy Oval,Malaysia,bat,Malaysia,Unknown,167,154,7,7
T20,2026-08-01,Bahrain,Kenya,"Gymkhana Club Ground, Nairobi",Kenya,field,Kenya,Unknown,148,149,5,9
T20,2025-11-06,New Zealand,West Indies,"Eden Park, Auckland",West Indies,field,New Zealand,Unknown,207,204,5,8
T20,2025-03-13,Bahrain,Malaysia,"Bayuemas Oval, Kuala Lumpur",Malaysia,field,Bahrain,Unknown,126,91,9,9
T20,2022-09-10,Cook Islands,Fiji,"Independence Park, Port Vila",Cook Islands,bat,Fiji,Unknown,142,143,10,7
T20,2017-10-27,Sri Lanka,Pakistan,Sheikh Zayed Stadium,Pakistan,field,Pakistan,Unknown,124,125,9,8
T20,2024-06-17,Cyprus,Estonia,Happy Valley Ground,Cyprus,bat,Estonia,Unknown,191,194,7,4
T20,2025-03-16,Pakistan,New Zealand,"Hagley Oval, Christchurch",New Zealand,field,New Zealand,Unknown,91,92,10,1
T20,2021-09-13,Nigeria,Uganda,Entebbe Cricket Oval,Nigeria,bat,Uganda,Unknown,123,124,8,2
T20,2026-02-23,West Indies,Zimbabwe,"Wankhede Stadium, Mumbai",Zimbabwe,field,West Indies,Unknown,254,147,6,10
T20,2020-11-10,Zimbabwe,Pakistan,Rawalpindi Cricket Stadium,Zimbabwe,bat,Pakistan,Unknown,129,130,9,2
T20,2017-01-03,New Zealand,Bangladesh,McLean Park,Bangladesh,bat,New Zealand,Unknown,143,141,4,8
T20,2023-10-04,Bangladesh,Malaysia,Zhejiang University of Technology Cricket Field,Bangladesh,bat,Bangladesh,Unknown,116,114,5,8
T20,2012-06-01,Sri Lanka,Pakistan,"Mahinda Rajapaksa International Cricket Stadium, Sooriyawewa",Sri Lanka,bat,Sri Lanka,Unknown,132,95,7,10
T20,2024-06-02,Oman,Namibia,"Kensington Oval, Bridgetown, Barbados",Namibia,field,tie,tie,119,130,11,6
T20,2022-12-20,Tanzania,Rwanda,"Gahanga International Cricket Stadium, Rwanda",Tanzania,bat,Tanzania,Unknown,134,103,9,10
T20,2026-01-21,India,New Zealand,"Vidarbha Cricket Association Stadium, Jamtha, Nagpur",New Zealand,field,India,Unknown,238,190,7,7
T20,2009-02-27,New Zealand,India,Westpac Stadium,New Zealand,field,New Zealand,Unknown,150,149,5,6
T20,2026-05-08,Vanuatu,Fiji,"Korogi Sports Park, Nisshin",Vanuatu,bat,Vanuatu,Unknown,169,48,4,10
T20,2017-04-12,United Arab Emirates,Papua New Guinea,Sheikh Zayed Stadium,United Arab Emirates,field,United Arab Emirates,Unknown,108,102,5,10
T20,2026-08-17,Israel,Germany,Kerava National Cricket Ground,Israel,bat,Germany,Unknown,94,95,10,1
T20,2013-12-11,Pakistan,Sri Lanka,Dubai International Cricket Stadium,Pakistan,field,Pakistan,Unknown,146,145,7,5
T20,2022-10-08,New Zealand,Pakistan,"Hagley Oval, Christchurch",New Zealand,bat,Pakistan,Unknown,147,149,8,4
T20,2024-09-03,Malaysia,Singapore,"YSD-UKM Cricket Oval, Bangi",Malaysia,bat,Malaysia,Unknown,182,181,6,7
T20,2024-06-10,South Africa,Bangladesh,"Nassau County International Cricket Stadium, New York",South Africa,bat,South Africa,Unknown,113,109,6,7
T20,2021-10-24,Gibraltar,Bulgaria,Marsa Sports Club,Gibraltar,bat,Bulgaria,Unknown,177,178,9,4
T20,2024-08-21,Spain,Cyprus,"King George V Sports Ground, Castel",Cyprus,field,Spain,Unknown,152,137,6,9
T20,2022-05-11,Hungary,Bulgaria,Marsa Sports Club,Bulgaria,field,Hungary,Unknown,158,153,8,9
T20,2024-10-22,Mozambique,Seychelles,"Gymkhana Club Ground, Nairobi",Mozambique,bat,Mozambique,Unknown,158,98,5,10
T20,2026-05-19,France,Jersey,Happy Valley Ground,Jersey,field,Jersey,Unknown,145,148,10,2
T20,2024-11-20,Thailand,Cambodia,"West End Park International Cricket Stadium, Doha",Cambodia,field,Thailand,Unknown,178,162,5,7
T20,2017-10-10,India,Australia,Barsapara Cricket Stadium,Australia,field,Australia,Unknown,118,122,10,2
T20,2025-09-29,Kuwait,Oman,Al Amerat Cricket Ground Oman Cricket (Ministry Turf 1),Oman,field,Oman,Unknown,142,143,8,5
T20,2025-11-18,Bahrain,Indonesia,Udayana Cricket Ground,Indonesia,field,Bahrain,Unknown,174,47,7,4
T20,2015-06-20,Ireland,Scotland,"Bready Cricket Club, Magheramason",Scotland,field,Scotland,Unknown,166,167,6,4
T20,2019-08-04,India,West Indies,Central Broward Regional Park Stadium Turf Ground,India,bat,India,Unknown,167,98,5,4
T20,2024-09-26,Tanzania,Malawi,"Gymkhana Club Ground, Dar-es-Salaam",Tanzania,bat,Tanzania,Unknown,119,100,10,10
T20,2026-03-25,Tanzania,Eswatini,"Achimota Senior Secondary School B Field, Accra",Eswatini,field,Tanzania,Unknown,178,20,4,10
T20,2021-10-17,Swaziland,Malawi,Integrated Polytechnic Regional Centre,Malawi,field,Malawi,Unknown,97,99,10,2
T20,2013-01-28,Australia,Sri Lanka,Melbourne Cricket Ground,Australia,field,Sri Lanka,Unknown,119,161,3,4
T20,2021-08-20,Ghana,Rwanda,Gahanga International Cricket Stadium. Rwanda,Ghana,bat,Ghana,Unknown,166,30,7,1
T20,2026-05-16,Philippines,South Korea,Sano International Cricket Ground 2,Philippines,bat,South Korea,Unknown,94,95,8,2
T20,2024-07-16,Nigeria,Kenya,"Sikh Union Club Ground, Nairobi",Kenya,field,Nigeria,Unknown,158,144,5,8
T20,2025-11-13,Myanmar,Indonesia,Udayana Cricket Ground,Myanmar,bat,Indonesia,Unknown,78,79,9,0
T20,2021-11-20,Tanzania,Uganda,Gahanga International Cricket Stadium. Rwanda,Uganda,field,Uganda,Unknown,68,74,10,4
T20,2026-06-05,Bahrain,Singapore,Singapore National Cricket Ground,Singapore,field,Bahrain,Unknown,212,210,8,6
T20,2021-09-02,Luxembourg,Bulgaria,"Moara Vlasiei Cricket Ground, Ilfov County",Bulgaria,field,Luxembourg,Unknown,187,125,4,10
T20,2025-12-09,Sierra Leone,Zambia,"Nigeria Cricket Federation Oval 1, Abuja",Sierra Leone,bat,Zambia,Unknown,129,133,7,5
T20,2026-09-04,South Africa,Namibia,"Namibia Cricket Ground, Windhoek",Namibia,field,South Africa,Unknown,228,217,4,4
T20,2019-08-18,Bermuda,United States of America,"White Hill Field, Sandys Parish",Bermuda,bat,Bermuda,Unknown,141,135,7,7
T20,2025-12-10,Indonesia,Malaysia,"Terdthai Cricket Ground, Bangkok",Malaysia,field,Malaysia,Unknown,75,78,9,3
T20,2019-10-23,Nigeria,Oman,Tolerance Oval,Nigeria,bat,Oman,Unknown,71,72,10,3
T20,2025-07-27,Bahrain,Malawi,"Gahanga International Cricket Stadium, Rwanda",Malawi,field,Bahrain,Unknown,189,95,3,10
T20,2025-09-11,Hong Kong,Bangladesh,"Zayed Cricket Stadium, Abu Dhabi",Bangladesh,field,Bangladesh,Unknown,143,144,7,3
T20,2026-08-20,Israel,Greece,Tikkurila Cricket Ground,Greece,field,Israel,Unknown,69,43,5,3
T20,2026-05-18,Cook Islands,Samoa,Sano International Cricket Ground,Samoa,field,Samoa,Unknown,75,79,10,1
T20,2010-10-26,Pakistan,South Africa,Sheikh Zayed Stadium,Pakistan,bat,South Africa,Unknown,119,120,10,4
T20,2019-08-06,West Indies,India,"Providence Stadium, Guyana",India,field,India,Unknown,146,150,6,3
T20,2023-12-03,India,Australia,"M Chinnaswamy Stadium, Bengaluru",Australia,field,India,Unknown,160,154,8,8
T20,2025-11-16,United Arab Emirates,Oman,"West End Park International Cricket Stadium, Doha",United Arab Emirates,bat,Oman,Unknown,154,155,6,8
T20,2020-11-08,Zimbabwe,Pakistan,Rawalpindi Cricket Stadium,Pakistan,field,Pakistan,Unknown,134,137,7,2
T20,2025-07-17,Kenya,Nigeria,Entebbe Cricket Oval,Kenya,bat,Kenya,Unknown,108,88,8,9
T20,2022-02-12,United Arab Emirates,Nepal,Al Amerat Cricket Ground Oman Cricket (Ministry Turf 1),Nepal,field,United Arab Emirates,Unknown,192,167,3,5
T20,2010-07-05,Australia,Pakistan,Edgbaston,Pakistan,bat,Pakistan,Unknown,144,167,10,8
T20,2017-09-15,Pakistan,ICC World XI,Gaddafi Stadium,ICC World XI,field,Pakistan,Unknown,183,150,4,8
T20,2026-05-09,Finland,Cyprus,Happy Valley Ground,Finland,bat,Finland,Unknown,167,129,7,9
T20,2017-04-14,United Arab Emirates,Papua New Guinea,Sheikh Zayed Stadium,Papua New Guinea,field,United Arab Emirates,Unknown,180,150,3,10
T20,2018-12-17,Bangladesh,West Indies,Sylhet International Cricket Stadium,Bangladesh,bat,West Indies,Unknown,129,130,10,2
T20,2021-11-08,Belize,Panama,"Coolidge Cricket Ground, Antigua",Belize,bat,Belize,Unknown,143,131,8,8
T20,2026-03-01,Zimbabwe,South Africa,"Arun Jaitley Stadium, Delhi",Zimbabwe,bat,South Africa,Unknown,153,154,7,5
T20,2023-10-14,Rwanda,Nigeria,"Tafawa Balewa Square Cricket Oval, Lagos",Nigeria,field,Nigeria,Unknown,24,27,10,2
T20,2026-05-23,Croatia,Austria,Happy Valley Ground,Croatia,bat,Austria,Unknown,160,164,6,5
T20,2010-05-01,Bangladesh,Pakistan,"Beausejour Stadium, Gros Islet",Pakistan,bat,Pakistan,Unknown,151,172,7,3
T20,2013-03-31,Sri Lanka,Bangladesh,Pallekele International Cricket Stadium,Bangladesh,field,Sri Lanka,Unknown,198,181,5,7
T20,2025-09-06,Sri Lanka,Zimbabwe,Harare Sports Club,Zimbabwe,field,Zimbabwe,Unknown,80,84,10,5
T20,2023-11-27,Nigeria,Uganda,"United Cricket Club Ground, Windhoek",Nigeria,bat,Uganda,Unknown,99,100,10,1
T20,2022-11-06,India,Zimbabwe,Melbourne Cricket Ground,India,bat,India,Unknown,186,115,5,10
T20,2019-10-05,Ireland,Netherlands,Al Amerat Cricket Ground Oman Cricket (Ministry Turf 1),Ireland,field,Ireland,Unknown,169,167,4,7
T20,2024-06-16,Denmark,Jersey,"Svanholm Park, Brondby",Jersey,field,Jersey,Unknown,119,122,10,4
T20,2023-06-10,Belgium,Germany,Bayer Uerdingen Cricket Ground,Germany,field,Germany,Unknown,164,167,10,6
T20,2023-07-27,Scotland,Denmark,"Grange Cricket Club Ground, Raeburn Place, Edinburgh",Denmark,field,Scotland,Unknown,159,126,7,7
T20,2022-12-08,Mozambique,Gambia,Integrated Polytechnic Regional Centre,Mozambique,bat,Mozambique,Unknown,127,70,5,10
T20,2022-10-02,India,South Africa,"Barsapara Cricket Stadium, Guwahati",South Africa,field,India,Unknown,237,221,3,3
T20,2022-07-08,Luxembourg,Czech Republic,"Scott Page Field, Vinor",Luxembourg,bat,Czech Republic,Unknown,112,115,7,5
T20,2021-08-14,Denmark,Sweden,"Svanholm Park, Brondby",Sweden,field,Sweden,Unknown,135,137,4,7
T20,2025-07-12,Malawi,Bahrain,"TCA Oval, Blantyre",Malawi,bat,Bahrain,Unknown,72,76,10,0
T20,2023-08-27,Tanzania,Rwanda,"Gahanga International Cricket Stadium, Rwanda",Rwanda,field,Tanzania,Unknown,152,143,7,8
T20,2025-05-09,Cook Islands,Thailand,Sano International Cricket Ground,Thailand,field,Thailand,Unknown,72,76,10,2
T20,2024-12-14,Panama,Belize,"St Albans Club, Buenos Aires",Panama,bat,Belize,Unknown,103,104,10,3
T20,2022-01-23,England,West Indies,"Kensington Oval, Bridgetown, Barbados",West Indies,field,England,Unknown,171,170,8,8
T20,2024-01-17,New Zealand,Pakistan,"University Oval, Dunedin",Pakistan,field,New Zealand,Unknown,224,179,7,7
T20,2012-09-28,Pakistan,South Africa,R Premadasa Stadium,South Africa,bat,Pakistan,Unknown,136,133,8,6
T20,2026-06-20,Belgium,Switzerland,"Moara Vlasiei Cricket Ground, Ilfov County",Switzerland,field,Belgium,Unknown,184,168,8,7
T20,2021-10-29,West Indies,Bangladesh,Sharjah Cricket Stadium,Bangladesh,field,West Indies,Unknown,142,139,7,5
T20,2025-12-06,Spain,Croatia,La Manga Club Top Ground,Spain,bat,Spain,Unknown,224,42,3,10
T20,2022-11-06,Spain,Germany,"Desert Springs Cricket Ground, Almeria",Germany,field,Spain,Unknown,132,127,7,6
T20,2026-03-08,India,New Zealand,"Narendra Modi Stadium, Ahmedabad",New Zealand,field,India,Unknown,255,159,5,10
T20,2024-10-19,Thailand,Bhutan,Gelephu International Cricket Ground,Bhutan,field,Thailand,Unknown,171,94,6,10
T20,2025-11-03,Bulgaria,Cyprus,Happy Valley Ground 2,Bulgaria,bat,Cyprus,Unknown,119,120,7,6
T20,2022-06-29,Malaysia,Singapore,"Indian Association Ground, Singapore",Malaysia,bat,Malaysia,Unknown,177,154,5,6
T20,2025-12-13,Singapore,Malaysia,"Terdthai Cricket Ground, Bangkok",Singapore,bat,Malaysia,Unknown,110,111,10,4
T20,2023-12-24,Philippines,Indonesia,Udayana Cricket Ground,Indonesia,field,tie,tie,147,146,9,10
T20,2026-01-28,New Zealand,India,"Dr. Y.S. Rajasekhara Reddy ACA-VDCA Cricket Stadium, Visakhapatnam",India,field,New Zealand,Unknown,215,165,7,10
T20,2022-10-27,India,Netherlands,Sydney Cricket Ground,India,bat,India,Unknown,179,123,2,9
T20,2012-09-25,Bangladesh,Pakistan,Pallekele International Cricket Stadium,Bangladesh,bat,Pakistan,Unknown,175,178,6,2
T20,2026-05-17,Slovenia,Austria,Happy Valley Ground,Slovenia,bat,Austria,Unknown,164,165,6,8
T20,2024-03-11,Vanuatu,Kuwait,"Bayuemas Oval, Kuala Lumpur",Kuwait,field,Kuwait,Unknown,106,109,7,3
T20,2013-04-19,Kenya,Netherlands,Wanderers Cricket Ground,Netherlands,bat,Kenya,Unknown,176,172,5,5
T20,2023-09-30,Bermuda,Canada,"White Hill Field, Sandys Parish",Canada,field,Bermuda,Unknown,181,95,9,10
T20,2023-10-04,Sierra Leone,Ghana,"Tafawa Balewa Square Cricket Oval, Lagos",Ghana,field,Ghana,Unknown,95,96,9,7
T20,2024-02-23,Australia,New Zealand,"Eden Park, Auckland",New Zealand,field,Australia,Unknown,174,102,10,9
T20,2025-02-05,Malta,Austria,Marsa Sports Club,Austria,field,Austria,Unknown,168,170,6,4
T20,2021-11-02,Tanzania,Mozambique,Gahanga International Cricket Stadium. Rwanda,Tanzania,bat,Tanzania,Unknown,242,155,6,9
T20,2026-02-07,India,United States of America,"Wankhede Stadium, Mumbai",United States of America,field,India,Unknown,161,132,9,8
T20,2023-10-10,Sierra Leone,Rwanda,"Tafawa Balewa Square Cricket Oval, Lagos",Sierra Leone,bat,Sierra Leone,Unknown,109,107,10,8
T20,2012-10-01,Sri Lanka,England,Pallekele International Cricket Stadium,England,field,Sri Lanka,Unknown,169,150,6,9
T20,2024-04-13,United Arab Emirates,Bahrain,Al Amerat Cricket Ground Oman Cricket (Ministry Turf 2),Bahrain,field,United Arab Emirates,Unknown,236,199,6,8
T20,2016-02-04,United Arab Emirates,Scotland,ICC Academy,United Arab Emirates,bat,United Arab Emirates,Unknown,148,139,8,9
T20,2006-12-26,New Zealand,Sri Lanka,Eden Park,New Zealand,field,New Zealand,Unknown,116,115,5,10
T20,2019-09-18,India,South Africa,"Punjab Cricket Association IS Bindra Stadium, Mohali",India,field,India,Unknown,151,149,3,5
T20,2025-09-15,Zimbabwe,Namibia,"Queens Sports Club, Bulawayo",Namibia,field,Zimbabwe,Unknown,211,178,3,7
T20,2009-06-09,Netherlands,Pakistan,Lord's,Pakistan,bat,Pakistan,Unknown,93,175,10,5
T20,2021-10-19,Malawi,Ghana,Gahanga International Cricket Stadium. Rwanda,Ghana,field,Ghana,Unknown,95,96,8,3
T20,2022-07-15,Singapore,Hong Kong,Bulawayo Athletic Club,Hong Kong,field,Hong Kong,Unknown,146,147,10,3
T20,2023-11-29,Tanzania,Rwanda,"Wanderers Cricket Ground, Windhoek",Rwanda,field,Tanzania,Unknown,153,102,8,7
T20,2021-03-18,India,England,Narendra Modi Stadium,England,field,India,Unknown,185,177,8,8
T20,2024-04-15,Hong Kong,Nepal,Al Amerat Cricket Ground Oman Cricket (Ministry Turf 1),Nepal,field,Nepal,Unknown,114,117,10,2
T20,2017-01-15,Netherlands,Oman,Sheikh Zayed Stadium,Oman,bat,Netherlands,Unknown,148,146,5,7
T20,2011-04-21,West Indies,Pakistan,"Beausejour Stadium, Gros Islet",West Indies,bat,West Indies,Unknown,150,143,7,9
T20,2022-09-11,Sri Lanka,Pakistan,Dubai International Cricket Stadium,Pakistan,field,Sri Lanka,Unknown,170,147,6,10
T20,2008-01-18,South Africa,West Indies,New Wanderers Stadium,South Africa,field,South Africa,Unknown,134,131,6,7
T20,2021-11-08,Bahamas,Argentina,"Sir Vivian Richards Stadium, North Sound, Antigua",Bahamas,bat,Bahamas,Unknown,121,109,10,5
T20,2018-03-08,Bangladesh,India,"R.Premadasa Stadium, Khettarama",India,field,India,Unknown,139,140,8,4
T20,2015-07-30,Sri Lanka,Pakistan,R Premadasa Stadium,Pakistan,bat,Pakistan,Unknown,146,175,7,5
T20,2022-06-29,Hungary,Belgium,"Royal Brussels Cricket Club Ground, Waterloo",Hungary,bat,Belgium,Unknown,120,123,9,8
T20,2021-09-14,Sri Lanka,South Africa,"R Premadasa Stadium, Colombo",Sri Lanka,bat,South Africa,Unknown,120,121,8,0
T20,2007-09-12,Pakistan,Scotland,Kingsmead,Scotland,field,Pakistan,Unknown,171,120,9,10
T20,2018-07-08,England,India,County Ground,India,field,India,Unknown,198,201,9,3
T20,2023-12-31,Bangladesh,New Zealand,"Bay Oval, Mount Maunganui",New Zealand,field,New Zealand,Unknown,110,95,10,5
T20,2026-06-26,Serbia,Luxembourg,"Scott Page Field, Vinor",Luxembourg,field,Luxembourg,Unknown,196,197,6,4
T20,2022-06-11,Australia,Sri Lanka,Pallekele International Cricket Stadium,Australia,bat,Sri Lanka,Unknown,176,177,5,6
T20,2026-05-26,Cameroon,Ivory Coast,"Botswana Cricket Association Oval 2, Gaborone",Cameroon,bat,Cameroon,Unknown,183,31,8,10
T20,2024-11-23,Sierra Leone,Ivory Coast,"Tafawa Balewa Square Cricket Oval, Lagos",Sierra Leone,bat,Sierra Leone,Unknown,189,21,2,10
T20,2019-10-20,Bermuda,Singapore,ICC Academy Ground No 2,Bermuda,bat,Singapore,Unknown,149,152,7,5
T20,2019-09-22,India,South Africa,M.Chinnaswamy Stadium,India,bat,South Africa,Unknown,134,140,9,1
T20,2021-08-22,Finland,Sweden,Kerava National Cricket Ground,Sweden,field,Sweden,Unknown,141,113,7,7
T20,2025-09-12,England,South Africa,"Old Trafford, Manchester",South Africa,field,England,Unknown,304,158,2,10
T20,2012-12-23,South Africa,New Zealand,Buffalo Park,New Zealand,field,New Zealand,Unknown,165,169,5,2
T20,2022-07-31,Zimbabwe,Bangladesh,Harare Sports Club,Zimbabwe,bat,Bangladesh,Unknown,135,136,8,3
T20,2016-03-27,India,Australia,"Punjab Cricket Association IS Bindra Stadium, Mohali",Australia,bat,India,Unknown,161,160,4,6
T20,2025-12-27,Cambodia,Indonesia,Udayana Cricket Ground,Indonesia,field,Indonesia,Unknown,72,78,10,1
T20,2025-06-14,Cambodia,Indonesia,Udayana Cricket Ground,Cambodia,bat,no result,no result,210,26,4,0
T20,2021-11-03,Sierra Leone,Tanzania,Gahanga International Cricket Stadium. Rwanda,Sierra Leone,bat,Tanzania,Unknown,99,104,8,2
T20,2021-11-03,Mozambique,Cameroon,Gahanga International Cricket Stadium. Rwanda,Cameroon,field,Mozambique,Unknown,209,38,5,10
T20,2024-06-08,Australia,England,"Kensington Oval, Bridgetown, Barbados",England,field,Australia,Unknown,201,165,7,6
T20,2026-07-25,Austria,Turkey,"Moara Vlasiei Cricket Ground, Ilfov County",Turkey,field,Austria,Unknown,221,94,7,8
T20,2022-07-16,Cyprus,Turkey,Tikkurila Cricket Ground,Cyprus,bat,Cyprus,Unknown,183,48,8,10
T20,2019-08-03,India,West Indies,Central Broward Regional Park Stadium Turf Ground,India,field,India,Unknown,98,95,6,9
T20,2026-07-17,Bangladesh,Zimbabwe,"Queens Sports Club, Bulawayo",Zimbabwe,field,Bangladesh,Unknown,186,152,5,10
T20,2024-04-21,United Arab Emirates,Oman,Al Amerat Cricket Ground Oman Cricket (Ministry Turf 1),Oman,field,United Arab Emirates,Unknown,204,149,4,9
T20,2023-06-21,Uganda,Kenya,"Gymkhana Club Ground, Nairobi",Uganda,bat,Uganda,Unknown,125,124,10,7
T20,2016-03-25,South Africa,West Indies,"Vidarbha Cricket Association Stadium, Jamtha",West Indies,field,West Indies,Unknown,122,123,8,7
T20,2016-06-18,Zimbabwe,India,Harare Sports Club,India,field,Zimbabwe,Unknown,170,168,7,6
T20,2024-12-07,Nigeria,Botswana,"Gahanga International Cricket Stadium, Rwanda",Nigeria,bat,Botswana,Unknown,141,142,9,7
T20,2022-07-04,Bhutan,Maldives,"UKM-YSD Cricket Oval, Bangi",Maldives,field,Bhutan,Unknown,110,104,9,8
T20,2008-04-20,Pakistan,Bangladesh,National Stadium,Pakistan,bat,Pakistan,Unknown,203,101,5,10
T20,2026-02-18,India,Netherlands,"Narendra Modi Stadium, Ahmedabad",India,bat,India,Unknown,193,176,6,7
T20,2007-09-15,South Africa,Bangladesh,Newlands,South Africa,field,South Africa,Unknown,146,144,3,10
T20,2024-08-23,Samoa,Cook Islands,"Faleata Oval No 2, Apia",Samoa,bat,Cook Islands,Unknown,169,170,4,2
T20,2019-03-08,West Indies,England,"Warner Park, St Kitts",West Indies,field,England,Unknown,45,182,10,6
T20,2009-06-06,Bangladesh,India,Trent Bridge,India,bat,India,Unknown,155,180,8,5
T20,2022-11-16,Bahrain,Saudi Arabia,Al Amerat Cricket Ground Oman Cricket (Ministry Turf 1),Saudi Arabia,field,Bahrain,Unknown,170,117,4,8
T20,2024-10-10,Malawi,Rwanda,"TCA Oval, Blantyre",Rwanda,field,Rwanda,Unknown,109,113,10,1
T20,2016-02-03,United Arab Emirates,Netherlands,ICC Academy,United Arab Emirates,field,Netherlands,Unknown,73,157,10,5
T20,2014-03-27,England,Sri Lanka,Zahur Ahmed Chowdhury Stadium,England,field,England,Unknown,190,189,4,4
T20,2023-11-20,Cambodia,Indonesia,Udayana Cricket Ground,Cambodia,bat,Indonesia,Unknown,134,136,7,3
T20,2025-06-15,Finland,Norway,"Ishoj Cricket Club, Vejledalen",Finland,bat,Finland,Unknown,168,146,8,10
T20,2022-07-06,Maldives,Malaysia,"UKM-YSD Cricket Oval, Bangi",Malaysia,field,Malaysia,Unknown,57,59,8,2
T20,2012-07-01,New Zealand,West Indies,Central Broward Regional Park Stadium Turf Ground,West Indies,bat,West Indies,Unknown,116,177,10,5
T20,2022-09-15,Vanuatu,Cook Islands,"Independence Park, Port Vila",Cook Islands,field,Vanuatu,Unknown,160,123,4,10
T20,2021-04-14,South Africa,Pakistan,"SuperSport Park, Centurion",Pakistan,field,Pakistan,Unknown,203,205,5,1
T20,2023-03-26,West Indies,South Africa,"SuperSport Park, Centurion",South Africa,field,South Africa,Unknown,258,259,5,4
T20,2019-10-29,United Arab Emirates,Netherlands,Dubai International Cricket Stadium,United Arab Emirates,bat,Netherlands,Unknown,80,81,9,2
T20,2025-10-09,Kuwait,Japan,Al Amerat Cricket Ground Oman Cricket (Ministry Turf 1),Japan,field,Japan,Unknown,177,178,6,5
T20,2022-07-09,Bulgaria,Serbia,Lisicji Jarak Cricket Ground,Serbia,field,Bulgaria,Unknown,206,111,5,10
T20,2019-10-23,Kenya,Singapore,ICC Academy Ground No 2,Singapore,bat,Kenya,Unknown,159,157,3,9
T20,2022-05-07,Denmark,Finland,"Svanholm Park, Brondby",Finland,field,Finland,Unknown,137,142,8,7
T20,2025-08-08,Norway,France,"Botkyrka Cricket Center, Stockholm",France,field,Norway,Unknown,138,116,5,7
T20,2022-09-11,Vanuatu,Cook Islands,"Independence Park, Port Vila",Vanuatu,bat,Cook Islands,Unknown,127,128,10,5
T20,2026-07-29,Turkey,France,"Moara Vlasiei Cricket Ground, Ilfov County",Turkey,bat,France,Unknown,75,79,10,3
T20,2025-12-23,Indonesia,Cambodia,Udayana Cricket Ground,Cambodia,field,Indonesia,Unknown,167,107,5,10
T20,2025-03-11,Hong Kong,Bahrain,"Bayuemas Oval, Kuala Lumpur",Hong Kong,bat,Bahrain,Unknown,118,121,8,2
T20,2024-11-08,India,South Africa,"Kingsmead, Durban",South Africa,field,India,Unknown,202,141,8,10
T20,2023-07-22,Vanuatu,Papua New Guinea,"Amini Park, Port Moresby",Vanuatu,bat,Papua New Guinea,Unknown,71,75,8,1
T20,2026-08-17,Spain,Luxembourg,Tikkurila Cricket Ground,Luxembourg,field,Spain,Unknown,206,65,6,10
T20,2011-10-11,Bangladesh,West Indies,Shere Bangla National Stadium,Bangladesh,field,Bangladesh,Unknown,135,132,7,8
T20,2012-03-22,Canada,Ireland,Dubai International Cricket Stadium,Canada,bat,Ireland,Unknown,106,109,8,0
T20,2026-03-04,South Africa,New Zealand,"Eden Gardens, Kolkata",New Zealand,field,New Zealand,Unknown,169,173,8,1
T20,2023-09-27,Nepal,Mongolia,Zhejiang University of Technology Cricket Field,Mongolia,field,Nepal,Unknown,314,41,3,10
T20,2026-07-19,Zimbabwe,Bangladesh,"Queens Sports Club, Bulawayo",Zimbabwe,bat,Bangladesh,Unknown,143,144,7,6
T20,2022-09-25,Pakistan,England,"National Stadium, Karachi",England,field,Pakistan,Unknown,166,163,4,10
T20,2015-11-22,United Arab Emirates,Oman,Sheikh Zayed Stadium,United Arab Emirates,field,United Arab Emirates,Unknown,134,133,3,8
T20,2023-07-29,Philippines,Vanuatu,"Amini Park, Port Moresby",Philippines,bat,Vanuatu,Unknown,94,98,10,7
T20,2014-02-14,Bangladesh,Sri Lanka,Zahur Ahmed Chowdhury Stadium,Bangladesh,bat,Sri Lanka,Unknown,120,123,10,7
T20,2022-11-21,Oman,Canada,Al Amerat Cricket Ground Oman Cricket (Ministry Turf 1),Canada,field,Canada,Unknown,137,139,10,2
T20,2023-07-12,Luxembourg,France,Marsa Sports Club,Luxembourg,bat,France,Unknown,110,113,10,1
T20,2026-05-07,Malta,Gibraltar,Marsa Sports Club,Gibraltar,field,Malta,Unknown,231,181,4,7
T20,2024-08-21,Denmark,Czech Republic,"King George V Sports Ground, Castel",Denmark,bat,Denmark,Unknown,225,107,6,8
T20,2010-05-10,Pakistan,South Africa,"Beausejour Stadium, Gros Islet",Pakistan,bat,Pakistan,Unknown,148,137,7,7
T20,2026-01-07,Sri Lanka,Pakistan,Rangiri Dambulla International Stadium,Pakistan,field,Pakistan,Unknown,128,129,10,4
T20,2025-08-24,Belgium,Austria,"Velden Cricket Ground, Latschach",Belgium,bat,Austria,Unknown,144,146,9,6
T20,2023-02-25,Bermuda,Cayman Islands,"St Albans Club, Buenos Aires",Bermuda,bat,Bermuda,Unknown,173,77,3,9
T20,2025-07-07,South Korea,Philippines,Udayana Cricket Ground,Philippines,field,Philippines,Unknown,80,81,10,3
T20,2025-12-23,Indonesia,Cambodia,Udayana Cricket Ground,Indonesia,bat,Indonesia,Unknown,141,138,6,7
T20,2024-11-19,United Arab Emirates,Bhutan,University of Doha for Science and Technology,Bhutan,field,United Arab Emirates,Unknown,166,103,6,8
T20,2025-12-05,Nigeria,Sierra Leone,"Nigeria Cricket Federation Oval 1, Abuja",Nigeria,bat,Nigeria,Unknown,177,141,6,5
T20,2012-10-04,Sri Lanka,Pakistan,R Premadasa Stadium,Sri Lanka,bat,Sri Lanka,Unknown,139,123,4,7
T20,2019-10-22,Namibia,Scotland,ICC Academy,Namibia,bat,Namibia,Unknown,159,135,6,8
T20,2023-08-22,Uganda,Rwanda,"Gahanga International Cricket Stadium, Rwanda",Rwanda,field,Uganda,Unknown,186,125,10,10
T20,2024-05-12,Japan,Mongolia,Sano International Cricket Ground,Japan,bat,Japan,Unknown,232,75,5,10
T20,2026-06-22,Namibia,Hong Kong,"Namibia Cricket Ground, Windhoek",Namibia,bat,Namibia,Unknown,230,200,6,6
T20,2017-10-26,South Africa,Bangladesh,Mangaung Oval,South Africa,bat,South Africa,Unknown,195,175,4,9
T20,2023-08-28,Uganda,Tanzania,"Gahanga International Cricket Stadium, Rwanda",Uganda,bat,Uganda,Unknown,180,121,6,10
T20,2007-09-20,South Africa,India,Kingsmead,India,bat,India,Unknown,116,153,9,5
T20,2022-06-19,India,South Africa,"M Chinnaswamy Stadium, Bangalore",South Africa,field,no result,no result,28,0,2,0
T20,2022-10-07,Pakistan,Bangladesh,"Hagley Oval, Christchurch",Bangladesh,field,Pakistan,Unknown,167,146,5,8
T20,2025-10-04,Uganda,Nigeria,"Takashinga Sports Club, Highfield, Harare",Uganda,bat,Uganda,Unknown,196,130,7,7
T20,2024-08-31,Mongolia,Hong Kong,"Bayuemas Oval, Kuala Lumpur",Hong Kong,field,Hong Kong,Unknown,17,18,10,1
T20,2021-07-29,India,Sri Lanka,"R Premadasa Stadium, Colombo",India,bat,Sri Lanka,Unknown,81,82,8,3
T20,2019-10-19,United Arab Emirates,Ireland,Sheikh Zayed Stadium,United Arab Emirates,field,United Arab Emirates,Unknown,129,125,5,10
T20,2026-03-15,Mexico,Suriname,"Jimmy Powell Oval, Cayman Islands",Suriname,field,Suriname,Unknown,126,127,9,6
T20,2020-11-29,New Zealand,West Indies,Bay Oval,West Indies,field,New Zealand,Unknown,238,166,3,9
T20,2022-07-20,New Zealand,Ireland,"Civil Service Cricket Club, Stormont, Belfast",Ireland,field,New Zealand,Unknown,179,91,4,10
T20,2025-10-16,Samoa,Qatar,Al Amerat Cricket Ground Oman Cricket (Ministry Turf 1),Qatar,field,Qatar,Unknown,126,128,9,2
T20,2024-12-15,Bermuda,Bahamas,"Belgrano Athletic Club Ground, Buenos Aires",Bermuda,bat,Bermuda,Unknown,179,117,4,9
T20,2014-02-19,West Indies,Ireland,"Sabina Park, Kingston",West Indies,bat,Ireland,Unknown,116,117,8,4
T20,2025-07-08,Bahrain,Tanzania,"TCA Oval, Blantyre",Tanzania,field,Tanzania,Unknown,209,215,5,4
T20,2022-06-29,Israel,Spain,"Meersen, Gent",Israel,bat,Spain,Unknown,114,115,9,3
T20,2010-05-02,Australia,Pakistan,"Beausejour Stadium, Gros Islet",Australia,bat,Australia,Unknown,191,157,10,10
T20,2024-06-24,India,Australia,"Daren Sammy National Cricket Stadium, Gros Islet, St Lucia",Australia,field,India,Unknown,205,181,5,7
T20,2026-05-23,Guernsey,Jersey,Happy Valley Ground 2,Guernsey,bat,Jersey,Unknown,139,140,5,6
T20,2021-03-20,India,England,Narendra Modi Stadium,England,field,India,Unknown,224,188,2,8
T20,2016-01-29,Australia,India,Melbourne Cricket Ground,Australia,field,India,Unknown,157,184,8,3
T20,2022-07-07,Bangladesh,West Indies,"Providence Stadium, Guyana",Bangladesh,bat,West Indies,Unknown,163,169,5,5
T20,2022-10-21,West Indies,Ireland,"Bellerive Oval, Hobart",West Indies,bat,Ireland,Unknown,146,150,5,1
T20,2025-10-12,Nepal,United Arab Emirates,Al Amerat Cricket Ground Oman Cricket (Ministry Turf 1),Nepal,bat,Nepal,Unknown,140,139,6,9
T20,2007-09-18,Australia,Pakistan,New Wanderers Stadium,Pakistan,field,Pakistan,Unknown,164,165,7,4
T20,2012-02-23,England,Pakistan,Dubai International Cricket Stadium,England,field,Pakistan,Unknown,136,144,6,6
T20,2024-05-11,Malta,Belgium,Dreux Sport Cricket Club,Malta,bat,Belgium,Unknown,163,167,8,3
T20,2023-07-28,Thailand,Myanmar,"Bayuemas Oval, Kuala Lumpur",Myanmar,field,Thailand,Unknown,140,39,6,10
T20,2026-02-26,Bahrain,Japan,"Terdthai Cricket Ground, Bangkok",Bahrain,bat,Japan,Unknown,87,88,10,2
T20,2018-02-18,England,New Zealand,Seddon Park,New Zealand,field,England,Unknown,194,192,7,4
T20,2010-02-20,England,Pakistan,Dubai International Cricket Stadium,Pakistan,field,Pakistan,Unknown,148,149,6,6
T20,2022-07-19,Isle of Man,Italy,Kerava National Cricket Ground,Italy,field,Italy,Unknown,101,102,8,3
T20,2024-08-19,Samoa,Cook Islands,"Faleata Oval No 2, Apia",Cook Islands,field,Cook Islands,Unknown,104,105,10,3
T20,2016-02-28,Bangladesh,Sri Lanka,Shere Bangla National Stadium,Bangladesh,bat,Bangladesh,Unknown,147,124,7,8
T20,2022-09-18,Uganda,Mozambique,"Willowmoore Park, Benoni",Uganda,bat,Uganda,Unknown,162,124,7,9
T20,2019-10-18,Kenya,Netherlands,ICC Academy,Netherlands,bat,Netherlands,Unknown,136,166,8,4
T20,2026-02-10,Namibia,Netherlands,"Arun Jaitley Stadium, Delhi",Netherlands,field,Netherlands,Unknown,156,159,8,3
T20,2019-06-28,Malaysia,Maldives,Kinrara Academy Oval,Malaysia,bat,no result,no result,123,0,5,0
T20,2022-11-15,Oman,Bahrain,Al Amerat Cricket Ground Oman Cricket (Ministry Turf 1),Bahrain,field,Bahrain,Unknown,134,139,8,4
T20,2026-02-11,Australia,Ireland,"R Premadasa Stadium, Colombo",Australia,bat,Australia,Unknown,182,115,6,10
T20,2026-02-20,Oman,Australia,Pallekele International Cricket Stadium,Australia,field,Australia,Unknown,104,108,10,1
T20,2026-03-09,Lesotho,Botswana,"Botswana Cricket Association Oval 1, Gaborone",Botswana,field,Botswana,Unknown,60,61,10,4
T20,2019-10-26,Namibia,Singapore,Dubai International Cricket Stadium,Singapore,field,Namibia,Unknown,191,104,8,10
T20,2024-07-13,Zimbabwe,India,Harare Sports Club,India,field,India,Unknown,152,156,7,0
T20,2025-09-12,Eswatini,Mozambique,Malkerns Country Club oval,Eswatini,bat,Eswatini,Unknown,160,129,8,9
T20,2021-10-19,Germany,Jersey,"Desert Springs Cricket Ground, Almeria",Germany,bat,Jersey,Unknown,85,86,10,6
T20,2024-04-13,Malaysia,Saudi Arabia,Al Amerat Cricket Ground Oman Cricket (Ministry Turf 2),Malaysia,bat,Malaysia,Unknown,146,134,7,10
T20,2016-01-17,Bangladesh,Zimbabwe,Sheikh Abu Naser Stadium,Bangladesh,bat,Bangladesh,Unknown,167,125,4,8
T20,2025-07-23,Rwanda,Malawi,"Gahanga International Cricket Stadium, Rwanda",Malawi,field,Malawi,Unknown,111,115,10,4
T20,2023-11-22,Kenya,Rwanda,"United Cricket Club Ground, Windhoek",Rwanda,field,Kenya,Unknown,154,137,3,4
T20,2019-12-08,India,West Indies,Greenfield International Stadium,West Indies,field,West Indies,Unknown,170,173,7,2
T20,2026-08-17,Greece,Portugal,Kerava National Cricket Ground,Portugal,field,Portugal,Unknown,121,124,10,3
T20,2025-07-09,Netherlands,Guernsey,"Sportpark Westvliet, Voorburg",Netherlands,bat,Netherlands,Unknown,172,99,1,9
T20,2008-02-05,New Zealand,England,Eden Park,New Zealand,field,England,Unknown,152,184,10,8
T20,2011-06-25,England,Sri Lanka,County Ground,Sri Lanka,field,Sri Lanka,Unknown,136,137,9,1
T20,2023-03-28,West Indies,South Africa,"The Wanderers Stadium, Johannesburg",South Africa,field,West Indies,Unknown,220,213,8,6
T20,2024-03-14,Scotland,United Arab Emirates,Dubai International Cricket Stadium,United Arab Emirates,field,Scotland,Unknown,94,62,10,10
T20,2024-06-09,Portugal,Hungary,"Simar Cricket Ground, Rome",Hungary,field,Portugal,Unknown,147,132,9,5
T20,2025-10-03,Australia,New Zealand,"Bay Oval, Mount Maunganui",New Zealand,field,no result,no result,16,0,1,0
T20,2021-09-03,Bulgaria,Malta,"Moara Vlasiei Cricket Ground, Ilfov County",Bulgaria,bat,Malta,Unknown,112,113,9,3
T20,2024-06-19,Estonia,Cyprus,Happy Valley Ground,Estonia,bat,Estonia,Unknown,186,155,5,10
T20,2025-07-23,Bahrain,Malawi,"Gahanga International Cricket Stadium, Rwanda",Bahrain,bat,Bahrain,Unknown,176,131,4,10
T20,2012-10-30,Sri Lanka,New Zealand,Pallekele International Cricket Stadium,Sri Lanka,field,no result,no result,6,74,0,7
T20,2013-05-11,Zimbabwe,Bangladesh,Queens Sports Club,Zimbabwe,bat,Zimbabwe,Unknown,168,162,5,8
T20,2026-04-17,Scotland,Namibia,"Namibia Cricket Ground, Windhoek",Namibia,field,Scotland,Unknown,157,138,8,7
T20,2026-05-02,Bangladesh,New Zealand,"Shere Bangla National Stadium, Mirpur",New Zealand,field,New Zealand,Unknown,102,104,10,4
T20,2023-07-12,Malta,Luxembourg,Marsa Sports Club,Malta,bat,Luxembourg,Unknown,163,164,5,6
T20,2026-02-25,Bhutan,Bahrain,"Terdthai Cricket Ground, Bangkok",Bhutan,bat,Bahrain,Unknown,91,95,10,6
T20,2014-04-04,India,South Africa,Shere Bangla National Stadium,South Africa,bat,India,Unknown,176,172,4,4
T20,2021-10-20,Swaziland,Seychelles,Gahanga International Cricket Stadium. Rwanda,Swaziland,bat,Seychelles,Unknown,128,130,7,3
T20,2024-10-17,Nepal,United States of America,"Grand Prairie Stadium, Dallas",United States of America,field,Nepal,Unknown,164,147,9,7
T20,2025-05-30,Pakistan,Bangladesh,"Gaddafi Stadium, Lahore",Pakistan,bat,Pakistan,Unknown,201,144,6,9
T20,2024-05-08,Japan,Mongolia,Sano International Cricket Ground,Japan,bat,Japan,Unknown,217,12,7,10
T20,2024-06-23,Jersey,Guernsey,"Guernsey Rovers Athletic Club Ground, Port Soif",Guernsey,field,Guernsey,Unknown,148,149,8,6
T20,2012-07-18,Ireland,Bangladesh,"Civil Service Cricket Club, Stormont",Ireland,field,Bangladesh,Unknown,119,190,8,5
T20,2026-02-01,Pakistan,Australia,"Gaddafi Stadium, Lahore",Pakistan,bat,Pakistan,Unknown,207,96,6,9
T20,2021-10-16,Denmark,Germany,"Desert Springs Cricket Ground, Almeria",Denmark,bat,Germany,Unknown,110,112,6,4
T20,2025-06-14,Denmark,Sweden,Koge Cricket Club,Denmark,bat,Denmark,Unknown,166,148,10,9
T20,2021-11-08,Namibia,India,Dubai International Cricket Stadium,India,field,India,Unknown,132,136,8,1
T20,2025-04-10,Kuwait,Nepal,"Mission Road Ground, Mong Kok, Hong Kong",Nepal,field,Nepal,Unknown,185,186,8,4
T20,2025-07-25,Hungary,Romania,"GB Oval, Szodliget",Hungary,bat,Romania,Unknown,93,94,10,0
T20,2026-04-07,Indonesia,Sweden,Udayana Cricket Ground,Indonesia,bat,Sweden,Unknown,125,127,9,6
T20,2022-07-28,Slovenia,Guernsey,Kerava National Cricket Ground,Guernsey,field,Guernsey,Unknown,55,60,10,1
T20,2024-11-23,United Arab Emirates,Thailand,University of Doha for Science and Technology,United Arab Emirates,bat,United Arab Emirates,Unknown,192,37,7,10
T20,2020-11-27,West Indies,New Zealand,Eden Park,New Zealand,field,New Zealand,Unknown,180,179,7,5
T20,2015-10-02,India,South Africa,Himachal Pradesh Cricket Association Stadium,South Africa,field,South Africa,Unknown,199,200,5,3
T20,2025-07-24,Pakistan,Bangladesh,"Shere Bangla National Stadium, Mirpur",Bangladesh,field,Pakistan,Unknown,178,104,7,10
T20,2010-02-03,New Zealand,Bangladesh,Seddon Park,Bangladesh,bat,New Zealand,Unknown,79,78,0,10
T20,2023-10-03,Pakistan,Hong Kong,Zhejiang University of Technology Cricket Field,Hong Kong,field,Pakistan,Unknown,160,92,10,10
T20,2019-09-28,Singapore,Nepal,Indian Association Ground,Singapore,bat,Nepal,Unknown,151,154,3,1
T20,2023-06-24,Croatia,Serbia,"National Sports Academy, Sofia",Croatia,bat,Serbia,Unknown,76,77,10,1
T20,2023-08-25,Uganda,Tanzania,"Gahanga International Cricket Stadium, Rwanda",Uganda,bat,Uganda,Unknown,161,142,10,6
T20,2023-08-17,New Zealand,United Arab Emirates,Dubai International Cricket Stadium,United Arab Emirates,field,New Zealand,Unknown,155,136,6,10
T20,2025-06-14,Sweden,Finland,"Ishoj Cricket Club, Vejledalen",Finland,field,Sweden,Unknown,161,90,6,10
T20,2021-03-12,India,England,Narendra Modi Stadium,England,field,England,Unknown,124,130,7,2
T20,2025-01-25,England,India,"MA Chidambaram Stadium, Chepauk, Chennai",India,field,India,Unknown,165,166,9,8
T20,2019-07-27,Kuwait,Nepal,Indian Association Ground,Nepal,field,Nepal,Unknown,141,143,9,3
T20,2022-05-15,Romania,Malta,Marsa Sports Club,Romania,bat,Romania,Unknown,171,162,6,7
T20,2025-04-09,Portugal,Norway,Santarem Cricket Ground,Portugal,bat,Portugal,Unknown,189,135,8,9
T20,2023-09-15,Saudi Arabia,Kuwait,"West End Park International Cricket Stadium, Doha",Saudi Arabia,bat,Kuwait,Unknown,142,143,9,5
T20,2021-10-08,Papua New Guinea,Scotland,"ICC Academy, Dubai",Papua New Guinea,bat,Scotland,Unknown,154,156,5,3
T20,2022-07-16,Finland,Greece,Kerava National Cricket Ground,Greece,field,Finland,Unknown,183,146,7,10
T20,2022-07-27,Switzerland,Estonia,Kerava National Cricket Ground,Switzerland,bat,Switzerland,Unknown,173,142,4,3
T20,2022-07-12,Hong Kong,Netherlands,"Queens Sports Club, Bulawayo",Hong Kong,bat,Netherlands,Unknown,116,117,10,3
T20,2024-09-06,Kuwait,Singapore,"YSD-UKM Cricket Oval, Bangi",Singapore,field,Singapore,Unknown,152,156,9,5
T20,2024-12-17,Oman,Bahrain,"ICC Academy, Dubai",Bahrain,field,Oman,Unknown,130,128,8,8
T20,2016-02-09,India,Sri Lanka,Maharashtra Cricket Association Stadium,Sri Lanka,field,Sri Lanka,Unknown,101,105,10,5
T20,2009-08-30,England,Australia,Old Trafford,England,field,no result,no result,4,145,2,4
T20,2025-06-15,West Indies,Ireland,"Bready Cricket Club, Magheramason, Bready",Ireland,field,West Indies,Unknown,256,194,5,7
T20,2006-01-09,Australia,South Africa,"Brisbane Cricket Ground, Woolloongabba",Australia,bat,Australia,Unknown,209,114,3,10
T20,2025-04-10,Hong Kong,Qatar,"Mission Road Ground, Mong Kok, Hong Kong",Qatar,field,Hong Kong,Unknown,197,129,7,10
T20,2021-09-11,Nigeria,Kenya,Entebbe Cricket Oval,Nigeria,bat,Kenya,Unknown,107,108,8,2
T20,2024-11-19,Thailand,Qatar,"West End Park International Cricket Stadium, Doha",Qatar,field,Qatar,Unknown,122,123,7,5
T20,2014-10-05,Australia,Pakistan,Dubai International Cricket Stadium,Pakistan,bat,Australia,Unknown,97,96,4,9
T20,2015-10-05,India,South Africa,Barabati Stadium,South Africa,field,South Africa,Unknown,92,96,10,4
T20,2016-02-19,Hong Kong,Oman,Khan Shaheb Osman Ali Stadium,Oman,bat,Oman,Unknown,175,180,7,5
T20,2024-09-09,Hong Kong,Kuwait,"YSD-UKM Cricket Oval, Bangi",Kuwait,field,no result,no result,139,11,9,2
T20,2023-06-17,Botswana,Uganda,"Gymkhana Club Ground, Nairobi",Botswana,bat,Uganda,Unknown,64,65,10,3
T20,2023-05-21,Sweden,Finland,"Solvangs Park, Glostrup",Finland,field,tie,tie,109,111,11,9
T20,2010-02-10,Canada,Kenya,Dubai International Cricket Stadium,Kenya,field,Kenya,Unknown,138,141,9,1
T20,2022-09-25,Australia,India,"Rajiv Gandhi International Stadium, Uppal, Hyderabad",India,field,India,Unknown,186,187,7,4
T20,2025-12-19,India,South Africa,"Narendra Modi Stadium, Ahmedabad",South Africa,field,India,Unknown,231,201,5,8
T20,2015-07-17,Zimbabwe,India,Harare Sports Club,India,bat,India,Unknown,124,178,7,5
T20,2022-04-29,Norway,Guernsey,"Desert Springs Cricket Ground, Almeria",Norway,bat,Norway,Unknown,137,100,7,7
T20,2022-08-14,Bahrain,Kuwait,Al Amerat Cricket Ground Oman Cricket (Ministry Turf 1),Kuwait,field,Kuwait,Unknown,153,154,6,5
T20,2022-01-29,England,West Indies,"Kensington Oval, Bridgetown, Barbados",West Indies,field,England,Unknown,193,159,6,5
T20,2022-04-02,Nepal,Malaysia,"Tribhuvan University International Cricket Ground, Kirtipur",Malaysia,field,Nepal,Unknown,223,138,5,10
T20,2023-10-08,Sierra Leone,Nigeria,"Tafawa Balewa Square Cricket Oval, Lagos",Sierra Leone,bat,Nigeria,Unknown,49,50,10,1
T20,2023-11-27,Kenya,Namibia,"United Cricket Club Ground, Windhoek",Namibia,field,Namibia,Unknown,104,106,6,4
T20,2011-10-17,Zimbabwe,New Zealand,Harare Sports Club,Zimbabwe,field,New Zealand,Unknown,154,187,10,3
T20,2022-11-24,Mali,Rwanda,Integrated Polytechnic Regional Centre,Rwanda,field,Rwanda,Unknown,30,34,10,0
T20,2022-03-29,Malaysia,Papua New Guinea,"Tribhuvan University International Cricket Ground, Kirtipur",Malaysia,bat,Malaysia,Unknown,180,172,3,10
T20,2026-08-31,Zimbabwe,Namibia,"Namibia Cricket Ground, Windhoek",Namibia,field,Zimbabwe,Unknown,195,190,6,10
T20,2024-06-01,Canada,United States of America,"Grand Prairie Stadium, Dallas",United States of America,field,United States of America,Unknown,194,197,5,3
T20,2017-06-25,England,South Africa,Sophia Gardens,South Africa,field,England,Unknown,181,162,8,7
T20,2024-09-05,Mongolia,Singapore,"YSD-UKM Cricket Oval, Bangi",Singapore,field,Singapore,Unknown,10,13,10,1
T20,2026-06-22,Panama,Brazil,"White Hill Field, Sandys Parish",Brazil,field,Panama,Unknown,155,86,4,8
T20,2019-03-22,South Africa,Sri Lanka,SuperSport Park,Sri Lanka,field,South Africa,Unknown,180,164,3,9
T20,2025-06-21,Hungary,Slovenia,"GB Oval, Szodliget",Hungary,bat,Hungary,Unknown,214,92,7,9
T20,2024-09-26,Japan,Philippines,"Yeonhui Cricket Ground, Incheon",Japan,bat,Japan,Unknown,109,62,6,8
T20,2025-10-20,England,New Zealand,"Hagley Oval, Christchurch",New Zealand,field,England,Unknown,236,171,4,10
T20,2016-03-21,Australia,Bangladesh,M Chinnaswamy Stadium,Australia,field,Australia,Unknown,157,156,7,5
T20,2024-12-14,Argentina,Mexico,"Belgrano Athletic Club Ground, Buenos Aires",Mexico,field,Argentina,Unknown,121,98,8,10
T20,2019-03-24,South Africa,Sri Lanka,The Wanderers Stadium,Sri Lanka,field,South Africa,Unknown,198,137,2,10
T20,2026-08-11,Germany,Finland,Kerava National Cricket Ground,Germany,bat,Germany,Unknown,137,89,8,6
T20,2025-10-18,England,New Zealand,"Hagley Oval, Christchurch",New Zealand,field,no result,no result,153,0,6,0
T20,2024-02-15,Hong Kong,Japan,"Mission Road Ground, Mong Kok, Hong Kong",Hong Kong,bat,Hong Kong,Unknown,155,128,10,10
T20,2025-08-02,Switzerland,Estonia,Estonian National Cricket and Rugby Field,Switzerland,bat,Switzerland,Unknown,162,90,8,10
T20,2024-03-06,Sri Lanka,Bangladesh,Sylhet International Cricket Stadium,Bangladesh,field,Bangladesh,Unknown,165,170,5,2
T20,2021-04-05,Namibia,Uganda,"Wanderers Cricket Ground, Windhoek",Namibia,bat,Namibia,Unknown,189,124,3,10
T20,2024-10-13,Sri Lanka,West Indies,Rangiri Dambulla International Stadium,West Indies,field,West Indies,Unknown,179,180,7,5
T20,2022-08-23,Kuwait,Hong Kong,Al Amerat Cricket Ground Oman Cricket (Ministry Turf 1),Hong Kong,field,Hong Kong,Unknown,151,153,9,2
T20,2024-10-29,Bahrain,Uganda,Jinja Cricket Ground,Bahrain,bat,Uganda,Unknown,89,93,10,2
T20,2022-05-15,Czech Republic,Hungary,Marsa Sports Club,Hungary,field,Czech Republic,Unknown,221,151,5,6
T20,2026-07-28,Israel,Austria,"Moara Vlasiei Cricket Ground, Ilfov County",Israel,bat,Austria,Unknown,96,99,10,3
T20,2022-10-14,New Zealand,Pakistan,"Hagley Oval, Christchurch",Pakistan,field,Pakistan,Unknown,163,168,7,5
T20,2025-10-23,New Zealand,England,"Eden Park, Auckland",England,field,no result,no result,38,0,1,0
T20,2020-09-06,Australia,England,The Rose Bowl,Australia,bat,England,Unknown,157,158,7,4
T20,2016-08-28,India,West Indies,Central Broward Regional Park Stadium Turf Ground,India,field,no result,no result,15,143,0,10
T20,2023-07-27,China,Thailand,"Bayuemas Oval, Kuala Lumpur",Thailand,field,Thailand,Unknown,26,27,10,1
T20,2023-11-22,Tanzania,Uganda,"Wanderers Cricket Ground, Windhoek",Uganda,field,Uganda,Unknown,99,105,7,2
T20,2022-05-14,Gibraltar,Romania,Marsa Sports Club,Gibraltar,bat,Romania,Unknown,141,142,10,2
T20,2024-03-11,Malaysia,Bahrain,"Bayuemas Oval, Kuala Lumpur",Malaysia,bat,Bahrain,Unknown,77,82,9,2
T20,2026-06-25,Brazil,Bahamas,"White Hill Field, Sandys Parish",Bahamas,field,Bahamas,Unknown,111,113,10,4
T20,2022-10-05,West Indies,Australia,Carrara Oval,Australia,field,Australia,Unknown,145,146,9,7
T20,2014-11-24,Hong Kong,Nepal,P Sara Oval,Hong Kong,field,Hong Kong,Unknown,73,72,8,10
T20,2008-08-04,Netherlands,Scotland,"Civil Service Cricket Club, Stormont",Netherlands,field,Netherlands,Unknown,110,107,5,8
T20,2010-04-30,West Indies,Ireland,Providence Stadium,West Indies,bat,West Indies,Unknown,138,68,9,10
T20,2024-12-16,Saudi Arabia,Bahrain,"ICC Academy, Dubai",Bahrain,field,Bahrain,Unknown,113,119,9,2
T20,2024-03-10,Bahrain,Vanuatu,"Bayuemas Oval, Kuala Lumpur",Bahrain,bat,Bahrain,Unknown,166,110,4,10
T20,2022-07-24,Guernsey,Bulgaria,Tikkurila Cricket Ground,Bulgaria,field,Guernsey,Unknown,130,78,8,10
T20,2025-05-21,Bangladesh,United Arab Emirates,Sharjah Cricket Stadium,United Arab Emirates,field,United Arab Emirates,Unknown,162,166,9,3
T20,2022-05-21,Namibia,Zimbabwe,"Queens Sports Club, Bulawayo",Namibia,bat,Zimbabwe,Unknown,128,129,8,2
T20,2021-08-07,Bangladesh,Australia,"Shere Bangla National Stadium, Mirpur",Bangladesh,bat,Australia,Unknown,104,105,9,7
T20,2023-11-25,Kenya,Tanzania,"Wanderers Cricket Ground, Windhoek",Tanzania,field,Kenya,Unknown,182,132,3,10
T20,2024-10-01,Nepal,Canada,"Maple Leaf North-West Ground, King City",Canada,field,Canada,Unknown,139,140,6,6
T20,2024-04-14,Saudi Arabia,Hong Kong,Al Amerat Cricket Ground Oman Cricket (Ministry Turf 2),Saudi Arabia,bat,Saudi Arabia,Unknown,202,147,8,10
T20,2026-06-06,Mozambique,Eswatini,Malkerns Country Club oval,Mozambique,bat,Eswatini,Unknown,190,191,7,7
T20,2025-12-04,Nigeria,Zambia,"Nigeria Cricket Federation Oval 1, Abuja",Zambia,field,Nigeria,Unknown,138,119,8,10
T20,2012-09-30,India,Pakistan,R Premadasa Stadium,Pakistan,bat,India,Unknown,129,128,2,10
T20,2020-02-23,Malaysia,Hong Kong,Kinrara Academy Oval,Malaysia,bat,Malaysia,Unknown,152,144,9,7
T20,2024-12-12,Suriname,Mexico,"St George's College Ground, Buenos Aires",Mexico,field,Mexico,Unknown,48,52,10,2
T20,2021-08-06,Bangladesh,Australia,"Shere Bangla National Stadium, Mirpur",Bangladesh,bat,Bangladesh,Unknown,127,117,9,4
T20,2026-08-08,Brazil,Mexico,"Los Pinos Polo Club 1, Cundinamarca",Mexico,field,Brazil,Unknown,113,69,7,10
T20,2020-01-24,Pakistan,Bangladesh,Gaddafi Stadium,Bangladesh,bat,Pakistan,Unknown,142,141,5,5
T20,2026-06-04,Nepal,Malaysia,Singapore National Cricket Ground,Malaysia,field,Nepal,Unknown,275,108,7,9
T20,2022-04-04,Nepal,Papua New Guinea,"Tribhuvan University International Cricket Ground, Kirtipur",Papua New Guinea,field,Nepal,Unknown,168,118,6,10
T20,2016-02-29,Pakistan,United Arab Emirates,Shere Bangla National Stadium,United Arab Emirates,bat,Pakistan,Unknown,131,129,3,6
T20,2007-09-24,India,Pakistan,New Wanderers Stadium,India,bat,India,Unknown,157,152,5,10
T20,2024-06-16,Sri Lanka,Netherlands,"Daren Sammy National Cricket Stadium, Gros Islet, St Lucia",Netherlands,field,Sri Lanka,Unknown,201,118,6,10
T20,2023-10-22,Hong Kong,United Arab Emirates,Mulpani Cricket Ground,United Arab Emirates,field,United Arab Emirates,Unknown,149,153,5,4
T20,2024-01-21,Pakistan,New Zealand,"Hagley Oval, Christchurch",Pakistan,bat,Pakistan,Unknown,134,92,8,10
T20,2021-09-10,Spain,Germany,"Desert Springs Cricket Ground, Almeria",Germany,field,Germany,Unknown,128,132,7,3
T20,2026-04-13,Sweden,Indonesia,Udayana Cricket Ground,Sweden,bat,Indonesia,Unknown,145,148,9,6
T20,2026-06-06,Mozambique,Lesotho,Malkerns Country Club oval,Mozambique,bat,Mozambique,Unknown,209,160,2,8
T20,2025-06-15,Sweden,Norway,"Ishoj Cricket Club, Vejledalen",Sweden,bat,Norway,Unknown,149,152,10,8
T20,2024-11-12,Indonesia,Myanmar,Udayana Cricket Ground,Myanmar,field,Indonesia,Unknown,192,56,1,10
T20,2021-10-23,Sierra Leone,Nigeria,University of Lagos Cricket Oval,Sierra Leone,bat,Nigeria,Unknown,84,85,5,1
T20,2023-07-23,Ireland,Austria,"Grange Cricket Club Ground, Raeburn Place, Edinburgh",Austria,field,Ireland,Unknown,226,98,4,10
T20,2025-12-08,Nigeria,Zambia,"Nigeria Cricket Federation Oval 1, Abuja",Zambia,field,Nigeria,Unknown,158,135,8,10
T20,2025-07-22,Bangladesh,Pakistan,"Shere Bangla National Stadium, Mirpur",Pakistan,field,Bangladesh,Unknown,133,125,10,10
T20,2023-11-02,Malaysia,Singapore,"Tribhuvan University International Cricket Ground, Kirtipur",Malaysia,bat,Malaysia,Unknown,198,138,4,10
T20,2025-09-21,Pakistan,India,Dubai International Cricket Stadium,India,field,India,Unknown,171,174,5,4
T20,2023-09-18,Saudi Arabia,Bahrain,"West End Park International Cricket Stadium, Doha",Saudi Arabia,bat,Bahrain,Unknown,110,114,10,4
T20,2017-09-13,Pakistan,ICC World XI,Gaddafi Stadium,Pakistan,bat,ICC World XI,Unknown,174,175,6,3
T20,2023-07-10,France,Malta,Marsa Sports Club,Malta,field,France,Unknown,115,106,10,10
T20,2025-07-06,Philippines,Indonesia,Udayana Cricket Ground,Indonesia,field,Philippines,Unknown,183,130,6,8
T20,2020-01-15,West Indies,Ireland,"National Cricket Stadium, Grenada",Ireland,bat,Ireland,Unknown,204,208,7,7
T20,2015-08-09,Zimbabwe,New Zealand,Harare Sports Club,Zimbabwe,field,New Zealand,Unknown,118,198,8,5
T20,2017-01-19,Oman,Scotland,Dubai International Cricket Stadium,Oman,bat,Scotland,Unknown,133,134,10,3
T20,2026-03-14,Cyprus,Austria,Happy Valley Ground 2,Austria,field,Cyprus,Unknown,174,127,9,10
T20,2022-07-15,Zimbabwe,Papua New Guinea,"Queens Sports Club, Bulawayo",Zimbabwe,bat,Zimbabwe,Unknown,199,172,5,8
T20,2026-05-13,Samoa,Papua New Guinea,Sano International Cricket Ground,Samoa,bat,Papua New Guinea,Unknown,112,115,10,8
T20,2026-07-10,Belgium,Serbia,"Svanholm Park, Brondby",Serbia,field,Belgium,Unknown,171,107,8,10
T20,2021-10-20,Rwanda,Lesotho,Integrated Polytechnic Regional Centre,Rwanda,bat,Rwanda,Unknown,102,80,8,7
T20,2026-05-23,Kenya,Mali,"Botswana Cricket Association Oval 2, Gaborone",Kenya,bat,Kenya,Unknown,247,75,5,10
T20,2025-05-19,Bangladesh,United Arab Emirates,Sharjah Cricket Stadium,United Arab Emirates,field,United Arab Emirates,Unknown,205,206,5,8
T20,2022-05-01,Spain,Guernsey,"Desert Springs Cricket Ground, Almeria",Spain,bat,Guernsey,Unknown,107,111,10,2
T20,2025-12-26,Cambodia,Indonesia,Udayana Cricket Ground,Indonesia,field,no result,no result,157,14,5,0
T20,2025-04-08,Norway,Portugal,Santarem Cricket Ground,Norway,bat,Portugal,Unknown,137,138,7,6
T20,2022-11-06,Italy,Spain,"Desert Springs Cricket Ground, Almeria",Italy,bat,Italy,Unknown,160,127,3,10
T20,2025-03-10,Malaysia,Bahrain,"Bayuemas Oval, Kuala Lumpur",Bahrain,field,Bahrain,Unknown,125,130,8,4
T20,2021-11-10,Bermuda,Bahamas,"Coolidge Cricket Ground, Antigua",Bahamas,field,Bermuda,Unknown,239,99,6,8
T20,2021-11-06,Botswana,Mozambique,Gahanga International Cricket Stadium. Rwanda,Botswana,bat,Botswana,Unknown,152,100,5,10
T20,2010-05-03,West Indies,England,Providence Stadium,West Indies,field,West Indies,Unknown,60,191,2,5
T20,2026-02-15,Qatar,Bahrain,"West End Park International Cricket Stadium, Doha",Qatar,bat,Qatar,Unknown,205,154,6,8
T20,2024-07-14,India,Zimbabwe,Harare Sports Club,Zimbabwe,field,India,Unknown,167,125,6,10
T20,2025-12-13,Nigeria,Rwanda,"Nigeria Cricket Federation Oval 1, Abuja",Nigeria,bat,Nigeria,Unknown,156,75,4,10
T20,2026-07-10,Turkey,Norway,Koge Cricket Club,Norway,field,Norway,Unknown,95,97,10,3
T20,2018-06-17,Scotland,Ireland,Sportpark Het Schootsveld,Scotland,bat,tie,tie,185,185,4,6
T20,2013-11-15,Pakistan,South Africa,Dubai International Cricket Stadium,South Africa,bat,South Africa,Unknown,144,150,9,5
T20,2021-04-16,South Africa,Pakistan,"SuperSport Park, Centurion",Pakistan,field,Pakistan,Unknown,144,149,10,7
T20,2014-03-28,Bangladesh,India,Shere Bangla National Stadium,India,field,India,Unknown,138,141,7,2
T20,2019-10-05,Pakistan,Sri Lanka,Gaddafi Stadium,Pakistan,field,Sri Lanka,Unknown,101,165,10,5
T20,2023-07-13,Romania,Switzerland,Marsa Sports Club,Switzerland,field,Switzerland,Unknown,134,139,5,4
T20,2019-06-15,Guernsey,Germany,King George V Sports Ground,Germany,field,Germany,Unknown,117,119,10,5
T20,2020-03-06,Sri Lanka,West Indies,Pallekele International Cricket Stadium,West Indies,field,West Indies,Unknown,155,158,6,3
T20,2022-07-31,Guernsey,France,Kerava National Cricket Ground,Guernsey,bat,Guernsey,Unknown,153,97,6,10
T20,2024-04-25,New Zealand,Pakistan,"Gaddafi Stadium, Lahore",Pakistan,field,New Zealand,Unknown,178,174,7,8
T20,2016-02-14,United Arab Emirates,Ireland,Sheikh Zayed Stadium,United Arab Emirates,field,Ireland,Unknown,100,134,10,8
T20,2026-06-08,Oman,Malaysia,Singapore National Cricket Ground,Malaysia,field,Malaysia,Unknown,90,91,10,2
T20,2026-06-01,Oman,Singapore,Singapore National Cricket Ground,Singapore,field,Oman,Unknown,149,143,7,6
T20,2024-04-05,Namibia,Oman,Al Amerat Cricket Ground Oman Cricket (Ministry Turf 1),Oman,field,Namibia,Unknown,164,140,4,9
T20,2024-06-29,India,South Africa,"Kensington Oval, Bridgetown, Barbados",India,bat,India,Unknown,176,169,7,8
T20,2025-12-06,Croatia,Spain,La Manga Club Top Ground,Spain,field,Spain,Unknown,55,58,10,1
T20,2025-06-18,Bahamas,Canada,"Maple Leaf North-West Ground, King City",Canada,field,Canada,Unknown,52,54,7,0
T20,2026-02-12,Sri Lanka,Oman,Pallekele International Cricket Stadium,Oman,field,Sri Lanka,Unknown,225,120,5,9
T20,2025-08-23,Belgium,Austria,"Velden Cricket Ground, Latschach",Austria,field,Austria,Unknown,215,216,4,4
T20,2023-07-13,France,Romania,Marsa Sports Club,France,bat,France,Unknown,191,103,3,10
T20,2024-08-24,Greece,Cyprus,"King George V Sports Ground, Castel",Greece,bat,Cyprus,Unknown,100,102,10,2
T20,2025-07-07,Indonesia,Philippines,Udayana Cricket Ground,Philippines,field,Indonesia,Unknown,160,115,5,10
T20,2022-07-15,Croatia,Greece,Tikkurila Cricket Ground,Greece,field,Croatia,Unknown,104,101,6,10
T20,2022-11-06,Netherlands,South Africa,Adelaide Oval,South Africa,field,Netherlands,Unknown,158,145,4,8
T20,2024-06-19,West Indies,England,"Daren Sammy National Cricket Stadium, Gros Islet, St Lucia",England,field,England,Unknown,180,181,5,2
T20,2025-12-06,Nigeria,Rwanda,"Nigeria Cricket Federation Oval 1, Abuja",Rwanda,field,Nigeria,Unknown,119,110,8,7
T20,2025-06-19,Bermuda,Bahamas,"Maple Leaf North-West Ground, King City",Bahamas,field,Bermuda,Unknown,114,88,6,2
T20,2020-02-23,South Africa,Australia,St George's Park,South Africa,bat,South Africa,Unknown,158,146,4,6
T20,2010-05-16,Australia,England,"Kensington Oval, Bridgetown",England,field,England,Unknown,147,148,6,3
T20,2015-06-23,England,New Zealand,Old Trafford,England,bat,England,Unknown,191,135,7,10
T20,2022-10-14,England,Australia,"Manuka Oval, Canberra",Australia,field,no result,no result,112,30,2,3
T20,2024-09-02,Myanmar,Mongolia,"YSD-UKM Cricket Oval, Bangi",Mongolia,field,Myanmar,Unknown,132,61,6,9
T20,2024-11-19,Myanmar,Indonesia,Udayana Cricket Ground,Myanmar,bat,Indonesia,Unknown,101,102,9,6
T20,2017-04-14,United Arab Emirates,Papua New Guinea,Sheikh Zayed Stadium,Papua New Guinea,bat,United Arab Emirates,Unknown,130,128,5,5
T20,2025-12-24,Cambodia,Indonesia,Udayana Cricket Ground,Indonesia,field,Indonesia,Unknown,112,116,5,2
T20,2025-07-19,Hong Kong,Samoa,Singapore National Cricket Ground,Hong Kong,bat,Hong Kong,Unknown,172,118,5,10
T20,2019-08-24,Cayman Islands,United States of America,"White Hill Field, Sandys Parish",Cayman Islands,bat,United States of America,Unknown,66,70,9,1
T20,2024-11-24,Nigeria,Ivory Coast,"Tafawa Balewa Square Cricket Oval, Lagos",Nigeria,bat,Nigeria,Unknown,271,7,4,10
T20,2023-08-24,Uganda,Rwanda,"Gahanga International Cricket Stadium, Rwanda",Rwanda,field,Uganda,Unknown,192,106,6,10
T20,2024-02-03,Bhutan,Saudi Arabia,"Terdthai Cricket Ground, Bangkok",Saudi Arabia,field,Saudi Arabia,Unknown,89,93,10,2
T20,2018-11-23,Australia,India,Melbourne Cricket Ground,India,field,no result,no result,132,0,7,0
T20,2024-12-15,Qatar,Saudi Arabia,"ICC Academy, Dubai",Saudi Arabia,field,Saudi Arabia,Unknown,123,126,9,1
T20,2022-07-12,Cyprus,Isle of Man,Kerava National Cricket Ground,Isle of Man,field,Isle of Man,Unknown,120,122,10,2
T20,2025-06-08,Serbia,Slovenia,Lisicji Jarak Cricket Ground,Slovenia,field,Serbia,Unknown,226,202,3,8
T20,2024-09-28,Canada,Nepal,"Maple Leaf North-West Ground, King City",Nepal,field,Canada,Unknown,123,109,8,10
T20,2026-02-25,Japan,Thailand,"Terdthai Cricket Ground, Bangkok",Thailand,field,Japan,Unknown,157,120,6,9
T20,2022-07-01,Hungary,Gibraltar,"Royal Brussels Cricket Club Ground, Waterloo",Gibraltar,field,Gibraltar,Unknown,134,135,8,6
T20,2024-09-28,South Korea,Indonesia,"Yeonhui Cricket Ground, Incheon",South Korea,bat,Indonesia,Unknown,99,100,6,8
T20,2026-06-21,Bangladesh,Australia,"Bir Sreshtho Flight Lieutenant Matiur Rahman Stadium, Chattogram",Bangladesh,bat,Australia,Unknown,109,112,8,3
T20,2023-09-23,Malaysia,Papua New Guinea,"Bayuemas Oval, Kuala Lumpur",Malaysia,bat,Papua New Guinea,Unknown,81,82,10,6
T20,2023-09-16,Bahrain,Kuwait,"West End Park International Cricket Stadium, Doha",Kuwait,field,Kuwait,Unknown,123,127,9,2
T20,2023-08-31,Tanzania,Rwanda,"Gahanga International Cricket Stadium, Rwanda",Tanzania,bat,Tanzania,Unknown,179,130,6,10
T20,2025-09-14,Pakistan,India,Dubai International Cricket Stadium,Pakistan,bat,India,Unknown,127,131,9,3
T20,2019-10-19,Bermuda,Papua New Guinea,ICC Academy,Papua New Guinea,field,Papua New Guinea,Unknown,89,90,10,0
T20,2014-03-18,Bangladesh,Nepal,Zahur Ahmed Chowdhury Stadium,Bangladesh,field,Bangladesh,Unknown,132,126,2,5
T20,2024-11-24,Sierra Leone,Botswana,University of Lagos Cricket Oval,Sierra Leone,bat,Botswana,Unknown,115,117,10,5
T20,2021-07-22,Zimbabwe,Bangladesh,Harare Sports Club,Zimbabwe,bat,Bangladesh,Unknown,152,153,10,2
T20,2024-10-02,Namibia,United Arab Emirates,"Wanderers Cricket Ground, Windhoek",Namibia,bat,United Arab Emirates,Unknown,110,111,6,4
TEST,2017-07-14,South Africa,England,Trent Bridge,South Africa,bat,South Africa,Unknown,678,338,19,20
TEST,2013-02-22,South Africa,Pakistan,SuperSport Park,South Africa,bat,South Africa,Unknown,409,391,10,20
TEST,2014-09-13,West Indies,Bangladesh,"Beausejour Stadium, Gros Islet",Bangladesh,field,West Indies,Unknown,649,353,14,20
TEST,2017-08-12,India,Sri Lanka,Pallekele International Cricket Stadium,India,bat,India,Unknown,487,316,10,20
TEST,2020-02-21,New Zealand,India,Basin Reserve,New Zealand,field,New Zealand,Unknown,357,356,10,20
TEST,2002-12-26,South Africa,Pakistan,"Kingsmead, Durban",Pakistan,field,South Africa,Unknown,413,411,10,20
TEST,2015-12-10,Australia,West Indies,Bellerive Oval,Australia,bat,Australia,Unknown,583,371,4,18
TEST,2011-10-21,Bangladesh,West Indies,Zahur Ahmed Chowdhury Stadium,Bangladesh,bat,draw,draw,469,344,12,12
TEST,2012-01-13,Australia,India,Western Australia Cricket Association Ground,Australia,field,Australia,Unknown,369,332,10,20
TEST,2015-10-14,Sri Lanka,West Indies,Galle International Stadium,Sri Lanka,bat,Sri Lanka,Unknown,484,478,10,20
TEST,2013-10-09,Bangladesh,New Zealand,Zahur Ahmed Chowdhury Stadium,New Zealand,bat,draw,draw,674,756,13,17
TEST,2014-10-25,Bangladesh,Zimbabwe,Shere Bangla National Stadium,Zimbabwe,bat,Bangladesh,Unknown,355,354,17,20
TEST,2015-12-26,Australia,West Indies,Melbourne Cricket Ground,West Indies,field,Australia,Unknown,730,553,6,20
TEST,2017-07-27,England,South Africa,Kennington Oval,England,bat,England,Unknown,666,427,18,20
TEST,2021-01-07,Australia,India,Sydney Cricket Ground,Australia,bat,draw,draw,650,578,16,15
TEST,2008-11-20,Australia,New Zealand,"Brisbane Cricket Ground, Woolloongabba",New Zealand,field,Australia,Unknown,482,333,20,20
TEST,2023-12-06,Bangladesh,New Zealand,"Shere Bangla National Stadium, Mirpur",Bangladesh,bat,New Zealand,Unknown,316,319,20,16
TEST,2010-03-12,Bangladesh,England,Zohur Ahmed Chowdhury Stadium,Bangladesh,field,England,Unknown,627,808,20,13
TEST,2010-12-26,Australia,England,Melbourne Cricket Ground,England,field,England,Unknown,356,513,19,10
TEST,2008-08-08,Sri Lanka,India,P Saravanamuttu Stadium,India,bat,Sri Lanka,Unknown,519,517,12,20
TEST,2023-03-17,New Zealand,Sri Lanka,"Basin Reserve, Wellington",Sri Lanka,field,New Zealand,Unknown,580,522,4,20
TEST,2005-06-03,Bangladesh,England,Riverside Ground,England,field,England,Unknown,420,447,20,3
TEST,2015-05-21,England,New Zealand,Lord's,New Zealand,field,England,Unknown,867,743,20,20
TEST,2019-12-11,Pakistan,Sri Lanka,Rawalpindi Cricket Stadium,Sri Lanka,bat,draw,draw,252,308,2,6
TEST,2023-01-02,New Zealand,Pakistan,"National Stadium, Karachi",New Zealand,bat,draw,draw,726,712,15,19
TEST,2014-08-06,Sri Lanka,Pakistan,Galle International Stadium,Pakistan,bat,Sri Lanka,Unknown,632,631,12,20
TEST,2022-01-14,Australia,England,"Bellerive Oval, Hobart",England,field,Australia,Unknown,458,312,20,20
TEST,2011-12-09,Bangladesh,Pakistan,Zahur Ahmed Chowdhury Stadium,Pakistan,field,Pakistan,Unknown,410,594,19,5
TEST,2016-07-28,Zimbabwe,New Zealand,Queens Sports Club,Zimbabwe,bat,New Zealand,Unknown,459,576,20,6
TEST,2011-08-31,Sri Lanka,Australia,Galle International Stadium,Australia,bat,Australia,Unknown,358,483,20,20
TEST,2024-09-18,Sri Lanka,New Zealand,Galle International Stadium,Sri Lanka,bat,Sri Lanka,Unknown,614,551,20,20
TEST,2024-07-26,West Indies,England,"Edgbaston, Birmingham",West Indies,bat,England,Unknown,457,463,20,10
TEST,2004-11-03,India,Australia,Wankhede Stadium,India,bat,India,Unknown,309,296,20,20
TEST,2020-08-05,Pakistan,England,Old Trafford,Pakistan,bat,England,Unknown,495,496,20,17
TEST,2004-03-26,New Zealand,South Africa,"Basin Reserve, Wellington",South Africa,field,South Africa,Unknown,549,550,20,14
TEST,2026-05-16,Bangladesh,Pakistan,Sylhet International Cricket Stadium,Pakistan,field,Bangladesh,Unknown,668,590,20,20
TEST,2007-10-08,South Africa,Pakistan,Gaddafi Stadium,South Africa,bat,draw,draw,662,522,14,14
TEST,2019-12-26,South Africa,England,SuperSport Park,England,field,South Africa,Unknown,556,449,20,20
TEST,2010-11-25,Australia,England,"Brisbane Cricket Ground, Woolloongabba",England,bat,draw,draw,588,777,11,11
TEST,2016-11-17,India,England,Dr. Y.S. Rajasekhara Reddy ACA-VDCA Cricket Stadium,India,bat,India,Unknown,659,413,20,20
TEST,2023-07-20,India,West Indies,"Queen's Park Oval, Port of Spain, Trinidad",West Indies,field,draw,draw,619,331,12,12
TEST,2024-07-18,England,West Indies,"Trent Bridge, Nottingham",West Indies,field,England,Unknown,841,600,20,20
TEST,2012-12-26,Australia,Sri Lanka,Melbourne Cricket Ground,Sri Lanka,bat,Australia,Unknown,460,259,10,18
TEST,2016-08-09,West Indies,India,"Darren Sammy National Cricket Stadium, Gros Islet",West Indies,field,India,Unknown,333,570,20,17
TEST,2005-03-04,Zimbabwe,South Africa,Newlands,Zimbabwe,bat,South Africa,Unknown,319,340,20,3
TEST,2003-10-17,Zimbabwe,Australia,Sydney Cricket Ground,Zimbabwe,bat,Australia,Unknown,574,575,20,11
TEST,2013-01-03,Australia,Sri Lanka,Sydney Cricket Ground,Australia,field,Australia,Unknown,573,572,14,20
TEST,2017-03-04,India,Australia,M Chinnaswamy Stadium,India,bat,India,Unknown,463,388,20,20
TEST,2019-11-21,Australia,Pakistan,"Brisbane Cricket Ground, Woolloongabba",Pakistan,bat,Australia,Unknown,580,575,10,20
TEST,2021-01-14,Sri Lanka,England,Galle International Stadium,Sri Lanka,bat,England,Unknown,494,497,20,13
TEST,2006-04-03,Sri Lanka,Pakistan,Asgiriya Stadium,Pakistan,field,Pakistan,Unknown,352,353,19,12
TEST,2024-08-07,South Africa,West Indies,"Queen's Park Oval, Port of Spain, Trinidad",South Africa,bat,draw,draw,530,434,13,15
TEST,2020-01-27,Zimbabwe,Sri Lanka,Harare Sports Club,Zimbabwe,bat,draw,draw,653,497,17,13
TEST,2025-07-10,England,India,"Lord's, London",England,bat,England,Unknown,579,557,20,20
TEST,2025-12-18,New Zealand,West Indies,"Bay Oval, Mount Maunganui",New Zealand,bat,New Zealand,Unknown,881,558,10,20
TEST,2016-10-13,Pakistan,West Indies,Dubai International Cricket Stadium,Pakistan,bat,Pakistan,Unknown,702,646,13,20
TEST,2003-07-18,Bangladesh,Australia,"Marrara Cricket Ground, Darwin",Australia,field,Australia,Unknown,275,407,20,7
TEST,2005-08-15,Zimbabwe,New Zealand,Queens Sports Club,Zimbabwe,bat,New Zealand,Unknown,438,484,20,10
TEST,2022-12-26,Pakistan,New Zealand,"National Stadium, Karachi",Pakistan,bat,draw,draw,749,673,18,10
TEST,2016-10-20,Bangladesh,England,Zahur Ahmed Chowdhury Stadium,England,bat,England,Unknown,511,533,20,20
TEST,2008-04-03,West Indies,Sri Lanka,"Queen's Park Oval, Port of Spain",West Indies,field,West Indies,Unknown,548,546,14,20
TEST,2019-10-10,India,South Africa,Maharashtra Cricket Association Stadium,India,bat,India,Unknown,601,464,5,20
TEST,2010-11-20,Pakistan,South Africa,Sheikh Zayed Stadium,Pakistan,field,draw,draw,587,787,13,14
TEST,2016-07-22,England,Pakistan,Old Trafford,England,bat,England,Unknown,762,432,9,20
TEST,2011-11-01,Zimbabwe,New Zealand,Queens Sports Club,New Zealand,bat,New Zealand,Unknown,644,678,20,18
TEST,2025-11-14,South Africa,India,"Eden Gardens, Kolkata",South Africa,bat,South Africa,Unknown,312,282,20,19
TEST,2007-11-08,Australia,Sri Lanka,"Brisbane Cricket Ground, Woolloongabba",Sri Lanka,field,Australia,Unknown,551,511,4,20
TEST,2014-11-17,New Zealand,Pakistan,Dubai International Cricket Stadium,New Zealand,bat,draw,draw,653,589,19,15
TEST,2023-02-09,Australia,India,"Vidarbha Cricket Association Stadium, Jamtha, Nagpur",Australia,bat,India,Unknown,268,400,20,10
TEST,2022-05-23,Bangladesh,Sri Lanka,"Shere Bangla National Stadium, Mirpur",Bangladesh,bat,Sri Lanka,Unknown,534,535,20,10
TEST,2008-01-24,Australia,India,Adelaide Oval,India,bat,draw,draw,563,795,10,18
TEST,2017-09-28,South Africa,Bangladesh,Senwes Park,Bangladesh,field,South Africa,Unknown,743,410,9,20
TEST,2022-07-16,Sri Lanka,Pakistan,Galle International Stadium,Sri Lanka,bat,Pakistan,Unknown,559,562,20,16
TEST,2007-05-17,England,West Indies,Lord's,West Indies,field,draw,draw,837,526,13,10
TEST,2016-06-09,England,Sri Lanka,Lord's,England,bat,draw,draw,649,366,17,11
TEST,2009-11-24,New Zealand,Pakistan,University Oval,Pakistan,field,New Zealand,Unknown,582,550,20,20
TEST,2016-10-28,Bangladesh,England,Shere Bangla National Stadium,Bangladesh,bat,Bangladesh,Unknown,516,408,20,20
TEST,2003-07-24,South Africa,England,"Edgbaston, Birmingham",South Africa,bat,draw,draw,728,518,9,11
TEST,2013-12-19,New Zealand,West Indies,Seddon Park,New Zealand,field,New Zealand,Unknown,473,470,12,20
TEST,2007-05-25,India,Bangladesh,"Shere Bangla National Stadium, Mirpur",Bangladesh,field,India,Unknown,610,371,4,20
TEST,2017-08-27,Bangladesh,Australia,"Shere Bangla National Stadium, Mirpur",Bangladesh,bat,Bangladesh,Unknown,481,461,20,20
TEST,2024-12-14,New Zealand,England,"Seddon Park, Hamilton",England,field,New Zealand,Unknown,800,377,20,19
TEST,2017-10-21,West Indies,Zimbabwe,Queens Sports Club,West Indies,bat,West Indies,Unknown,592,475,20,20
TEST,2016-12-16,India,England,"MA Chidambaram Stadium, Chepauk",England,bat,India,Unknown,759,684,7,20
TEST,2016-12-08,India,England,Wankhede Stadium,England,bat,India,Unknown,631,595,10,20
TEST,2013-02-14,South Africa,Pakistan,Newlands,South Africa,field,South Africa,Unknown,508,507,16,20
TEST,2013-05-16,England,New Zealand,Lord's,England,bat,England,Unknown,445,275,20,20
TEST,2015-06-10,Bangladesh,India,Khan Shaheb Osman Ali Stadium,India,bat,draw,draw,279,462,10,6
TEST,2024-11-28,New Zealand,England,"Hagley Oval, Christchurch",England,field,England,Unknown,602,603,20,12
TEST,2012-12-05,India,England,Eden Gardens,India,bat,England,Unknown,563,564,20,13
TEST,2004-11-26,Australia,New Zealand,Adelaide Oval,Australia,bat,Australia,Unknown,714,501,10,20
TEST,2019-02-28,New Zealand,Bangladesh,Seddon Park,New Zealand,field,New Zealand,Unknown,715,663,6,20
TEST,2014-11-09,New Zealand,Pakistan,Sheikh Zayed Stadium,Pakistan,bat,Pakistan,Unknown,493,741,20,5
TEST,2007-12-18,Sri Lanka,England,Galle International Stadium,England,field,draw,draw,499,332,8,16
TEST,2017-04-21,West Indies,Pakistan,"Sabina Park, Kingston",Pakistan,field,Pakistan,Unknown,438,443,20,13
TEST,2009-08-07,England,Australia,Headingley,England,bat,Australia,Unknown,365,445,20,10
TEST,2024-02-15,India,England,"Saurashtra Cricket Association Stadium, Rajkot",India,bat,India,Unknown,875,436,14,20
TEST,2012-11-22,Australia,South Africa,Adelaide Oval,Australia,bat,draw,draw,817,636,18,18
TEST,2019-01-11,South Africa,Pakistan,The Wanderers Stadium,South Africa,bat,South Africa,Unknown,565,458,20,20
TEST,2007-01-02,India,South Africa,Newlands,India,bat,South Africa,Unknown,583,584,20,15
TEST,2026-06-17,New Zealand,England,"Kennington Oval, London",England,field,New Zealand,Unknown,753,500,20,20
TEST,2024-09-26,Sri Lanka,New Zealand,Galle International Stadium,Sri Lanka,bat,Sri Lanka,Unknown,602,448,5,20
TEST,2006-03-01,England,India,Vidarbha C.A. Ground,England,bat,draw,draw,690,583,13,16
TEST,2023-02-12,Zimbabwe,West Indies,"Queens Sports Club, Bulawayo",Zimbabwe,bat,West Indies,Unknown,288,292,20,10
TEST,2021-04-29,Sri Lanka,Bangladesh,Pallekele International Cricket Stadium,Sri Lanka,bat,Sri Lanka,Unknown,687,478,16,20
TEST,2018-01-13,South Africa,India,SuperSport Park,South Africa,bat,South Africa,Unknown,593,458,20,20
TEST,2025-01-29,Australia,Sri Lanka,Galle International Stadium,Australia,bat,Australia,Unknown,654,412,6,20
TEST,2009-01-03,Bangladesh,Sri Lanka,Chittagong Divisional Stadium,Sri Lanka,bat,Sri Lanka,Unknown,366,831,20,16
TEST,2021-01-26,South Africa,Pakistan,National Stadium,South Africa,bat,Pakistan,Unknown,465,468,20,13
TEST,2013-03-14,New Zealand,England,Basin Reserve,New Zealand,field,draw,draw,416,465,12,10
TEST,2007-07-27,England,India,Trent Bridge,India,field,India,Unknown,553,554,20,13
TEST,2025-04-28,Zimbabwe,Bangladesh,"Zahur Ahmed Chowdhury Stadium, Chattogram",Zimbabwe,bat,Bangladesh,Unknown,338,444,20,10
TEST,2011-07-29,England,India,Trent Bridge,India,field,England,Unknown,765,446,20,20
TEST,2026-08-23,India,Sri Lanka,"Sinhalese Sports Club Ground, Colombo",India,bat,draw,draw,503,719,9,19
TEST,2014-06-26,West Indies,New Zealand,"Kensington Oval, Bridgetown",New Zealand,bat,New Zealand,Unknown,571,624,20,17
TEST,2007-11-08,South Africa,New Zealand,The Wanderers Stadium,South Africa,bat,South Africa,Unknown,648,290,13,19
TEST,2009-02-15,West Indies,England,"Antigua Recreation Ground, St John's",West Indies,field,draw,draw,655,787,19,17
TEST,2026-06-04,England,New Zealand,"Lord's, London",New Zealand,field,England,Unknown,366,251,20,20
TEST,2013-03-02,India,Australia,"Rajiv Gandhi International Stadium, Uppal",Australia,bat,India,Unknown,503,368,10,19
TEST,2013-10-21,Bangladesh,New Zealand,Shere Bangla National Stadium,Bangladesh,bat,draw,draw,551,437,13,10
TEST,2026-08-22,Bangladesh,Australia,"Great Barrier Reef Arena, Mackay",Australia,field,Australia,Unknown,159,210,20,10
TEST,2011-06-28,West Indies,India,"Kensington Oval, Bridgetown",West Indies,field,draw,draw,392,470,17,16
TEST,2007-06-07,England,West Indies,Old Trafford,England,bat,England,Unknown,683,623,20,20
TEST,2017-09-04,Bangladesh,Australia,Zahur Ahmed Chowdhury Stadium,Bangladesh,bat,Australia,Unknown,462,464,20,13
TEST,2020-12-03,New Zealand,West Indies,Seddon Park,West Indies,field,New Zealand,Unknown,519,385,7,18
TEST,2024-01-25,West Indies,Australia,"Brisbane Cricket Ground, Woolloongabba, Brisbane",West Indies,bat,West Indies,Unknown,504,496,20,19
TEST,2011-09-16,Sri Lanka,Australia,Sinhalese Sports Club Ground,Sri Lanka,field,draw,draw,480,804,10,20
TEST,2022-03-08,England,West Indies,"Sir Vivian Richards Stadium, North Sound, Antigua",England,bat,draw,draw,660,522,16,14
TEST,2016-08-03,England,Pakistan,Edgbaston,Pakistan,field,England,Unknown,742,601,16,20
TEST,2013-10-14,Pakistan,South Africa,Sheikh Zayed Stadium,South Africa,bat,Pakistan,Unknown,487,481,13,20
TEST,2025-05-22,England,Zimbabwe,"Trent Bridge, Nottingham",Zimbabwe,field,England,Unknown,565,520,6,18
TEST,2017-01-12,New Zealand,Bangladesh,Basin Reserve,New Zealand,field,New Zealand,Unknown,756,755,13,18
TEST,2015-08-28,Sri Lanka,India,Sinhalese Sports Club Ground,Sri Lanka,field,India,Unknown,469,586,20,20
TEST,2018-11-22,Bangladesh,West Indies,Zahur Ahmed Chowdhury Stadium,Bangladesh,bat,Bangladesh,Unknown,449,385,20,20
TEST,2017-03-16,India,Australia,JSCA International Stadium Complex,Australia,bat,draw,draw,603,655,9,16
TEST,2004-12-10,Bangladesh,India,Bangabandhu National Stadium,India,field,India,Unknown,386,526,20,10
TEST,2025-07-12,Australia,West Indies,"Sabina Park, Kingston, Jamaica",Australia,bat,Australia,Unknown,346,170,20,20
TEST,2012-08-16,England,South Africa,Lord's,South Africa,bat,South Africa,Unknown,609,660,20,20
TEST,2024-10-21,Bangladesh,South Africa,"Shere Bangla National Stadium, Mirpur",Bangladesh,bat,South Africa,Unknown,413,414,20,13
TEST,2020-01-03,Australia,New Zealand,Sydney Cricket Ground,Australia,bat,Australia,Unknown,671,387,12,19
TEST,2023-06-16,England,Australia,"Edgbaston, Birmingham",England,bat,Australia,Unknown,666,668,18,18
TEST,2024-12-26,Pakistan,South Africa,"SuperSport Park, Centurion",South Africa,field,South Africa,Unknown,448,451,20,18
TEST,2022-12-17,Pakistan,England,"National Stadium, Karachi",Pakistan,bat,England,Unknown,520,524,20,12
TEST,2013-07-10,England,Australia,Trent Bridge,England,bat,England,Unknown,590,576,20,20
TEST,2019-09-12,England,Australia,Kennington Oval,Australia,field,England,Unknown,623,488,20,20
TEST,2018-06-14,Sri Lanka,West Indies,"Daren Sammy National Cricket Stadium, Gros Islet",Sri Lanka,bat,draw,draw,595,447,20,15
TEST,2003-10-17,South Africa,Pakistan,"Gaddafi Stadium, Lahore",South Africa,bat,Pakistan,Unknown,561,565,20,12
TEST,2011-10-18,Pakistan,Sri Lanka,Sheikh Zayed Stadium,Pakistan,field,draw,draw,532,680,7,20
TEST,2025-07-06,South Africa,Zimbabwe,"Queens Sports Club, Bulawayo",Zimbabwe,field,South Africa,Unknown,626,390,5,20
TEST,2012-07-08,Sri Lanka,Pakistan,Pallekele International Cricket Stadium,Sri Lanka,field,draw,draw,532,606,14,18
TEST,2021-01-15,Australia,India,Brisbane Cricket Ground,Australia,bat,India,Unknown,663,665,20,17
TEST,2023-03-09,Sri Lanka,New Zealand,"Hagley Oval, Christchurch",New Zealand,field,New Zealand,Unknown,657,658,20,18
TEST,2014-07-16,Sri Lanka,South Africa,Galle International Stadium,South Africa,bat,South Africa,Unknown,508,661,20,15
TEST,2019-01-31,West Indies,England,"Sir Vivian Richards Stadium, Antigua",West Indies,field,West Indies,Unknown,323,319,10,20
TEST,2007-12-08,India,Pakistan,M.Chinnaswamy Stadium,India,bat,draw,draw,910,699,17,17
TEST,2018-11-24,Pakistan,New Zealand,Dubai International Cricket Stadium,Pakistan,bat,Pakistan,Unknown,418,402,5,20
TEST,2014-11-03,Bangladesh,Zimbabwe,Sheikh Abu Naser Stadium,Bangladesh,bat,Bangladesh,Unknown,681,519,19,20
TEST,2024-11-27,South Africa,Sri Lanka,"Kingsmead, Durban",Sri Lanka,field,South Africa,Unknown,557,324,15,20
TEST,2010-01-24,Bangladesh,India,Shere Bangla National Stadium,Bangladesh,bat,India,Unknown,545,546,20,9
TEST,2012-03-26,Sri Lanka,England,Galle International Stadium,Sri Lanka,bat,Sri Lanka,Unknown,532,457,20,20
TEST,2010-12-26,South Africa,India,Kingsmead,South Africa,field,India,Unknown,346,433,20,20
TEST,2014-11-12,Bangladesh,Zimbabwe,Zahur Ahmed Chowdhury Stadium,Bangladesh,bat,Bangladesh,Unknown,822,636,15,20
TEST,2004-10-26,New Zealand,Bangladesh,MA Aziz Stadium,New Zealand,bat,New Zealand,Unknown,545,444,6,20
TEST,2015-04-21,West Indies,England,"National Cricket Stadium, St George's",England,field,England,Unknown,606,608,20,11
TEST,2015-11-14,India,South Africa,M Chinnaswamy Stadium,India,field,draw,draw,80,214,0,10
TEST,2025-06-25,Bangladesh,Sri Lanka,"Sinhalese Sports Club Ground, Colombo",Bangladesh,bat,Sri Lanka,Unknown,380,458,20,10
TEST,2022-06-24,Bangladesh,West Indies,"Daren Sammy National Cricket Stadium, Gros Islet, St Lucia",West Indies,field,West Indies,Unknown,420,421,20,10
TEST,2025-04-20,Bangladesh,Zimbabwe,Sylhet International Cricket Stadium,Bangladesh,bat,Zimbabwe,Unknown,446,447,20,17
TEST,2021-06-10,England,New Zealand,"Edgbaston, Birmingham",England,bat,New Zealand,Unknown,425,429,20,12
TEST,2006-06-02,Sri Lanka,England,Trent Bridge,Sri Lanka,bat,Sri Lanka,Unknown,553,419,20,20
TEST,2024-12-26,Australia,India,Melbourne Cricket Ground,Australia,bat,Australia,Unknown,708,524,20,20
TEST,2009-07-09,West Indies,Bangladesh,"Arnos Vale Ground, Kingstown",Bangladesh,bat,Bangladesh,Unknown,488,583,20,20
TEST,2005-09-12,Bangladesh,Sri Lanka,R.Premadasa Stadium,Sri Lanka,field,Sri Lanka,Unknown,274,370,20,9
TEST,2007-07-19,England,India,Lord's,England,bat,draw,draw,580,483,20,19
TEST,2019-01-03,South Africa,Pakistan,Newlands,South Africa,field,South Africa,Unknown,474,471,12,20
TEST,2014-06-12,England,Sri Lanka,Lord's,Sri Lanka,field,draw,draw,842,654,17,19
TEST,2022-12-08,Australia,West Indies,Adelaide Oval,Australia,bat,Australia,Unknown,710,291,13,20
TEST,2011-11-17,South Africa,Australia,New Wanderers Stadium,South Africa,bat,Australia,Unknown,605,606,20,18
TEST,2018-03-22,England,New Zealand,Eden Park,New Zealand,field,New Zealand,Unknown,378,427,20,8
TEST,2017-07-06,England,South Africa,Lord's,England,bat,England,Unknown,691,480,20,20
TEST,2007-06-15,West Indies,England,Riverside Ground,England,field,England,Unknown,509,511,20,13
TEST,2022-12-26,South Africa,Australia,Melbourne Cricket Ground,Australia,field,Australia,Unknown,393,575,20,8
TEST,2023-01-04,Australia,South Africa,Sydney Cricket Ground,Australia,bat,draw,draw,475,361,4,12
TEST,2010-07-18,Sri Lanka,India,Galle International Stadium,Sri Lanka,bat,Sri Lanka,Unknown,616,614,8,20
TEST,2024-07-10,West Indies,England,"Lord's, London",England,field,England,Unknown,257,371,20,10
TEST,2015-08-12,Sri Lanka,India,Galle International Stadium,Sri Lanka,bat,Sri Lanka,Unknown,550,487,20,20
TEST,2018-11-06,England,Sri Lanka,Galle International Stadium,England,bat,England,Unknown,664,453,16,20
TEST,2009-07-17,West Indies,Bangladesh,"National Cricket Stadium, St George's",Bangladesh,field,Bangladesh,Unknown,446,449,20,16
TEST,2019-10-19,India,South Africa,JSCA International Stadium Complex,India,bat,India,Unknown,497,295,9,21
TEST,2008-07-31,Sri Lanka,India,Galle International Stadium,India,bat,India,Unknown,428,598,20,20
TEST,2005-08-25,England,Australia,"Trent Bridge, Nottingham",England,bat,England,Unknown,606,605,17,20
TEST,2021-08-20,Pakistan,West Indies,"Sabina Park, Kingston, Jamaica",West Indies,field,Pakistan,Unknown,478,369,15,20
TEST,2017-03-15,Sri Lanka,Bangladesh,P Sara Oval,Sri Lanka,bat,Bangladesh,Unknown,657,658,20,16
TEST,2018-07-04,Bangladesh,West Indies,Sir Vivian Richards Stadium,West Indies,field,West Indies,Unknown,187,406,20,10
TEST,2017-11-23,England,Australia,"Brisbane Cricket Ground, Woolloongabba",England,bat,Australia,Unknown,497,501,20,10
TEST,2023-02-24,England,New Zealand,"Basin Reserve, Wellington",New Zealand,field,New Zealand,Unknown,691,692,18,20
TEST,2013-01-11,South Africa,New Zealand,St George's Park,South Africa,bat,South Africa,Unknown,525,332,8,20
TEST,2018-02-08,Sri Lanka,Bangladesh,"Shere Bangla National Stadium, Mirpur",Sri Lanka,bat,Sri Lanka,Unknown,448,233,20,20
TEST,2003-10-29,England,Bangladesh,"MA Aziz Stadium, Chittagong",Bangladesh,field,England,Unknown,619,290,15,19
TEST,2025-01-25,West Indies,Pakistan,Multan Cricket Stadium,West Indies,bat,West Indies,Unknown,407,287,20,20
TEST,2007-05-25,England,West Indies,Headingley,England,bat,England,Unknown,570,287,7,18
TEST,2005-03-11,Zimbabwe,South Africa,SuperSport Park,South Africa,field,South Africa,Unknown,418,480,20,7
TEST,2008-03-22,New Zealand,England,McLean Park,England,bat,England,Unknown,599,720,20,17
TEST,2011-12-09,Australia,New Zealand,Bellerive Oval,Australia,field,New Zealand,Unknown,369,376,20,20
TEST,2009-11-16,India,Sri Lanka,"Sardar Patel Stadium, Motera",India,bat,draw,draw,838,760,14,7
TEST,2025-06-17,Bangladesh,Sri Lanka,Galle International Stadium,Bangladesh,bat,draw,draw,780,557,16,14
TEST,2008-07-10,England,South Africa,Lord's,South Africa,field,draw,draw,593,640,8,13
TEST,2004-04-10,West Indies,England,Antigua Recreation Ground,West Indies,bat,draw,draw,751,707,5,15
TEST,2013-12-26,South Africa,India,Kingsmead,India,bat,South Africa,Unknown,559,557,10,20
TEST,2016-11-17,New Zealand,Pakistan,Hagley Oval,New Zealand,field,New Zealand,Unknown,308,304,12,20
TEST,2016-08-18,West Indies,India,"Queen's Park Oval, Port of Spain",West Indies,bat,draw,draw,62,0,2,0
TEST,2011-11-03,Pakistan,Sri Lanka,Sharjah Cricket Stadium,Sri Lanka,bat,draw,draw,427,594,14,16
TEST,2025-11-19,Bangladesh,Ireland,"Shere Bangla National Stadium, Mirpur",Bangladesh,bat,Bangladesh,Unknown,773,556,14,20
TEST,2007-12-09,England,Sri Lanka,Sinhalese Sports Club Ground,England,bat,draw,draw,601,548,13,9
TEST,2015-08-06,England,Australia,Trent Bridge,England,field,England,Unknown,391,313,9,20
TEST,2010-12-01,Sri Lanka,West Indies,Pallekele International Cricket Stadium,Sri Lanka,field,draw,draw,0,303,0,8
TEST,2014-08-07,England,India,Old Trafford,India,bat,England,Unknown,367,313,10,20
TEST,2015-11-05,India,South Africa,"Punjab Cricket Association Stadium, Mohali",India,bat,India,Unknown,401,293,20,20
TEST,2017-12-02,India,Sri Lanka,Arun Jaitley Stadium,India,bat,draw,draw,782,672,12,16
TEST,2016-07-30,West Indies,India,"Sabina Park, Kingston",West Indies,bat,draw,draw,584,500,16,9
TEST,2017-03-07,Sri Lanka,Bangladesh,Galle International Stadium,Sri Lanka,bat,Sri Lanka,Unknown,768,509,16,20
TEST,2012-01-25,England,Pakistan,Sheikh Zayed Stadium,Pakistan,bat,Pakistan,Unknown,399,471,20,20
TEST,2025-06-11,Australia,South Africa,"Lord's, London",South Africa,field,South Africa,Unknown,419,420,20,15
TEST,2010-07-21,Australia,Pakistan,Headingley,Australia,bat,Pakistan,Unknown,437,438,20,17
TEST,2011-12-17,Bangladesh,Pakistan,Shere Bangla National Stadium,Pakistan,field,Pakistan,Unknown,572,577,20,13
TEST,2015-01-03,New Zealand,Sri Lanka,Basin Reserve,Sri Lanka,field,New Zealand,Unknown,745,552,15,20
TEST,2011-09-08,Sri Lanka,Australia,Pallekele International Cricket Stadium,Sri Lanka,bat,draw,draw,491,411,16,7
TEST,2018-10-07,Pakistan,Australia,Dubai International Cricket Stadium,Pakistan,bat,draw,draw,663,564,16,18
TEST,2024-08-21,Pakistan,Bangladesh,Rawalpindi Cricket Stadium,Bangladesh,field,Bangladesh,Unknown,594,595,16,10
TEST,2016-07-14,England,Pakistan,Lord's,Pakistan,bat,Pakistan,Unknown,479,554,20,20
TEST,2020-07-16,England,West Indies,Old Trafford,West Indies,field,England,Unknown,598,485,12,20
TEST,2022-01-01,New Zealand,Bangladesh,"Bay Oval, Mount Maunganui",Bangladesh,field,Bangladesh,Unknown,497,500,20,12
TEST,2021-04-21,Sri Lanka,Bangladesh,Pallekele International Cricket Stadium,Bangladesh,bat,draw,draw,648,641,8,9
TEST,2006-04-09,Bangladesh,Australia,Khan Shaheb Osman Ali Stadium,Bangladesh,bat,Australia,Unknown,575,576,20,17
TEST,2011-11-22,India,West Indies,Wankhede Stadium,West Indies,bat,draw,draw,724,724,19,20
TEST,2003-12-12,South Africa,West Indies,"New Wanderers Stadium, Johannesburg",South Africa,bat,South Africa,Unknown,787,598,17,20
TEST,2005-09-13,Zimbabwe,India,Queens Sports Club,Zimbabwe,bat,India,Unknown,464,554,20,10
TEST,2006-03-31,South Africa,Australia,The Wanderers Stadium,South Africa,bat,Australia,Unknown,561,564,20,18
TEST,2021-11-25,India,New Zealand,"Green Park, Kanpur",India,bat,draw,draw,579,461,17,19
TEST,2011-07-06,West Indies,India,"Windsor Park, Roseau",India,field,draw,draw,526,441,20,13
TEST,2015-11-25,India,South Africa,"Vidarbha Cricket Association Stadium, Jamtha",India,bat,India,Unknown,388,264,20,20
TEST,2014-08-15,England,India,Kennington Oval,England,field,England,Unknown,486,242,10,20
TEST,2024-08-15,South Africa,West Indies,"Providence Stadium, Guyana",South Africa,bat,South Africa,Unknown,406,366,20,20
TEST,2007-08-09,India,England,Kennington Oval,India,bat,draw,draw,844,714,16,16
TEST,2005-08-07,New Zealand,Zimbabwe,Harare Sports Club,Zimbabwe,field,New Zealand,Unknown,452,158,9,20
TEST,2024-08-21,Sri Lanka,England,"Old Trafford, Manchester",Sri Lanka,bat,England,Unknown,562,563,20,15
TEST,2023-06-01,Ireland,England,"Lord's, London",England,field,England,Unknown,534,536,20,4
TEST,2014-02-04,Bangladesh,Sri Lanka,Zahur Ahmed Chowdhury Stadium,Sri Lanka,bat,draw,draw,697,892,13,14
TEST,2003-05-09,Australia,West Indies,"Antigua Recreation Ground, St John's, Antigua",Australia,bat,West Indies,Unknown,657,658,20,17
TEST,2013-12-18,South Africa,India,New Wanderers Stadium,India,bat,draw,draw,694,701,17,20
TEST,2011-06-20,West Indies,India,"Sabina Park, Kingston",India,bat,India,Unknown,435,498,20,20
TEST,2011-05-26,England,Sri Lanka,Sophia Gardens,Sri Lanka,bat,England,Unknown,496,482,5,20
TEST,2003-09-04,South Africa,England,"Kennington Oval, London",South Africa,bat,England,Unknown,713,714,20,10
TEST,2012-07-19,England,South Africa,Kennington Oval,England,bat,South Africa,Unknown,625,637,20,2
TEST,2011-11-09,South Africa,Australia,Newlands,South Africa,field,South Africa,Unknown,332,331,12,20
TEST,2008-03-26,India,South Africa,"MA Chidambaram Stadium, Chepauk",South Africa,bat,draw,draw,627,871,10,15
TEST,2022-03-16,England,West Indies,"Kensington Oval, Bridgetown, Barbados",England,bat,draw,draw,692,546,15,15
TEST,2009-03-19,South Africa,Australia,Newlands,Australia,bat,South Africa,Unknown,651,631,10,20
TEST,2015-07-30,Bangladesh,South Africa,Shere Bangla National Stadium,Bangladesh,bat,draw,draw,246,0,8,0
TEST,2018-03-22,South Africa,Australia,Newlands,South Africa,bat,South Africa,Unknown,684,362,20,20
TEST,2003-09-03,Bangladesh,Pakistan,Multan Cricket Stadium,Bangladesh,bat,Pakistan,Unknown,435,437,20,19
TEST,2014-01-03,Australia,England,Sydney Cricket Ground,England,field,Australia,Unknown,602,321,20,20
TEST,2006-01-02,South Africa,Australia,Sydney Cricket Ground,South Africa,bat,Australia,Unknown,645,647,15,12
TEST,2013-12-11,New Zealand,West Indies,Basin Reserve,West Indies,field,New Zealand,Unknown,441,368,10,20
TEST,2014-06-08,West Indies,New Zealand,"Sabina Park, Kingston",New Zealand,bat,New Zealand,Unknown,478,664,20,15
TEST,2017-08-25,England,West Indies,Headingley,England,bat,West Indies,Unknown,748,749,18,15
TEST,2012-06-07,England,West Indies,Edgbaston,England,field,draw,draw,221,426,5,10
TEST,2006-04-27,New Zealand,South Africa,Newlands,South Africa,field,draw,draw,714,512,11,10
TEST,2019-01-24,Australia,Sri Lanka,"Brisbane Cricket Ground, Woolloongabba",Sri Lanka,bat,Australia,Unknown,323,283,10,19
TEST,2001-12-19,England,India,"M Chinnaswamy Stadium, Bangalore",England,bat,draw,draw,369,238,10,10
TEST,2018-03-30,England,New Zealand,Hagley Oval,New Zealand,field,draw,draw,659,534,19,18
TEST,2015-12-03,India,South Africa,Feroz Shah Kotla,India,bat,India,Unknown,601,264,15,20
TEST,2018-12-26,Australia,India,Melbourne Cricket Ground,India,bat,India,Unknown,412,549,20,15
TEST,2015-06-11,West Indies,Australia,"Sabina Park, Kingston",West Indies,field,Australia,Unknown,334,611,20,12
TEST,2012-11-23,India,England,Wankhede Stadium,India,bat,England,Unknown,469,471,20,10
TEST,2024-03-30,Sri Lanka,Bangladesh,"Zahur Ahmed Chowdhury Stadium, Chattogram",Sri Lanka,bat,Sri Lanka,Unknown,688,496,17,20
TEST,2022-12-14,India,Bangladesh,"Zahur Ahmed Chowdhury Stadium, Chattogram",India,bat,India,Unknown,662,474,12,20
TEST,2009-08-20,England,Australia,Kennington Oval,England,bat,England,Unknown,705,508,19,20
TEST,2025-11-21,England,Australia,Perth Stadium,England,bat,Australia,Unknown,336,337,20,12
TEST,2024-11-30,Bangladesh,West Indies,"Sabina Park, Kingston, Jamaica",Bangladesh,bat,Bangladesh,Unknown,432,331,20,20
TEST,2014-11-26,New Zealand,Pakistan,Sharjah Cricket Stadium,Pakistan,bat,New Zealand,Unknown,690,610,10,20
TEST,2016-12-15,Australia,Pakistan,"Brisbane Cricket Ground, Woolloongabba",Australia,bat,Australia,Unknown,631,592,15,20
TEST,2015-05-01,West Indies,England,"Kensington Oval, Bridgetown",England,bat,West Indies,Unknown,383,380,15,20
TEST,2009-12-16,Australia,West Indies,Western Australia Cricket Association Ground,Australia,bat,Australia,Unknown,670,635,18,20
TEST,2024-01-25,England,India,"Rajiv Gandhi International Stadium, Uppal, Hyderabad",England,bat,England,Unknown,666,638,20,20
TEST,2004-08-19,England,West Indies,Kennington Oval,England,bat,England,Unknown,474,470,10,19
TEST,2022-12-17,South Africa,Australia,"Brisbane Cricket Ground, Woolloongabba, Brisbane",Australia,field,Australia,Unknown,251,253,20,14
TEST,2017-12-09,New Zealand,West Indies,Seddon Park,West Indies,field,New Zealand,Unknown,664,424,18,20
TEST,2005-11-12,Pakistan,England,Multan Cricket Stadium,Pakistan,bat,Pakistan,Unknown,615,593,20,20
TEST,2025-01-03,South Africa,Pakistan,"Newlands, Cape Town",South Africa,bat,South Africa,Unknown,673,672,10,18
TEST,2020-02-22,Bangladesh,Zimbabwe,"Shere Bangla National Stadium, Mirpur",Zimbabwe,bat,Bangladesh,Unknown,560,454,6,20
TEST,2016-05-19,England,Sri Lanka,Headingley,Sri Lanka,field,England,Unknown,298,210,10,20
TEST,2019-11-22,India,Bangladesh,Eden Gardens,Bangladesh,bat,India,Unknown,347,301,9,21
TEST,2020-01-16,South Africa,England,St George's Park,England,bat,England,Unknown,446,499,20,9
TEST,2008-07-18,England,South Africa,Headingley,South Africa,field,South Africa,Unknown,530,531,20,10
TEST,2020-12-26,Australia,India,Melbourne Cricket Ground,Australia,bat,India,Unknown,395,396,20,12
TEST,2018-08-01,England,India,Edgbaston,England,bat,England,Unknown,467,436,20,20
TEST,2021-03-04,England,India,Narendra Modi Stadium,England,bat,India,Unknown,340,365,20,10
TEST,2024-11-22,West Indies,Bangladesh,"Sir Vivian Richards Stadium, North Sound, Antigua",Bangladesh,field,West Indies,Unknown,602,401,19,19
TEST,2017-11-24,Sri Lanka,India,"Vidarbha Cricket Association Stadium, Jamtha",Sri Lanka,bat,India,Unknown,371,610,20,6
TEST,2013-04-25,Zimbabwe,Bangladesh,Harare Sports Club,Zimbabwe,field,Bangladesh,Unknown,539,682,20,19
TEST,2006-12-15,Sri Lanka,New Zealand,Basin Reserve,Sri Lanka,bat,Sri Lanka,Unknown,633,416,20,20
TEST,2024-03-08,New Zealand,Australia,"Hagley Oval, Christchurch",Australia,field,Australia,Unknown,534,537,20,17
TEST,2005-11-20,Pakistan,England,Iqbal Stadium,Pakistan,bat,draw,draw,730,610,19,16
TEST,2016-09-30,India,New Zealand,Eden Gardens,India,bat,India,Unknown,579,401,20,20
TEST,2017-11-16,India,Sri Lanka,Eden Gardens,Sri Lanka,field,draw,draw,524,369,18,17
TEST,2011-07-21,England,India,Lord's,India,field,England,Unknown,743,547,14,20
TEST,2018-12-14,Australia,India,Perth Stadium,Australia,bat,Australia,Unknown,569,423,20,20
TEST,2023-02-28,South Africa,West Indies,"SuperSport Park, Centurion",South Africa,bat,South Africa,Unknown,458,371,20,20
TEST,2007-11-22,Pakistan,India,Arun Jaitley Stadium,Pakistan,bat,India,Unknown,478,479,20,14
TEST,2018-07-12,West Indies,Bangladesh,"Sabina Park, Kingston",Bangladesh,field,West Indies,Unknown,483,317,20,20
TEST,2013-12-03,New Zealand,West Indies,University Oval,West Indies,field,draw,draw,688,720,13,20
TEST,2026-05-27,New Zealand,Ireland,"Civil Service Cricket Club, Stormont, Belfast",Ireland,field,New Zealand,Unknown,490,411,8,20
TEST,2016-08-19,South Africa,New Zealand,Kingsmead,South Africa,bat,draw,draw,263,15,10,2
TEST,2022-01-11,India,South Africa,"Newlands, Cape Town",India,bat,South Africa,Unknown,421,422,20,13
TEST,2004-07-29,England,West Indies,Edgbaston,England,bat,England,Unknown,814,558,19,20
TEST,2010-07-13,Australia,Pakistan,Lord's,Pakistan,field,Australia,Unknown,587,437,20,20
TEST,2012-12-13,India,England,"Vidarbha Cricket Association Stadium, Jamtha",England,bat,draw,draw,326,682,9,14
TEST,2010-07-29,England,Pakistan,Trent Bridge,England,bat,England,Unknown,616,262,19,20
TEST,2006-07-27,South Africa,Sri Lanka,Sinhalese Sports Club Ground,South Africa,bat,Sri Lanka,Unknown,603,756,20,5
TEST,2012-11-15,India,England,"Sardar Patel Stadium, Motera",India,bat,India,Unknown,601,597,9,20
TEST,2016-08-27,South Africa,New Zealand,SuperSport Park,New Zealand,field,South Africa,Unknown,613,409,15,20
TEST,2007-12-26,Australia,India,Melbourne Cricket Ground,Australia,bat,Australia,Unknown,694,357,17,20
TEST,2009-07-16,England,Australia,Lord's,England,bat,England,Unknown,736,621,16,20
TEST,2025-07-31,India,England,"Kennington Oval, London",England,field,India,Unknown,620,614,20,19
TEST,2024-09-06,England,Sri Lanka,"Kennington Oval, London",Sri Lanka,field,Sri Lanka,Unknown,481,482,20,12
TEST,2022-03-31,South Africa,Bangladesh,"Kingsmead, Durban",Bangladesh,field,South Africa,Unknown,571,351,20,20
TEST,2018-08-18,India,England,Trent Bridge,England,field,India,Unknown,681,478,17,20
TEST,2013-04-17,Zimbabwe,Bangladesh,Harare Sports Club,Bangladesh,field,Zimbabwe,Unknown,616,281,17,20
TEST,2006-01-21,Pakistan,India,Iqbal Stadium,Pakistan,bat,draw,draw,1078,624,18,10
TEST,2021-03-29,West Indies,Sri Lanka,Sir Vivian Richards Stadium,Sri Lanka,field,draw,draw,634,451,14,12
TEST,2022-12-01,England,Pakistan,Rawalpindi Cricket Stadium,England,bat,England,Unknown,921,847,17,20
TEST,2007-07-03,Bangladesh,Sri Lanka,P Sara Oval,Sri Lanka,field,Sri Lanka,Unknown,361,451,20,6
TEST,2009-08-26,Sri Lanka,New Zealand,Sinhalese Sports Club Ground,Sri Lanka,bat,Sri Lanka,Unknown,727,631,15,20
TEST,2008-07-23,Sri Lanka,India,Sinhalese Sports Club Ground,Sri Lanka,bat,Sri Lanka,Unknown,600,361,6,20
TEST,2015-01-02,South Africa,West Indies,Newlands,West Indies,bat,South Africa,Unknown,545,544,12,20
TEST,2010-05-27,England,Bangladesh,Lord's,Bangladesh,field,England,Unknown,668,664,12,20
TEST,2015-10-22,England,Pakistan,Dubai International Cricket Stadium,Pakistan,bat,Pakistan,Unknown,554,732,20,16
TEST,2003-12-18,England,Sri Lanka,"Sinhalese Sports Club Ground, Colombo",England,bat,Sri Lanka,Unknown,413,628,20,8
TEST,2006-05-05,New Zealand,South Africa,The Wanderers Stadium,South Africa,field,South Africa,Unknown,402,406,20,16
TEST,2017-09-07,West Indies,England,Lord's,West Indies,bat,England,Unknown,300,301,20,11
TEST,2013-09-10,Zimbabwe,Pakistan,Harare Sports Club,Zimbabwe,bat,Zimbabwe,Unknown,493,469,20,20
TEST,2010-06-18,West Indies,South Africa,"Warner Park, Basseterre",South Africa,bat,draw,draw,546,778,10,9
TEST,2023-03-01,India,Australia,"Holkar Cricket Stadium, Indore",India,bat,Australia,Unknown,272,275,20,11
TEST,2018-03-09,Australia,South Africa,St George's Park,Australia,bat,South Africa,Unknown,482,484,20,14
TEST,2012-03-07,New Zealand,South Africa,University Oval,New Zealand,field,draw,draw,410,673,12,15
TEST,2015-11-27,Australia,New Zealand,Adelaide Oval,New Zealand,bat,Australia,Unknown,411,410,17,20
TEST,2019-12-26,Australia,New Zealand,Melbourne Cricket Ground,New Zealand,field,Australia,Unknown,635,388,15,19
TEST,2023-02-16,England,New Zealand,"Bay Oval, Mount Maunganui",New Zealand,field,England,Unknown,699,432,19,20
TEST,2018-10-16,Pakistan,Australia,Sheikh Zayed Stadium,Pakistan,bat,Pakistan,Unknown,682,309,19,19
TEST,2009-07-08,England,Australia,Sophia Gardens,England,bat,draw,draw,687,674,19,6
TEST,2010-11-12,Pakistan,South Africa,Dubai International Cricket Stadium,South Africa,bat,draw,draw,591,698,13,12
TEST,2020-12-26,Sri Lanka,South Africa,SuperSport Park,Sri Lanka,bat,South Africa,Unknown,576,621,19,10
TEST,2019-08-01,England,Australia,Edgbaston,Australia,bat,Australia,Unknown,520,771,20,17
TEST,2018-03-30,South Africa,Australia,The Wanderers Stadium,South Africa,bat,South Africa,Unknown,832,340,16,20
TEST,2022-01-03,India,South Africa,"The Wanderers Stadium, Johannesburg",India,bat,South Africa,Unknown,468,472,20,13
TEST,2008-06-12,West Indies,Australia,"Kensington Oval, Bridgetown",West Indies,field,Australia,Unknown,603,690,20,15
TEST,2013-09-03,Zimbabwe,Pakistan,Harare Sports Club,Zimbabwe,field,Pakistan,Unknown,447,668,20,19
TEST,2006-06-22,West Indies,India,"Warner Park, Basseterre",West Indies,bat,draw,draw,753,660,16,14
TEST,2014-07-09,England,India,Trent Bridge,India,bat,draw,draw,496,848,10,19
TEST,2009-03-06,South Africa,Australia,Kingsmead,Australia,bat,Australia,Unknown,508,683,19,15
TEST,2024-10-16,India,New Zealand,"M Chinnaswamy Stadium, Bengaluru",India,bat,New Zealand,Unknown,508,512,20,12
TEST,2014-06-20,England,Sri Lanka,Headingley,England,field,Sri Lanka,Unknown,614,714,20,20
TEST,2024-02-04,New Zealand,South Africa,"Bay Oval, Mount Maunganui",South Africa,field,New Zealand,Unknown,690,409,14,20
TEST,2021-03-21,Sri Lanka,West Indies,Sir Vivian Richards Stadium,West Indies,field,draw,draw,645,507,20,14
TEST,2025-10-20,Pakistan,South Africa,Rawalpindi Cricket Stadium,Pakistan,bat,South Africa,Unknown,471,477,20,12
TEST,2011-01-15,New Zealand,Pakistan,Basin Reserve,New Zealand,bat,draw,draw,649,602,20,15
TEST,2021-01-03,Sri Lanka,South Africa,The Wanderers Stadium,Sri Lanka,bat,South Africa,Unknown,368,369,20,10
TEST,2016-12-26,South Africa,Sri Lanka,St George's Park,South Africa,bat,South Africa,Unknown,692,486,16,20
TEST,2009-03-18,New Zealand,India,Seddon Park,India,field,India,Unknown,558,559,20,10
TEST,2017-03-25,India,Australia,Himachal Pradesh Cricket Association Stadium,Australia,bat,India,Unknown,438,437,12,20
TEST,2021-02-24,England,India,Narendra Modi Stadium,England,bat,India,Unknown,193,194,20,10
TEST,2021-12-03,India,New Zealand,"Wankhede Stadium, Mumbai",India,bat,India,Unknown,601,229,17,20
TEST,2018-12-15,Sri Lanka,New Zealand,"Basin Reserve, Wellington",New Zealand,field,draw,draw,569,578,13,10
TEST,2016-10-08,India,New Zealand,Holkar Cricket Stadium,India,bat,India,Unknown,773,447,8,20
TEST,2010-11-12,India,New Zealand,"Rajiv Gandhi International Stadium, Uppal",New Zealand,bat,draw,draw,540,798,10,18
TEST,2021-06-10,West Indies,South Africa,"Daren Sammy National Cricket Stadium, Gros Islet, St Lucia",West Indies,bat,South Africa,Unknown,259,322,20,10
TEST,2006-05-25,Sri Lanka,England,Edgbaston,Sri Lanka,bat,England,Unknown,372,376,20,14
TEST,2015-05-29,England,New Zealand,Headingley,England,field,New Zealand,Unknown,605,804,20,18
TEST,2022-07-01,India,England,"Edgbaston, Birmingham",England,field,England,Unknown,661,662,20,13
TEST,2015-06-25,Sri Lanka,Pakistan,P Sara Oval,Pakistan,bat,Sri Lanka,Unknown,468,467,13,20
TEST,2017-10-06,South Africa,Bangladesh,Mangaung Oval,Bangladesh,field,South Africa,Unknown,573,319,4,20
TEST,2016-11-06,Zimbabwe,Sri Lanka,Harare Sports Club,Zimbabwe,field,Sri Lanka,Unknown,505,762,20,19
TEST,2010-12-03,Australia,England,Adelaide Oval,Australia,bat,England,Unknown,549,620,20,5
TEST,2025-02-06,Ireland,Zimbabwe,"Queens Sports Club, Bulawayo",Ireland,bat,Ireland,Unknown,558,495,20,20
TEST,2018-06-23,West Indies,Sri Lanka,"Kensington Oval, Bridgetown",West Indies,bat,Sri Lanka,Unknown,297,298,20,16
TEST,2019-02-01,Australia,Sri Lanka,Manuka Oval,Australia,bat,Australia,Unknown,730,364,8,20
TEST,2009-02-04,West Indies,England,"Sabina Park, Kingston",England,bat,West Indies,Unknown,392,369,10,20
TEST,2022-06-29,Sri Lanka,Australia,Galle International Stadium,Sri Lanka,bat,Australia,Unknown,325,331,20,10
TEST,2016-08-11,England,Pakistan,Kennington Oval,England,bat,Pakistan,Unknown,581,584,20,10
TEST,2013-03-14,India,Australia,"Punjab Cricket Association Stadium, Mohali",Australia,bat,India,Unknown,635,631,14,20
TEST,2015-12-10,New Zealand,Sri Lanka,University Oval,Sri Lanka,field,New Zealand,Unknown,698,576,13,20
TEST,2017-07-14,Zimbabwe,Sri Lanka,"R.Premadasa Stadium, Khettarama",Zimbabwe,bat,Sri Lanka,Unknown,733,737,20,16
TEST,2015-08-20,England,Australia,Kennington Oval,England,field,Australia,Unknown,435,481,20,10
TEST,2024-02-13,South Africa,New Zealand,"Seddon Park, Hamilton",South Africa,bat,New Zealand,Unknown,477,480,20,13
TEST,2021-06-18,South Africa,West Indies,"Daren Sammy National Cricket Stadium, Gros Islet, St Lucia",West Indies,field,South Africa,Unknown,472,314,20,19
TEST,2008-02-22,Bangladesh,South Africa,Shere Bangla National Stadium,Bangladesh,bat,South Africa,Unknown,374,375,20,15
TEST,2008-12-11,India,England,"MA Chidambaram Stadium, Chepauk",England,bat,India,Unknown,628,627,14,19
TEST,2021-09-02,India,England,"Kennington Oval, London",England,field,India,Unknown,657,500,20,20
TEST,2018-09-07,England,India,Kennington Oval,England,bat,England,Unknown,755,637,18,20
TEST,2017-09-28,Sri Lanka,Pakistan,Sheikh Zayed Stadium,Sri Lanka,bat,Sri Lanka,Unknown,557,536,20,20
TEST,2022-05-15,Sri Lanka,Bangladesh,"Zahur Ahmed Chowdhury Stadium, Chattogram",Sri Lanka,bat,draw,draw,657,465,16,10
TEST,2021-02-13,India,England,MA Chidambaram Stadium,India,bat,India,Unknown,615,298,20,20
TEST,2006-03-09,New Zealand,West Indies,Eden Park,West Indies,field,New Zealand,Unknown,547,520,20,20
TEST,2014-01-27,Bangladesh,Sri Lanka,Shere Bangla National Stadium,Sri Lanka,field,Sri Lanka,Unknown,482,730,20,6
TEST,2010-01-14,South Africa,England,New Wanderers Stadium,England,bat,South Africa,Unknown,423,349,7,20
TEST,2008-12-19,India,England,"Punjab Cricket Association Stadium, Mohali",India,bat,draw,draw,704,366,17,11
TEST,2016-12-26,Australia,Pakistan,Melbourne Cricket Ground,Pakistan,bat,Australia,Unknown,624,606,8,19
TEST,2025-11-22,South Africa,India,"Barsapara Cricket Stadium, Guwahati",South Africa,bat,South Africa,Unknown,749,341,15,20
TEST,2008-10-17,India,Australia,"Punjab Cricket Association Stadium, Mohali",India,bat,India,Unknown,783,463,13,20
TEST,2026-08-15,India,Sri Lanka,Galle International Stadium,India,bat,India,Unknown,655,490,20,20
TEST,2016-10-30,Pakistan,West Indies,Sharjah Cricket Stadium,Pakistan,bat,West Indies,Unknown,489,491,20,15
TEST,2012-08-02,West Indies,New Zealand,"Sabina Park, Kingston",West Indies,field,West Indies,Unknown,415,414,15,20
TEST,2006-06-30,India,West Indies,"Sabina Park, Kingston",India,bat,India,Unknown,371,322,20,20
TEST,2023-07-19,Australia,England,"Old Trafford, Manchester",England,field,draw,draw,531,592,15,10
TEST,2023-04-16,Sri Lanka,Ireland,Galle International Stadium,Sri Lanka,bat,Sri Lanka,Unknown,591,311,6,20
TEST,2012-08-31,India,New Zealand,M Chinnaswamy Stadium,New Zealand,bat,India,Unknown,615,613,15,20
TEST,2011-09-01,Zimbabwe,Pakistan,Queens Sports Club,Pakistan,field,Pakistan,Unknown,553,554,20,13
TEST,2005-01-02,South Africa,England,Newlands,South Africa,bat,South Africa,Unknown,663,467,18,20
TEST,2023-06-28,Australia,England,"Lord's, London",England,field,Australia,Unknown,695,652,20,20
TEST,2008-06-05,England,New Zealand,Trent Bridge,New Zealand,field,England,Unknown,364,355,10,20
TEST,2004-03-18,South Africa,New Zealand,Eden Park,New Zealand,field,New Zealand,Unknown,645,648,20,11
TEST,2020-08-21,England,Pakistan,The Rose Bowl,England,bat,draw,draw,583,460,8,14
TEST,2011-08-10,England,India,Edgbaston,England,field,England,Unknown,710,468,7,20
TEST,2016-11-09,India,England,Saurashtra Cricket Association Stadium,England,bat,draw,draw,660,797,16,13
TEST,2024-10-29,South Africa,Bangladesh,"Zahur Ahmed Chowdhury Stadium, Chattogram",South Africa,bat,South Africa,Unknown,575,297,6,20
TEST,2018-11-03,Zimbabwe,Bangladesh,Sylhet International Cricket Stadium,Zimbabwe,bat,Zimbabwe,Unknown,463,312,20,20
TEST,2026-07-03,Sri Lanka,West Indies,"Sir Vivian Richards Stadium, North Sound, Antigua",Sri Lanka,bat,draw,draw,800,608,18,10
TEST,2016-09-22,India,New Zealand,Green Park,India,bat,India,Unknown,695,498,15,20
TEST,2019-08-14,England,Australia,Lord's,Australia,field,draw,draw,516,404,15,16
TEST,2010-08-26,England,Pakistan,Lord's,Pakistan,field,England,Unknown,446,221,10,20
TEST,2019-07-24,England,Ireland,Lord's,England,bat,England,Unknown,388,245,20,20
TEST,2025-12-17,Australia,England,Adelaide Oval,Australia,bat,Australia,Unknown,720,638,20,20
TEST,2010-10-09,India,Australia,M Chinnaswamy Stadium,Australia,bat,India,Unknown,702,701,13,20
TEST,2003-10-16,New Zealand,India,"Punjab Cricket Association Stadium, Mohali, Chandigarh",New Zealand,bat,draw,draw,630,560,6,14
TEST,2011-05-12,West Indies,Pakistan,Providence Stadium,West Indies,bat,West Indies,Unknown,378,338,20,20
TEST,2009-03-26,New Zealand,India,McLean Park,New Zealand,bat,draw,draw,619,781,9,14
TEST,2011-08-18,England,India,Kennington Oval,England,bat,England,Unknown,591,583,6,20
TEST,2013-02-22,India,Australia,"MA Chidambaram Stadium, Chepauk",Australia,bat,India,Unknown,622,621,12,20
TEST,2026-06-25,New Zealand,England,"Trent Bridge, Nottingham",New Zealand,bat,New Zealand,Unknown,726,566,19,20
TEST,2017-01-03,Australia,Pakistan,Sydney Cricket Ground,Australia,bat,Australia,Unknown,779,559,10,20
TEST,2018-11-16,New Zealand,Pakistan,Sheikh Zayed Stadium,New Zealand,bat,New Zealand,Unknown,402,398,20,20
TEST,2020-02-29,New Zealand,India,Hagley Oval,New Zealand,field,New Zealand,Unknown,367,366,13,20
TEST,2014-02-14,New Zealand,India,Basin Reserve,India,field,draw,draw,872,604,18,13
TEST,2013-07-18,England,Australia,Lord's,England,bat,England,Unknown,710,363,17,20
TEST,2009-12-16,South Africa,England,SuperSport Park,England,field,draw,draw,719,584,17,19
TEST,2009-08-18,Sri Lanka,New Zealand,Galle International Stadium,New Zealand,field,Sri Lanka,Unknown,711,509,14,20
TEST,2025-07-03,Australia,West Indies,"National Cricket Stadium, St George's, Grenada",Australia,bat,Australia,Unknown,529,396,20,20
TEST,2003-12-04,Australia,India,"Brisbane Cricket Ground, Woolloongabba, Brisbane",India,field,draw,draw,607,482,13,12
TEST,2013-02-01,South Africa,Pakistan,New Wanderers Stadium,South Africa,bat,South Africa,Unknown,528,317,13,20
TEST,2006-12-26,South Africa,India,Kingsmead,South Africa,bat,South Africa,Unknown,593,419,18,20
TEST,2006-03-09,England,India,"Punjab Cricket Association IS Bindra Stadium, Mohali",England,bat,India,Unknown,481,482,20,11
TEST,2009-03-01,Pakistan,Sri Lanka,Gaddafi Stadium,Pakistan,field,draw,draw,110,606,1,10
TEST,2018-12-03,New Zealand,Pakistan,Sheikh Zayed Stadium,New Zealand,bat,New Zealand,Unknown,627,504,17,20
TEST,2015-05-06,Bangladesh,Pakistan,Shere Bangla National Stadium,Bangladesh,field,Pakistan,Unknown,424,752,18,14
TEST,2011-01-03,Australia,England,Sydney Cricket Ground,Australia,bat,England,Unknown,561,644,20,10
TEST,2021-08-25,India,England,"Headingley, Leeds",India,bat,England,Unknown,356,432,20,10
TEST,2017-12-26,Australia,England,Melbourne Cricket Ground,Australia,bat,draw,draw,590,491,14,10
TEST,2022-03-12,India,Sri Lanka,"M Chinnaswamy Stadium, Bengaluru",India,bat,India,Unknown,555,317,19,20
TEST,2021-12-04,Pakistan,Bangladesh,"Shere Bangla National Stadium, Mirpur",Pakistan,bat,Pakistan,Unknown,300,292,4,20
TEST,2004-11-20,South Africa,India,Green Park,South Africa,bat,draw,draw,679,466,13,10
TEST,2016-05-27,England,Sri Lanka,Riverside Ground,England,bat,England,Unknown,578,576,10,20
TEST,2010-06-26,West Indies,South Africa,"Kensington Oval, Bridgetown",West Indies,bat,South Africa,Unknown,392,395,20,13
TEST,2022-01-09,New Zealand,Bangladesh,"Hagley Oval, Christchurch",Bangladesh,field,New Zealand,Unknown,521,404,6,20
TEST,2018-12-26,South Africa,Pakistan,SuperSport Park,Pakistan,bat,South Africa,Unknown,374,371,14,20
TEST,2021-04-29,Zimbabwe,Pakistan,Harare Sports Club,Zimbabwe,bat,Pakistan,Unknown,310,426,19,10
TEST,2019-10-02,India,South Africa,Dr. Y.S. Rajasekhara Reddy ACA-VDCA Cricket Stadium,India,bat,India,Unknown,825,622,11,20
TEST,2017-01-02,South Africa,Sri Lanka,Newlands,Sri Lanka,field,South Africa,Unknown,616,334,17,20
TEST,2016-08-04,Sri Lanka,Australia,Galle International Stadium,Sri Lanka,bat,Sri Lanka,Unknown,518,289,20,20
TEST,2022-03-12,Australia,Pakistan,"National Stadium, Karachi",Australia,bat,draw,draw,653,591,11,17
TEST,2006-11-19,Pakistan,West Indies,Multan Cricket Stadium,Pakistan,bat,draw,draw,818,591,17,10
TEST,2011-06-16,England,Sri Lanka,The Rose Bowl,England,field,draw,draw,377,518,8,15
TEST,2018-06-01,Pakistan,England,Headingley,Pakistan,bat,England,Unknown,308,363,20,10
TEST,2008-01-02,South Africa,West Indies,Newlands,West Indies,bat,South Africa,Unknown,507,505,13,20
TEST,2017-04-30,West Indies,Pakistan,"Kensington Oval, Bridgetown",West Indies,bat,West Indies,Unknown,580,474,20,20
TEST,2005-03-10,New Zealand,Australia,AMI Stadium,Australia,field,Australia,Unknown,564,567,20,11
TEST,2020-01-03,South Africa,England,Newlands,England,bat,England,Unknown,471,660,20,18
TEST,2024-12-14,Australia,India,"Brisbane Cricket Ground, Woolloongabba, Brisbane",India,field,draw,draw,534,268,17,10
TEST,2003-11-12,West Indies,Zimbabwe,"Queens Sports Club, Bulawayo",West Indies,bat,West Indies,Unknown,609,481,20,20
TEST,2025-10-12,Pakistan,South Africa,"Gaddafi Stadium, Lahore",Pakistan,bat,Pakistan,Unknown,545,452,20,20
TEST,2005-04-21,West Indies,South Africa,Kensington Oval,West Indies,bat,South Africa,Unknown,462,548,20,9
TEST,2016-11-24,Australia,South Africa,Adelaide Oval,South Africa,bat,Australia,Unknown,510,509,13,19
TEST,2021-11-29,Sri Lanka,West Indies,Galle International Stadium,Sri Lanka,bat,Sri Lanka,Unknown,549,385,19,20
TEST,2009-11-24,India,Sri Lanka,Green Park,India,bat,India,Unknown,642,498,10,20
TEST,2022-12-09,England,Pakistan,Multan Cricket Stadium,England,bat,England,Unknown,556,530,20,20
TEST,2015-07-21,Bangladesh,South Africa,Zahur Ahmed Chowdhury Stadium,South Africa,bat,draw,draw,326,309,10,10
TEST,2010-08-18,England,Pakistan,Kennington Oval,England,bat,Pakistan,Unknown,455,456,20,16
TEST,2005-11-17,West Indies,Australia,Bellerive Oval,West Indies,bat,Australia,Unknown,483,484,20,11
TEST,2014-03-01,South Africa,Australia,Newlands,Australia,bat,Australia,Unknown,552,797,20,12
TEST,2010-11-20,India,New Zealand,"Vidarbha Cricket Association Stadium, Jamtha",New Zealand,bat,India,Unknown,566,368,8,20
TEST,2009-03-06,West Indies,England,"Queen's Park Oval, Port of Spain",England,bat,draw,draw,658,783,18,12
TEST,2014-07-24,Sri Lanka,South Africa,Sinhalese Sports Club Ground,Sri Lanka,bat,draw,draw,650,441,18,18
TEST,2007-12-01,Sri Lanka,England,Asgiriya Stadium,Sri Lanka,bat,Sri Lanka,Unknown,630,542,18,20
TEST,2018-08-30,England,India,The Rose Bowl,England,bat,England,Unknown,517,457,20,20
TEST,2017-08-04,England,South Africa,Old Trafford,England,bat,England,Unknown,605,428,20,20
TEST,2023-07-16,Sri Lanka,Pakistan,Galle International Stadium,Sri Lanka,bat,Pakistan,Unknown,591,594,20,16
TEST,2022-08-17,England,South Africa,"Lord's, London",South Africa,field,South Africa,Unknown,314,326,20,10
TEST,2011-01-07,New Zealand,Pakistan,Seddon Park,Pakistan,field,Pakistan,Unknown,385,388,20,10
TEST,2024-10-24,New Zealand,India,"Maharashtra Cricket Association Stadium, Pune",New Zealand,bat,New Zealand,Unknown,514,401,20,20
TEST,2006-11-23,Australia,England,"Brisbane Cricket Ground, Woolloongabba",Australia,bat,Australia,Unknown,804,527,10,20
TEST,2012-12-14,Australia,Sri Lanka,Bellerive Oval,Australia,bat,Australia,Unknown,728,591,15,20
TEST,2003-10-21,Bangladesh,England,"Bangabandhu National Stadium, Dhaka",Bangladesh,bat,England,Unknown,458,459,20,13
TEST,2004-04-13,Pakistan,India,Rawalpindi Cricket Stadium,India,field,India,Unknown,469,600,20,10
TEST,2019-11-29,Australia,Pakistan,Adelaide Oval,Australia,bat,Australia,Unknown,589,541,3,20
TEST,2008-01-16,Australia,India,Western Australia Cricket Association Ground,India,bat,India,Unknown,552,624,20,20
TEST,2015-11-05,Australia,New Zealand,"Brisbane Cricket Ground, Woolloongabba",Australia,bat,Australia,Unknown,820,612,8,20
TEST,2009-02-26,South Africa,Australia,New Wanderers Stadium,Australia,bat,Australia,Unknown,511,673,20,20
TEST,2025-11-11,Ireland,Bangladesh,Sylhet International Cricket Stadium,Ireland,bat,Bangladesh,Unknown,540,587,20,8
TEST,2006-12-15,India,South Africa,The Wanderers Stadium,India,bat,India,Unknown,485,362,20,20
TEST,2008-03-05,New Zealand,England,Seddon Park,New Zealand,bat,New Zealand,Unknown,647,458,19,20
TEST,2013-11-06,India,West Indies,Eden Gardens,West Indies,bat,India,Unknown,453,402,10,20
TEST,2024-12-05,South Africa,Sri Lanka,"St George's Park, Gqeberha",South Africa,bat,South Africa,Unknown,675,566,20,20
TEST,2006-03-16,South Africa,Australia,Newlands,South Africa,bat,Australia,Unknown,402,403,20,13
TEST,2021-11-26,Bangladesh,Pakistan,"Zahur Ahmed Chowdhury Stadium, Chattogram",Bangladesh,bat,Pakistan,Unknown,487,489,21,12
TEST,2009-07-04,Sri Lanka,Pakistan,Galle International Stadium,Pakistan,field,Sri Lanka,Unknown,509,459,20,20
TEST,2010-11-23,Sri Lanka,West Indies,R Premadasa Stadium,Sri Lanka,bat,draw,draw,444,255,10,12
TEST,2008-11-28,Australia,New Zealand,Adelaide Oval,New Zealand,bat,Australia,Unknown,535,473,10,20
TEST,2019-11-21,New Zealand,England,Bay Oval,England,bat,New Zealand,Unknown,615,550,9,20
TEST,2014-12-17,Australia,India,"Brisbane Cricket Ground, Woolloongabba",India,bat,Australia,Unknown,635,632,16,20
TEST,2016-01-14,South Africa,England,New Wanderers Stadium,South Africa,bat,England,Unknown,396,397,20,13
TEST,2013-12-05,Australia,England,Adelaide Oval,Australia,bat,Australia,Unknown,702,484,12,20
TEST,2005-08-04,England,Australia,"Edgbaston, Birmingham",Australia,field,England,Unknown,589,587,20,20
TEST,2016-11-12,Australia,South Africa,Bellerive Oval,South Africa,field,South Africa,Unknown,246,326,20,10
TEST,2012-08-23,India,New Zealand,"Rajiv Gandhi International Stadium, Uppal",India,bat,India,Unknown,438,323,10,20
TEST,2024-02-02,India,England,"Dr. Y.S. Rajasekhara Reddy ACA-VDCA Cricket Stadium, Visakhapatnam",India,bat,India,Unknown,651,545,20,20
TEST,2022-09-08,South Africa,England,"Kennington Oval, London",England,field,England,Unknown,287,288,20,11
TEST,2014-08-14,Sri Lanka,Pakistan,Sinhalese Sports Club Ground,Sri Lanka,bat,Sri Lanka,Unknown,602,497,20,19
TEST,2004-10-14,Australia,India,MA Chidambaram Stadium,Australia,bat,draw,draw,604,395,20,10
TEST,2023-06-07,Australia,India,"Kennington Oval, London",India,field,Australia,Unknown,739,530,18,20
TEST,2019-11-29,New Zealand,England,Seddon Park,England,field,draw,draw,616,476,12,10
TEST,2016-11-03,Australia,South Africa,Western Australia Cricket Association Ground,South Africa,bat,South Africa,Unknown,605,782,20,18
TEST,2008-12-17,Australia,South Africa,Western Australia Cricket Association Ground,Australia,bat,South Africa,Unknown,694,695,20,14
TEST,2024-12-06,England,New Zealand,"Basin Reserve, Wellington",New Zealand,field,England,Unknown,707,384,16,20
TEST,2017-02-09,India,Bangladesh,"Rajiv Gandhi International Stadium, Uppal",India,bat,India,Unknown,846,638,10,20
TEST,2012-01-26,New Zealand,Zimbabwe,McLean Park,Zimbabwe,field,New Zealand,Unknown,495,194,8,20
TEST,2012-08-02,England,South Africa,Headingley,England,field,draw,draw,555,677,14,19
TEST,2008-10-09,India,Australia,M Chinnaswamy Stadium,Australia,bat,draw,draw,537,658,14,16
TEST,2024-01-03,South Africa,India,"Newlands, Cape Town",South Africa,bat,India,Unknown,231,233,20,13
TEST,2011-12-15,South Africa,Sri Lanka,SuperSport Park,South Africa,field,South Africa,Unknown,411,330,10,20
TEST,2008-10-25,Bangladesh,New Zealand,Shere Bangla National Stadium,Bangladesh,field,draw,draw,169,341,9,7
TEST,2018-11-11,Bangladesh,Zimbabwe,"Shere Bangla National Stadium, Mirpur",Bangladesh,bat,Bangladesh,Unknown,746,528,13,18
TEST,2021-08-12,Pakistan,West Indies,"Sabina Park, Kingston, Jamaica",West Indies,field,West Indies,Unknown,420,421,20,19
TEST,2004-11-18,New Zealand,Australia,Brisbane Cricket Ground,New Zealand,bat,Australia,Unknown,429,585,20,10
TEST,2023-03-08,South Africa,West Indies,"The Wanderers Stadium, Johannesburg",South Africa,bat,South Africa,Unknown,641,357,20,20
TEST,2016-11-25,New Zealand,Pakistan,Seddon Park,Pakistan,field,New Zealand,Unknown,584,446,15,20
TEST,2013-12-13,Australia,England,Western Australia Cricket Association Ground,Australia,bat,Australia,Unknown,754,604,16,20
TEST,2009-07-20,Sri Lanka,Pakistan,Sinhalese Sports Club Ground,Sri Lanka,field,draw,draw,624,724,14,19
TEST,2008-11-19,South Africa,Bangladesh,OUTsurance Oval,Bangladesh,field,South Africa,Unknown,441,312,9,20
TEST,2008-04-11,India,South Africa,Green Park,South Africa,bat,India,Unknown,389,386,12,20
TEST,2021-06-02,New Zealand,England,"Lord's, London",New Zealand,bat,draw,draw,547,445,16,13
TEST,2019-12-12,Australia,New Zealand,Perth Stadium,Australia,bat,Australia,Unknown,633,337,19,20
TEST,2020-07-24,England,West Indies,Old Trafford,West Indies,field,England,Unknown,595,326,12,20
TEST,2014-10-30,Australia,Pakistan,Sheikh Zayed Stadium,Pakistan,bat,Pakistan,Unknown,507,863,20,9
TEST,2024-08-30,Pakistan,Bangladesh,Rawalpindi Cricket Stadium,Bangladesh,field,Bangladesh,Unknown,446,447,20,14
TEST,2019-11-14,India,Bangladesh,Holkar Cricket Stadium,Bangladesh,bat,India,Unknown,493,363,6,20
TEST,2015-06-03,West Indies,Australia,"Windsor Park, Roseau",West Indies,bat,Australia,Unknown,364,365,20,11
TEST,2008-03-13,New Zealand,England,Basin Reserve,New Zealand,field,England,Unknown,509,635,20,20
TEST,2022-12-22,Bangladesh,India,"Shere Bangla National Stadium, Mirpur",Bangladesh,bat,India,Unknown,458,459,20,17
TEST,2019-02-13,South Africa,Sri Lanka,Kingsmead,Sri Lanka,field,Sri Lanka,Unknown,494,495,20,19
TEST,2018-01-31,Bangladesh,Sri Lanka,Zahur Ahmed Chowdhury Stadium,Bangladesh,bat,draw,draw,820,713,15,9
TEST,2023-07-24,Sri Lanka,Pakistan,"Sinhalese Sports Club Ground, Colombo",Sri Lanka,bat,Pakistan,Unknown,354,576,20,6
TEST,2012-05-17,England,West Indies,Lord's,England,field,England,Unknown,591,588,15,20
TEST,2013-03-22,India,Australia,Feroz Shah Kotla,Australia,bat,India,Unknown,430,426,14,20
TEST,2014-08-09,Zimbabwe,South Africa,Harare Sports Club,Zimbabwe,bat,South Africa,Unknown,437,441,20,11
TEST,2025-10-02,West Indies,India,"Narendra Modi Stadium, Ahmedabad",West Indies,bat,India,Unknown,308,448,20,5
TEST,2019-09-04,England,Australia,Old Trafford,Australia,bat,Australia,Unknown,498,683,20,14
TEST,2006-12-01,England,Australia,Adelaide Oval,England,bat,Australia,Unknown,680,681,16,14
TEST,2007-11-30,India,Pakistan,Eden Gardens,India,bat,draw,draw,800,670,9,14
TEST,2017-10-29,Zimbabwe,West Indies,Queens Sports Club,Zimbabwe,bat,draw,draw,627,448,17,10
TEST,2012-02-03,England,Pakistan,Dubai International Cricket Stadium,Pakistan,bat,Pakistan,Unknown,393,464,20,20
TEST,2024-10-15,Pakistan,England,Multan Cricket Stadium,Pakistan,bat,Pakistan,Unknown,587,435,20,20
TEST,2009-12-03,New Zealand,Pakistan,Basin Reserve,New Zealand,field,Pakistan,Unknown,362,503,20,20
TEST,2023-04-24,Ireland,Sri Lanka,Galle International Stadium,Ireland,bat,Sri Lanka,Unknown,694,704,20,4
TEST,2025-12-04,England,Australia,"Brisbane Cricket Ground, Woolloongabba, Brisbane",England,bat,Australia,Unknown,575,580,20,12
TEST,2008-02-29,Bangladesh,South Africa,Chittagong Divisional Stadium,South Africa,bat,South Africa,Unknown,378,583,19,7
TEST,2023-02-04,West Indies,Zimbabwe,"Queens Sports Club, Bulawayo",West Indies,bat,draw,draw,650,513,11,15
TEST,2011-12-26,South Africa,Sri Lanka,Kingsmead,Sri Lanka,bat,Sri Lanka,Unknown,409,617,20,20
TEST,2003-08-14,England,South Africa,"Trent Bridge, Nottingham",England,bat,England,Unknown,563,493,20,20
TEST,2015-04-28,Bangladesh,Pakistan,Sheikh Abu Naser Stadium,Bangladesh,bat,draw,draw,887,628,16,10
TEST,2025-12-26,Australia,England,Melbourne Cricket Ground,England,field,England,Unknown,284,288,20,16
TEST,2013-11-14,India,West Indies,Wankhede Stadium,India,field,India,Unknown,495,369,10,20
TEST,2018-05-24,England,Pakistan,Lord's,England,bat,Pakistan,Unknown,426,429,20,11
TEST,2004-03-08,Australia,Sri Lanka,Galle International Stadium,Australia,bat,Australia,Unknown,732,535,18,20
TEST,2021-08-12,India,England,"Lord's, London",England,field,India,Unknown,662,511,18,20
TEST,2004-01-02,India,Australia,Sydney Cricket Ground,India,bat,draw,draw,916,831,9,16
TEST,2018-06-06,West Indies,Sri Lanka,"Queen's Park Oval, Port of Spain",West Indies,bat,West Indies,Unknown,637,411,15,20
TEST,2011-01-02,South Africa,India,Newlands,India,field,draw,draw,703,530,20,13
TEST,2007-01-02,England,Australia,Sydney Cricket Ground,England,bat,Australia,Unknown,438,439,20,10
TEST,2011-05-20,West Indies,Pakistan,"Warner Park, Basseterre",Pakistan,bat,Pakistan,Unknown,453,649,20,16
TEST,2005-04-11,Sri Lanka,New Zealand,Basin Reserve,New Zealand,field,New Zealand,Unknown,484,522,20,9
TEST,2012-11-17,Sri Lanka,New Zealand,Galle International Stadium,New Zealand,bat,Sri Lanka,Unknown,340,339,10,20
TEST,2017-03-08,New Zealand,South Africa,University Oval,South Africa,bat,draw,draw,341,532,10,16
TEST,2014-12-26,Australia,India,Melbourne Cricket Ground,Australia,bat,draw,draw,848,639,19,16
TEST,2005-04-29,South Africa,West Indies,Antigua Recreation Ground,South Africa,bat,draw,draw,715,747,7,10
TEST,2021-06-18,India,New Zealand,"The Rose Bowl, Southampton",New Zealand,field,New Zealand,Unknown,387,389,20,12
TEST,2018-01-05,South Africa,India,Newlands,South Africa,bat,South Africa,Unknown,416,344,20,20
TEST,2026-06-28,Bangladesh,Zimbabwe,Harare Sports Club,Zimbabwe,field,Zimbabwe,Unknown,325,410,20,10
TEST,2018-07-20,Sri Lanka,South Africa,Sinhalese Sports Club Ground,Sri Lanka,bat,Sri Lanka,Unknown,613,414,15,20
TEST,2011-11-14,India,West Indies,Eden Gardens,India,bat,India,Unknown,631,616,7,20
TEST,2013-08-09,England,Australia,Riverside Ground,England,bat,England,Unknown,568,494,20,20
TEST,2025-08-07,Zimbabwe,New Zealand,"Queens Sports Club, Bulawayo",Zimbabwe,bat,New Zealand,Unknown,242,601,20,3
TEST,2017-10-06,Sri Lanka,Pakistan,Dubai International Cricket Stadium,Sri Lanka,bat,Sri Lanka,Unknown,578,510,20,20
TEST,2012-05-25,England,West Indies,Trent Bridge,West Indies,bat,England,Unknown,539,535,11,20
TEST,2020-12-11,New Zealand,West Indies,Basin Reserve,West Indies,field,New Zealand,Unknown,460,448,10,20
TEST,2015-11-01,England,Pakistan,Sharjah Cricket Stadium,Pakistan,bat,Pakistan,Unknown,462,589,20,20
TEST,2010-01-03,Australia,Pakistan,Sydney Cricket Ground,Australia,bat,Australia,Unknown,508,472,20,20
TEST,2015-07-03,Sri Lanka,Pakistan,Pallekele International Cricket Stadium,Pakistan,field,Pakistan,Unknown,591,597,20,13
TEST,2021-12-26,England,Australia,Melbourne Cricket Ground,Australia,field,Australia,Unknown,253,267,20,10
TEST,2015-08-20,Sri Lanka,India,P Sara Oval,India,bat,India,Unknown,440,718,20,18
TEST,2022-01-05,Australia,England,Sydney Cricket Ground,Australia,bat,draw,draw,681,564,14,19
TEST,2010-03-27,New Zealand,Australia,Seddon Park,Australia,bat,Australia,Unknown,566,742,20,18
TEST,2016-02-12,New Zealand,Australia,Basin Reserve,Australia,field,Australia,Unknown,510,562,20,10
TEST,2010-03-20,Bangladesh,England,Shere Bangla National Stadium,Bangladesh,bat,England,Unknown,704,705,20,11
TEST,2015-07-08,England,Australia,Sophia Gardens,England,bat,England,Unknown,719,550,20,20
TEST,2014-12-09,Australia,India,Adelaide Oval,Australia,bat,Australia,Unknown,807,759,12,20
TEST,2017-12-01,West Indies,New Zealand,Basin Reserve,New Zealand,field,New Zealand,Unknown,453,520,20,9
TEST,2021-12-08,England,Australia,"Brisbane Cricket Ground, Woolloongabba, Brisbane",England,bat,Australia,Unknown,444,445,20,11
TEST,2005-12-26,Australia,South Africa,Melbourne Cricket Ground,Australia,bat,Australia,Unknown,676,492,17,20
TEST,2018-07-12,Sri Lanka,South Africa,Galle International Stadium,Sri Lanka,bat,Sri Lanka,Unknown,477,199,20,20
TEST,2024-03-22,Sri Lanka,Bangladesh,Sylhet International Cricket Stadium,Bangladesh,field,Sri Lanka,Unknown,698,370,20,20
TEST,2009-04-03,New Zealand,India,Basin Reserve,New Zealand,field,draw,draw,478,813,18,17
TEST,2022-06-23,New Zealand,England,"Headingley, Leeds",New Zealand,bat,England,Unknown,655,656,20,13
TEST,2019-08-22,West Indies,India,"Sir Vivian Richards Stadium, Antigua",West Indies,field,India,Unknown,322,640,20,17
TEST,2011-12-26,Australia,India,Melbourne Cricket Ground,Australia,bat,Australia,Unknown,573,451,20,20
TEST,2022-11-30,Australia,West Indies,Perth Stadium,Australia,bat,Australia,Unknown,780,616,6,21
TEST,2008-05-15,England,New Zealand,Lord's,England,field,draw,draw,319,546,10,16
TEST,2006-06-10,India,West Indies,"Daren Sammy National Cricket Stadium, Gros Islet",India,bat,draw,draw,588,509,8,17
TEST,2020-02-07,Pakistan,Bangladesh,Rawalpindi Cricket Stadium,Pakistan,field,Pakistan,Unknown,445,401,10,20
TEST,2006-12-26,England,Australia,Melbourne Cricket Ground,England,bat,Australia,Unknown,320,419,20,10
TEST,2009-07-12,Sri Lanka,Pakistan,P Sara Oval,Pakistan,bat,Sri Lanka,Unknown,411,410,13,20
TEST,2021-02-04,Pakistan,South Africa,Rawalpindi Cricket Stadium,Pakistan,bat,Pakistan,Unknown,570,475,20,20
TEST,2006-12-07,Sri Lanka,New Zealand,AMI Stadium,Sri Lanka,bat,New Zealand,Unknown,324,325,20,15
TEST,2015-07-16,England,Australia,Lord's,Australia,bat,Australia,Unknown,415,820,20,11
TEST,2004-11-28,South Africa,India,Eden Gardens,South Africa,bat,India,Unknown,527,531,20,12
TEST,2003-01-02,South Africa,Pakistan,"Newlands, Cape Town",South Africa,bat,South Africa,Unknown,620,478,7,20
TEST,2007-11-16,New Zealand,South Africa,SuperSport Park,New Zealand,bat,South Africa,Unknown,324,383,19,10
TEST,2026-08-19,Pakistan,England,"Headingley, Leeds",England,field,England,Unknown,306,409,20,10
TEST,2013-10-23,Pakistan,South Africa,Dubai International Cricket Stadium,Pakistan,bat,South Africa,Unknown,425,517,19,10
TEST,2021-12-16,Australia,England,Adelaide Oval,Australia,bat,Australia,Unknown,703,428,18,20
TEST,2007-06-25,Bangladesh,Sri Lanka,Sinhalese Sports Club Ground,Sri Lanka,field,Sri Lanka,Unknown,343,577,20,6
TEST,2006-08-17,England,Pakistan,Kennington Oval,Pakistan,field,England,Unknown,471,504,14,10
TEST,2008-11-26,South Africa,Bangladesh,SuperSport Park,Bangladesh,bat,South Africa,Unknown,429,381,10,20
TEST,2025-07-30,Zimbabwe,New Zealand,"Queens Sports Club, Bulawayo",Zimbabwe,bat,New Zealand,Unknown,314,315,20,11
TEST,2023-07-12,West Indies,India,"Windsor Park, Roseau, Dominica",West Indies,bat,India,Unknown,280,421,20,5
TEST,2017-08-17,England,West Indies,Edgbaston,England,bat,England,Unknown,514,305,8,20
TEST,2016-07-26,Sri Lanka,Australia,Pallekele International Cricket Stadium,Sri Lanka,bat,Sri Lanka,Unknown,470,364,20,20
TEST,2013-12-26,Australia,England,Melbourne Cricket Ground,Australia,field,Australia,Unknown,435,434,12,20
TEST,2014-06-16,West Indies,New Zealand,"Queen's Park Oval, Port of Spain",New Zealand,bat,West Indies,Unknown,555,552,10,20
TEST,2021-01-22,Sri Lanka,England,Galle International Stadium,Sri Lanka,bat,England,Unknown,507,508,20,14
TEST,2014-02-20,South Africa,Australia,St George's Park,South Africa,bat,South Africa,Unknown,693,462,15,20
TEST,2025-01-03,India,Australia,Sydney Cricket Ground,India,bat,Australia,Unknown,342,343,20,14
TEST,2008-01-12,New Zealand,Bangladesh,Basin Reserve,New Zealand,field,New Zealand,Unknown,393,256,10,19
TEST,2022-02-25,South Africa,New Zealand,"Hagley Oval, Christchurch",South Africa,bat,South Africa,Unknown,718,520,19,20
TEST,2008-10-29,India,Australia,Feroz Shah Kotla,India,bat,draw,draw,821,608,12,10
TEST,2011-10-26,Pakistan,Sri Lanka,Dubai International Cricket Stadium,Sri Lanka,bat,Pakistan,Unknown,497,496,11,20
TEST,2005-07-21,Australia,England,"Lord's, London",Australia,bat,Australia,Unknown,574,335,20,20
TEST,2009-07-30,England,Australia,Edgbaston,Australia,bat,draw,draw,376,638,10,15
TEST,2015-06-17,Sri Lanka,Pakistan,Galle International Stadium,Pakistan,field,Pakistan,Unknown,506,509,20,10
TEST,2021-08-04,England,India,"Trent Bridge, Nottingham",England,bat,draw,draw,486,330,20,11
TEST,2009-02-26,West Indies,England,"Kensington Oval, Bridgetown",England,bat,draw,draw,749,879,9,8
TEST,2010-12-16,South Africa,India,SuperSport Park,South Africa,field,South Africa,Unknown,620,595,4,20
TEST,2007-12-26,West Indies,South Africa,St George's Park,South Africa,field,West Indies,Unknown,583,455,20,20
TEST,2021-07-07,Bangladesh,Zimbabwe,Harare Sports Club,Bangladesh,bat,Bangladesh,Unknown,752,532,11,20
TEST,2012-06-30,Sri Lanka,Pakistan,Sinhalese Sports Club Ground,Sri Lanka,field,draw,draw,477,651,12,8
TEST,2021-05-07,Pakistan,Zimbabwe,Harare Sports Club,Pakistan,bat,Pakistan,Unknown,510,363,8,20
TEST,2025-12-02,New Zealand,West Indies,"Hagley Oval, Christchurch",West Indies,field,draw,draw,697,624,18,16
TEST,2014-02-06,New Zealand,India,Eden Park,India,field,New Zealand,Unknown,608,568,20,20
TEST,2019-08-22,England,Australia,Headingley,England,field,England,Unknown,429,425,19,20
TEST,2011-12-01,Australia,New Zealand,"Brisbane Cricket Ground, Woolloongabba",New Zealand,bat,Australia,Unknown,446,445,11,20
TEST,2014-12-26,South Africa,West Indies,St George's Park,West Indies,field,draw,draw,417,275,8,9
TEST,2008-11-06,India,Australia,"Vidarbha Cricket Association Stadium, Jamtha",India,bat,India,Unknown,736,564,20,20
TEST,2012-11-30,Australia,South Africa,Western Australia Cricket Association Ground,South Africa,bat,South Africa,Unknown,485,794,20,20
TEST,2012-04-03,Sri Lanka,England,P Sara Oval,Sri Lanka,bat,England,Unknown,553,557,20,12
TEST,2016-01-22,South Africa,England,SuperSport Park,South Africa,bat,South Africa,Unknown,723,443,15,20
TEST,2015-11-13,Australia,New Zealand,Western Australia Cricket Association Ground,Australia,bat,draw,draw,944,728,16,12
TEST,2010-06-04,England,Bangladesh,Old Trafford,England,bat,England,Unknown,419,339,10,20
TEST,2024-08-29,England,Sri Lanka,"Lord's, London",Sri Lanka,field,England,Unknown,678,488,20,20
TEST,2024-02-29,Australia,New Zealand,"Basin Reserve, Wellington",New Zealand,field,Australia,Unknown,547,375,20,20
TEST,2025-07-02,India,England,"Edgbaston, Birmingham",England,field,India,Unknown,1014,678,16,20
TEST,2016-10-29,Zimbabwe,Sri Lanka,Harare Sports Club,Sri Lanka,bat,Sri Lanka,Unknown,559,784,20,16
TEST,2018-12-26,New Zealand,Sri Lanka,Hagley Oval,Sri Lanka,field,New Zealand,Unknown,763,340,14,20
TEST,2017-03-25,New Zealand,South Africa,Seddon Park,South Africa,bat,draw,draw,489,394,10,15
TEST,2021-11-21,Sri Lanka,West Indies,Galle International Stadium,Sri Lanka,bat,Sri Lanka,Unknown,577,390,14,20
TEST,2013-11-21,Australia,England,"Brisbane Cricket Ground, Woolloongabba",Australia,bat,Australia,Unknown,696,315,17,20
TEST,2016-11-26,India,England,"Punjab Cricket Association IS Bindra Stadium, Mohali",England,bat,India,Unknown,521,519,12,20
TEST,2018-05-11,Ireland,Pakistan,"The Village, Malahide",Ireland,field,Pakistan,Unknown,469,470,20,14
TEST,2008-05-22,West Indies,Australia,"Sabina Park, Kingston",Australia,bat,Australia,Unknown,503,598,20,20
TEST,2014-01-16,Pakistan,Sri Lanka,Sharjah Cricket Stadium,Sri Lanka,bat,Pakistan,Unknown,643,642,15,19
TEST,2021-12-26,India,South Africa,"SuperSport Park, Centurion",India,bat,India,Unknown,501,388,20,20
TEST,2004-12-16,Australia,Pakistan,W.A.C.A. Ground,Pakistan,field,Australia,Unknown,742,251,15,20
TEST,2014-12-26,New Zealand,Sri Lanka,Hagley Oval,Sri Lanka,field,New Zealand,Unknown,548,545,12,20
TEST,2017-02-23,India,Australia,Maharashtra Cricket Association Stadium,Australia,bat,Australia,Unknown,212,545,20,20
TEST,2013-08-21,England,Australia,Kennington Oval,Australia,bat,draw,draw,583,603,15,15
TEST,2016-08-13,Sri Lanka,Australia,Sinhalese Sports Club Ground,Sri Lanka,bat,Sri Lanka,Unknown,702,539,18,20
TEST,2022-03-21,Australia,Pakistan,"Gaddafi Stadium, Lahore",Australia,bat,Australia,Unknown,618,503,13,20
TEST,2018-01-04,England,Australia,Sydney Cricket Ground,England,bat,Australia,Unknown,526,649,20,7
TEST,2012-01-03,South Africa,Sri Lanka,Newlands,Sri Lanka,field,South Africa,Unknown,582,581,4,20
TEST,2024-01-03,Pakistan,Australia,Sydney Cricket Ground,Pakistan,bat,Australia,Unknown,428,429,20,12
TEST,2024-10-24,England,Pakistan,Rawalpindi Cricket Stadium,England,bat,Pakistan,Unknown,379,381,20,11
TEST,2007-05-18,India,Bangladesh,Zahur Ahmed Chowdhury Stadium,India,bat,draw,draw,487,342,15,12
TEST,2024-07-25,Zimbabwe,Ireland,"Civil Service Cricket Club, Stormont, Belfast",Ireland,field,Ireland,Unknown,407,408,20,16
TEST,2025-01-17,Pakistan,West Indies,Multan Cricket Stadium,Pakistan,bat,Pakistan,Unknown,387,260,20,20
TEST,2018-10-04,India,West Indies,Saurashtra Cricket Association Stadium,India,bat,India,Unknown,649,377,9,20
TEST,2005-03-18,Australia,New Zealand,Basin Reserve,New Zealand,field,draw,draw,570,292,8,13
TEST,2023-12-26,Australia,Pakistan,Melbourne Cricket Ground,Pakistan,field,Australia,Unknown,580,501,20,20
TEST,2010-01-14,Australia,Pakistan,Bellerive Oval,Australia,bat,Australia,Unknown,738,507,13,20
TEST,2009-05-06,England,West Indies,Lord's,West Indies,field,England,Unknown,409,408,10,20
TEST,2023-04-04,Ireland,Bangladesh,"Shere Bangla National Stadium, Mirpur",Ireland,bat,Bangladesh,Unknown,506,507,20,13
TEST,2006-03-24,Australia,South Africa,Kingsmead,Australia,bat,Australia,Unknown,676,564,14,20
TEST,2023-02-17,Australia,India,"Arun Jaitley Stadium, Delhi",Australia,bat,India,Unknown,376,380,20,14
TEST,2006-07-27,Pakistan,England,Old Trafford,Pakistan,bat,England,Unknown,341,461,20,9
TEST,2014-07-17,England,India,Lord's,England,field,India,Unknown,542,637,20,20
TEST,2012-11-21,Bangladesh,West Indies,Sheikh Abu Naser Stadium,Bangladesh,bat,West Indies,Unknown,674,678,20,9
TEST,2015-01-06,Australia,India,Sydney Cricket Ground,Australia,bat,draw,draw,823,727,13,17
TEST,2016-02-20,New Zealand,Australia,Hagley Oval,Australia,field,Australia,Unknown,705,706,20,13
TEST,2010-08-06,England,Pakistan,Edgbaston,Pakistan,bat,England,Unknown,369,368,11,20
TEST,2025-06-28,South Africa,Zimbabwe,"Queens Sports Club, Bulawayo",South Africa,bat,South Africa,Unknown,787,459,19,21
TEST,2024-11-22,India,Australia,Perth Stadium,India,bat,India,Unknown,637,342,16,20
TEST,2023-11-28,Bangladesh,New Zealand,Sylhet International Cricket Stadium,Bangladesh,bat,Bangladesh,Unknown,648,498,20,20
TEST,2015-04-13,West Indies,England,"Sir Vivian Richards Stadium, North Sound",West Indies,field,draw,draw,645,732,17,17
TEST,2016-01-02,South Africa,England,Newlands,England,bat,draw,draw,627,788,7,12
TEST,2019-01-23,West Indies,England,"Kensington Oval, Barbados",West Indies,bat,West Indies,Unknown,704,323,16,20
TEST,2008-08-07,England,South Africa,Kennington Oval,South Africa,bat,England,Unknown,514,512,14,20
TEST,2022-03-24,England,West Indies,"National Cricket Stadium, St George's, Grenada",West Indies,field,West Indies,Unknown,324,325,20,10
TEST,2018-01-24,India,South Africa,The Wanderers Stadium,India,bat,India,Unknown,434,371,20,20
TEST,2019-08-14,Sri Lanka,New Zealand,Galle International Stadium,New Zealand,bat,Sri Lanka,Unknown,535,534,14,20
TEST,2012-11-09,Australia,South Africa,"Brisbane Cricket Ground, Woolloongabba",South Africa,bat,draw,draw,565,616,5,14
TEST,2019-12-19,Pakistan,Sri Lanka,National Stadium,Pakistan,bat,Pakistan,Unknown,746,483,13,20
TEST,2006-02-28,Bangladesh,Sri Lanka,Zahur Ahmed Chowdhury Stadium,Bangladesh,bat,Sri Lanka,Unknown,500,501,20,12
TEST,2025-06-25,Australia,West Indies,"Kensington Oval, Bridgetown, Barbados",Australia,bat,Australia,Unknown,490,331,20,20
TEST,2026-08-02,West Indies,Pakistan,"Queen's Park Oval, Port of Spain, Trinidad",West Indies,bat,Pakistan,Unknown,461,464,19,12
TEST,2019-08-30,West Indies,India,"Sabina Park, Jamaica",West Indies,field,India,Unknown,327,584,21,14
TEST,2026-05-08,Bangladesh,Pakistan,"Shere Bangla National Stadium, Mirpur",Pakistan,field,Bangladesh,Unknown,653,549,19,20
TEST,2008-05-30,West Indies,Australia,"Sir Vivian Richards Stadium, North Sound",Australia,bat,draw,draw,618,723,15,13
TEST,2021-02-03,Bangladesh,West Indies,Zahur Ahmed Chowdhury Stadium,Bangladesh,bat,West Indies,Unknown,653,654,18,17
TEST,2023-12-26,India,South Africa,"SuperSport Park, Centurion",South Africa,field,South Africa,Unknown,376,408,20,9
TEST,2013-03-16,Sri Lanka,Bangladesh,R Premadasa Stadium,Sri Lanka,field,Sri Lanka,Unknown,506,505,13,20
TEST,2010-06-10,West Indies,South Africa,"Queen's Park Oval, Port of Spain",South Africa,bat,South Africa,Unknown,395,558,20,14
TEST,2010-01-17,Bangladesh,India,Zahur Ahmed Chowdhury Stadium,Bangladesh,field,India,Unknown,543,656,20,18
TEST,2023-03-09,Australia,India,"Narendra Modi Stadium, Ahmedabad",Australia,bat,draw,draw,655,571,12,9
TEST,2008-07-30,England,South Africa,Edgbaston,England,bat,South Africa,Unknown,594,597,20,15
TEST,2006-07-13,England,Pakistan,Lord's,England,bat,draw,draw,824,659,17,14
TEST,2010-02-06,India,South Africa,"Vidarbha Cricket Association Stadium, Jamtha",South Africa,bat,South Africa,Unknown,552,558,20,6
TEST,2017-12-26,South Africa,Zimbabwe,"St George's Park, Port Elizabeth",South Africa,bat,South Africa,Unknown,309,189,9,20
TEST,2014-02-12,South Africa,Australia,SuperSport Park,South Africa,field,Australia,Unknown,406,687,20,14
TEST,2007-01-19,South Africa,Pakistan,St George's Park,South Africa,bat,Pakistan,Unknown,455,456,20,15
TEST,2013-05-24,England,New Zealand,Headingley,England,bat,England,Unknown,641,394,15,20
TEST,2010-11-15,Sri Lanka,West Indies,Galle International Stadium,West Indies,bat,draw,draw,619,580,14,9
TEST,2010-12-16,Australia,England,Western Australia Cricket Association Ground,England,field,Australia,Unknown,577,310,20,20
TEST,2012-06-22,Sri Lanka,Pakistan,Galle International Stadium,Sri Lanka,bat,Sri Lanka,Unknown,609,400,15,20
TEST,2024-09-27,Bangladesh,India,"Green Park, Kanpur",India,field,India,Unknown,379,383,20,12
TEST,2014-09-05,West Indies,Bangladesh,"Arnos Vale Ground, Kingstown",Bangladesh,field,West Indies,Unknown,497,496,7,20
TEST,2018-11-30,Bangladesh,West Indies,"Shere Bangla National Stadium, Mirpur",Bangladesh,bat,Bangladesh,Unknown,508,324,10,20
TEST,2022-03-04,Pakistan,Australia,Rawalpindi Cricket Stadium,Pakistan,bat,draw,draw,728,459,4,10
TEST,2022-04-08,South Africa,Bangladesh,"St George's Park, Port Elizabeth",South Africa,bat,South Africa,Unknown,629,297,16,20
TEST,2009-12-04,Australia,West Indies,Adelaide Oval,West Indies,bat,draw,draw,651,768,15,20
TEST,2006-04-15,South Africa,New Zealand,SuperSport Park,South Africa,bat,South Africa,Unknown,575,447,20,20
TEST,2023-07-27,England,Australia,"Kennington Oval, London",Australia,field,England,Unknown,678,629,20,20
TEST,2017-12-02,Australia,England,Adelaide Oval,England,field,Australia,Unknown,580,460,18,20
TEST,2022-07-24,Sri Lanka,Pakistan,Galle International Stadium,Sri Lanka,bat,Sri Lanka,Unknown,738,492,18,20
TEST,2005-09-20,Sri Lanka,Bangladesh,P Sara Oval,Sri Lanka,bat,Sri Lanka,Unknown,457,388,9,20
TEST,2010-11-04,India,New Zealand,"Sardar Patel Stadium, Motera",India,bat,draw,draw,753,481,20,11
TEST,2007-07-11,Bangladesh,Sri Lanka,Asgiriya Stadium,Sri Lanka,field,Sri Lanka,Unknown,307,500,20,4
TEST,2025-10-10,India,West Indies,"Arun Jaitley Stadium, Delhi",India,bat,India,Unknown,642,638,8,20
TEST,2024-01-17,West Indies,Australia,Adelaide Oval,Australia,field,Australia,Unknown,308,309,20,11
TEST,2018-10-12,West Indies,India,"Rajiv Gandhi International Stadium, Uppal",West Indies,bat,India,Unknown,438,442,20,10
TEST,2006-08-04,England,Pakistan,Headingley,England,bat,England,Unknown,860,693,20,20
TEST,2023-07-06,Australia,England,"Headingley, Leeds",England,field,England,Unknown,487,491,20,17
TEST,2009-12-02,India,Sri Lanka,Brabourne Stadium,Sri Lanka,bat,India,Unknown,726,702,9,20
TEST,2009-12-26,South Africa,England,Kingsmead,South Africa,bat,England,Unknown,476,574,20,9
TEST,2011-11-06,India,West Indies,Feroz Shah Kotla,West Indies,bat,India,Unknown,485,484,15,20
TEST,2024-09-19,India,Bangladesh,"MA Chidambaram Stadium, Chepauk, Chennai",Bangladesh,field,India,Unknown,663,383,14,20
TEST,2018-11-23,England,Sri Lanka,Sinhalese Sports Club Ground,England,bat,England,Unknown,566,524,20,20
TEST,2024-02-23,England,India,"JSCA International Stadium Complex, Ranchi",England,bat,India,Unknown,498,499,20,15
TEST,2012-01-17,England,Pakistan,Dubai International Cricket Stadium,England,bat,Pakistan,Unknown,352,353,20,10
TEST,2012-07-25,West Indies,New Zealand,"Sir Vivian Richards Stadium, North Sound",New Zealand,bat,West Indies,Unknown,624,623,11,20
TEST,2020-12-26,New Zealand,Pakistan,Bay Oval,Pakistan,field,New Zealand,Unknown,611,510,15,20
TEST,2025-12-10,West Indies,New Zealand,"Basin Reserve, Wellington",New Zealand,field,New Zealand,Unknown,333,335,20,10
TEST,2005-10-14,Australia,ICC World XI,Sydney Cricket Ground,Australia,bat,Australia,Unknown,544,334,20,20
TEST,2014-10-22,Australia,Pakistan,Dubai International Cricket Stadium,Pakistan,bat,Pakistan,Unknown,519,740,20,12
TEST,2026-01-04,England,Australia,Sydney Cricket Ground,England,bat,Australia,Unknown,726,728,20,15
TEST,2018-12-06,India,Australia,Adelaide Oval,India,bat,India,Unknown,557,526,20,20
TEST,2008-01-04,New Zealand,Bangladesh,University Oval,New Zealand,field,New Zealand,Unknown,396,391,11,20
TEST,2012-04-23,West Indies,Australia,"Windsor Park, Roseau",Australia,bat,Australia,Unknown,512,587,20,20
TEST,2006-06-02,India,West Indies,"Antigua Recreation Ground, St John's",India,bat,draw,draw,762,669,16,19
TEST,2011-10-29,Bangladesh,West Indies,Shere Bangla National Stadium,West Indies,bat,West Indies,Unknown,509,738,20,15
TEST,2025-02-06,Sri Lanka,Australia,Galle International Stadium,Sri Lanka,bat,Australia,Unknown,488,489,20,11
TEST,2025-07-23,India,England,"Old Trafford, Manchester",England,field,draw,draw,783,669,14,10
TEST,2010-07-26,Sri Lanka,India,Sinhalese Sports Club Ground,Sri Lanka,bat,draw,draw,771,707,7,10
TEST,2006-01-29,Pakistan,India,National Stadium,India,field,Pakistan,Unknown,844,503,17,20
TEST,2021-02-05,England,India,MA Chidambaram Stadium,England,bat,England,Unknown,756,529,20,20
TEST,2013-03-22,New Zealand,England,Eden Park,England,field,draw,draw,684,519,16,19
TEST,2017-05-10,West Indies,Pakistan,"Windsor Park, Roseau",West Indies,field,Pakistan,Unknown,449,550,20,18
TEST,2024-03-07,England,India,"Himachal Pradesh Cricket Association Stadium, Dharamsala",England,bat,India,Unknown,413,477,20,10
TEST,2015-10-22,Sri Lanka,West Indies,P Sara Oval,Sri Lanka,bat,Sri Lanka,Unknown,406,334,20,20
TEST,2017-03-16,New Zealand,South Africa,Basin Reserve,South Africa,field,South Africa,Unknown,439,442,20,12
TEST,2017-07-26,India,Sri Lanka,Galle International Stadium,India,bat,India,Unknown,840,536,13,17
TEST,2012-03-15,New Zealand,South Africa,Seddon Park,South Africa,field,South Africa,Unknown,353,356,20,11
TEST,2022-06-10,New Zealand,England,"Trent Bridge, Nottingham",England,field,England,Unknown,837,838,20,15
TEST,2010-10-01,India,Australia,"Punjab Cricket Association Stadium, Mohali",Australia,bat,India,Unknown,621,620,19,20
TEST,2010-02-15,New Zealand,Bangladesh,Seddon Park,Bangladesh,field,New Zealand,Unknown,811,690,12,20
TEST,2016-07-21,West Indies,India,"Sir Vivian Richards Stadium, North Sound",India,bat,India,Unknown,474,566,20,8
TEST,2006-08-04,South Africa,Sri Lanka,P Sara Oval,South Africa,bat,Sri Lanka,Unknown,672,673,20,19
TEST,2005-09-08,England,Australia,"Kennington Oval, London",England,bat,draw,draw,708,371,20,10
TEST,2009-12-26,Australia,Pakistan,Melbourne Cricket Ground,Australia,bat,Australia,Unknown,679,509,13,20
TEST,2014-07-27,England,India,The Rose Bowl,England,bat,England,Unknown,774,508,11,20
TEST,2003-08-21,South Africa,England,"Headingley, Leeds",South Africa,bat,South Africa,Unknown,707,516,20,20
TEST,2022-06-16,Bangladesh,West Indies,"Sir Vivian Richards Stadium, North Sound, Antigua",West Indies,field,West Indies,Unknown,348,353,20,13
TEST,2012-01-03,Australia,India,Sydney Cricket Ground,India,bat,Australia,Unknown,659,591,4,20
TEST,2015-12-26,South Africa,England,Kingsmead,South Africa,field,England,Unknown,388,629,20,20
TEST,2007-11-16,Australia,Sri Lanka,Bellerive Oval,Australia,bat,Australia,Unknown,752,656,7,20
TEST,2006-05-11,England,Sri Lanka,Lord's,England,bat,draw,draw,551,729,6,19
TEST,2008-03-22,West Indies,Sri Lanka,Providence Stadium,Sri Lanka,bat,Sri Lanka,Unknown,595,716,20,15
TEST,2006-12-14,Australia,England,W.A.C.A. Ground,Australia,bat,Australia,Unknown,771,565,15,20
TEST,2012-04-15,West Indies,Australia,"Queen's Park Oval, Port of Spain",Australia,bat,draw,draw,310,471,12,18
TEST,2026-08-13,Australia,Bangladesh,"Marrara Stadium, Darwin",Australia,bat,Bangladesh,Unknown,482,483,20,11
TEST,2014-01-08,Pakistan,Sri Lanka,Dubai International Cricket Stadium,Sri Lanka,field,Sri Lanka,Unknown,524,525,20,11
TEST,2021-01-03,Pakistan,New Zealand,Hagley Oval,New Zealand,field,New Zealand,Unknown,483,659,20,6
TEST,2020-08-13,Pakistan,England,The Rose Bowl,Pakistan,bat,draw,draw,236,110,10,4
TEST,2015-10-13,England,Pakistan,Sheikh Zayed Stadium,Pakistan,bat,draw,draw,672,696,13,18
TEST,2020-01-19,Zimbabwe,Sri Lanka,Harare Sports Club,Zimbabwe,bat,Sri Lanka,Unknown,528,529,20,9
TEST,2013-03-08,Sri Lanka,Bangladesh,Galle International Stadium,Sri Lanka,bat,draw,draw,905,708,8,11
TEST,2019-02-21,South Africa,Sri Lanka,St George's Park,South Africa,bat,Sri Lanka,Unknown,350,351,20,11
TEST,2026-08-27,England,Pakistan,"Lord's, London",Pakistan,field,England,Unknown,498,304,20,18
TEST,2009-05-14,England,West Indies,Riverside Ground,England,bat,England,Unknown,569,486,6,20
TEST,2016-01-03,Australia,West Indies,Sydney Cricket Ground,West Indies,bat,draw,draw,176,330,2,10
TEST,2022-03-04,India,Sri Lanka,"Punjab Cricket Association IS Bindra Stadium, Mohali, Chandigarh",India,bat,India,Unknown,574,352,8,20
TEST,2007-10-01,South Africa,Pakistan,National Stadium,South Africa,bat,South Africa,Unknown,714,554,17,20
TEST,2005-12-18,India,Sri Lanka,Sardar Patel Stadium,India,bat,India,Unknown,714,455,19,20
TEST,2002-12-26,Australia,England,Melbourne Cricket Ground,Australia,bat,Australia,Unknown,658,657,11,20
TEST,2022-08-25,South Africa,England,"Old Trafford, Manchester",South Africa,bat,England,Unknown,330,415,20,9
TEST,2019-01-03,Australia,India,Sydney Cricket Ground,India,bat,draw,draw,306,622,10,7
TEST,2007-01-26,Pakistan,South Africa,Newlands,South Africa,field,South Africa,Unknown,343,344,20,15
TEST,2019-08-22,Sri Lanka,New Zealand,P Sara Oval,Sri Lanka,bat,New Zealand,Unknown,366,431,20,6
TEST,2013-03-20,West Indies,Zimbabwe,"Windsor Park, Roseau",West Indies,field,West Indies,Unknown,381,316,8,20
TEST,2024-11-01,New Zealand,India,"Wankhede Stadium, Mumbai",New Zealand,bat,New Zealand,Unknown,409,384,20,20
TEST,2003-01-02,England,Australia,Sydney Cricket Ground,England,bat,England,Unknown,814,589,19,20
TEST,2010-01-03,South Africa,England,Newlands,England,field,draw,draw,738,569,17,19
TEST,2008-01-02,Australia,India,Sydney Cricket Ground,Australia,bat,Australia,Unknown,864,742,17,20
TEST,2018-11-14,England,Sri Lanka,Pallekele International Cricket Stadium,England,bat,England,Unknown,631,579,20,20
TEST,2024-12-06,India,Australia,Adelaide Oval,India,bat,Australia,Unknown,355,356,20,10
TEST,2023-12-14,Australia,Pakistan,Perth Stadium,Australia,bat,Australia,Unknown,720,360,15,20
TEST,2015-12-18,New Zealand,Sri Lanka,Seddon Park,New Zealand,field,New Zealand,Unknown,426,425,15,20
TEST,2020-07-08,England,West Indies,The Rose Bowl,England,bat,West Indies,Unknown,517,518,20,16
TEST,2003-10-09,Australia,Zimbabwe,"Western Australia Cricket Association Ground, Perth",Zimbabwe,field,Australia,Unknown,735,560,6,20
TEST,2011-08-04,Zimbabwe,Bangladesh,Harare Sports Club,Bangladesh,field,Zimbabwe,Unknown,661,531,15,20
TEST,2010-08-03,Sri Lanka,India,P Sara Oval,Sri Lanka,bat,India,Unknown,692,694,20,15
TEST,2006-03-08,Bangladesh,Sri Lanka,Shaheed Chandu Stadium,Bangladesh,bat,Sri Lanka,Unknown,435,436,20,10
TEST,2013-08-01,England,Australia,Old Trafford,Australia,bat,draw,draw,405,699,13,14
TEST,2012-11-25,Sri Lanka,New Zealand,P Sara Oval,New Zealand,bat,New Zealand,Unknown,439,606,20,19
TEST,2020-01-24,South Africa,England,The Wanderers Stadium,England,bat,England,Unknown,457,648,20,20
TEST,2017-08-03,India,Sri Lanka,Sinhalese Sports Club Ground,India,bat,India,Unknown,622,569,9,20
TEST,2008-05-23,England,New Zealand,Old Trafford,New Zealand,bat,England,Unknown,496,495,14,19
TEST,2003-10-24,South Africa,Pakistan,"Iqbal Stadium, Faisalabad",South Africa,bat,draw,draw,649,590,18,16
TEST,2009-12-11,New Zealand,Pakistan,McLean Park,Pakistan,bat,draw,draw,561,678,10,20
TEST,2019-02-09,West Indies,England,"Daren Sammy National Cricket Stadium, St Lucia",West Indies,field,England,Unknown,406,638,20,15
TEST,2012-11-13,Bangladesh,West Indies,Shere Bangla National Stadium,West Indies,bat,West Indies,Unknown,723,800,20,14
TEST,2008-12-26,Australia,South Africa,Melbourne Cricket Ground,Australia,bat,South Africa,Unknown,641,642,20,11
TEST,2006-11-11,West Indies,Pakistan,Gaddafi Stadium,West Indies,bat,Pakistan,Unknown,497,498,20,11
TEST,2026-07-25,West Indies,Pakistan,"Brian Lara Stadium, Tarouba, Trinidad",West Indies,bat,West Indies,Unknown,492,402,20,20
TEST,2012-04-07,West Indies,Australia,"Kensington Oval, Bridgetown",West Indies,bat,Australia,Unknown,597,598,19,16
TEST,2010-02-14,India,South Africa,Eden Gardens,South Africa,bat,India,Unknown,643,586,6,20
TEST,2017-01-20,New Zealand,Bangladesh,Hagley Oval,New Zealand,field,New Zealand,Unknown,465,462,11,20
TEST,2018-03-01,Australia,South Africa,Kingsmead,Australia,bat,Australia,Unknown,578,460,20,20
TEST,2017-12-14,England,Australia,W.A.C.A. Ground,England,bat,Australia,Unknown,621,662,20,9
TEST,2024-10-07,Pakistan,England,Multan Cricket Stadium,Pakistan,bat,England,Unknown,776,823,19,7
TEST,2022-07-08,Australia,Sri Lanka,Galle International Stadium,Australia,bat,Sri Lanka,Unknown,515,554,20,10
TEST,2012-01-24,Australia,India,Adelaide Oval,Australia,bat,Australia,Unknown,771,473,12,20
TEST,2018-08-09,India,England,Lord's,England,field,England,Unknown,237,396,20,7
TEST,2014-12-17,South Africa,West Indies,SuperSport Park,West Indies,field,South Africa,Unknown,552,332,5,18
TEST,2009-02-13,West Indies,England,"Sir Vivian Richards Stadium, North Sound",West Indies,field,draw,draw,0,7,0,0
TEST,2015-07-29,England,Australia,Edgbaston,Australia,bat,England,Unknown,405,401,12,20
TEST,2008-01-10,South Africa,West Indies,Kingsmead,South Africa,field,South Africa,Unknown,556,456,4,19
TEST,2017-01-12,South Africa,Sri Lanka,New Wanderers Stadium,South Africa,bat,South Africa,Unknown,426,308,10,20
TEST,2013-01-02,South Africa,New Zealand,Newlands,New Zealand,bat,South Africa,Unknown,347,320,8,20
TEST,2026-06-25,Sri Lanka,West Indies,"Sir Vivian Richards Stadium, North Sound, Antigua",West Indies,field,West Indies,Unknown,409,626,20,9
TEST,2016-08-06,Zimbabwe,New Zealand,Queens Sports Club,New Zealand,bat,New Zealand,Unknown,494,748,20,6
TEST,2009-11-26,Australia,West Indies,"Brisbane Cricket Ground, Woolloongabba",Australia,bat,Australia,Unknown,480,415,8,20
TEST,2011-06-03,England,Sri Lanka,Lord's,Sri Lanka,field,draw,draw,821,606,17,13
TEST,2008-04-03,India,South Africa,"Sardar Patel Stadium, Motera",India,bat,South Africa,Unknown,404,494,20,7
TEST,2020-12-17,India,Australia,Adelaide Oval,India,bat,Australia,Unknown,280,284,20,12
TEST,2019-03-08,New Zealand,Bangladesh,Basin Reserve,New Zealand,field,New Zealand,Unknown,432,420,6,20
TEST,2016-10-21,Pakistan,West Indies,Sheikh Zayed Stadium,Pakistan,bat,Pakistan,Unknown,679,546,12,20
TEST,2009-01-03,Australia,South Africa,Sydney Cricket Ground,Australia,bat,Australia,Unknown,702,599,14,20
TEST,2013-12-31,Pakistan,Sri Lanka,Sheikh Zayed Stadium,Pakistan,field,draw,draw,541,684,12,15
TEST,2022-06-02,New Zealand,England,"Lord's, London",New Zealand,bat,England,Unknown,417,420,20,15
TEST,2013-03-06,New Zealand,England,University Oval,New Zealand,field,draw,draw,460,588,9,16
TEST,2021-02-11,West Indies,Bangladesh,Shere Bangla National Stadium,West Indies,bat,West Indies,Unknown,526,509,20,20
TEST,2010-03-19,New Zealand,Australia,Basin Reserve,Australia,bat,Australia,Unknown,564,565,20,5
TEST,2012-03-23,New Zealand,South Africa,Basin Reserve,New Zealand,field,draw,draw,475,663,16,12
TEST,2025-06-20,India,England,"Headingley, Leeds",England,field,England,Unknown,835,838,20,15
TEST,2009-02-21,Pakistan,Sri Lanka,National Stadium,Sri Lanka,bat,draw,draw,765,788,6,12
TEST,2022-02-17,South Africa,New Zealand,"Hagley Oval, Christchurch",New Zealand,field,New Zealand,Unknown,206,482,20,10
TEST,2013-03-12,West Indies,Zimbabwe,"Kensington Oval, Bridgetown",Zimbabwe,bat,West Indies,Unknown,319,318,11,20
