match_id,date,season,team_1,team_2,venue,target,win_rate_diff,recent_form_diff,avg_runs_diff,avg_wickets_diff,run_rate_diff,elo_diff,team_1_h2h_win_rate,venue_win_rate_diff,toss_winner_diff,bat_first_diff
335982,2008-04-18,2007/08,Royal Challengers Bengaluru,Kolkata Knight Riders,M Chinnaswamy Stadium,0,0.0,0.0,0.0,0.0,0.0,0.0,0.5,0.0,1,-1
335984,2008-04-19,2007/08,Delhi Capitals,Rajasthan Royals,Feroz Shah Kotla,1,0.0,0.0,0.0,0.0,0.0,0.0,0.5,0.0,-1,-1
335983,2008-04-19,2007/08,Punjab Kings,Chennai Super Kings,"Punjab Cricket Association Stadium, Mohali",0,0.0,0.0,0.0,0.0,0.0,0.0,0.5,0.0,-1,-1
335985,2008-04-20,2007/08,Mumbai Indians,Royal Challengers Bengaluru,Wankhede Stadium,0,0.5,0.5,-82.0,-10.0,-5.406593406593407,15.0,0.5,0.0,1,1
335986,2008-04-20,2007/08,Kolkata Knight Riders,Deccan Chargers,Eden Gardens,1,0.5,0.5,222.0,3.0,11.1,15.0,0.5,0.0,-1,-1
335987,2008-04-21,2007/08,Rajasthan Royals,Punjab Kings,Sawai Mansingh Stadium,1,0.0,0.0,-78.0,4.0,-3.8999999999999995,0.0,0.5,0.0,-1,-1
335988,2008-04-22,2007/08,Deccan Chargers,Delhi Capitals,"Rajiv Gandhi International Stadium, Uppal",0,-1.0,-1.0,-22.0,9.0,-2.810439560439562,-29.352800008465692,0.5,0.0,1,1
335989,2008-04-23,2007/08,Chennai Super Kings,Mumbai Indians,"MA Chidambaram Stadium, Chepauk",1,1.0,1.0,75.0,-1.0,3.75,30.647199991534308,0.5,0.0,-1,1
335990,2008-04-24,2007/08,Deccan Chargers,Rajasthan Royals,"Rajiv Gandhi International Stadium, Uppal",0,-0.5,-0.5,-22.5,3.0,-1.3524246395806037,-28.08854423842763,0.5,-0.5,-1,1
335991,2008-04-25,2007/08,Punjab Kings,Mumbai Indians,"Punjab Cricket Association Stadium, Mohali",1,0.0,0.0,3.0,-0.5,0.18487394957983128,-0.6725248598800135,0.5,-0.5,-1,1
335993,2008-04-26,2007/08,Chennai Super Kings,Kolkata Knight Riders,"MA Chidambaram Stadium, Chepauk",1,0.0,0.0,57.0,1.0,2.7026315789473685,-0.6725248598800135,0.5,0.5,-1,-1
335992,2008-04-26,2007/08,Royal Challengers Bengaluru,Rajasthan Royals,M Chinnaswamy Stadium,0,-0.16666666666666663,-0.16666666666666663,-47.33333333333334,1.166666666666667,-1.9559919445213119,-13.142755195669224,0.5,-0.5,-1,1
335994,2008-04-27,2007/08,Mumbai Indians,Deccan Chargers,Dr DY Patil Sports Academy,0,0.0,0.0,5.666666666666657,-0.3333333333333339,0.15238095238095273,-2.4780109104194707,0.5,0.0,-1,1
335995,2008-04-27,2007/08,Punjab Kings,Delhi Capitals,"Punjab Cricket Association Stadium, Mohali",1,-0.6666666666666667,-0.6666666666666667,47.5,6.333333333333333,-0.5783990519284643,-43.70670903403129,0.5,0.0,-1,-1
335996,2008-04-28,2007/08,Royal Challengers Bengaluru,Chennai Super Kings,M Chinnaswamy Stadium,0,-0.6666666666666667,-0.6666666666666667,-72.33333333333333,4.0,-3.581301699297712,-57.49496249347385,0.5,-0.5,-1,-1
335997,2008-04-29,2007/08,Kolkata Knight Riders,Mumbai Indians,Eden Gardens,0,0.6666666666666666,0.6666666666666666,1.0833333333333428,-1.583333333333333,0.1524122807017534,73.57329263170618,0.5,0.5,1,1
335998,2008-04-30,2007/08,Delhi Capitals,Royal Challengers Bengaluru,Feroz Shah Kotla,1,0.41666666666666663,0.41666666666666663,7.333333333333343,-4.916666666666666,1.9543234308064825,38.184473545851915,0.5,0.5,-1,1
336000,2008-05-01,2007/08,Rajasthan Royals,Kolkata Knight Riders,Sawai Mansingh Stadium,1,0.25,0.25,8.5,-0.75,0.8707452504894082,32.02881368890985,0.5,0.5,1,1
335999,2008-05-01,2007/08,Deccan Chargers,Punjab Kings,"Rajiv Gandhi International Stadium, Uppal",0,-0.25,-0.25,-24.0,-1.25,0.07628574085060791,-28.891596201008042,0.5,-0.5,-1,1
336001,2008-05-02,2007/08,Chennai Super Kings,Delhi Capitals,"MA Chidambaram Stadium, Chepauk",0,0.25,0.25,38.5,0.25,0.7719699418228831,31.032752016258428,0.5,0.5,1,1
336003,2008-05-03,2007/08,Punjab Kings,Kolkata Knight Riders,"Punjab Cricket Association Stadium, Mohali",1,0.19999999999999996,0.19999999999999996,23.0,-0.7999999999999998,1.1843398264699259,33.08874620352958,0.5,0.16666666666666663,1,1
336034,2008-05-03,2007/08,Royal Challengers Bengaluru,Deccan Chargers,M Chinnaswamy Stadium,1,0.0,0.0,-11.199999999999989,1.3999999999999995,-1.3190962578169456,1.0571409250810575,0.5,-0.5,-1,1
336005,2008-05-04,2007/08,Rajasthan Royals,Chennai Super Kings,Sawai Mansingh Stadium,1,0.0,0.0,-19.80000000000001,1.3999999999999995,-0.8426917253050679,1.9306895873278336,0.5,0.5,-1,-1
336004,2008-05-04,2007/08,Mumbai Indians,Delhi Capitals,Dr DY Patil Sports Academy,1,-0.6000000000000001,-0.6000000000000001,-4.199999999999989,3.0000000000000004,-1.3926142278773854,-82.67271120439796,0.5,-0.5,-1,1
336006,2008-05-05,2007/08,Royal Challengers Bengaluru,Punjab Kings,M Chinnaswamy Stadium,0,-0.3333333333333333,-0.4,-29.5,1.5,-1.342932493808406,-53.966876508269024,0.5,-0.25,-1,1
336007,2008-05-06,2007/08,Chennai Super Kings,Deccan Chargers,"MA Chidambaram Stadium, Chepauk",0,0.5,0.39999999999999997,19.666666666666657,-0.8333333333333339,0.3575725675994974,80.69193867695208,0.5,0.16666666666666663,-1,1
336008,2008-05-07,2007/08,Mumbai Indians,Rajasthan Royals,Dr DY Patil Sports Academy,1,-0.5,-0.6,-3.5,1.5,-0.801546550976151,-79.37692461355095,0.5,0.0,1,-1
336010,2008-05-08,2007/08,Kolkata Knight Riders,Royal Challengers Bengaluru,Eden Gardens,1,0.047619047619047616,0.0,11.904761904761926,-1.166666666666667,0.44130772425745857,6.415257254120888,1.0,0.0,1,1
336009,2008-05-08,2007/08,Delhi Capitals,Chennai Super Kings,Feroz Shah Kotla,0,0.09523809523809523,0.19999999999999996,-16.595238095238074,-1.0714285714285712,0.07397654379010099,16.47541547771607,1.0,0.5,-1,1
336011,2008-05-09,2007/08,Rajasthan Royals,Deccan Chargers,Sawai Mansingh Stadium,1,0.4285714285714286,0.4,-3.571428571428555,0.14285714285714235,-0.2923637849689946,75.66491392257626,1.0,0.5,1,-1
336013,2008-05-10,2007/08,Chennai Super Kings,Punjab Kings,"MA Chidambaram Stadium, Chepauk",1,-0.0892857142857143,-0.6,3.642857142857139,-0.23214285714285676,0.18964952608244623,-19.6410874569317,1.0,0.0,-1,1
336015,2008-05-11,2007/08,Rajasthan Royals,Delhi Capitals,Sawai Mansingh Stadium,1,0.1785714285714286,0.4,-9.178571428571416,0.8035714285714288,-0.5365658784881422,42.837166351574524,0.0,0.5,1,-1
336014,2008-05-11,2007/08,Deccan Chargers,Kolkata Knight Riders,"Rajiv Gandhi International Stadium, Uppal",0,-0.17857142857142855,0.2,0.8214285714285836,-0.8571428571428568,0.4973152866780808,-32.777089671671774,0.0,-0.5,-1,-1
336016,2008-05-12,2007/08,Punjab Kings,Royal Challengers Bengaluru,"Punjab Cricket Association Stadium, Mohali",1,0.375,0.6000000000000001,27.125,-1.25,1.108453288851603,78.22011093244464,1.0,0.25,-1,-1
336017,2008-05-13,2007/08,Kolkata Knight Riders,Delhi Capitals,Eden Gardens,1,0.0,0.0,-0.125,1.625,-0.5790471841535592,3.1303763146063375,0.5,0.16666666666666663,1,1
336018,2008-05-14,2007/08,Mumbai Indians,Chennai Super Kings,Wankhede Stadium,1,-0.23809523809523808,0.19999999999999996,-25.61904761904762,0.6984126984126986,-1.1547004766819002,-42.37977545577928,0.0,-0.5,1,-1
336020,2008-05-15,2007/08,Delhi Capitals,Deccan Chargers,Feroz Shah Kotla,1,0.2222222222222222,0.0,-2.7777777777778,-0.6666666666666661,0.0034771212764166393,41.960024004506295,1.0,0.16666666666666663,-1,1
336021,2008-05-16,2007/08,Mumbai Indians,Kolkata Knight Riders,Wankhede Stadium,1,-0.05555555555555558,0.20000000000000007,-6.125,-0.9444444444444446,0.1543222087434426,0.39873330434784293,1.0,0.0,1,-1
336022,2008-05-17,2007/08,Delhi Capitals,Punjab Kings,Feroz Shah Kotla,0,-0.16666666666666663,-0.6000000000000001,-8.622222222222234,-0.36666666666666714,-0.05621882193633887,-45.246569160407944,0.0,0.25,1,1
336023,2008-05-17,2007/08,Rajasthan Royals,Royal Challengers Bengaluru,Sawai Mansingh Stadium,1,0.5555555555555556,0.6000000000000001,9.222222222222229,-2.0,0.931648521093912,127.15591536845682,1.0,0.5,-1,1
336025,2008-05-18,2007/08,Kolkata Knight Riders,Chennai Super Kings,Eden Gardens,0,-0.09999999999999998,0.19999999999999996,-25.400000000000006,1.2999999999999998,-1.107295564678961,-24.119971743960832,0.0,0.25,1,1
336024,2008-05-18,2007/08,Deccan Chargers,Mumbai Indians,"Rajiv Gandhi International Stadium, Uppal",0,-0.35555555555555557,-0.8,18.122222222222234,1.2888888888888896,-0.09955536193281844,-103.39882441702889,1.0,-0.5,1,-1
336026,2008-05-19,2007/08,Royal Challengers Bengaluru,Delhi Capitals,M Chinnaswamy Stadium,0,-0.2545454545454545,0.0,-13.0,2.5181818181818185,-1.4339631477008234,-53.016690559860535,0.0,-0.3,-1,1
336027,2008-05-20,2007/08,Kolkata Knight Riders,Rajasthan Royals,Eden Gardens,0,-0.3454545454545455,-0.20000000000000007,-8.527272727272731,1.536363636363637,-0.8893668196632687,-89.84770764424434,0.0,0.09999999999999998,-1,1
336029,2008-05-21,2007/08,Chennai Super Kings,Royal Challengers Bengaluru,"MA Chidambaram Stadium, Chepauk",0,0.45454545454545453,0.6,19.636363636363626,-2.6363636363636367,1.1998795741246697,121.56329739912667,1.0,0.09999999999999998,-1,-1
336028,2008-05-21,2007/08,Mumbai Indians,Punjab Kings,Wankhede Stadium,0,-0.09999999999999998,0.19999999999999996,-14.5,-0.10000000000000053,-0.30281358223706434,-12.596479705639467,0.0,0.16666666666666663,1,-1
336031,2008-05-23,2007/08,Punjab Kings,Deccan Chargers,"Punjab Cricket Association Stadium, Mohali",1,0.5454545454545454,0.6000000000000001,3.3636363636363455,-1.1818181818181817,0.5507866855016683,151.77810819968977,1.0,0.30000000000000004,1,-1
336033,2008-05-24,2007/08,Chennai Super Kings,Rajasthan Royals,"MA Chidambaram Stadium, Chepauk",0,-0.23484848484848486,-0.20000000000000007,2.3939393939393767,0.25,-0.2354383648518681,-69.05639712190145,0.0,0.0,-1,-1
336032,2008-05-24,2007/08,Delhi Capitals,Mumbai Indians,Feroz Shah Kotla,1,-0.045454545454545414,-0.4,5.878787878787875,-0.5606060606060606,0.049418310576635704,-31.580032897664523,0.0,0.09999999999999998,1,-1
336002,2008-05-25,2007/08,Deccan Chargers,Royal Challengers Bengaluru,"Rajiv Gandhi International Stadium, Uppal",0,-0.08333333333333334,-0.2,18.916666666666657,-1.416666666666667,1.1833718443330499,-29.09337379199974,0.0,-0.5,1,1
336035,2008-05-25,2007/08,Kolkata Knight Riders,Punjab Kings,Eden Gardens,1,-0.3333333333333333,-0.4,-15.833333333333343,1.583333333333333,-1.4072167610115267,-102.08041419800952,0.0,0.0,-1,-1
336036,2008-05-26,2007/08,Rajasthan Royals,Mumbai Indians,Sawai Mansingh Stadium,1,0.33333333333333337,0.4,9.166666666666657,-0.916666666666667,0.0037304942174998246,88.93838553320211,0.0,0.5,1,-1
336037,2008-05-27,2007/08,Deccan Chargers,Chennai Super Kings,"Rajiv Gandhi International Stadium, Uppal",0,-0.3846153846153846,-0.4,-0.8461538461538396,1.1538461538461533,-0.007554860259595841,-112.25802342560632,1.0,-0.5,1,1
336019,2008-05-28,2007/08,Punjab Kings,Rajasthan Royals,"Punjab Cricket Association Stadium, Mohali",1,-0.15384615384615385,-0.19999999999999996,5.076923076923094,0.23076923076923084,0.3662750015358309,-52.7614333344859,0.0,0.33333333333333337,-1,1
336012,2008-05-28,2007/08,Royal Challengers Bengaluru,Mumbai Indians,M Chinnaswamy Stadium,0,-0.15384615384615385,0.0,-7.15384615384616,1.4615384615384617,-1.190844603857255,-48.66147021766983,1.0,-0.33333333333333337,-1,1
336038,2008-05-30,2007/08,Delhi Capitals,Rajasthan Royals,Wankhede Stadium,0,-0.24725274725274726,-0.20000000000000007,-4.126373626373635,0.01098901098901095,0.14617329699060022,-81.78047146954032,0.5,0.0,1,-1
336039,2008-05-31,2007/08,Chennai Super Kings,Punjab Kings,Wankhede Stadium,1,-0.1428571428571429,-0.4,-7.928571428571416,0.14285714285714324,-0.7273909336825444,-58.596621132478504,1.0,-1.0,-1,-1
336040,2008-06-01,2007/08,Chennai Super Kings,Rajasthan Royals,Dr DY Patil Sports Academy,0,-0.20000000000000007,-0.20000000000000007,-5.333333333333343,-0.4666666666666668,-0.34344488883257895,-70.86391103950359,0.0,0.5,-1,1
392182,2009-04-18,2009,Royal Challengers Bengaluru,Rajasthan Royals,Newlands,1,-0.5267857142857143,-0.4,-20.91964285714286,2.071428571428571,-1.299586205201587,-179.25129714267882,0.0,0.0,1,1
392181,2009-04-18,2009,Chennai Super Kings,Mumbai Indians,Newlands,0,0.0625,0.0,8.928571428571416,-0.7053571428571432,-0.2096756689622783,9.935844556231132,0.5,0.0,1,-1
392184,2009-04-19,2009,Deccan Chargers,Kolkata Knight Riders,Newlands,1,-0.3186813186813187,-0.4,9.829670329670336,-0.12637362637362592,0.6728863621367607,-110.7135066893843,0.0,0.0,-1,-1
392183,2009-04-19,2009,Delhi Capitals,Punjab Kings,Newlands,1,-0.16666666666666663,0.0,-12.980952380952402,0.2333333333333334,-0.34861993176417805,-57.56706984734342,0.0,0.0,1,-1
392185,2009-04-20,2009,Royal Challengers Bengaluru,Chennai Super Kings,St George's Park,0,-0.19607843137254904,0.19999999999999996,-15.756862745098033,2.541176470588235,-0.9612948156109882,-46.87570667387149,0.5,0.0,-1,-1
392186,2009-04-21,2009,Punjab Kings,Kolkata Knight Riders,Kingsmead,0,0.19642857142857145,0.2,14.571428571428584,-1.625,1.361130582338351,65.42722981929842,0.5,0.0,-1,1
392188,2009-04-22,2009,Royal Challengers Bengaluru,Deccan Chargers,Newlands,0,0.11249999999999999,0.39999999999999997,-17.84583333333333,1.416666666666667,-1.1229838412042836,43.49512696641705,1.0,0.0,-1,-1
392189,2009-04-23,2009,Chennai Super Kings,Delhi Capitals,Kingsmead,0,0.022222222222222254,0.0,12.98888888888888,-0.07777777777777839,-0.4537462881200174,2.0970477473354094,0.5,0.0,-1,-1
392191,2009-04-24,2009,Royal Challengers Bengaluru,Punjab Kings,Kingsmead,0,-0.29411764705882354,0.2,-21.35294117647058,2.352941176470588,-1.5560174497723942,-92.47308045511613,0.0,0.5,1,1
392192,2009-04-25,2009,Deccan Chargers,Mumbai Indians,Kingsmead,1,-0.2833333333333333,0.0,7.645833333333343,0.5791666666666666,-0.141925317602551,-107.4130024546655,0.5,0.0,1,1
392194,2009-04-26,2009,Royal Challengers Bengaluru,Delhi Capitals,St George's Park,0,-0.2847222222222222,-0.6000000000000001,-7.201388888888886,2.708333333333333,-1.4898999587354593,-113.81338303787766,0.0,-0.5,1,1
392195,2009-04-26,2009,Punjab Kings,Rajasthan Royals,Newlands,1,-0.15359477124182996,-0.19999999999999996,4.643790849673195,-0.48692810457516345,0.4469095701979189,-61.29891030776821,0.5,0.0,1,1
392196,2009-04-27,2009,Chennai Super Kings,Deccan Chargers,Kingsmead,0,0.23219814241486064,-0.19999999999999996,1.2693498452012477,-1.2074303405572753,-0.037721934289377756,64.89393570770176,0.5,-1.0,-1,1
392197,2009-04-27,2009,Kolkata Knight Riders,Mumbai Indians,St George's Park,0,-0.033333333333333326,0.0,-8.595833333333331,0.7874999999999996,-0.9093870645185387,-15.529520496473879,0.0,0.0,-1,-1
392198,2009-04-28,2009,Delhi Capitals,Rajasthan Royals,SuperSport Park,0,-0.13398692810457513,0.4,-6.003267973856225,-0.7745098039215685,0.5206549121745443,-34.283016967089,0.3333333333333333,0.0,1,1
392200,2009-04-29,2009,Punjab Kings,Mumbai Indians,Kingsmead,1,0.10216718266253866,-0.19999999999999996,7.659442724458188,-0.507739938080495,0.19592865930675885,28.70278998405911,1.0,0.5,1,1
392199,2009-04-29,2009,Royal Challengers Bengaluru,Kolkata Knight Riders,Kingsmead,1,-0.1743421052631579,-0.2,2.49013157894737,1.0394736842105265,-0.16046887505520946,-69.6535691275476,0.0,-1.0,-1,-1
392201,2009-04-30,2009,Deccan Chargers,Delhi Capitals,SuperSport Park,0,-0.22222222222222227,0.20000000000000007,10.888888888888886,1.166666666666666,-0.254256770317685,-71.93854072313388,0.0,0.5,-1,1
392202,2009-04-30,2009,Chennai Super Kings,Rajasthan Royals,SuperSport Park,1,-0.23684210526315785,-0.39999999999999997,5.921052631578959,-0.4894736842105267,0.13803842409990708,-103.91608687625694,0.0,-0.5,-1,1
392203,2009-05-01,2009,Kolkata Knight Riders,Mumbai Indians,Buffalo Park,0,-0.08823529411764708,-0.19999999999999996,-11.633986928104576,0.8169934640522873,-0.9264552571189482,-48.3934092704817,0.0,0.0,-1,-1
392204,2009-05-01,2009,Royal Challengers Bengaluru,Punjab Kings,Kingsmead,1,-0.35000000000000003,-0.39999999999999997,-16.69999999999999,2.2,-1.2698737885206004,-138.34192222732372,0.0,-0.16666666666666663,1,1
392205,2009-05-02,2009,Deccan Chargers,Rajasthan Royals,St George's Park,0,-0.38421052631578945,0.4,5.800000000000011,0.5236842105263158,0.23047068819775518,-125.851437678509,0.0,0.0,1,1
392206,2009-05-02,2009,Chennai Super Kings,Delhi Capitals,New Wanderers Stadium,1,-0.05513784461152882,-0.4,11.924812030075202,0.18045112781954842,-0.28632454054497813,-35.164276557362655,0.3333333333333333,0.0,-1,1
392208,2009-05-03,2009,Royal Challengers Bengaluru,Mumbai Indians,New Wanderers Stadium,1,-0.19298245614035087,-0.19999999999999996,-8.771929824561397,1.8195488721804516,-1.0124324339134603,-74.3601433673748,0.5,0.0,-1,-1
392207,2009-05-03,2009,Punjab Kings,Kolkata Knight Riders,St George's Park,1,0.23015873015873017,0.39999999999999997,18.246031746031747,-1.1428571428571432,1.0808672179218402,96.87166008546956,0.33333333333333337,0.5,-1,-1
392209,2009-05-04,2009,Chennai Super Kings,Deccan Chargers,Buffalo Park,1,0.24545454545454543,0.0,2.7136363636363683,-0.9000000000000004,0.044599493125057066,86.95521960217297,0.3333333333333333,0.0,1,1
392211,2009-05-05,2009,Delhi Capitals,Kolkata Knight Riders,Kingsmead,1,0.18157894736842112,0.39999999999999997,8.281578947368416,-1.223684210526316,1.118395586634537,88.3840274653005,0.0,0.5,-1,-1
392210,2009-05-05,2009,Punjab Kings,Rajasthan Royals,Kingsmead,0,-0.07792207792207795,0.4,5.012987012986997,-0.5454545454545459,0.39305268567316887,-26.009372002883538,0.6666666666666666,0.0,1,-1
392212,2009-05-06,2009,Deccan Chargers,Mumbai Indians,SuperSport Park,1,-0.2142857142857143,0.0,4.378571428571405,0.7714285714285714,-0.07071196245786737,-79.03395512314387,0.6666666666666666,-0.5,1,1
392214,2009-05-07,2009,Chennai Super Kings,Punjab Kings,SuperSport Park,1,-0.0434782608695653,0.0,4.956521739130437,-0.17391304347826075,-0.036312094652862115,-7.270065563655635,1.0,0.5,1,1
392213,2009-05-07,2009,Royal Challengers Bengaluru,Rajasthan Royals,SuperSport Park,0,-0.36363636363636365,0.0,-12.681818181818187,1.5,-0.8290065209411361,-129.63932820094738,0.33333333333333337,0.0,-1,1
392215,2009-05-08,2009,Delhi Capitals,Mumbai Indians,Buffalo Park,1,0.09523809523809523,0.19999999999999996,-0.809523809523796,-0.8571428571428577,0.3516846272335048,51.0007490531591,0.5,-0.5,-1,-1
392217,2009-05-09,2009,Chennai Super Kings,Rajasthan Royals,De Beers Diamond Oval,1,-0.15579710144927528,0.0,9.318840579710127,-0.4909420289855069,0.2913497006341519,-55.37304292907265,0.25,0.0,-1,-1
392216,2009-05-09,2009,Deccan Chargers,Punjab Kings,De Beers Diamond Oval,0,-0.2651515151515152,0.0,-2.458333333333343,1.0871212121212128,-0.27281139932661347,-83.20157166111699,0.0,0.0,-1,1
392219,2009-05-10,2009,Delhi Capitals,Kolkata Knight Riders,New Wanderers Stadium,1,0.24090909090909096,0.6,6.627272727272725,-1.3454545454545457,0.9866999078914462,123.72661120400358,0.5,-0.5,1,-1
392218,2009-05-10,2009,Royal Challengers Bengaluru,Mumbai Indians,St George's Park,0,-0.1067193675889328,0.39999999999999997,-7.278656126482218,1.4308300395256914,-0.8128092032803993,-16.51641633380177,0.6666666666666667,-1.0,-1,-1
392220,2009-05-11,2009,Deccan Chargers,Rajasthan Royals,De Beers Diamond Oval,1,-0.40398550724637683,-0.39999999999999997,2.775362318840564,0.6449275362318847,0.08541372013100279,-156.0366228183334,0.0,0.0,1,1
392221,2009-05-12,2009,Royal Challengers Bengaluru,Kolkata Knight Riders,SuperSport Park,1,0.0,0.6,0.8809523809523796,1.1190476190476186,-0.1299416728196494,26.167582649718497,0.33333333333333337,-0.5,1,-1
392222,2009-05-12,2009,Punjab Kings,Mumbai Indians,SuperSport Park,0,0.12173913043478257,0.0,9.133913043478259,-0.3930434782608696,0.37594975342182657,50.87799308630315,1.0,0.0,1,1
392223,2009-05-13,2009,Deccan Chargers,Delhi Capitals,Kingsmead,0,-0.27536231884057977,-0.4,9.300724637681157,1.6304347826086953,-0.2027950081441503,-106.17021857624331,0.0,0.0,1,-1
392225,2009-05-14,2009,Mumbai Indians,Rajasthan Royals,Kingsmead,0,-0.18000000000000005,-0.19999999999999996,-3.530000000000001,-0.25,0.04241405521041486,-62.264479448244174,0.5,-1.0,-1,-1
392224,2009-05-14,2009,Royal Challengers Bengaluru,Chennai Super Kings,Kingsmead,1,-0.24,-0.4,-19.24000000000001,2.16,-1.0728262180910377,-111.35012801413836,0.33333333333333337,0.6666666666666666,-1,-1
392226,2009-05-15,2009,Delhi Capitals,Punjab Kings,OUTsurance Oval,0,0.04807692307692313,0.4,-8.583333333333343,-0.6955128205128212,0.0475653776018401,49.07091311216459,0.3333333333333333,0.0,-1,1
392227,2009-05-16,2009,Chennai Super Kings,Mumbai Indians,St George's Park,1,0.09692307692307689,0.4,13.015384615384619,-0.5353846153846149,0.3223476121545161,55.64112640912663,0.3333333333333333,0.0,-1,-1
392228,2009-05-16,2009,Deccan Chargers,Kolkata Knight Riders,New Wanderers Stadium,1,0.0018181818181818299,0.4,14.50181818181818,0.3672727272727272,0.7385886437391056,40.62138142023218,0.3333333333333333,0.5,1,-1
392230,2009-05-17,2009,Delhi Capitals,Rajasthan Royals,OUTsurance Oval,1,-0.09230769230769231,0.20000000000000007,-4.236923076923063,-0.9184615384615382,0.32804240708828036,-26.122422620553834,0.25,-0.5,1,1
392229,2009-05-17,2009,Deccan Chargers,Punjab Kings,New Wanderers Stadium,0,-0.24643874643874641,0.19999999999999996,1.4344729344729217,0.9458689458689458,-0.090049559808973,-82.0573206040167,0.0,0.5,1,-1
392231,2009-05-18,2009,Chennai Super Kings,Kolkata Knight Riders,SuperSport Park,0,0.288244766505636,0.8,17.644122383252835,-0.9210950080515294,0.8467431397057732,171.48550407829293,1.0,1.0,1,1
392232,2009-05-19,2009,Royal Challengers Bengaluru,Delhi Capitals,New Wanderers Stadium,1,-0.23076923076923078,-0.20000000000000007,-4.769230769230774,2.3461538461538467,-0.9617088028582179,-93.35867722455578,0.0,0.5,-1,-1
392233,2009-05-20,2009,Kolkata Knight Riders,Rajasthan Royals,Kingsmead,1,-0.3333333333333333,-0.2,-5.930555555555543,-0.06481481481481488,-0.37835503428022754,-152.18981543317432,0.0,-0.6666666666666667,1,-1
392234,2009-05-20,2009,Chennai Super Kings,Punjab Kings,Kingsmead,1,-0.0357142857142857,0.0,6.75,-0.4285714285714288,0.13271518645566793,-11.079034786404463,1.0,-0.4,1,1
392235,2009-05-21,2009,Delhi Capitals,Mumbai Indians,SuperSport Park,1,0.131054131054131,0.19999999999999996,-1.0598290598290703,-0.7735042735042743,0.22569343059874925,70.6299882164219,0.6666666666666666,0.0,1,-1
392236,2009-05-21,2009,Royal Challengers Bengaluru,Deccan Chargers,SuperSport Park,1,0.07407407407407407,0.19999999999999996,-13.888888888888886,0.6296296296296298,-0.8307871867657592,50.14412622778286,0.6666666666666667,0.0,1,1
392237,2009-05-22,2009,Delhi Capitals,Deccan Chargers,SuperSport Park,0,0.28571428571428564,0.19999999999999996,-8.714285714285722,-1.428571428571428,0.1340580699806342,130.4721336066507,1.0,0.3333333333333333,-1,1
392238,2009-05-23,2009,Royal Challengers Bengaluru,Chennai Super Kings,New Wanderers Stadium,1,-0.15763546798029554,0.20000000000000007,-16.757389162561594,1.76231527093596,-0.923285132339891,-46.50577663078093,0.5,0.0,1,-1
392239,2009-05-24,2009,Royal Challengers Bengaluru,Deccan Chargers,New Wanderers Stadium,0,0.10344827586206895,0.6,-12.68965517241378,0.5172413793103452,-0.780576922412834,72.45778353774654,0.75,0.5,1,-1
419106,2010-03-12,2009/10,Deccan Chargers,Kolkata Knight Riders,Dr DY Patil Sports Academy,0,0.006666666666666654,0.19999999999999996,12.606666666666655,0.3866666666666667,0.6502069280281475,38.18796600101541,0.5,0.5,1,-1
419107,2010-03-13,2009/10,Mumbai Indians,Rajasthan Royals,Brabourne Stadium,1,-0.19841269841269848,0.2,-0.5251322751322789,-0.2870370370370372,0.16852100046294893,-74.24912721702503,0.3333333333333333,0.0,1,1
419108,2010-03-13,2009/10,Punjab Kings,Delhi Capitals,"Punjab Cricket Association Stadium, Mohali",0,0.0,0.19999999999999996,4.931034482758605,0.4827586206896557,-0.1382687735112711,-7.617214075955644,0.75,0.8571428571428571,-1,1
419110,2010-03-14,2009/10,Chennai Super Kings,Deccan Chargers,"MA Chidambaram Stadium, Chepauk",0,0.21182795698924728,0.0,3.9473118279570087,-1.150537634408602,0.1451300580326027,83.53016350957364,0.5,-0.5714285714285714,-1,-1
419109,2010-03-14,2009/10,Kolkata Knight Riders,Royal Challengers Bengaluru,Eden Gardens,1,-0.04871794871794871,-0.20000000000000007,0.5923076923076849,-1.0666666666666664,0.13622819694049237,-57.836296481399586,0.5,0.5714285714285714,1,-1
419111,2010-03-15,2009/10,Rajasthan Royals,Delhi Capitals,"Sardar Patel Stadium, Motera",0,0.020689655172413834,-0.39999999999999997,3.396551724137936,1.0425287356321835,-0.2904296028936333,-32.811407543374116,0.6,0.0,-1,1
419112,2010-03-16,2009/10,Royal Challengers Bengaluru,Punjab Kings,M Chinnaswamy Stadium,1,-0.14731182795698922,0.19999999999999996,-9.262365591397838,1.231182795698925,-0.7386839727160925,-30.51925236855527,0.25,-0.8571428571428572,-1,-1
419113,2010-03-16,2009/10,Kolkata Knight Riders,Chennai Super Kings,Eden Gardens,0,-0.14097968936678612,0.4,-15.94265232974908,0.43727598566308323,-0.7605708763684591,-52.42137458048319,0.33333333333333337,-0.375,-1,-1
419114,2010-03-17,2009/10,Delhi Capitals,Mumbai Indians,Feroz Shah Kotla,0,0.14861751152073732,0.19999999999999996,-3.252304147465452,-0.7707373271889404,0.11905804958493427,84.33281349041499,0.75,0.6666666666666666,1,-1
419115,2010-03-18,2009/10,Royal Challengers Bengaluru,Rajasthan Royals,M Chinnaswamy Stadium,1,-0.16249999999999998,0.39999999999999997,-5.787499999999994,0.6395833333333334,-0.4521364503873615,-4.765583589486596,0.25,-0.75,1,-1
419116,2010-03-19,2009/10,Delhi Capitals,Chennai Super Kings,Feroz Shah Kotla,0,0.03125,0.19999999999999996,-13.03125,-0.0625,-0.045322322443603014,20.20813369660891,0.5,-0.4285714285714286,1,1
419117,2010-03-19,2009/10,Deccan Chargers,Punjab Kings,Barabati Stadium,1,-0.1733870967741935,0.19999999999999996,2.7247983870967687,0.664314516129032,0.0022167111669784134,-31.12498276485894,0.0,0.0,-1,1
419118,2010-03-20,2009/10,Rajasthan Royals,Kolkata Knight Riders,"Sardar Patel Stadium, Motera",1,0.18778801843317977,-0.8,6.491935483870975,0.35138248847926246,0.3827990030854238,41.515832639218615,0.6666666666666667,-0.5,1,1
419119,2010-03-20,2009/10,Mumbai Indians,Royal Challengers Bengaluru,Brabourne Stadium,0,0.028213166144200663,-0.19999999999999996,9.692789968652022,-0.6969696969696972,0.712432908619876,-16.215247072221473,0.5,0.5,1,1
419120,2010-03-21,2009/10,Deccan Chargers,Delhi Capitals,Barabati Stadium,1,-0.18181818181818188,0.4,9.24242424242425,1.0909090909090908,-0.06644125145814783,-47.20369255724654,0.2,0.5,1,1
419122,2010-03-22,2009/10,Mumbai Indians,Kolkata Knight Riders,Brabourne Stadium,1,0.08735632183908049,-0.19999999999999996,10.933333333333337,0.09999999999999964,0.7897604456256495,49.86213012920962,1.0,0.0,-1,-1
419123,2010-03-23,2009/10,Royal Challengers Bengaluru,Chennai Super Kings,M Chinnaswamy Stadium,1,-0.10516934046345816,0.0,-16.86809269162208,1.2245989304812834,-0.7838373718165732,-12.33830396967619,0.6,-0.6666666666666667,-1,1
419124,2010-03-24,2009/10,Punjab Kings,Rajasthan Royals,"Punjab Cricket Association Stadium, Mohali",0,-0.0625,0.0,4.78125,-0.59375,0.33252054249212204,-21.225374306735603,0.5,0.75,1,-1
419128,2010-03-25,2009/10,Royal Challengers Bengaluru,Delhi Capitals,M Chinnaswamy Stadium,0,-0.07310924369747901,0.4,-3.6899159663865646,1.1016806722689072,-0.6847925153092094,31.754471195101587,0.25,-0.6,1,-1
419125,2010-03-25,2009/10,Chennai Super Kings,Mumbai Indians,"Brabourne Stadium, Mumbai",0,0.07495256166982922,-0.19999999999999996,6.729601518026556,-0.5882352941176467,0.057280710107788124,28.76002864939983,0.5,0.0,-1,1
419126,2010-03-26,2009/10,Rajasthan Royals,Deccan Chargers,"Sardar Patel Stadium, Motera",1,0.19429590017825316,-0.4,-6.987522281639912,-0.04812834224598994,-0.31477506855433113,16.729242087580133,0.75,0.0,-1,-1
419127,2010-03-27,2009/10,Punjab Kings,Kolkata Knight Riders,"Punjab Cricket Association Stadium, Mohali",0,0.1484848484848485,-0.4,11.654545454545456,0.03939393939393909,0.7402062024820095,45.499830126562074,0.5,0.6666666666666666,-1,-1
419130,2010-03-28,2009/10,Deccan Chargers,Mumbai Indians,Dr DY Patil Sports Academy,0,-0.09999999999999998,-0.20000000000000007,3.202678571428578,0.5169642857142858,-0.08027776212231075,-27.937652519842004,0.75,-0.16666666666666663,1,-1
419129,2010-03-28,2009/10,Rajasthan Royals,Chennai Super Kings,"Sardar Patel Stadium, Motera",1,0.07478991596638662,0.19999999999999996,-9.92941176470589,0.9210084033613448,-0.3576489559376377,21.06584125380664,0.6,0.16666666666666663,1,1
419131,2010-03-29,2009/10,Delhi Capitals,Kolkata Knight Riders,Feroz Shah Kotla,1,0.18433179723502302,0.0,5.364976958525347,-0.47096774193548363,0.7894402128351086,90.7320997766501,0.6666666666666666,0.0,1,1
419132,2010-03-30,2009/10,Mumbai Indians,Punjab Kings,Brabourne Stadium,1,0.015151515151515138,0.8,0.6925133689839527,0.0588235294117645,0.12631936694451262,77.07467672159692,0.25,0.16666666666666663,1,-1
419134,2010-03-31,2009/10,Delhi Capitals,Rajasthan Royals,Feroz Shah Kotla,1,-0.04523809523809519,-0.4,-1.2849206349206383,-0.9246031746031749,0.3285445737113095,-4.409863000215182,0.5,0.5555555555555556,1,1
419133,2010-03-31,2009/10,Chennai Super Kings,Royal Challengers Bengaluru,"MA Chidambaram Stadium, Chepauk",1,0.05555555555555558,-0.4,15.333333333333314,-1.2777777777777777,0.701530136548012,-32.68994644950749,0.3333333333333333,-0.625,-1,-1
419135,2010-04-01,2009/10,Kolkata Knight Riders,Deccan Chargers,Eden Gardens,1,-0.013888888888888895,-0.39999999999999997,-12.847222222222229,-0.614583333333333,-0.6897100497141446,-44.30700053133705,0.6,0.5555555555555556,1,1
419136,2010-04-02,2009/10,Punjab Kings,Royal Challengers Bengaluru,"Punjab Cricket Association Stadium, Mohali",0,0.026254826254826225,-0.6,8.602316602316591,-0.4833976833976834,0.5444972780398505,-73.47767592427272,0.6,0.6,1,1
419137,2010-04-03,2009/10,Chennai Super Kings,Rajasthan Royals,"MA Chidambaram Stadium, Chepauk",1,-0.07057057057057059,-0.4,10.042042042042027,-1.0645645645645647,0.36281061292280725,-17.651528804266036,0.3333333333333333,-0.5555555555555556,1,1
419138,2010-04-03,2009/10,Mumbai Indians,Deccan Chargers,Brabourne Stadium,1,0.15103338632750396,0.4,-1.660572337042936,-0.5405405405405403,0.12439653396075911,84.15904324120606,0.4,0.25,1,1
419140,2010-04-04,2009/10,Delhi Capitals,Royal Challengers Bengaluru,Feroz Shah Kotla,1,0.12091038406827886,0.0,4.448079658605991,-1.0953058321479379,0.6708238083753715,31.87267640084883,0.8,0.6,1,1
419139,2010-04-04,2009/10,Kolkata Knight Riders,Punjab Kings,Eden Gardens,0,-0.07828282828282829,0.4,-10.128787878787875,-0.058080808080807955,-0.6533208578676533,17.73988167551329,0.6,0.6,1,1
419141,2010-04-05,2009/10,Deccan Chargers,Rajasthan Royals,"Vidarbha Cricket Association Stadium, Jamtha",0,-0.2261735419630157,-0.39999999999999997,3.014935988620209,0.2802275960170695,0.07938320365529172,-70.56067302120346,0.2,0.0,-1,-1
419142,2010-04-06,2009/10,Chennai Super Kings,Mumbai Indians,"MA Chidambaram Stadium, Chepauk",1,0.009774436090225658,-0.6,7.220300751879705,-0.6556390977443609,0.11011133704966802,-22.599047166024548,0.4,0.5,1,1
419144,2010-04-07,2009/10,Kolkata Knight Riders,Delhi Capitals,Eden Gardens,1,-0.22291021671826627,-0.4,-5.479876160990727,0.5139318885448922,-0.7570352151513484,-140.7518460336728,0.25,0.5454545454545454,1,1
419143,2010-04-07,2009/10,Rajasthan Royals,Punjab Kings,Sawai Mansingh Stadium,1,0.11877667140825032,0.39999999999999997,-3.638691322901849,0.5284495021337126,-0.22817347339302163,83.59601632345698,0.6,1.0,-1,-1
419145,2010-04-08,2009/10,Royal Challengers Bengaluru,Deccan Chargers,M Chinnaswamy Stadium,0,0.10256410256410259,0.4,-8.897435897435912,-0.17948717948717974,-0.4513577902578927,78.78737494912048,0.6,0.36363636363636365,-1,1
419146,2010-04-09,2009/10,Punjab Kings,Mumbai Indians,"Punjab Cricket Association Stadium, Mohali",1,-0.05409356725146203,-0.6000000000000001,1.0438596491228225,-0.13450292397660757,-0.023746449178664975,-103.5561617780777,0.6,0.5454545454545454,-1,-1
419148,2010-04-10,2009/10,Royal Challengers Bengaluru,Kolkata Knight Riders,M Chinnaswamy Stadium,1,0.04999999999999999,-0.39999999999999997,0.11785714285713311,0.7250000000000005,0.05243518262234215,42.51441754890857,0.4,-0.6666666666666667,1,-1
419147,2010-04-10,2009/10,Deccan Chargers,Chennai Super Kings,"Vidarbha Cricket Association Stadium, Jamtha",1,-0.1891025641025641,-0.39999999999999997,-6.546153846153828,1.342948717948718,-0.26397098820433484,-94.05675653184585,0.6,-0.5,-1,-1
419149,2010-04-11,2009/10,Delhi Capitals,Punjab Kings,Feroz Shah Kotla,0,0.10256410256410259,0.4,-3.9487179487179276,-0.43589743589743524,0.11373306665586114,98.31241678396714,0.4,-0.36363636363636365,1,1
419150,2010-04-11,2009/10,Rajasthan Royals,Mumbai Indians,Sawai Mansingh Stadium,0,0.10187110187110193,0.0,-2.392931392931388,0.1725571725571724,-0.15899961427013132,22.30076126883523,0.5,1.0,1,-1
419151,2010-04-12,2009/10,Deccan Chargers,Royal Challengers Bengaluru,"Vidarbha Cricket Association Stadium, Jamtha",1,-0.07317073170731708,0.0,7.951219512195138,0.12195121951219434,0.38631522400952,-36.307821475881155,0.5,0.0,-1,1
419152,2010-04-13,2009/10,Mumbai Indians,Delhi Capitals,Brabourne Stadium,1,-0.048684210526315774,0.0,4.359210526315792,0.5552631578947373,-0.02383467052218613,1.6538951754664595,0.4,0.30000000000000004,1,1
419153,2010-04-13,2009/10,Chennai Super Kings,Kolkata Knight Riders,"MA Chidambaram Stadium, Chepauk",1,0.16111111111111115,0.19999999999999996,14.416666666666657,-0.5388888888888896,0.7192351899271436,88.68181681008105,0.75,0.5454545454545454,-1,-1
419154,2010-04-14,2009/10,Rajasthan Royals,Royal Challengers Bengaluru,Sawai Mansingh Stadium,0,0.1476190476190476,0.0,4.661904761904765,-0.17380952380952408,0.34320918819756674,32.99310028505306,0.6,0.8888888888888888,1,1
419155,2010-04-15,2009/10,Chennai Super Kings,Delhi Capitals,"MA Chidambaram Stadium, Chepauk",0,0.0,0.4,10.634146341463435,-0.34146341463414576,0.1625281098522695,21.601553682036183,0.6,-0.41666666666666663,1,1
419156,2010-04-16,2009/10,Punjab Kings,Deccan Chargers,Himachal Pradesh Cricket Association Stadium,0,0.09523809523809523,0.0,-0.6095238095238074,-0.7476190476190476,0.07714902879943075,-15.897460277291657,0.8,0.0,-1,1
419158,2010-04-17,2009/10,Kolkata Knight Riders,Rajasthan Royals,Eden Gardens,1,-0.20698747528015815,0.0,-4.256427158866188,-0.39551746868820103,-0.3924662955450593,-80.1250626270214,0.25,-0.41666666666666663,-1,-1
419157,2010-04-17,2009/10,Royal Challengers Bengaluru,Mumbai Indians,M Chinnaswamy Stadium,0,-0.073345259391771,-0.19999999999999996,-9.014907573047111,0.4370900417412047,-0.5514726688010887,-41.12373724659187,0.6,-0.6153846153846154,1,-1
419160,2010-04-18,2009/10,Delhi Capitals,Deccan Chargers,Feroz Shah Kotla,0,0.15282392026578068,-0.4,-6.063122923588054,-0.9640088593576968,0.07339362825825191,30.8342091692125,0.6666666666666667,0.5833333333333334,-1,-1
419159,2010-04-18,2009/10,Punjab Kings,Chennai Super Kings,Himachal Pradesh Cricket Association Stadium,0,-0.059814169570267195,0.0,-4.959930313588842,0.39837398373983746,-0.15782776055814196,-65.09865489289814,0.0,-0.5,-1,1
419161,2010-04-19,2009/10,Kolkata Knight Riders,Mumbai Indians,Eden Gardens,1,-0.15526315789473688,-0.19999999999999996,-10.036842105263162,-0.1578947368421053,-0.671104560131524,-115.92958379908691,0.0,-0.3846153846153846,-1,-1
419162,2010-04-21,2009/10,Royal Challengers Bengaluru,Mumbai Indians,Dr DY Patil Sports Academy,0,-0.08203991130820404,-0.19999999999999996,-9.618070953436785,0.49667405764966777,-0.566676512461993,-47.7620709574237,0.5,-0.25,-1,-1
419163,2010-04-22,2009/10,Chennai Super Kings,Deccan Chargers,Dr DY Patil Sports Academy,1,0.1263213530655391,-0.4,5.351479915433401,-1.220401691331924,0.27656124481475075,16.46709837594699,0.3333333333333333,-0.3333333333333333,1,1
419164,2010-04-24,2009/10,Royal Challengers Bengaluru,Deccan Chargers,Dr DY Patil Sports Academy,1,0.0222222222222222,-0.4,-7.800000000000011,0.0,-0.3491713329671331,-22.931629011614405,0.4285714285714286,-0.25,-1,-1
419165,2010-04-25,2009/10,Chennai Super Kings,Mumbai Indians,Dr DY Patil Sports Academy,1,0.02056277056277056,-0.20000000000000007,3.6406926406926345,-0.6829004329004329,0.0627042956622148,-5.68583902659725,0.5,-0.30000000000000004,1,1
501198,2011-04-08,2011,Chennai Super Kings,Kolkata Knight Riders,"MA Chidambaram Stadium, Chepauk",1,0.16752136752136748,0.20000000000000007,14.24786324786325,-0.384615384615385,0.7154636947884772,98.78554276935301,0.8,0.5384615384615384,1,1
501199,2011-04-09,2011,Deccan Chargers,Rajasthan Royals,"Rajiv Gandhi International Stadium, Uppal",0,-0.15838509316770183,0.19999999999999996,1.9844720496894581,0.26915113871635565,-0.012487300486576203,-0.994154853695818,0.16666666666666666,-1.0,-1,1
501200,2011-04-09,2011,Kochi Tuskers Kerala,Royal Challengers Bengaluru,Nehru Stadium,0,0.043478260869565244,0.09999999999999998,-144.8695652173913,-6.478260869565218,-7.64541056053538,3.5731601737859364,0.5,0.0,1,1
501201,2011-04-10,2011,Delhi Capitals,Mumbai Indians,Feroz Shah Kotla,0,0.023255813953488413,-0.39999999999999997,-7.232558139534888,-0.5116279069767442,-0.10411137543302473,-23.01833444710587,0.5,0.038461538461538436,1,1
501202,2011-04-10,2011,Pune Warriors India,Punjab Kings,Dr DY Patil Sports Academy,1,0.023809523809523836,0.09999999999999998,-155.57142857142858,-5.666666666666667,-8.202351941979101,55.4158998386456,0.5,0.0,-1,-1
501203,2011-04-11,2011,Kolkata Knight Riders,Deccan Chargers,Eden Gardens,1,-0.004255319148936121,0.0,-5.985106382978728,-0.9521276595744679,-0.30625390743082637,-18.39454184938404,0.6666666666666667,0.6428571428571429,1,1
501204,2011-04-12,2011,Rajasthan Royals,Delhi Capitals,Sawai Mansingh Stadium,1,0.03594080338266392,0.2,2.504756871035937,0.6205073995771668,-0.13236700786042999,1.5019734359680115,0.4285714285714286,0.8,-1,-1
501205,2011-04-12,2011,Royal Challengers Bengaluru,Mumbai Indians,M Chinnaswamy Stadium,0,-0.07736943907156668,0.0,-9.629593810444874,0.4255319148936172,-0.5278342853887894,-41.2830980308579,0.4285714285714286,-0.6428571428571428,-1,1
501207,2011-04-13,2011,Pune Warriors India,Kochi Tuskers Kerala,Dr DY Patil Sports Academy,1,1.0,1.0,-48.0,-2.0,0.5322784810126571,27.781847732869437,0.5,0.5,-1,-1
501206,2011-04-13,2011,Punjab Kings,Chennai Super Kings,"Punjab Cricket Association Stadium, Mohali",1,-0.12184024266936305,-0.4,-5.507077856420636,0.41658240647118383,-0.17796619044120376,-142.551502289386,0.0,-0.41666666666666663,1,-1
501208,2011-04-14,2011,Deccan Chargers,Royal Challengers Bengaluru,"Rajiv Gandhi International Stadium, Uppal",1,-0.0625,-0.2,7.0,0.35416666666666696,0.2666604899479692,-41.72432463839027,0.5,-1.0,-1,1
501209,2011-04-15,2011,Rajasthan Royals,Kolkata Knight Riders,Sawai Mansingh Stadium,0,0.17627494456762755,-0.19999999999999996,3.7378048780487916,0.5426829268292686,0.32418132548338363,48.44459468152036,0.6,0.8181818181818182,-1,1
501210,2011-04-15,2011,Mumbai Indians,Kochi Tuskers Kerala,Wankhede Stadium,0,0.5555555555555556,0.6,0.09999999999999432,-0.6111111111111107,0.4598826084454215,95.04757592515193,0.5,0.0,-1,1
501212,2011-04-16,2011,Deccan Chargers,Punjab Kings,"Rajiv Gandhi International Stadium, Uppal",0,-0.06910946196660483,-0.2,-2.839981447124302,1.0120593692022268,-0.24962885085678987,20.636167655557756,0.3333333333333333,-0.8888888888888888,-1,1
501211,2011-04-16,2011,Chennai Super Kings,Royal Challengers Bengaluru,"MA Chidambaram Stadium, Chepauk",1,0.12548849326964834,0.4,15.598349978289207,-1.1519756838905781,0.7016594362619042,72.11483256680594,0.42857142857142855,0.0714285714285714,1,1
501214,2011-04-17,2011,Kolkata Knight Riders,Rajasthan Royals,Eden Gardens,1,-0.14920634920634918,0.4,-3.6111111111111143,-0.6047619047619053,-0.29983731356847176,-14.28845192211611,0.5,0.16666666666666663,1,-1
501213,2011-04-17,2011,Pune Warriors India,Delhi Capitals,Dr DY Patil Sports Academy,0,0.4666666666666667,0.8,-15.777777777777771,-1.188888888888889,0.22978060072959927,39.53533001926917,0.5,1.0,-1,1
501215,2011-04-18,2011,Kochi Tuskers Kerala,Chennai Super Kings,Nehru Stadium,1,-0.25000000000000006,-0.46666666666666673,3.208333333333343,-0.27083333333333304,0.017422994005126924,-75.56089210101709,0.5,-0.5,1,-1
501216,2011-04-19,2011,Delhi Capitals,Deccan Chargers,Feroz Shah Kotla,0,0.14347826086956517,0.2,-4.144347826086971,-1.0026086956521736,0.1650688524586883,46.06126273211453,0.5714285714285714,0.0,-1,-1
501219,2011-04-20,2011,Kolkata Knight Riders,Kochi Tuskers Kerala,Eden Gardens,0,-0.05813953488372092,0.30000000000000004,-11.604651162790702,1.0116279069767442,-0.9129387025994911,-5.740852308376816,0.5,0.1875,1,-1
501218,2011-04-20,2011,Mumbai Indians,Pune Warriors India,Wankhede Stadium,1,-0.12318840579710144,-0.06666666666666665,4.8623188405796895,1.1376811594202891,-0.4452160672354033,37.35491540854446,0.5,-0.09999999999999998,-1,-1
501220,2011-04-21,2011,Punjab Kings,Rajasthan Royals,"Punjab Cricket Association Stadium, Mohali",1,-0.07632850241545891,0.0,6.731884057971001,-0.6826086956521742,0.31610527174653047,-16.895782259374528,0.3333333333333333,0.11538461538461542,-1,1
501221,2011-04-22,2011,Mumbai Indians,Chennai Super Kings,Wankhede Stadium,1,-0.018237082066869248,0.0,-5.978289188015623,0.4997828918801561,-0.18516298752930282,13.083598864975329,0.4285714285714286,0.0,-1,1
501222,2011-04-22,2011,Kolkata Knight Riders,Royal Challengers Bengaluru,Eden Gardens,0,-0.008181818181818179,0.19999999999999996,-0.4454545454545382,-0.8490909090909096,-0.06074916821587362,18.133679805617476,0.5,0.6470588235294118,-1,1
501223,2011-04-23,2011,Delhi Capitals,Punjab Kings,Feroz Shah Kotla,1,0.03191489361702127,-0.39999999999999997,-7.755781683626282,0.11424606845513452,-0.1493972113661357,2.211722660747,0.3333333333333333,-0.5333333333333333,-1,1
501225,2011-04-24,2011,Rajasthan Royals,Kochi Tuskers Kerala,Sawai Mansingh Stadium,1,-0.04680851063829783,-0.19999999999999996,-3.106382978723417,1.2978723404255321,-0.2610042043813605,-53.166514532573956,0.5,0.25,1,-1
501224,2011-04-24,2011,Deccan Chargers,Mumbai Indians,"Rajiv Gandhi International Stadium, Uppal",0,-0.15073529411764708,-0.4,-1.591911764705884,0.9583333333333339,-0.21061350952147517,-100.40420355551464,0.5,-0.9,1,-1
501226,2011-04-25,2011,Chennai Super Kings,Pune Warriors India,"MA Chidambaram Stadium, Chepauk",1,0.06000000000000005,-0.09999999999999998,18.169999999999987,-0.6799999999999997,0.14692146529765004,36.62280272434759,0.5,0.09999999999999998,-1,1
501227,2011-04-26,2011,Delhi Capitals,Royal Challengers Bengaluru,Feroz Shah Kotla,0,0.09068627450980388,0.0,4.498774509803923,-0.625,0.47931431454988793,16.108377995975616,0.8333333333333334,0.5,-1,1
501229,2011-04-27,2011,Kochi Tuskers Kerala,Deccan Chargers,Nehru Stadium,0,0.09615384615384615,0.19999999999999996,-7.955128205128204,-0.8589743589743595,-0.23180774684547156,42.004317901320974,0.5,0.0,1,-1
501228,2011-04-27,2011,Pune Warriors India,Chennai Super Kings,Dr DY Patil Sports Academy,0,-0.1686274509803921,0.0,-22.85882352941178,1.2666666666666666,-0.5905630204608974,-63.47219593957175,0.0,0.0,1,1
501230,2011-04-28,2011,Delhi Capitals,Kolkata Knight Riders,Feroz Shah Kotla,0,0.108390022675737,-0.19999999999999996,5.14013605442176,0.1365079365079369,0.5541403312838113,13.844109032827419,0.6,0.47058823529411764,1,-1
501232,2011-04-29,2011,Royal Challengers Bengaluru,Pune Warriors India,M Chinnaswamy Stadium,1,0.12820512820512825,0.2,8.43589743589743,-0.1538461538461542,0.09148248384715174,30.485713611844858,0.5,-0.16666666666666669,-1,1
501231,2011-04-29,2011,Rajasthan Royals,Mumbai Indians,Sawai Mansingh Stadium,1,-0.008928571428571397,-0.4,-6.977465986394577,0.5348639455782314,-0.28704606154193346,-98.57508310484263,0.4,0.2692307692307693,1,-1
501234,2011-04-30,2011,Kolkata Knight Riders,Punjab Kings,Eden Gardens,1,-0.0545790934320074,0.0,-11.902405180388541,-0.02960222016651226,-0.6791046819670825,18.0790661270114,0.5,0.11111111111111116,1,-1
501233,2011-04-30,2011,Kochi Tuskers Kerala,Delhi Capitals,Nehru Stadium,0,-0.09142857142857147,0.19999999999999996,-15.565714285714279,0.6485714285714286,-0.8953021001120023,18.698328800952822,0.5,-0.16666666666666669,-1,-1
501235,2011-05-01,2011,Rajasthan Royals,Pune Warriors India,Sawai Mansingh Stadium,1,0.2857142857142857,0.4,6.734693877551024,-0.14285714285714235,0.20092538634718782,49.33095056960656,0.5,0.2857142857142857,1,-1
501236,2011-05-01,2011,Chennai Super Kings,Deccan Chargers,"MA Chidambaram Stadium, Chepauk",1,0.16182873730043534,0.0,7.4296081277213375,-1.4288824383164007,0.39397982597196,78.14155131098119,0.42857142857142855,-0.375,1,1
501238,2011-05-02,2011,Delhi Capitals,Kochi Tuskers Kerala,Feroz Shah Kotla,0,0.15441176470588236,0.0,17.661764705882348,-1.0710784313725492,1.0047202046636325,12.91465771404637,1.0,-0.05555555555555558,-1,1
501237,2011-05-02,2011,Mumbai Indians,Punjab Kings,Wankhede Stadium,1,0.08083333333333337,0.0,-2.8274999999999864,0.07416666666666671,-0.1353479861311495,111.27023475294345,0.3333333333333333,0.0714285714285714,-1,1
501239,2011-05-03,2011,Deccan Chargers,Kolkata Knight Riders,"Rajiv Gandhi International Stadium, Uppal",0,-0.039401103230890466,-0.19999999999999996,7.179669030732867,1.1903073286052006,0.29737780039657746,-32.94955036951569,0.2857142857142857,-0.9090909090909091,1,-1
501240,2011-05-04,2011,Chennai Super Kings,Rajasthan Royals,"MA Chidambaram Stadium, Chepauk",1,0.004905660377358512,0.0,12.90792452830189,-0.8358490566037728,0.47272031957095884,51.20568249613575,0.42857142857142855,0.1470588235294118,-1,-1
501241,2011-05-04,2011,Pune Warriors India,Mumbai Indians,Dr DY Patil Sports Academy,0,-0.31862745098039214,-0.8,-13.335784313725497,0.6691176470588234,-0.5296974851694642,-132.85390495116326,0.0,-0.16666666666666663,1,-1
501242,2011-05-05,2011,Kochi Tuskers Kerala,Kolkata Knight Riders,Nehru Stadium,1,-0.013888888888888895,-0.19999999999999996,-11.875,0.9444444444444446,-0.23420929372367283,-26.703376435360497,1.0,-0.25,-1,1
501243,2011-05-05,2011,Deccan Chargers,Delhi Capitals,"Rajiv Gandhi International Stadium, Uppal",0,-0.11923076923076925,0.0,1.9520979020979041,0.9013986013986015,-0.2243497103837413,-15.209609861687568,0.5,-0.9166666666666666,-1,1
501244,2011-05-06,2011,Royal Challengers Bengaluru,Punjab Kings,M Chinnaswamy Stadium,1,0.0023103581055063382,0.19999999999999996,-9.340777820562181,0.6268771659607237,-0.4818554649131972,69.86853954275989,0.5,-0.125,-1,1
501245,2011-05-07,2011,Kolkata Knight Riders,Chennai Super Kings,Eden Gardens,1,-0.14361300075585787,-0.20000000000000007,-14.258503401360542,0.32690854119425605,-0.6914787163447311,-83.93028149306792,0.16666666666666663,-0.368421052631579,-1,-1
501246,2011-05-07,2011,Mumbai Indians,Delhi Capitals,Wankhede Stadium,1,0.04862119013062405,0.4,3.322206095790989,-0.08055152394774989,-0.03378859946941759,101.61091501508963,0.5714285714285714,0.625,-1,1
501247,2011-05-08,2011,Royal Challengers Bengaluru,Kochi Tuskers Kerala,M Chinnaswamy Stadium,1,-0.018518518518518545,0.4,12.099999999999994,0.014814814814815058,0.3545115249992037,21.98989654847378,1.0,-0.08823529411764708,-1,-1
501248,2011-05-08,2011,Punjab Kings,Pune Warriors India,"Punjab Cricket Association Stadium, Mohali",0,0.2377777777777778,0.2,15.095555555555535,-0.6844444444444449,0.6633804288550555,-1.6192218653868622,0.0,0.1428571428571429,1,1
501249,2011-05-09,2011,Rajasthan Royals,Chennai Super Kings,Sawai Mansingh Stadium,0,-0.013190730837789655,-0.20000000000000007,-11.875579322638146,0.9162210338680925,-0.4291207414585472,-58.26128326344656,0.5,0.8,1,-1
501251,2011-05-10,2011,Punjab Kings,Mumbai Indians,"Punjab Cricket Association Stadium, Mohali",1,-0.13392526822049572,-0.8,0.29522752497223337,0.10580836108028091,0.008180137118770858,-179.19397389246137,0.5714285714285714,0.6,-1,1
501250,2011-05-10,2011,Deccan Chargers,Pune Warriors India,"Rajiv Gandhi International Stadium, Uppal",0,0.09285714285714286,0.0,14.171428571428578,0.378571428571429,0.44783175360258287,-8.527536518424995,0.5,-0.4230769230769231,1,1
501252,2011-05-11,2011,Rajasthan Royals,Royal Challengers Bengaluru,Sawai Mansingh Stadium,0,0.0667832167832168,-0.4,-0.9440559440559468,-0.04510489510489446,-0.015349177105925094,-47.03328854601136,0.5,0.25,-1,1
501253,2011-05-12,2011,Chennai Super Kings,Delhi Capitals,"MA Chidambaram Stadium, Chepauk",1,0.07076719576719581,0.4,8.833333333333343,-0.746031746031746,0.15234973243821592,103.02658047727641,0.5,-0.33333333333333337,1,1
501254,2011-05-13,2011,Kochi Tuskers Kerala,Punjab Kings,Holkar Cricket Stadium,0,-0.006993006993007034,0.2,-20.07167832167832,0.6993006993007,-0.8088645313785863,50.68761203646386,0.5,0.0,-1,1
501256,2011-05-14,2011,Mumbai Indians,Deccan Chargers,Wankhede Stadium,0,0.18810916179337234,0.39999999999999997,0.9970760233917986,-0.923976608187135,0.20957205835614356,148.75767880150784,0.5714285714285714,0.16666666666666663,-1,-1
501255,2011-05-14,2011,Royal Challengers Bengaluru,Kolkata Knight Riders,M Chinnaswamy Stadium,1,0.03999999999999998,0.19999999999999996,3.9764285714285847,0.665,0.2606813204922567,36.066671643238806,0.5714285714285714,-0.05555555555555558,1,-1
501257,2011-05-15,2011,Punjab Kings,Delhi Capitals,Himachal Pradesh Cricket Association Stadium,1,-0.03739279588336186,0.0,4.671698113207526,-0.07958833619210992,0.03639731126855672,-6.147742239120362,0.5714285714285714,-0.5,-1,1
501258,2011-05-15,2011,Kochi Tuskers Kerala,Rajasthan Royals,Holkar Cricket Stadium,1,-0.13050314465408802,0.0,-8.179245283018872,0.41352201257861587,-0.33923719214575243,-7.251620983114435,0.0,-0.5,1,-1
501259,2011-05-16,2011,Pune Warriors India,Deccan Chargers,Dr DY Patil Sports Academy,0,-0.0329153605015674,0.2,-13.71003134796237,-0.5987460815047019,-0.4070357971758565,16.734633271703842,1.0,0.2,-1,1
501260,2011-05-17,2011,Punjab Kings,Royal Challengers Bengaluru,Himachal Pradesh Cricket Association Stadium,1,-0.027290448343079976,-0.4,8.793372319688103,-0.3079922027290447,0.3160679634042225,-94.77309189944663,0.42857142857142855,-0.16666666666666669,1,1
501261,2011-05-18,2011,Chennai Super Kings,Kochi Tuskers Kerala,"MA Chidambaram Stadium, Chepauk",1,0.13495276653171384,0.20000000000000007,24.404858299595134,-1.1079622132253713,0.37858556978840596,98.87547346925612,0.0,0.1842105263157895,1,1
501262,2011-05-19,2011,Pune Warriors India,Kolkata Knight Riders,Dr DY Patil Sports Academy,0,-0.11764705882352944,-0.19999999999999996,-4.563725490196077,0.901960784313725,-0.1554941931616609,-55.974835156211384,0.5,-0.6666666666666667,-1,1
501263,2011-05-20,2011,Mumbai Indians,Rajasthan Royals,Wankhede Stadium,0,0.02659932659932651,0.39999999999999997,7.004377104377085,-0.42255892255892213,0.317537172320117,88.45134580495869,0.5,-0.4,1,1
501264,2011-05-21,2011,Punjab Kings,Deccan Chargers,Himachal Pradesh Cricket Association Stadium,0,0.08412942989214173,0.4,5.38151001540831,-0.8986132511556244,0.37188992009754607,28.449202356392107,0.7142857142857143,-0.5,1,-1
501266,2011-05-22,2011,Royal Challengers Bengaluru,Chennai Super Kings,M Chinnaswamy Stadium,1,-0.10344827586206895,0.0,-13.15517241379311,1.068965517241379,-0.43953551485151365,-50.327664027900255,0.5,-0.026315789473684237,1,-1
501267,2011-05-22,2011,Kolkata Knight Riders,Mumbai Indians,Eden Gardens,0,-0.09203296703296704,0.19999999999999996,-10.218406593406598,-0.4189560439560438,-0.48433706051590253,-18.314295186605023,0.16666666666666666,0.15000000000000002,-1,1
501268,2011-05-24,2011,Royal Challengers Bengaluru,Chennai Super Kings,Wankhede Stadium,0,-0.0847457627118644,0.20000000000000007,-12.915254237288138,0.9491525423728806,-0.4190914100800187,-16.012165902840252,0.5555555555555556,0.6666666666666667,-1,1
501269,2011-05-25,2011,Mumbai Indians,Kolkata Knight Riders,Wankhede Stadium,1,0.1085733200926845,0.0,10.04832836809004,0.3743793445878847,0.4768761432195374,46.734374891593916,0.8571428571428572,0.5454545454545454,1,-1
501270,2011-05-27,2011,Royal Challengers Bengaluru,Mumbai Indians,"MA Chidambaram Stadium, Chepauk",1,-0.06896551724137934,0.19999999999999996,-6.092528735632186,0.29022988505747094,-0.20619200376424907,-11.303803618476422,0.375,0.3333333333333333,-1,1
501271,2011-05-28,2011,Chennai Super Kings,Royal Challengers Bengaluru,"MA Chidambaram Stadium, Chepauk",1,0.09180327868852456,0.20000000000000007,12.10519125683058,-0.8991803278688524,0.39302420192296506,29.142690093154897,0.5,0.19999999999999996,1,1
548306,2012-04-04,2012,Chennai Super Kings,Mumbai Indians,"MA Chidambaram Stadium, Chepauk",0,0.0472353431508753,0.4,7.570714087246444,-0.6829674909697134,0.25879786301082675,62.559342516987044,0.5,0.7142857142857143,-1,1
548307,2012-04-05,2012,Kolkata Knight Riders,Delhi Capitals,Eden Gardens,0,-0.05555555555555558,0.2,-7.736111111111114,-0.4841269841269842,-0.530287618285862,41.59219921230897,0.5,0.6190476190476191,-1,1
548309,2012-04-06,2012,Rajasthan Royals,Punjab Kings,Sawai Mansingh Stadium,1,0.06331168831168826,-0.6000000000000001,-10.847402597402606,0.3058441558441558,-0.3994917504497195,8.98559545080434,0.5714285714285714,0.7058823529411765,-1,1
548308,2012-04-06,2012,Mumbai Indians,Pune Warriors India,Wankhede Stadium,0,0.25897435897435894,0.19999999999999996,15.428205128205121,-0.6179487179487184,0.7199025798988785,128.88593443858508,1.0,0.5833333333333334,1,-1
548310,2012-04-07,2012,Royal Challengers Bengaluru,Delhi Capitals,M Chinnaswamy Stadium,1,-0.00877192982456143,0.0,-2.430390492359919,0.22099603848330585,-0.26229028106027563,87.96751374412838,0.2857142857142857,-0.5,-1,1
548311,2012-04-07,2012,Deccan Chargers,Chennai Super Kings,Dr. Y.S. Rajasekhara Reddy ACA-VDCA Cricket Stadium,0,-0.18010752688172044,0.0,-6.8704301075268575,1.3408602150537634,-0.357501903563878,-112.5622867371751,0.5,0.0,1,-1
548313,2012-04-08,2012,Pune Warriors India,Punjab Kings,Subrata Roy Sahara Stadium,1,-0.11654135338345861,0.0,-20.456140350877206,0.6942355889724308,-0.9547693785011422,-4.602329461212321,1.0,0.0,1,1
548312,2012-04-08,2012,Rajasthan Royals,Kolkata Knight Riders,Sawai Mansingh Stadium,1,0.11720779220779226,0.2,4.302597402597399,0.5801948051948056,0.23968576737871938,25.943352383234924,0.4285714285714286,0.2222222222222222,-1,1
548314,2012-04-09,2012,Deccan Chargers,Mumbai Indians,Dr. Y.S. Rajasekhara Reddy ACA-VDCA Cricket Stadium,0,-0.14754098360655732,0.0,0.836065573770469,0.8032786885245908,-0.08850267444654136,-75.3280851236184,0.5,-0.5,1,1
548316,2012-04-10,2012,Delhi Capitals,Chennai Super Kings,Feroz Shah Kotla,1,-0.10317460317460314,-0.39999999999999997,-10.403393541324562,0.6412151067323482,-0.17333343782600785,-148.5123596566873,0.4285714285714286,-0.5789473684210527,1,-1
548315,2012-04-10,2012,Royal Challengers Bengaluru,Kolkata Knight Riders,M Chinnaswamy Stadium,0,0.07936507936507936,0.39999999999999997,5.406746031746053,0.5218253968253963,0.2821589004809688,105.11289170466011,0.625,0.19047619047619052,1,-1
548317,2012-04-11,2012,Mumbai Indians,Rajasthan Royals,Wankhede Stadium,1,0.003112620260328325,0.0,4.3172043010752645,-0.26372382569326547,0.12036327383623835,43.344519542552234,0.42857142857142855,-0.46153846153846156,-1,1
548318,2012-04-12,2012,Chennai Super Kings,Royal Challengers Bengaluru,"MA Chidambaram Stadium, Chepauk",1,0.09375,0.19999999999999996,12.0625,-0.875,0.39724143778516297,36.33898082375208,0.5454545454545454,0.28181818181818175,-1,-1
548319,2012-04-12,2012,Punjab Kings,Pune Warriors India,"Punjab Cricket Association Stadium, Mohali",1,0.06551724137931031,-0.19999999999999996,18.241379310344826,-0.6195402298850574,0.8661066554613308,-25.795044366845104,0.0,-0.375,1,-1
548320,2012-04-13,2012,Kolkata Knight Riders,Rajasthan Royals,Eden Gardens,1,-0.11312764670296432,-0.39999999999999997,-4.612825166364161,-0.5063520871143377,-0.25711897810855255,-21.164543038147258,0.5,0.2575757575757576,-1,-1
548322,2012-04-14,2012,Pune Warriors India,Chennai Super Kings,Subrata Roy Sahara Stadium,1,-0.22499999999999998,-0.19999999999999996,-23.329807692307696,1.4730769230769232,-1.034179747799703,-139.38395640158637,0.0,0.5,-1,-1
548323,2012-04-15,2012,Kolkata Knight Riders,Punjab Kings,Eden Gardens,0,-0.026300409117475165,0.0,-13.197253068381059,-0.2437171244886036,-0.5654240243664299,32.788729435124424,0.5714285714285714,0.27536231884057977,1,-1
548324,2012-04-15,2012,Royal Challengers Bengaluru,Rajasthan Royals,M Chinnaswamy Stadium,0,-0.050065189048239866,-0.19999999999999996,1.172620599739247,0.065971316818775,0.045643378215564745,47.61511202451243,0.5714285714285714,0.0,-1,-1
548325,2012-04-16,2012,Mumbai Indians,Delhi Capitals,Wankhede Stadium,0,0.06295399515738498,0.19999999999999996,2.849878934624712,-0.004035512510088601,-0.12110881511570071,94.5595038337533,0.625,0.5714285714285714,-1,1
548327,2012-04-17,2012,Royal Challengers Bengaluru,Pune Warriors India,M Chinnaswamy Stadium,1,0.07308377896613194,-0.39999999999999997,10.081996434937594,-0.28698752228164004,0.5754694153259265,38.4140447720049,1.0,0.4782608695652174,-1,-1
548326,2012-04-17,2012,Rajasthan Royals,Deccan Chargers,Sawai Mansingh Stadium,1,0.14677419354838717,0.0,-4.141935483870981,-0.6112903225806452,-0.005314300832584884,43.57125484996163,0.8571428571428572,0.7368421052631579,-1,-1
548328,2012-04-18,2012,Punjab Kings,Kolkata Knight Riders,"Punjab Cricket Association Stadium, Mohali",0,0.04265536723163843,0.0,13.013559322033899,0.2725988700564974,0.5579405067284169,0.03410163248236131,0.5,0.1470588235294118,1,1
548321,2012-04-19,2012,Delhi Capitals,Deccan Chargers,Feroz Shah Kotla,1,0.11984126984126992,0.19999999999999996,-4.51111111111112,-0.8206349206349204,0.180405879514014,49.61582218427611,0.5555555555555556,-0.21666666666666662,-1,-1
548330,2012-04-19,2012,Chennai Super Kings,Pune Warriors India,"MA Chidambaram Stadium, Chepauk",1,0.20202020202020204,-0.19999999999999996,19.651515151515156,-1.2272727272727275,0.8746515032936326,111.30348756950798,0.6666666666666666,0.6956521739130435,-1,1
548331,2012-04-20,2012,Punjab Kings,Royal Challengers Bengaluru,"Punjab Cricket Association Stadium, Mohali",0,-0.017127477367262056,0.0,6.330315634940035,-0.2745289943724005,0.21416884060142394,-64.6385268149943,0.5,0.11111111111111116,-1,1
548333,2012-04-21,2012,Delhi Capitals,Pune Warriors India,Feroz Shah Kotla,0,0.15616911130284733,0.4,7.427092320966352,-0.772217428817946,0.6890228031078118,54.37385953906028,1.0,-0.023809523809523836,1,-1
548332,2012-04-21,2012,Chennai Super Kings,Rajasthan Royals,"MA Chidambaram Stadium, Chepauk",1,0.039637876192806454,0.0,11.470760949351614,-0.7641301688279905,0.36292320731234184,70.294300801487,0.5555555555555556,0.37500000000000006,-1,-1
548334,2012-04-22,2012,Mumbai Indians,Punjab Kings,Wankhede Stadium,0,0.09475806451612906,0.19999999999999996,-4.041330645161281,-0.06048387096774199,-0.15950949035237816,99.50838779546939,0.375,0.2,1,1
548335,2012-04-22,2012,Deccan Chargers,Kolkata Knight Riders,Barabati Stadium,0,-0.05937500000000001,-0.39999999999999997,10.582291666666663,1.026041666666667,0.32589867159041486,-61.78010363327189,0.25,0.5,-1,1
548336,2012-04-23,2012,Rajasthan Royals,Royal Challengers Bengaluru,Sawai Mansingh Stadium,0,0.048387096774193505,0.0,-0.24667931688804856,-0.1911764705882355,-0.003213297302040452,-37.99580341751789,0.5,0.08333333333333337,1,-1
548337,2012-04-24,2012,Pune Warriors India,Delhi Capitals,Subrata Roy Sahara Stadium,0,-0.11612903225806448,-0.19999999999999996,-5.248387096774195,0.5758064516129027,-0.586537545352324,-19.716802032949317,0.5,0.5,1,1
548339,2012-04-25,2012,Punjab Kings,Mumbai Indians,"Punjab Cricket Association Stadium, Mohali",0,-0.07765567765567771,0.19999999999999996,3.9990231990232132,0.02783882783882774,0.16122086992326778,-61.14362139375362,0.6666666666666667,0.5789473684210527,1,1
548341,2012-04-26,2012,Pune Warriors India,Deccan Chargers,Subrata Roy Sahara Stadium,0,-0.0036630036630037055,0.4,-8.679120879120887,-0.47252747252747174,-0.37537082991997917,36.526034087210974,0.5,0.16666666666666663,-1,-1
548342,2012-04-27,2012,Delhi Capitals,Mumbai Indians,Feroz Shah Kotla,1,-0.036796536796536716,0.20000000000000007,-2.73304473304475,-0.16450216450216448,0.16044701208728096,-40.101637053576724,0.4444444444444444,-0.2121212121212121,-1,1
548343,2012-04-28,2012,Chennai Super Kings,Punjab Kings,"MA Chidambaram Stadium, Chepauk",0,0.1341911764705882,0.19999999999999996,4.519301470588232,-0.6240808823529411,0.13997976965651837,138.63574256892753,0.8571428571428571,0.72,-1,-1
548344,2012-04-28,2012,Kolkata Knight Riders,Royal Challengers Bengaluru,Eden Gardens,1,-0.048229983368971274,0.20000000000000007,-7.514373960560704,-0.5711570444286052,-0.35668658771777206,-47.916370446040446,0.4444444444444444,0.25000000000000006,1,1
548345,2012-04-29,2012,Delhi Capitals,Rajasthan Royals,Feroz Shah Kotla,1,-0.008432539682539653,0.4,1.1674107142857224,-0.3127480158730158,0.270726254720981,31.57638096390633,0.5,0.4782608695652174,1,1
548346,2012-04-29,2012,Mumbai Indians,Deccan Chargers,Wankhede Stadium,1,0.15829941203075537,0.2,-0.9326096788783502,-0.6503844414292184,0.0717629170161933,91.34896215151412,0.5555555555555556,-0.5,1,-1
548347,2012-04-30,2012,Chennai Super Kings,Kolkata Knight Riders,"MA Chidambaram Stadium, Chepauk",0,0.12646096306685367,-0.20000000000000007,17.068489948574097,-0.2730247779336139,0.646865054097228,53.11813387994971,0.7142857142857143,0.6923076923076923,1,1
548348,2012-05-01,2012,Deccan Chargers,Pune Warriors India,Barabati Stadium,1,0.024423337856173677,0.0,7.565128900949816,0.445047489823609,0.33157454900166083,-14.5282726625951,0.6666666666666666,0.16666666666666663,1,1
548349,2012-05-01,2012,Rajasthan Royals,Delhi Capitals,Sawai Mansingh Stadium,0,-0.007211538461538436,-0.4,-1.1641826923076906,0.26105769230769216,-0.26740481614424816,-58.857339301179536,0.4444444444444444,0.7142857142857143,1,1
548350,2012-05-02,2012,Royal Challengers Bengaluru,Punjab Kings,M Chinnaswamy Stadium,0,0.02307692307692305,0.19999999999999996,-6.07032967032967,0.25054945054945055,-0.19932096175813285,57.94912967220239,0.5555555555555556,0.16666666666666669,-1,1
548351,2012-05-03,2012,Pune Warriors India,Mumbai Indians,Subrata Roy Sahara Stadium,0,-0.210997442455243,-0.2,-5.417519181585675,0.2186700767263421,-0.355895266105267,-114.73672330932845,0.33333333333333337,0.0,-1,-1
548352,2012-05-04,2012,Chennai Super Kings,Deccan Chargers,"MA Chidambaram Stadium, Chepauk",1,0.188655462184874,0.0,7.036974789915945,-1.3168067226890754,0.34539495758741445,118.34588347625572,0.5555555555555556,0.0,1,1
548353,2012-05-05,2012,Kolkata Knight Riders,Pune Warriors India,Eden Gardens,1,0.14285714285714285,0.6000000000000001,-1.8630952380952408,-0.5853174603174605,0.07942848742002617,126.72337109061914,1.0,0.09999999999999998,1,1
548354,2012-05-05,2012,Punjab Kings,Rajasthan Royals,"Punjab Cricket Association Stadium, Mohali",0,-0.038228438228438244,0.39999999999999997,7.087645687645704,-0.07529137529137575,0.2453723124512246,33.32552631277986,0.375,0.21666666666666673,-1,-1
548355,2012-05-06,2012,Mumbai Indians,Chennai Super Kings,Wankhede Stadium,1,-0.026331904470300094,0.0,-8.891202286180857,0.6748315982853645,-0.3175490010701072,-20.195105857214912,0.5555555555555556,0.02941176470588236,1,-1
548356,2012-05-06,2012,Royal Challengers Bengaluru,Deccan Chargers,M Chinnaswamy Stadium,1,0.10165339865278628,0.19999999999999996,-2.9344764237599463,-0.4384568279240657,0.036400705063342365,88.90883981979778,0.4444444444444444,-0.020000000000000018,1,-1
548357,2012-05-07,2012,Delhi Capitals,Kolkata Knight Riders,Feroz Shah Kotla,0,0.061079545454545414,-0.19999999999999996,6.8622159090909065,0.15056818181818166,0.5775862425962801,-3.2023789380227754,0.5714285714285714,0.0,1,1
548359,2012-05-08,2012,Deccan Chargers,Punjab Kings,"Rajiv Gandhi International Stadium, Uppal",0,-0.09189765458422172,-0.19999999999999996,-2.399360341151379,0.5746268656716422,-0.19968963997033562,-60.726315223213305,0.375,-0.9285714285714286,1,-1
548358,2012-05-08,2012,Pune Warriors India,Rajasthan Royals,Subrata Roy Sahara Stadium,0,-0.21030303030303027,-0.2,-4.411515151515147,0.23030303030303045,-0.385666712617863,-75.65067456924999,0.0,-0.09999999999999998,1,1
548360,2012-05-09,2012,Mumbai Indians,Royal Challengers Bengaluru,Wankhede Stadium,0,0.0714285714285714,0.20000000000000007,0.9638888888888744,-0.12539682539682495,-0.02141768260151622,34.028596475613085,0.5555555555555556,0.05555555555555558,-1,1
548329,2012-05-10,2012,Deccan Chargers,Delhi Capitals,"Rajiv Gandhi International Stadium, Uppal",0,-0.15703174269497583,-0.6000000000000001,3.0161866722724255,0.7897834769812908,-0.2754018515679375,-125.20128749542778,0.4,-0.9333333333333333,1,1
548361,2012-05-10,2012,Rajasthan Royals,Chennai Super Kings,Sawai Mansingh Stadium,0,-0.04601990049751248,0.0,-11.131011608623567,0.6059286898839131,-0.3486945832718913,-61.82290413415262,0.4,0.18181818181818177,-1,1
548362,2012-05-11,2012,Pune Warriors India,Royal Challengers Bengaluru,Subrata Roy Sahara Stadium,0,-0.19915700737618547,-0.6,-6.13013698630138,0.1512118018967339,-0.48817965908319927,-155.0252607585321,0.0,-0.16666666666666669,1,-1
548364,2012-05-12,2012,Chennai Super Kings,Delhi Capitals,"MA Chidambaram Stadium, Chepauk",1,0.0449234488315875,-0.4,8.89705882352942,-0.3329975825946816,0.0028478893499475078,23.621986268274213,0.5,0.011904761904761973,1,-1
548363,2012-05-12,2012,Kolkata Knight Riders,Mumbai Indians,Eden Gardens,0,-0.07107258938244854,0.4,-7.840303358613227,-0.4782231852654384,-0.3058653655676764,16.763271802419922,0.125,-0.05128205128205121,-1,-1
548366,2012-05-13,2012,Punjab Kings,Deccan Chargers,"Punjab Cricket Association Stadium, Mohali",1,0.11029411764705882,0.39999999999999997,2.2475490196078454,-0.5743464052287575,0.1940348714007003,95.35259147205306,0.6666666666666667,0.5238095238095238,-1,-1
548365,2012-05-13,2012,Rajasthan Royals,Pune Warriors India,Sawai Mansingh Stadium,1,0.23311546840958608,0.4,4.6889978213507675,-0.36982570806100235,0.42708196771508256,95.579534411439,1.0,0.6521739130434783,1,1
548367,2012-05-14,2012,Royal Challengers Bengaluru,Mumbai Indians,M Chinnaswamy Stadium,0,-0.05593093093093093,-0.20000000000000007,-1.0540540540540633,0.08333333333333304,0.025956542919431946,-8.104396454538573,0.5,-0.5,-1,1
548368,2012-05-14,2012,Kolkata Knight Riders,Chennai Super Kings,Eden Gardens,0,-0.10974610974610977,0.20000000000000007,-15.496314496314511,0.21457821457821424,-0.6012694450643972,-30.218064507400413,0.375,-0.07407407407407407,-1,1
548369,2012-05-15,2012,Delhi Capitals,Punjab Kings,Feroz Shah Kotla,1,0.043478260869565244,-0.20000000000000007,-6.188405797101467,-0.2608695652173907,0.051745233774379784,24.51744953420507,0.375,-0.18666666666666665,-1,-1
548370,2012-05-16,2012,Mumbai Indians,Kolkata Knight Riders,Wankhede Stadium,0,0.09773052545491717,0.20000000000000007,8.167041504804729,0.41157227560826026,0.32764533783975036,43.031892809300416,0.8888888888888888,0.5263157894736842,1,-1
548372,2012-05-17,2012,Delhi Capitals,Royal Challengers Bengaluru,Feroz Shah Kotla,0,0.036190476190476106,0.0,-0.7838095238095093,-0.35714285714285676,0.20609590647058162,0.6473792404897267,0.625,0.16666666666666669,1,-1
548371,2012-05-17,2012,Punjab Kings,Chennai Super Kings,Himachal Pradesh Cricket Association Stadium,1,-0.11428571428571427,-0.20000000000000007,-2.940952380952382,0.6761904761904765,-0.09746263173585135,-103.74479773545454,0.25,-0.6,1,-1
548373,2012-05-18,2012,Deccan Chargers,Rajasthan Royals,"Rajiv Gandhi International Stadium, Uppal",1,-0.16636887035934095,-0.6,5.161405598570553,0.5535040698828659,0.059263554049956646,-103.87523858315421,0.125,-0.9375,-1,-1
548375,2012-05-19,2012,Pune Warriors India,Kolkata Knight Riders,Subrata Roy Sahara Stadium,0,-0.19957983193277312,-0.6,-0.4453781512605133,0.8781512605042021,-0.2090044234508044,-180.0077906273259,0.0,-0.2142857142857143,-1,-1
548374,2012-05-19,2012,Punjab Kings,Delhi Capitals,Himachal Pradesh Cricket Association Stadium,0,-0.04225352112676051,0.19999999999999996,4.957746478873247,0.22535211267605604,-0.08991967223265185,-18.025515700008782,0.5555555555555556,0.5,-1,1
548376,2012-05-20,2012,Deccan Chargers,Royal Challengers Bengaluru,"Rajiv Gandhi International Stadium, Uppal",1,-0.13477951635846375,-0.6000000000000001,2.0426742532005733,0.4982219061166431,-0.08111416251266856,-150.80548752784125,0.5,-0.38235294117647056,-1,1
548377,2012-05-20,2012,Rajasthan Royals,Mumbai Indians,Sawai Mansingh Stadium,0,-0.03899613899613896,0.0,-2.73050193050193,-0.030888030888030826,-0.058477984358102475,-91.16992230590154,0.5,0.3333333333333333,1,1
548378,2012-05-22,2012,Delhi Capitals,Kolkata Knight Riders,Subrata Roy Sahara Stadium,0,0.04891304347826081,0.0,7.014492753623188,0.17391304347826075,0.5940250070965005,-19.235800762027793,0.5,0.0,-1,-1
548379,2012-05-23,2012,Chennai Super Kings,Mumbai Indians,M Chinnaswamy Stadium,1,0.01877192982456133,0.0,7.041052631578964,-0.5905263157894733,0.2528402115023116,0.9296016910884646,0.4,-0.6666666666666667,-1,1
548380,2012-05-25,2012,Delhi Capitals,Chennai Super Kings,"MA Chidambaram Stadium, Chepauk",0,-0.0631560220601316,-0.4,-8.380893079523219,0.41291585127201547,-0.019891832724114877,-61.92607677882165,0.4444444444444444,-0.18965517241379315,1,-1
548381,2012-05-27,2012,Kolkata Knight Riders,Chennai Super Kings,"MA Chidambaram Stadium, Chepauk",1,-0.10256410256410253,-0.20000000000000007,-15.858241758241746,0.1893772893772896,-0.6307933113946556,-26.7039265154815,0.33333333333333337,-0.44999999999999996,-1,-1
597998,2013-04-03,2013,Kolkata Knight Riders,Delhi Capitals,Eden Gardens,1,-0.019984773505900222,0.4,-5.786067757898763,-0.291968024362391,-0.5414940597166868,76.08157249299393,0.5555555555555556,0.23809523809523808,1,-1
597999,2013-04-04,2013,Royal Challengers Bengaluru,Mumbai Indians,M Chinnaswamy Stadium,1,-0.05929596719070407,0.0,-0.14097744360901743,0.052973342447026006,0.05635433551884805,-22.85086979044513,0.4545454545454546,-0.3185185185185186,-1,1
598000,2013-04-05,2013,Sunrisers Hyderabad,Pune Warriors India,"Rajiv Gandhi International Stadium, Uppal",1,0.22413793103448276,0.5,-141.24137931034483,-6.448275862068965,-7.285940880510385,136.14903388354105,0.5,-0.5,-1,1
598002,2013-04-06,2013,Chennai Super Kings,Mumbai Indians,"MA Chidambaram Stadium, Chepauk",0,0.03649515041920104,0.19999999999999996,8.61022521782013,-0.6559263521288843,0.3308641156831458,43.03822159753554,0.45454545454545453,0.42741935483870963,-1,-1
598001,2013-04-06,2013,Delhi Capitals,Rajasthan Royals,Feroz Shah Kotla,0,-0.0011267605633802358,-0.2,1.256901408450716,-0.11624413145539858,0.29471659141490747,43.315713798043134,0.6,0.48148148148148145,-1,-1
598003,2013-04-07,2013,Pune Warriors India,Punjab Kings,Subrata Roy Sahara Stadium,0,-0.21944444444444444,-0.6,-14.833333333333343,0.6222222222222218,-0.8280869307362764,-139.41991735091233,0.75,0.25,1,1
598005,2013-04-08,2013,Rajasthan Royals,Kolkata Knight Riders,Sawai Mansingh Stadium,1,0.01388888888888895,-0.6,4.680555555555543,0.5,0.23904864128477676,-126.07044535875207,0.4444444444444444,0.3066666666666667,-1,1
598048,2013-04-09,2013,Royal Challengers Bengaluru,Sunrisers Hyderabad,M Chinnaswamy Stadium,1,-0.4871794871794872,-0.4,24.78205128205127,-0.038461538461538325,1.6428263495958548,40.971075199386405,0.5,0.0,-1,-1
598006,2013-04-09,2013,Mumbai Indians,Delhi Capitals,Wankhede Stadium,1,0.05094466936572195,0.2,1.2800269905533241,0.09446693657219996,-0.23744600492395307,72.92193832684643,0.5,0.16666666666666669,1,1
598007,2013-04-10,2013,Punjab Kings,Chennai Super Kings,"Punjab Cricket Association Stadium, Mohali",0,-0.0943493150684932,0.19999999999999996,-5.1678082191780845,0.5904109589041093,-0.1449526825795342,-64.29695182957244,0.33333333333333337,0.045454545454545414,-1,1
598009,2013-04-11,2013,Pune Warriors India,Rajasthan Royals,Subrata Roy Sahara Stadium,1,-0.27618205921343353,-0.6,-9.678745028722915,0.6999558108705264,-0.6675411891466467,-150.64382170117506,0.0,-0.7777777777777778,-1,-1
598008,2013-04-11,2013,Royal Challengers Bengaluru,Kolkata Knight Riders,M Chinnaswamy Stadium,1,0.01213802670365871,-0.20000000000000007,7.4445985781168815,0.41720131784289904,0.38140756170976253,-17.827734686585472,0.5,0.017241379310344862,1,-1
598010,2013-04-12,2013,Delhi Capitals,Sunrisers Hyderabad,Feroz Shah Kotla,0,0.00649350649350644,-0.5,6.279220779220793,-0.14285714285714324,0.9438238597411477,-22.879438441292905,0.5,-0.0357142857142857,1,1
598012,2013-04-13,2013,Chennai Super Kings,Royal Challengers Bengaluru,"MA Chidambaram Stadium, Chepauk",1,0.06759259259259254,-0.20000000000000007,7.987500000000011,-0.640432098765432,0.22693245855056965,0.31720361638895156,0.5833333333333334,0.3229166666666667,1,-1
598011,2013-04-13,2013,Mumbai Indians,Pune Warriors India,Wankhede Stadium,1,0.288370253164557,0.39999999999999997,12.626186708860757,-0.6325158227848098,0.7342822536789049,203.71700031070782,0.75,0.023809523809523836,1,1
598014,2013-04-14,2013,Rajasthan Royals,Punjab Kings,Sawai Mansingh Stadium,1,0.04054054054054046,0.0,-5.554054054054063,-0.013513513513513153,-0.22760824843395966,-16.214105442667233,0.6666666666666667,0.6538461538461539,1,-1
598013,2013-04-14,2013,Kolkata Knight Riders,Sunrisers Hyderabad,Eden Gardens,1,-0.16666666666666663,-0.06666666666666665,9.621621621621614,-0.7927927927927927,0.8125211237453458,55.49473986711655,0.5,0.08620689655172409,1,1
598015,2013-04-15,2013,Chennai Super Kings,Pune Warriors India,"MA Chidambaram Stadium, Chepauk",0,0.32483370288248337,0.39999999999999997,20.024759793052482,-1.3318551367331857,1.025209400354469,235.49347988639943,0.75,0.6666666666666666,-1,-1
598016,2013-04-16,2013,Punjab Kings,Kolkata Knight Riders,"Punjab Cricket Association Stadium, Mohali",1,-0.026666666666666727,-0.19999999999999996,9.360000000000014,0.4800000000000004,0.42412847979541723,-103.10392046788752,0.4444444444444444,-0.14492753623188404,-1,1
598018,2013-04-17,2013,Pune Warriors India,Sunrisers Hyderabad,Maharashtra Cricket Association Stadium,0,-0.20588235294117646,-0.09999999999999998,6.14705882352942,0.02941176470588225,0.4737540008703416,-114.50932050558822,0.0,0.0,1,-1
598019,2013-04-17,2013,Rajasthan Royals,Mumbai Indians,Sawai Mansingh Stadium,1,-0.04166666666666663,0.0,-3.97416666666669,0.044166666666666465,-0.13143170413738936,-86.71420267140365,0.4444444444444444,0.16666666666666663,1,1
598020,2013-04-18,2013,Delhi Capitals,Chennai Super Kings,Feroz Shah Kotla,0,-0.09036144578313254,-0.4,-9.47466790237874,0.6075069508804454,-0.09546201021119138,-111.56389874018123,0.4,-0.2183908045977011,-1,-1
598021,2013-04-19,2013,Sunrisers Hyderabad,Punjab Kings,"Rajiv Gandhi International Stadium, Uppal",1,0.11315789473684207,0.19999999999999996,-22.913157894736855,0.7605263157894733,-1.4497790873166405,13.263304938999681,0.5,0.0,-1,-1
598023,2013-04-20,2013,Royal Challengers Bengaluru,Rajasthan Royals,M Chinnaswamy Stadium,1,-0.020955165692007838,-0.20000000000000007,2.764132553606231,0.00812215724496479,0.16376078790688098,55.35080779109853,0.5555555555555556,-0.1333333333333333,1,-1
598022,2013-04-20,2013,Kolkata Knight Riders,Chennai Super Kings,Eden Gardens,0,-0.09523809523809523,-0.19999999999999996,-14.692982456140328,0.30388471177944876,-0.5881957627248431,-22.20569072837634,0.4,-0.15000000000000002,1,1
598025,2013-04-21,2013,Punjab Kings,Pune Warriors India,"Punjab Cricket Association Stadium, Mohali",1,0.19480519480519481,0.0,14.374025974025983,-0.5506493506493513,0.8400932817639877,107.27394390748691,0.4,0.04166666666666663,1,-1
598024,2013-04-21,2013,Delhi Capitals,Mumbai Indians,Feroz Shah Kotla,1,-0.07423034849195181,-0.6,-2.765900922019057,0.02312861384591347,0.15373101424114832,-109.49541189310207,0.45454545454545453,-0.06666666666666665,-1,-1
598026,2013-04-22,2013,Chennai Super Kings,Rajasthan Royals,"MA Chidambaram Stadium, Chepauk",1,0.06753246753246755,0.20000000000000007,10.492895339954146,-0.6514896867838047,0.37902706066681713,98.8045910475089,0.6363636363636364,0.3970588235294118,-1,-1
598059,2013-04-23,2013,Delhi Capitals,Punjab Kings,Feroz Shah Kotla,0,0.01282051282051283,-0.2,-4.850961538461547,-0.16346153846153832,0.0533406061340127,-22.095287753319553,0.5,-0.04838709677419356,-1,1
598027,2013-04-23,2013,Royal Challengers Bengaluru,Pune Warriors India,M Chinnaswamy Stadium,1,0.24661246612466126,0.4,10.813685636856377,-0.7140921409214087,0.748769492078246,214.7208107915858,1.0,0.5483870967741935,-1,1
598029,2013-04-24,2013,Kolkata Knight Riders,Mumbai Indians,Eden Gardens,0,-0.06746911624960411,-0.39999999999999997,-7.469749762432684,-0.27985429204941425,-0.31682212116719377,6.081738438281491,0.2,-0.16935483870967738,1,1
598030,2013-04-25,2013,Chennai Super Kings,Sunrisers Hyderabad,"MA Chidambaram Stadium, Chepauk",1,-0.06201550387596899,0.20000000000000007,28.82558139534885,-1.2325581395348841,1.581737353485086,83.85665425137017,0.5,0.15714285714285714,-1,-1
598031,2013-04-26,2013,Kolkata Knight Riders,Punjab Kings,Eden Gardens,1,-0.006491398896462219,-0.39999999999999997,-9.036838688737419,-0.4099318403115877,-0.4199215365069593,25.018431833287423,0.5,0.0625,-1,-1
598032,2013-04-27,2013,Rajasthan Royals,Sunrisers Hyderabad,Sawai Mansingh Stadium,1,-0.045787545787545736,-0.19999999999999996,14.344322344322336,-0.531135531135531,1.0143157458571892,-25.190930616256765,0.5,0.1785714285714286,-1,-1
598033,2013-04-27,2013,Mumbai Indians,Royal Challengers Bengaluru,Wankhede Stadium,1,0.03614457831325302,-0.20000000000000007,-0.6987951807228967,0.04819277108433795,-0.12755350244122,-29.670792034964506,0.5,-0.12121212121212122,1,1
598035,2013-04-28,2013,Delhi Capitals,Pune Warriors India,Shaheed Veer Narayan Singh International Stadium,1,0.22355689022355685,0.0,8.495495495495504,-0.7327327327327327,0.842686031259289,98.90588646883043,0.6666666666666666,0.0,-1,1
598034,2013-04-28,2013,Chennai Super Kings,Kolkata Knight Riders,"MA Chidambaram Stadium, Chepauk",1,0.11552451622290122,0.4,14.674523497744786,-0.3305688927688051,0.590599226235633,73.92568939640614,0.6363636363636364,0.2666666666666666,-1,1
598036,2013-04-29,2013,Rajasthan Royals,Royal Challengers Bengaluru,Sawai Mansingh Stadium,1,0.007836045810729275,0.0,-3.544303797468359,0.002863170584689989,-0.19915237931397645,-65.84737538402192,0.4,-0.06034482758620685,1,-1
598037,2013-04-29,2013,Mumbai Indians,Punjab Kings,Wankhede Stadium,1,0.08392857142857141,0.0,-1.0749999999999886,-0.13214285714285712,-0.07621843553475038,79.66139581770426,0.4,0.06521739130434778,1,1
598038,2013-04-30,2013,Pune Warriors India,Chennai Super Kings,Subrata Roy Sahara Stadium,0,-0.35047846889952156,-0.8,-19.227870813397146,1.3139952153110048,-0.9958502533215183,-284.6590316088834,0.4,0.3,-1,-1
598040,2013-05-01,2013,Delhi Capitals,Kolkata Knight Riders,Shaheed Veer Narayan Singh International Stadium,1,0.012500000000000011,0.2,3.8368902439024453,0.3030487804878046,0.4320458672045744,-66.432859235553,0.4,0.5,-1,-1
598039,2013-05-01,2013,Sunrisers Hyderabad,Mumbai Indians,"Rajiv Gandhi International Stadium, Uppal",1,-0.07647058823529407,-0.19999999999999996,-16.883823529411757,0.8911764705882357,-1.0849315582810064,-87.33254961842772,0.5,0.0,-1,-1
598042,2013-05-02,2013,Pune Warriors India,Royal Challengers Bengaluru,Subrata Roy Sahara Stadium,0,-0.2612368024132731,-0.4,-12.47993966817495,0.7683257918552036,-0.8335577886283412,-209.86243179212192,0.0,-0.7272727272727273,-1,-1
598041,2013-05-02,2013,Chennai Super Kings,Punjab Kings,"MA Chidambaram Stadium, Chepauk",1,0.13649604660840614,0.6,6.075599944513812,-0.8605909280066584,0.19960862749860553,155.14258166346008,0.7,0.17567567567567566,1,1
598043,2013-05-03,2013,Kolkata Knight Riders,Rajasthan Royals,Eden Gardens,1,-0.05601851851851852,-0.39999999999999997,-4.182253086419735,-0.2574074074074071,-0.22159178426518533,-5.565818390018194,0.5,0.3257575757575758,-1,-1
598044,2013-05-04,2013,Sunrisers Hyderabad,Delhi Capitals,"Rajiv Gandhi International Stadium, Uppal",1,0.04953145917001345,0.0,-13.607764390896932,0.4899598393574296,-1.153444874348426,30.234570522701233,1.0,0.0,-1,-1
598046,2013-05-05,2013,Mumbai Indians,Chennai Super Kings,Wankhede Stadium,1,-0.0524547803617571,-0.4,-7.667183462532307,0.6372093023255809,-0.3022694261139032,-79.64892998857772,0.5833333333333333,0.18333333333333335,1,1
598047,2013-05-05,2013,Rajasthan Royals,Pune Warriors India,Sawai Mansingh Stadium,1,0.2808641975308642,0.4,8.055555555555543,-0.8231481481481477,0.5914303566978889,171.29469577560963,0.75,0.7,-1,-1
598064,2013-05-06,2013,Punjab Kings,Royal Challengers Bengaluru,"Punjab Cricket Association Stadium, Mohali",1,-0.04764605785592746,-0.19999999999999996,0.8720930232558146,0.25921724333522445,-0.024219205028002122,-86.20247282942523,0.5,-0.10666666666666658,1,-1
598049,2013-05-07,2013,Rajasthan Royals,Delhi Capitals,Sawai Mansingh Stadium,1,0.03658536585365857,0.0,1.3919860627177627,-0.05139372822299659,-0.16850382594998248,42.93976281029245,0.4545454545454546,0.37634408602150543,-1,-1
598050,2013-05-07,2013,Mumbai Indians,Kolkata Knight Riders,Wankhede Stadium,1,0.0869077656293804,0.4,7.400056069526215,0.2788057190916735,0.2979238582148076,52.55508775951921,0.8181818181818181,0.26666666666666666,1,1
598051,2013-05-08,2013,Sunrisers Hyderabad,Chennai Super Kings,"Rajiv Gandhi International Stadium, Uppal",0,-0.015384615384615441,-0.20000000000000007,-29.369230769230768,0.8472527472527469,-1.397163323732971,-97.51781321133149,0.0,0.0,1,-1
598053,2013-05-09,2013,Pune Warriors India,Kolkata Knight Riders,Subrata Roy Sahara Stadium,0,-0.23802527181898325,-0.4,-2.549221275345303,1.007346459006758,-0.32214930186248303,-191.6120447197129,0.0,-0.75,-1,-1
598052,2013-05-09,2013,Punjab Kings,Rajasthan Royals,"Punjab Cricket Association Stadium, Mohali",0,-0.06024096385542166,-0.4,4.951807228915669,0.26506024096385516,0.20670601227991448,-36.491299233606014,0.3,0.07692307692307687,-1,1
598054,2013-05-10,2013,Delhi Capitals,Royal Challengers Bengaluru,Feroz Shah Kotla,0,-0.02312373225152131,0.0,-5.4104124408384,0.08897903989181799,-0.05981554648360721,-81.66772753744863,0.5555555555555556,-0.0625,1,-1
598055,2013-05-11,2013,Pune Warriors India,Mumbai Indians,Subrata Roy Sahara Stadium,0,-0.3414502164502165,-0.8,-11.474025974025949,0.8609307359307365,-0.6928328230849186,-277.138762701034,0.19999999999999996,-0.7692307692307692,1,1
598056,2013-05-11,2013,Punjab Kings,Sunrisers Hyderabad,"Punjab Cricket Association Stadium, Mohali",0,-0.06926406926406925,-0.2,22.971861471861473,-0.22510822510822504,1.2025288306920912,-40.5598015218693,0.0,0.05555555555555558,1,-1
598058,2013-05-12,2013,Rajasthan Royals,Chennai Super Kings,Sawai Mansingh Stadium,1,-0.07194616977225665,0.0,-10.455486542443055,0.5098343685300204,-0.37827903201155433,-96.51969508273964,0.33333333333333337,0.05208333333333337,1,-1
598057,2013-05-12,2013,Kolkata Knight Riders,Royal Challengers Bengaluru,JSCA International Stadium Complex,1,-0.034632034632034625,0.0,-9.338203463203484,-0.15422077922077992,-0.48204379705338063,-25.61900475545258,0.45454545454545453,0.0,1,-1
598060,2013-05-13,2013,Mumbai Indians,Sunrisers Hyderabad,Wankhede Stadium,1,0.000936329588014928,0.20000000000000007,19.14044943820224,-0.5131086142322099,1.0016708573870314,70.07570655688528,0.0,0.11538461538461542,-1,-1
598045,2013-05-14,2013,Royal Challengers Bengaluru,Punjab Kings,M Chinnaswamy Stadium,0,0.046265697290152064,0.2,-0.5160608063449956,-0.2846001321877063,0.027582459788126457,71.0289276562994,0.4545454545454546,0.0625,-1,1
598062,2013-05-14,2013,Chennai Super Kings,Delhi Capitals,"MA Chidambaram Stadium, Chepauk",1,0.12453113278319583,0.19999999999999996,11.257189297324345,-0.6686671667916979,0.19884568550526716,171.67537144183916,0.6363636363636364,0.28421052631578947,1,1
598061,2013-05-15,2013,Kolkata Knight Riders,Pune Warriors India,JSCA International Stadium Complex,0,0.26155950752393986,0.6,3.8224350205198334,-1.1209302325581403,0.3846969851145854,227.72573499400096,1.0,0.5,1,-1
598063,2013-05-15,2013,Mumbai Indians,Rajasthan Royals,Wankhede Stadium,1,0.03594771241830064,0.0,3.047058823529426,0.059477124183006325,0.0641880444110452,53.49224751468205,0.5,-0.03703703703703698,-1,1
598028,2013-05-16,2013,Punjab Kings,Delhi Capitals,Himachal Pradesh Cricket Association Stadium,1,-0.006014434643143551,0.2,5.882117080994391,0.1269713980219196,0.04151165681996272,43.77237262888525,0.5454545454545454,-0.07142857142857145,-1,1
598065,2013-05-17,2013,Sunrisers Hyderabad,Rajasthan Royals,"Rajiv Gandhi International Stadium, Uppal",1,-0.00805008944543828,-0.20000000000000007,-12.988372093023258,0.3327370304114483,-0.7969060266857326,-27.904741986423915,0.0,0.13333333333333341,1,1
598066,2013-05-18,2013,Punjab Kings,Mumbai Indians,Himachal Pradesh Cricket Association Stadium,1,-0.11064797271693821,-0.4,1.78868258178602,0.20980169256031367,0.12502397610729865,-130.7280285515676,0.5454545454545454,0.0,-1,1
598068,2013-05-18,2013,Royal Challengers Bengaluru,Chennai Super Kings,M Chinnaswamy Stadium,1,-0.10591016548463361,-0.19999999999999996,-6.161702127659595,0.5867612293144209,-0.1584128665335367,-109.19871912228814,0.3846153846153846,0.045454545454545414,-1,1
598067,2013-05-19,2013,Pune Warriors India,Delhi Capitals,Subrata Roy Sahara Stadium,1,-0.2272727272727273,0.2,-7.454545454545439,0.7272727272727275,-0.782138126036557,-87.6098473583479,0.25,-0.2857142857142857,1,1
598069,2013-05-19,2013,Sunrisers Hyderabad,Kolkata Knight Riders,"Rajiv Gandhi International Stadium, Uppal",1,0.0830564784053156,0.0,-7.953488372093034,0.6694352159468435,-0.5446305601073416,17.272454110962144,0.0,-0.16666666666666663,-1,-1
598070,2013-05-21,2013,Chennai Super Kings,Mumbai Indians,Feroz Shah Kotla,1,0.023569794050343207,-0.4,6.601716247139592,-0.6372997711670481,0.32495771859930667,1.157147813487427,0.38461538461538464,0.35,1,1
598071,2013-05-22,2013,Rajasthan Royals,Sunrisers Hyderabad,Feroz Shah Kotla,1,-0.05977011494252871,0.0,12.841379310344848,-0.41839080459770095,0.7898391483538321,-18.754481431977183,0.5,-0.75,-1,-1
598072,2013-05-24,2013,Mumbai Indians,Rajasthan Royals,Eden Gardens,1,0.035190615835777206,0.0,3.4397605083089218,0.10838220918866082,0.09337951380390841,43.960818891310055,0.5454545454545454,0.6000000000000001,-1,-1
598073,2013-05-26,2013,Chennai Super Kings,Mumbai Indians,Eden Gardens,0,0.029476950354609954,0.0,6.853280141843982,-0.7269503546099285,0.3346247207527737,17.945109086562525,0.42857142857142855,-0.033333333333333326,-1,-1
729279,2014-04-16,2014,Mumbai Indians,Kolkata Knight Riders,Sheikh Zayed Stadium,0,0.10671506352087107,0.19999999999999996,8.206896551724128,0.29413188142770785,0.3418719516616946,115.68369334260865,0.8333333333333334,0.0,-1,-1
729281,2014-04-17,2014,Delhi Capitals,Royal Challengers Bengaluru,Sharjah Cricket Stadium,0,-0.04457340412396599,-0.4,-4.793678231880477,0.21903938757871355,-0.1262023425662715,-130.14172711955257,0.5,0.0,-1,1
729285,2014-04-18,2014,Sunrisers Hyderabad,Rajasthan Royals,Sheikh Zayed Stadium,0,0.0231741573033708,0.19999999999999996,-13.106741573033702,0.46348314606741603,-0.8118168080401409,0.24878328989757392,0.33333333333333337,0.0,-1,1
729283,2014-04-18,2014,Chennai Super Kings,Punjab Kings,Sheikh Zayed Stadium,0,0.11961105904404867,-0.19999999999999996,4.2736644798500265,-0.8392689784442364,0.17057357561330377,90.27735725050661,0.7272727272727273,0.0,1,1
729287,2014-04-19,2014,Royal Challengers Bengaluru,Mumbai Indians,Dubai International Cricket Stadium,1,-0.061594202898550776,0.19999999999999996,0.9211956521739069,-0.2309782608695654,0.22870224089406133,-53.399536057598425,0.46153846153846156,0.0,1,-1
729289,2014-04-19,2014,Kolkata Knight Riders,Delhi Capitals,Dubai International Cricket Stadium,0,0.021969696969696972,0.6,-3.8441919191919283,-0.31944444444444464,-0.4036771562383521,126.75334171512236,0.5454545454545454,0.0,1,1
729291,2014-04-20,2014,Rajasthan Royals,Punjab Kings,Sharjah Cricket Stadium,0,0.0500624219725343,-0.4,-6.398377028714123,-0.2335830212234704,-0.28088987006919197,14.119812921862831,0.7272727272727273,0.0,-1,1
729293,2014-04-21,2014,Chennai Super Kings,Delhi Capitals,Sheikh Zayed Stadium,1,0.1295133437990581,0.2,10.954474097331229,-0.7511773940345368,0.26503708774045887,169.96225080204954,0.6666666666666666,-0.5,1,1
729295,2014-04-22,2014,Punjab Kings,Sunrisers Hyderabad,Sharjah Cricket Stadium,1,-0.02941176470588236,0.6,19.92483660130719,-0.24640522875816995,1.1283267779666515,31.26215139948681,0.0,0.5,-1,1
729297,2014-04-23,2014,Rajasthan Royals,Chennai Super Kings,Dubai International Cricket Stadium,0,-0.06759906759906764,0.0,-10.278943278943274,0.5680985680985682,-0.42664908615545816,-62.338850973565286,0.3846153846153846,0.0,1,-1
729299,2014-04-24,2014,Royal Challengers Bengaluru,Kolkata Knight Riders,Sharjah Cricket Stadium,0,0.04373565301437715,0.19999999999999996,7.956626797148715,0.059441826748821924,0.5209052915819461,60.17801876218891,0.5,0.5,1,-1
729303,2014-04-25,2014,Chennai Super Kings,Mumbai Indians,Dubai International Cricket Stadium,1,0.03268041237113406,0.19999999999999996,7.700721649484535,-0.749072164948454,0.37459491258853905,25.223515506309923,0.4,1.0,-1,-1
729301,2014-04-25,2014,Sunrisers Hyderabad,Delhi Capitals,Dubai International Cricket Stadium,1,0.03260869565217389,0.2,-12.814009661835769,0.4661835748792269,-1.0084306832034473,96.19881666256924,1.0,-0.5,1,1
729305,2014-04-26,2014,Rajasthan Royals,Royal Challengers Bengaluru,Sheikh Zayed Stadium,1,0.011332099907493065,-0.19999999999999996,-3.4202127659574444,0.1558741905642922,-0.2790888105634526,-25.39255835276299,0.45454545454545453,0.5,1,-1
729307,2014-04-26,2014,Kolkata Knight Riders,Punjab Kings,Sheikh Zayed Stadium,0,-0.016605616605616602,-0.6,-11.370085470085456,-0.3556776556776553,-0.5510661227628582,-42.73040331156949,0.5454545454545454,0.0,1,-1
729309,2014-04-27,2014,Delhi Capitals,Mumbai Indians,Sharjah Cricket Stadium,1,-0.10906298003072196,-0.2,-3.4836515251261915,-0.022602589422866082,0.10701269041889638,-170.50546829719428,0.5,-0.5,-1,-1
729311,2014-04-27,2014,Sunrisers Hyderabad,Chennai Super Kings,Sharjah Cricket Stadium,0,-0.08754559666492967,-0.19999999999999996,-21.683689421573746,0.9598749348619071,-1.1689094897955528,-105.4565302395306,0.0,-0.5,1,1
729313,2014-04-28,2014,Punjab Kings,Royal Challengers Bengaluru,Dubai International Cricket Stadium,1,-0.004919908466819223,0.4,4.129519450800927,0.3059496567505722,0.05617530727531239,46.95598883279331,0.5833333333333334,-0.5,1,-1
729317,2014-04-30,2014,Mumbai Indians,Sunrisers Hyderabad,Dubai International Cricket Stadium,0,0.06565656565656564,0.0,13.389393939393926,-0.12020202020201953,0.7676695049770048,41.1668751842999,0.5,-1.0,1,-1
733971,2014-05-02,2014,Chennai Super Kings,Kolkata Knight Riders,JSCA International Stadium Complex,1,0.13413057530704592,0.4,14.78162034044388,-0.48524024994613235,0.6646635434464301,124.31300621806463,0.6666666666666666,0.0,1,1
733973,2014-05-03,2014,Mumbai Indians,Punjab Kings,Wankhede Stadium,1,0.04387096774193555,-1.0,-4.1290322580645125,-0.020752688172042788,-0.2571608258715621,-59.95380554472854,0.4166666666666667,0.24285714285714288,-1,-1
733975,2014-05-03,2014,Delhi Capitals,Rajasthan Royals,Feroz Shah Kotla,0,-0.06954930221917177,0.0,-0.42461679249598205,0.1297185998627315,0.1622179322484838,-116.90091002931672,0.5,0.024242424242424232,-1,1
733977,2014-05-04,2014,Royal Challengers Bengaluru,Sunrisers Hyderabad,M Chinnaswamy Stadium,1,-0.013392857142857206,0.0,11.830357142857139,-0.3080357142857144,0.8910904991379445,-5.343400740598554,1.0,0.5588235294117647,1,-1
733979,2014-05-05,2014,Rajasthan Royals,Kolkata Knight Riders,"Sardar Patel Stadium, Motera",1,0.06429232192414425,0.19999999999999996,4.391304347826093,0.05920444033302452,0.24403390602872754,48.88543358260222,0.4545454545454546,0.75,-1,1
733981,2014-05-05,2014,Delhi Capitals,Chennai Super Kings,Feroz Shah Kotla,0,-0.15820132856412872,-0.6,-11.074808380173721,0.7515585079202864,-0.28290098304679834,-232.30058575142584,0.3076923076923077,-0.3882352941176471,-1,1
733983,2014-05-06,2014,Mumbai Indians,Royal Challengers Bengaluru,Wankhede Stadium,1,0.04889251811779116,-0.2,0.09533530672655388,0.23792997856486675,-0.18545586286819926,15.304533506450298,0.5,0.15517241379310343,-1,1
733985,2014-05-07,2014,Delhi Capitals,Kolkata Knight Riders,Feroz Shah Kotla,0,-0.014784946236559182,0.0,4.069220430107521,0.196236559139785,0.4008079874427599,-81.62157964139078,0.5,-0.2666666666666666,1,1
733987,2014-05-07,2014,Punjab Kings,Chennai Super Kings,Barabati Stadium,1,-0.11436170212765961,-0.19999999999999996,-3.5609656301145662,0.8557692307692308,-0.1378037311374225,-75.92161296167546,0.33333333333333337,-0.5,-1,1
733989,2014-05-08,2014,Rajasthan Royals,Sunrisers Hyderabad,"Sardar Patel Stadium, Motera",0,0.047368421052631615,0.19999999999999996,8.322488038277527,-0.26650717703349347,0.6286389599313749,52.706848971213276,0.75,0.30000000000000004,1,-1
733991,2014-05-09,2014,Royal Challengers Bengaluru,Punjab Kings,M Chinnaswamy Stadium,0,-0.005585392051557503,-0.6000000000000001,-4.797851772287856,-0.2136412459720729,-0.09733503538381605,-72.698572185677,0.3846153846153846,-0.02857142857142858,1,-1
733995,2014-05-10,2014,Mumbai Indians,Chennai Super Kings,Wankhede Stadium,0,-0.050420168067226934,-0.4,-7.5560224089635994,0.818207282913165,-0.38388079336021885,-68.18308834426125,0.5625,0.3333333333333333,-1,1
733993,2014-05-10,2014,Delhi Capitals,Sunrisers Hyderabad,Feroz Shah Kotla,0,-0.06813088301210218,-0.39999999999999997,8.327207530255492,-0.2666965486328996,0.8035877366373985,-132.40447540303103,0.0,-0.1111111111111111,-1,1
733999,2014-05-11,2014,Royal Challengers Bengaluru,Rajasthan Royals,M Chinnaswamy Stadium,0,-0.03661616161616155,-0.39999999999999997,3.664141414141426,-0.024936868686869396,0.2680903975708224,-36.57670468700985,0.5,0.05555555555555558,1,1
733997,2014-05-11,2014,Punjab Kings,Kolkata Knight Riders,Barabati Stadium,0,0.0421099290780142,0.4,12.531914893617028,0.31914893617021267,0.5870391239093316,105.82878524430907,0.5,-0.5,-1,1
734001,2014-05-12,2014,Sunrisers Hyderabad,Mumbai Indians,"Rajiv Gandhi International Stadium, Uppal",0,-0.021440129449838197,0.19999999999999996,-15.925566343042078,0.02912621359223344,-0.5867260720986138,-15.86521775801748,0.6666666666666667,0.19047619047619047,1,1
734005,2014-05-13,2014,Royal Challengers Bengaluru,Delhi Capitals,M Chinnaswamy Stadium,1,0.05102040816326531,0.0,3.871428571428595,-0.12836734693877538,0.10856227390072526,110.13665873944001,0.5454545454545454,-0.12612612612612606,-1,1
734003,2014-05-13,2014,Chennai Super Kings,Rajasthan Royals,JSCA International Stadium Complex,1,0.0762497568566427,0.0,10.907897296245864,-0.6540556312001558,0.4499615864306996,86.16349129127798,0.6428571428571429,0.5,-1,-1
734009,2014-05-14,2014,Kolkata Knight Riders,Mumbai Indians,Barabati Stadium,1,-0.08309716599190281,-0.19999999999999996,-7.641497975708518,-0.3107287449392713,-0.29544586396097205,-47.99699060130479,0.23076923076923078,0.5,1,-1
734007,2014-05-14,2014,Sunrisers Hyderabad,Punjab Kings,"Rajiv Gandhi International Stadium, Uppal",0,0.004536082474226877,0.0,-19.902680412371126,-0.14061855670103096,-0.8466786674164286,-63.46256079327077,0.6666666666666667,0.0,-1,1
734011,2014-05-15,2014,Rajasthan Royals,Delhi Capitals,"Sardar Patel Stadium, Motera",1,0.09637188208616787,0.6,0.0423623995052651,-0.09255823541537822,-0.15933597889225481,172.61037685896235,0.5384615384615384,-0.33333333333333337,-1,1
734013,2014-05-18,2014,Chennai Super Kings,Royal Challengers Bengaluru,JSCA International Stadium Complex,0,0.12121772924956042,0.4,6.870731933006368,-0.6133987230498752,0.1731069034752668,150.54984213272542,0.5714285714285714,1.0,1,1
734015,2014-05-18,2014,Sunrisers Hyderabad,Kolkata Knight Riders,"Rajiv Gandhi International Stadium, Uppal",0,0.010416666666666685,-0.19999999999999996,-4.856570512820497,0.23157051282051277,-0.1616605905145274,-25.848551465693845,0.5,0.0,1,1
734019,2014-05-19,2014,Delhi Capitals,Punjab Kings,Feroz Shah Kotla,0,-0.08040816326530614,-0.6,-8.919591836734696,-0.040000000000000036,-0.2363768515597684,-231.43609765474912,0.4166666666666667,-0.22162162162162158,-1,1
734017,2014-05-19,2014,Rajasthan Royals,Mumbai Indians,"Sardar Patel Stadium, Motera",0,-0.016450216450216493,0.0,-2.844155844155864,-0.09494949494949534,-0.04659285733389229,5.701667479843991,0.41666666666666663,0.2142857142857143,-1,-1
734023,2014-05-20,2014,Kolkata Knight Riders,Chennai Super Kings,Eden Gardens,1,-0.12552500954562806,0.20000000000000007,-14.783886979763253,0.4394807178312332,-0.6547179840706763,-85.3395030766626,0.3076923076923077,-0.07843137254901955,1,-1
734021,2014-05-20,2014,Sunrisers Hyderabad,Royal Challengers Bengaluru,"Rajiv Gandhi International Stadium, Uppal",1,-0.02832244008714596,0.0,-12.779956427015236,0.16122004357298447,-0.6566727004583237,-30.653074168154717,0.0,0.26666666666666666,-1,-1
734025,2014-05-21,2014,Punjab Kings,Mumbai Indians,"Punjab Cricket Association Stadium, Mohali",0,-0.040785210596531285,0.20000000000000007,5.2398513436249345,0.09433962264150964,0.30864606293913877,39.333058714234994,0.5384615384615384,0.2857142857142857,-1,1
734029,2014-05-22,2014,Chennai Super Kings,Sunrisers Hyderabad,JSCA International Stadium Complex,0,0.11467889908256879,0.0,18.734927916120597,-0.6838138925294883,0.7932408317170232,104.02819198799693,1.0,0.16666666666666663,-1,1
734027,2014-05-22,2014,Kolkata Knight Riders,Royal Challengers Bengaluru,Eden Gardens,1,-0.004854368932038833,0.6,-7.963443629879151,-0.21596988309887077,-0.4734001102725829,57.89967095040879,0.5384615384615384,0.35,-1,1
734033,2014-05-23,2014,Punjab Kings,Rajasthan Royals,"Punjab Cricket Association Stadium, Mohali",1,-0.020000000000000018,0.19999999999999996,8.280000000000001,0.15999999999999925,0.36293445520547607,47.432741652482036,0.3333333333333333,-0.08275862068965512,-1,1
734031,2014-05-23,2014,Mumbai Indians,Delhi Capitals,Wankhede Stadium,1,0.13444989358748954,0.6,3.670028685111504,-0.09179235680577413,-0.06799229615638236,221.3211793971052,0.46153846153846156,0.3951612903225806,-1,1
734035,2014-05-24,2014,Royal Challengers Bengaluru,Chennai Super Kings,M Chinnaswamy Stadium,0,-0.10909090909090913,0.0,-6.768706293706288,0.6414335664335669,-0.17279518462547472,-99.17653974125687,0.4666666666666667,0.15263157894736845,-1,1
734037,2014-05-24,2014,Kolkata Knight Riders,Sunrisers Hyderabad,Eden Gardens,1,-0.012190874259839779,0.6,2.9425287356321803,-0.22326715430163713,0.10108310680339194,49.07426105395916,0.6666666666666666,0.6111111111111112,1,-1
734041,2014-05-25,2014,Mumbai Indians,Rajasthan Royals,Wankhede Stadium,1,0.039420608727539386,0.4,3.1724422442244418,0.03547854785478588,0.06861349736509048,61.003389013592596,0.6153846153846154,0.15625,1,-1
734039,2014-05-25,2014,Punjab Kings,Delhi Capitals,"Punjab Cricket Association Stadium, Mohali",1,0.09337992622791691,0.6,8.953601242477191,0.04901960784313708,0.2403048438197466,246.79423644228154,0.6153846153846154,0.033333333333333326,1,-1
734043,2014-05-27,2014,Punjab Kings,Kolkata Knight Riders,Eden Gardens,0,0.01941176470588235,-0.19999999999999996,12.062156862745098,0.4305882352941177,0.5459325839527303,12.651997300908533,0.46153846153846156,-0.22162162162162158,1,-1
734045,2014-05-28,2014,Chennai Super Kings,Mumbai Indians,Brabourne Stadium,1,0.03463096123646581,-0.4,6.540953797834533,-0.818166790643855,0.3045094885186348,7.316785278629368,0.47058823529411764,-0.33333333333333337,1,-1
734047,2014-05-30,2014,Chennai Super Kings,Punjab Kings,Wankhede Stadium,0,0.09179958391123444,-0.19999999999999996,2.49003120665742,-0.9188626907073507,0.07596462842701257,31.744264374009845,0.6153846153846154,0.09523809523809523,1,-1
734049,2014-06-01,2014,Kolkata Knight Riders,Punjab Kings,M Chinnaswamy Stadium,1,-0.01399466869763899,0.4,-12.336252856054841,-0.426028179741051,-0.5570473421375759,2.0732722378145354,0.5714285714285714,-0.2666666666666666,1,-1
829705,2015-04-08,2015,Kolkata Knight Riders,Mumbai Indians,Eden Gardens,1,-0.05311942959001781,0.19999999999999996,-7.114616755793207,-0.34884135472370836,-0.26864969241712533,38.291304286707145,0.2857142857142857,-0.22556390977443608,1,-1
829707,2015-04-09,2015,Chennai Super Kings,Delhi Capitals,"MA Chidambaram Stadium, Chepauk",1,0.18343500300713117,0.4,11.55838130423578,-0.9017956869146833,0.3385411088908281,258.2992734995364,0.7142857142857143,0.358974358974359,-1,1
829709,2015-04-10,2015,Punjab Kings,Rajasthan Royals,Maharashtra Cricket Association Stadium,0,-0.0056022408963585235,0.39999999999999997,8.438935574229674,0.10868347338935624,0.38822122244211776,77.50229878082132,0.38461538461538464,0.0,1,-1
829711,2015-04-11,2015,Chennai Super Kings,Sunrisers Hyderabad,"MA Chidambaram Stadium, Chepauk",1,0.11403508771929827,0.19999999999999996,17.13157894736841,-0.6947368421052627,0.7384442961576845,92.88003753045564,0.75,0.7,1,1
829713,2015-04-11,2015,Kolkata Knight Riders,Royal Challengers Bengaluru,Eden Gardens,0,0.02903374942209891,0.6,-6.470735090152573,-0.20850670365233448,-0.3681972867268568,150.48206264871328,0.5714285714285714,0.44102564102564107,-1,1
829715,2015-04-12,2015,Delhi Capitals,Rajasthan Royals,Feroz Shah Kotla,0,-0.11090365944734876,-0.4,-1.427184466019412,0.14544436146377926,0.08808826306230877,-190.6989329184214,0.42857142857142855,-0.13157894736842107,-1,1
829717,2015-04-12,2015,Mumbai Indians,Punjab Kings,Wankhede Stadium,0,0.04869964303926566,0.19999999999999996,-4.735934047254801,-0.08966513683494881,-0.26190838508310854,-1.4589168562106352,0.5,0.23809523809523808,1,-1
829719,2015-04-13,2015,Royal Challengers Bengaluru,Sunrisers Hyderabad,M Chinnaswamy Stadium,0,0.016129032258064502,0.0,9.477175897748026,-0.03286670724284857,0.5252725093849557,0.394541288280152,0.6666666666666666,0.5384615384615384,-1,1
829721,2015-04-14,2015,Rajasthan Royals,Mumbai Indians,"Sardar Patel Stadium, Motera",1,-0.024038461538461564,0.0,-3.078296703296701,-0.026098901098900562,-0.09626337643911143,-17.01827128031232,0.3571428571428571,-0.375,-1,-1
829725,2015-04-15,2015,Punjab Kings,Delhi Capitals,Maharashtra Cricket Association Stadium,0,0.1043168669336893,0.4,9.376769025367139,-0.009167779261237463,0.2779768506027551,254.05983698964656,0.6428571428571428,-0.5,1,1
829727,2015-04-16,2015,Sunrisers Hyderabad,Rajasthan Royals,Dr. Y.S. Rajasekhara Reddy ACA-VDCA Cricket Stadium,0,-0.042857142857142816,0.0,-5.986309523809524,-0.16964285714285676,-0.23877862561116903,-33.52123749553334,0.4,0.0,-1,1
829729,2015-04-17,2015,Mumbai Indians,Chennai Super Kings,Wankhede Stadium,0,-0.05986918045402079,-0.6000000000000001,-6.939899961523679,0.8070026933435939,-0.330894904066783,-80.95763043606439,0.5,0.2720588235294118,1,1
829733,2015-04-18,2015,Punjab Kings,Kolkata Knight Riders,Maharashtra Cricket Association Stadium,0,-0.0007122507122507837,-0.4,11.700498575498585,0.433048433048433,0.5151737499224591,-51.84082785635337,0.4,-0.5,-1,1
829731,2015-04-18,2015,Sunrisers Hyderabad,Delhi Capitals,Dr. Y.S. Rajasekhara Reddy ACA-VDCA Cricket Stadium,0,0.06032018296169239,0.2,-5.11349342481418,-0.31446540880503093,-0.3614995224791393,150.00691044083146,1.0,-0.5,-1,-1
829737,2015-04-19,2015,Royal Challengers Bengaluru,Mumbai Indians,M Chinnaswamy Stadium,0,-0.057304476143630156,0.2,-0.5837842269224325,-0.099196589604853,0.11296288491373918,-37.14404081529483,0.4666666666666667,-0.1416666666666666,1,-1
829735,2015-04-19,2015,Rajasthan Royals,Chennai Super Kings,"Sardar Patel Stadium, Motera",1,-0.0735198438516591,0.0,-10.401268705270013,0.7534157449577101,-0.4608864609954191,-64.5170468712904,0.33333333333333337,0.6666666666666666,-1,-1
829739,2015-04-20,2015,Delhi Capitals,Kolkata Knight Riders,Feroz Shah Kotla,0,-0.09390298175344908,-0.4,2.500756564307977,0.4007120605251453,0.23461175389921163,-248.86242415370498,0.46153846153846156,-0.391025641025641,-1,1
829745,2015-04-22,2015,Royal Challengers Bengaluru,Chennai Super Kings,M Chinnaswamy Stadium,0,-0.12464387464387466,-0.39999999999999997,-7.120370370370381,0.7471509971509978,-0.21576419673653113,-136.88365689593547,0.4375,0.012195121951219523,1,-1
829743,2015-04-22,2015,Sunrisers Hyderabad,Kolkata Knight Riders,Dr. Y.S. Rajasekhara Reddy ACA-VDCA Cricket Stadium,1,-0.05771365149833518,-0.6000000000000001,-2.2169811320754604,0.18812430632630406,-0.11747713766029566,-146.84008155065635,0.25,-0.5,-1,1
829747,2015-04-23,2015,Delhi Capitals,Mumbai Indians,Feroz Shah Kotla,1,-0.13059581320450886,0.2,-5.0191626409017545,0.05974235104669923,-0.041180048998761265,-169.15028619434202,0.5,0.016666666666666663,-1,1
829749,2015-04-24,2015,Rajasthan Royals,Royal Challengers Bengaluru,"Sardar Patel Stadium, Motera",0,0.06516333704878668,0.8,-3.1869158878504606,-0.04029837949069748,-0.2305899061467036,117.25246758979983,0.5384615384615384,0.19999999999999996,-1,1
829751,2015-04-25,2015,Mumbai Indians,Sunrisers Hyderabad,Wankhede Stadium,1,0.06600985221674877,-0.2,8.783990147783243,0.26256157635467936,0.34636572115332154,12.80299048654797,0.5,0.6285714285714286,1,1
829753,2015-04-25,2015,Chennai Super Kings,Punjab Kings,"MA Chidambaram Stadium, Chepauk",1,0.1048825999067019,0.6000000000000001,2.5266677033120857,-0.9166537085989743,0.0976878574528417,74.21724574828772,0.5714285714285714,0.37398373983739835,1,1
829757,2015-04-26,2015,Delhi Capitals,Royal Challengers Bengaluru,Feroz Shah Kotla,0,-0.05971643035863217,0.19999999999999996,-3.763052543786472,0.16330275229357838,-0.1302430225593625,-93.92583503059973,0.4166666666666667,-0.23414634146341462,-1,1
829759,2015-04-27,2015,Punjab Kings,Sunrisers Hyderabad,"Punjab Cricket Association Stadium, Mohali",0,0.03686868686868683,-0.2,12.49646464646463,0.29545454545454586,0.5687763943418158,45.27822843407557,0.5,-0.4516129032258065,1,-1
829765,2015-04-28,2015,Chennai Super Kings,Kolkata Knight Riders,"MA Chidambaram Stadium, Chepauk",1,0.09848425351448997,0.20000000000000007,14.760229325375008,-0.44867666692845365,0.5976570081569967,23.86974556620521,0.6428571428571429,0.380952380952381,-1,1
829723,2015-04-30,2015,Kolkata Knight Riders,Chennai Super Kings,Eden Gardens,1,-0.10648148148148151,-0.4,-14.666666666666686,0.4731481481481481,-0.5945428018460257,-51.81190274592768,0.33333333333333337,0.0535714285714286,1,-1
829767,2015-05-01,2015,Delhi Capitals,Punjab Kings,Feroz Shah Kotla,1,-0.07723177723177721,0.39999999999999997,-8.373218673218673,-0.07207207207207222,-0.23494097340431352,-137.72360600053844,0.4,-0.3095238095238095,1,-1
829769,2015-05-01,2015,Mumbai Indians,Rajasthan Royals,Wankhede Stadium,1,0.0092592592592593,-0.4,4.096866096866108,0.1324786324786329,0.13770163769346588,-31.375219123547822,0.6,0.23888888888888882,-1,1
829771,2015-05-02,2015,Royal Challengers Bengaluru,Kolkata Knight Riders,M Chinnaswamy Stadium,1,-0.02744028432101825,-0.19999999999999996,6.461608397388204,0.20646334407802325,0.3780439510586744,-115.9440216268647,0.4666666666666667,0.0,1,-1
829773,2015-05-02,2015,Sunrisers Hyderabad,Chennai Super Kings,"Rajiv Gandhi International Stadium, Uppal",1,-0.13334822425731518,-0.19999999999999996,-15.53406298860844,0.6327898146079969,-0.6977429156353949,-122.9895581940907,0.19999999999999996,-0.36363636363636365,-1,1
829777,2015-05-03,2015,Rajasthan Royals,Delhi Capitals,Brabourne Stadium,1,0.10885197123729229,0.0,1.592776262501019,-0.11091825770724828,-0.08546427459664763,145.4585356263251,0.6,0.0,-1,1
829775,2015-05-03,2015,Punjab Kings,Mumbai Indians,"Punjab Cricket Association Stadium, Mohali",0,-0.05932203389830504,-0.6,2.58973970944308,0.13165859564164695,0.1549809316649151,-50.36746831103187,0.5333333333333333,0.13124999999999998,-1,-1
829779,2015-05-04,2015,Chennai Super Kings,Royal Challengers Bengaluru,"MA Chidambaram Stadium, Chepauk",1,0.11475409836065575,0.0,8.441891100702577,-0.5920667447306789,0.17626759604380204,93.38851847467072,0.5882352941176471,0.4352159468438538,1,1
829781,2015-05-04,2015,Kolkata Knight Riders,Sunrisers Hyderabad,Eden Gardens,1,0.018181818181818188,-0.19999999999999996,-0.5153110047846781,-0.2622009569377992,0.08930036267321473,65.69210510310108,0.6,0.6341463414634146,-1,1
829783,2015-05-05,2015,Mumbai Indians,Delhi Capitals,Wankhede Stadium,1,0.13445378151260506,0.4,5.615021008403346,-0.031512605042016695,0.051536452521957266,168.6886419719258,0.4666666666666667,0.4486486486486487,-1,-1
829785,2015-05-06,2015,Royal Challengers Bengaluru,Punjab Kings,M Chinnaswamy Stadium,1,0.0,0.6,-4.769911504424783,-0.33628318584070804,-0.023258189666258033,20.542863350737434,0.3571428571428571,-0.05980066445182719,-1,1
829761,2015-05-07,2015,Kolkata Knight Riders,Delhi Capitals,Eden Gardens,1,0.09774376146057562,0.0,-2.818464482181298,-0.424061229370964,-0.18469844218565967,220.97108235036694,0.5714285714285714,0.3928571428571429,1,1
829787,2015-05-07,2015,Rajasthan Royals,Sunrisers Hyderabad,Brabourne Stadium,0,0.058275058275058245,0.0,4.536596736596721,-0.06270396270396184,0.23128266162140498,40.93991458432561,0.6666666666666666,0.0,1,-1
829789,2015-05-08,2015,Chennai Super Kings,Mumbai Indians,"MA Chidambaram Stadium, Chepauk",0,0.051219512195122,-0.20000000000000007,6.199593495934948,-0.7623983739837392,0.30667870547040454,51.76757660039834,0.5263157894736842,0.32727272727272727,1,1
829793,2015-05-09,2015,Delhi Capitals,Sunrisers Hyderabad,Shaheed Veer Narayan Singh International Stadium,0,-0.07894736842105265,-0.39999999999999997,1.5578947368421154,0.1399122807017541,0.24562806128584658,-154.21142158706607,0.2,0.5,-1,-1
829791,2015-05-09,2015,Kolkata Knight Riders,Punjab Kings,Eden Gardens,1,0.03555764411027573,0.6,-9.947681704260646,-0.5780075187969924,-0.360920145235494,140.7724233027559,0.625,0.31782945736434115,-1,-1
829797,2015-05-10,2015,Chennai Super Kings,Rajasthan Royals,"MA Chidambaram Stadium, Chepauk",1,0.07236268526591105,0.0,9.681996512641689,-0.6585294972391749,0.4154566392667256,64.65272484837874,0.625,0.5111111111111111,1,1
829795,2015-05-10,2015,Mumbai Indians,Royal Challengers Bengaluru,Wankhede Stadium,0,0.07024793388429751,0.19999999999999996,1.7778019428737082,0.17224880382775165,-0.14766784533922994,66.85034635397346,0.5625,0.2578947368421053,-1,-1
829799,2015-05-11,2015,Sunrisers Hyderabad,Punjab Kings,"Rajiv Gandhi International Stadium, Uppal",1,0.02523860021208907,0.8,-8.677412513255547,-0.3412513255567342,-0.42700507388381137,78.85991338731196,0.6,-0.13333333333333341,1,1
829801,2015-05-12,2015,Delhi Capitals,Chennai Super Kings,Shaheed Veer Narayan Singh International Stadium,1,-0.19860869565217393,-0.2,-11.57356521739132,0.7878260869565219,-0.35433223208422593,-247.27325624636183,0.2666666666666667,0.16666666666666663,-1,-1
829803,2015-05-13,2015,Punjab Kings,Royal Challengers Bengaluru,"Punjab Cricket Association Stadium, Mohali",1,-0.021589205397301303,-0.8,3.2402548725637246,0.4336581709145424,-0.03449018076663002,-87.5092793054805,0.6,0.015151515151515138,-1,1
829805,2015-05-14,2015,Mumbai Indians,Kolkata Knight Riders,Wankhede Stadium,1,0.034600319164369564,0.0,8.214202814449465,0.33396199042506947,0.23422101339641177,-52.23649666250685,0.6666666666666667,0.3910256410256411,-1,1
829807,2015-05-15,2015,Sunrisers Hyderabad,Royal Challengers Bengaluru,"Rajiv Gandhi International Stadium, Uppal",0,0.023809523809523836,0.20000000000000007,-4.153530377668318,0.06362889983579656,-0.43410107462229686,33.35605943105202,0.5,0.4423076923076923,1,1
829811,2015-05-16,2015,Rajasthan Royals,Kolkata Knight Riders,Brabourne Stadium,1,0.009398496240601517,-0.39999999999999997,4.106986215538825,0.25172305764411007,0.09523038891141145,-76.70987093897293,0.5,0.3333333333333333,1,1
829809,2015-05-16,2015,Punjab Kings,Chennai Super Kings,"Punjab Cricket Association Stadium, Mohali",0,-0.12393162393162399,-0.2,-4.036019536019552,0.9615384615384617,-0.11379359481437845,-123.20307058468757,0.4,-0.13725490196078427,1,1
829815,2015-05-17,2015,Sunrisers Hyderabad,Mumbai Indians,"Rajiv Gandhi International Stadium, Uppal",0,-0.05747778408016635,-0.20000000000000007,-6.5968992248061795,-0.2047646057855923,-0.16679200074778677,-50.16640023989817,0.4,-0.1071428571428571,1,1
829817,2015-05-19,2015,Chennai Super Kings,Mumbai Indians,Wankhede Stadium,0,0.04159258318516634,-0.20000000000000007,5.432943865887722,-0.7132969265938538,0.25588512512294237,3.051452998134664,0.5,-0.2055555555555556,-1,-1
829819,2015-05-20,2015,Royal Challengers Bengaluru,Rajasthan Royals,Maharashtra Cricket Association Stadium,1,-0.035549504576053215,0.19999999999999996,0.913622267604552,-0.16579683836321024,0.3339517653388109,-9.95997375934894,0.5,-0.5,1,1
829821,2015-05-22,2015,Chennai Super Kings,Royal Challengers Bengaluru,JSCA International Stadium Complex,1,0.10090042372881358,-0.4,7.6110963983050794,-0.48199152542372925,0.039615814880271216,35.98997794720276,0.6111111111111112,0.0,1,-1
829823,2015-05-24,2015,Mumbai Indians,Chennai Super Kings,Eden Gardens,1,-0.03640310077519382,0.20000000000000007,-5.035658914728685,0.6624496124031003,-0.2378258946340175,13.76030220289772,0.5238095238095238,0.25,-1,1
980901,2016-04-09,2016,Mumbai Indians,Rising Pune Supergiant,Wankhede Stadium,0,0.07936507936507942,0.30000000000000004,154.97619047619048,5.857142857142857,8.037354186443652,128.3378970590552,0.5,0.1585365853658537,1,1
980903,2016-04-10,2016,Kolkata Knight Riders,Delhi Capitals,Eden Gardens,1,0.0993253373313343,0.39999999999999997,-1.6131934032983395,-0.3049475262368819,-0.13708898595694574,192.4141477353403,0.6,0.45909090909090905,1,-1
980905,2016-04-11,2016,Punjab Kings,Gujarat Lions,"Punjab Cricket Association IS Bindra Stadium, Mohali",0,-0.01694915254237289,-0.3,155.72033898305085,6.135593220338983,8.140628735935996,-41.13804335797454,0.5,0.0,-1,1
980907,2016-04-12,2016,Royal Challengers Bengaluru,Sunrisers Hyderabad,M Chinnaswamy Stadium,1,0.004201680672268893,0.0,4.794499618029022,-0.1063789152024448,0.4260344073164237,14.342554485383062,0.6,0.1893939393939394,-1,1
980909,2016-04-13,2016,Kolkata Knight Riders,Mumbai Indians,Eden Gardens,0,-0.04894108064078195,-0.20000000000000007,-8.251764865598716,-0.2878088514797721,-0.2393559680988524,-15.135129100960512,0.3125,-0.11111111111111116,-1,1
980911,2016-04-14,2016,Gujarat Lions,Rising Pune Supergiant,Saurashtra Cricket Association Stadium,1,0.0,0.0,36.0,4.0,0.5789022298456246,-7.069638539248217,0.5,0.0,-1,-1
980913,2016-04-15,2016,Delhi Capitals,Punjab Kings,Feroz Shah Kotla,1,-0.06018817783523667,0.0,-7.713423831070884,-0.16864181570063952,-0.2338578834846894,-60.04181203087387,0.4375,-0.19933554817275745,1,-1
980917,2016-04-16,2016,Mumbai Indians,Gujarat Lions,Wankhede Stadium,0,-0.421875,-0.19999999999999996,-8.03125,1.859375,-1.1047946288698345,93.84569355286817,0.5,0.1428571428571429,-1,1
980915,2016-04-16,2016,Sunrisers Hyderabad,Kolkata Knight Riders,"Rajiv Gandhi International Stadium, Uppal",0,-0.03247863247863253,0.0,1.241025641025658,0.21880341880341891,0.024985150244761556,-69.99971579516,0.33333333333333337,-0.15000000000000002,1,1
980921,2016-04-17,2016,Royal Challengers Bengaluru,Delhi Capitals,M Chinnaswamy Stadium,0,0.08460451977401129,0.19999999999999996,4.937429378531078,-0.25720338983050883,0.33385182369302235,148.50440111466014,0.6153846153846154,0.033333333333333326,-1,1
980919,2016-04-17,2016,Punjab Kings,Rising Pune Supergiant,"Punjab Cricket Association IS Bindra Stadium, Mohali",1,-0.025000000000000022,-0.3,10.89166666666668,3.158333333333333,-0.2521696217841516,-76.93357912442661,0.5,-0.5,-1,-1
980923,2016-04-18,2016,Sunrisers Hyderabad,Mumbai Indians,"Rajiv Gandhi International Stadium, Uppal",1,-0.09538254128749579,-0.39999999999999997,-6.962925513987187,-0.04988203572632255,-0.22373544657879485,-106.89100423497052,0.33333333333333337,-0.23750000000000004,1,-1
980925,2016-04-19,2016,Punjab Kings,Kolkata Knight Riders,"Punjab Cricket Association IS Bindra Stadium, Mohali",0,-0.04608488583835274,0.0,8.575290656954763,0.5896484101414767,0.3217594800855297,-144.24076966609437,0.3529411764705882,0.0,-1,1
980927,2016-04-20,2016,Mumbai Indians,Royal Challengers Bengaluru,Wankhede Stadium,1,0.06509853782581054,-0.19999999999999996,1.7686586141131784,0.20750158931977136,-0.23293509330009243,53.34108235862436,0.5294117647058824,0.12790697674418605,1,-1
980929,2016-04-21,2016,Gujarat Lions,Sunrisers Hyderabad,Saurashtra Cricket Association Stadium,0,0.5106382978723405,0.8,9.815602836879435,-0.7659574468085104,0.7283487328574747,31.48255384241702,0.5,0.5,-1,1
980931,2016-04-22,2016,Rising Pune Supergiant,Royal Challengers Bengaluru,Maharashtra Cricket Association Stadium,0,-0.16666666666666669,-0.06666666666666671,-6.147540983606547,-1.3469945355191264,-0.14296660723648635,-31.168107199137694,0.5,-0.5,1,-1
980935,2016-04-23,2016,Sunrisers Hyderabad,Punjab Kings,"Rajiv Gandhi International Stadium, Uppal",1,0.024590163934426257,0.2,-7.604508196721298,-0.5099043715846996,-0.26405028022791033,95.1422469320828,0.6666666666666667,-0.07843137254901955,1,-1
980933,2016-04-23,2016,Delhi Capitals,Mumbai Indians,Feroz Shah Kotla,1,-0.14394765539803706,0.19999999999999996,-6.7747129386105485,0.044967605362756125,-0.10528723125966444,-172.46534950970045,0.5,0.10064935064935066,-1,1
980939,2016-04-24,2016,Rising Pune Supergiant,Kolkata Knight Riders,Maharashtra Cricket Association Stadium,0,-0.27941176470588236,-0.35,6.502100840336141,-0.28781512605042003,0.43455667795441766,-126.6089906573875,0.5,-1.0,-1,1
980937,2016-04-24,2016,Gujarat Lions,Royal Challengers Bengaluru,Saurashtra Cricket Association Stadium,1,0.24593495934959353,0.35,-1.4065040650406502,0.09146341463414664,-0.16944876151718447,-0.41670507511685173,0.5,0.0,-1,-1
980941,2016-04-25,2016,Punjab Kings,Mumbai Indians,"Punjab Cricket Association IS Bindra Stadium, Mohali",0,-0.09663710273466375,-0.2,0.23614190687359837,0.2832594235033259,0.0707241325231891,-148.54653362708473,0.5,-0.16666666666666669,1,-1
980943,2016-04-26,2016,Sunrisers Hyderabad,Rising Pune Supergiant,"Rajiv Gandhi International Stadium, Uppal",0,0.31020408163265306,0.39999999999999997,-7.008163265306109,0.43265306122448965,-0.33631245901936424,80.05145791788095,0.5,0.11111111111111116,-1,1
980945,2016-04-27,2016,Delhi Capitals,Gujarat Lions,Feroz Shah Kotla,0,-0.3666666666666667,0.0,-9.741666666666674,0.49166666666666625,-0.4129274376430203,-100.06434338735062,0.5,-0.09999999999999998,1,-1
980947,2016-04-28,2016,Mumbai Indians,Kolkata Knight Riders,Wankhede Stadium,1,0.03809523809523807,-0.4,8.275375939849624,0.31384711779448615,0.23619687950475132,-25.713694246396926,0.7058823529411764,0.43636363636363634,1,-1
980949,2016-04-29,2016,Rising Pune Supergiant,Gujarat Lions,Maharashtra Cricket Association Stadium,0,-0.5,-0.6000000000000001,-15.833333333333343,-0.666666666666667,-0.1379820214725882,-75.2482082916722,0.0,-0.5,-1,1
980953,2016-04-30,2016,Sunrisers Hyderabad,Royal Challengers Bengaluru,"Rajiv Gandhi International Stadium, Uppal",1,0.0,0.19999999999999996,-6.6209677419354875,0.0509677419354837,-0.4577774025892438,8.425591136384355,0.33333333333333337,0.17894736842105263,-1,1
980951,2016-04-30,2016,Delhi Capitals,Kolkata Knight Riders,Feroz Shah Kotla,1,-0.09917355371900827,0.0,1.3471074380165362,0.330578512396694,0.1227549815037623,-158.0389911023326,0.375,-0.40869565217391307,-1,1
980955,2016-05-01,2016,Gujarat Lions,Punjab Kings,Saurashtra Cricket Association Stadium,0,0.38940092165898615,0.6000000000000001,10.226958525345623,-0.4470046082949306,0.48581034447184734,151.4713829527591,1.0,0.16666666666666663,1,-1
980957,2016-05-01,2016,Rising Pune Supergiant,Mumbai Indians,Maharashtra Cricket Association Stadium,0,-0.2889125799573561,-0.39999999999999997,-3.6066098081023483,-1.2867803837953096,0.4074554829871939,-129.93557024721144,1.0,-0.5,-1,1
980959,2016-05-02,2016,Royal Challengers Bengaluru,Kolkata Knight Riders,M Chinnaswamy Stadium,0,-0.02859016393442626,-0.39999999999999997,6.627278688524598,0.0418360655737704,0.4573388628484869,-70.04630008568779,0.5,0.09316770186335405,-1,1
980961,2016-05-03,2016,Gujarat Lions,Delhi Capitals,Saurashtra Cricket Association Stadium,0,0.3155737704918033,-0.20000000000000007,12.370901639344254,0.22336065573770458,0.3867955292759815,90.91354362300558,1.0,0.0,-1,1
980963,2016-05-04,2016,Kolkata Knight Riders,Punjab Kings,Eden Gardens,1,0.05645528455284554,0.19999999999999996,-7.655414634146354,-0.606634146341464,-0.26393400686217117,145.52717616459017,0.6666666666666666,0.36645962732919257,-1,1
980965,2016-05-05,2016,Delhi Capitals,Rising Pune Supergiant,Feroz Shah Kotla,0,0.18902439024390244,0.6000000000000001,-3.86077235772359,1.244918699186992,-0.4463060886798971,15.258236951538947,0.5,-0.09574468085106386,-1,1
980967,2016-05-06,2016,Sunrisers Hyderabad,Gujarat Lions,"Rajiv Gandhi International Stadium, Uppal",1,-0.1568627450980392,0.20000000000000007,-11.856209150326805,-0.5555555555555554,-0.38508204059807216,10.838327562494896,1.0,0.09999999999999998,1,-1
980971,2016-05-07,2016,Punjab Kings,Delhi Capitals,"Punjab Cricket Association IS Bindra Stadium, Mohali",1,0.03277009728622632,-0.39999999999999997,6.335381464413729,0.3352534562211984,0.1440814864503306,-30.48886745285813,0.5294117647058824,-0.25,-1,1
980969,2016-05-07,2016,Royal Challengers Bengaluru,Rising Pune Supergiant,M Chinnaswamy Stadium,1,0.15873015873015872,-0.2,-0.03968253968253066,1.1984126984126986,-0.14369605060037038,13.961682128933717,1.0,0.010638297872340385,1,-1
980973,2016-05-08,2016,Mumbai Indians,Sunrisers Hyderabad,Dr. Y.S. Rajasekhara Reddy ACA-VDCA Cricket Stadium,0,0.05854700854700845,0.0,7.805270655270647,0.17578347578347575,0.23023715214053464,55.34478771926388,0.5714285714285714,0.6666666666666667,1,-1
980975,2016-05-08,2016,Kolkata Knight Riders,Gujarat Lions,Eden Gardens,0,-0.06774193548387097,0.19999999999999996,-8.73064516129034,-0.6354838709677422,-0.2031759213144797,78.79526236568881,0.5,0.15957446808510634,-1,1
980977,2016-05-09,2016,Punjab Kings,Royal Challengers Bengaluru,"Punjab Cricket Association IS Bindra Stadium, Mohali",0,-0.023622047244094502,0.0,1.0157480314960594,0.5826771653543306,-0.1925215523799917,-58.593576605315775,0.625,-0.09999999999999998,1,-1
980979,2016-05-10,2016,Rising Pune Supergiant,Sunrisers Hyderabad,Dr. Y.S. Rajasekhara Reddy ACA-VDCA Cricket Stadium,0,-0.22830188679245284,-0.4,9.68679245283019,-1.0037735849056606,0.6910238431171445,-109.97526063089413,1.0,0.0,-1,-1
980981,2016-05-11,2016,Royal Challengers Bengaluru,Mumbai Indians,M Chinnaswamy Stadium,0,-0.07352941176470584,-0.19999999999999996,-0.3423713235294201,-0.23529411764705888,0.2594079984409543,-75.33040320286295,0.4444444444444444,-0.19345238095238093,-1,1
980983,2016-05-12,2016,Sunrisers Hyderabad,Delhi Capitals,"Rajiv Gandhi International Stadium, Uppal",0,0.1050370370370371,0.4,-1.1485925925925926,-0.22385185185185197,-0.12815249373076743,138.35352394875554,0.8333333333333334,-0.13095238095238093,-1,1
980985,2016-05-13,2016,Mumbai Indians,Punjab Kings,Dr. Y.S. Rajasekhara Reddy ACA-VDCA Cricket Stadium,0,0.10789233576642332,0.4,-0.6714758211678884,-0.3407846715328464,-0.06686842223450817,170.70977752001818,0.5294117647058824,0.0,1,1
980987,2016-05-14,2016,Royal Challengers Bengaluru,Gujarat Lions,M Chinnaswamy Stadium,1,-0.14023960535588442,0.0,-2.5637773079633632,-0.47850599013389683,0.15633464402208652,-27.59472436850342,0.0,0.010204081632653073,-1,1
980989,2016-05-14,2016,Kolkata Knight Riders,Rising Pune Supergiant,Eden Gardens,1,0.2552727272727273,0.2,-7.793454545454523,0.6429090909090904,-0.5291866330890285,123.55806571776611,1.0,0.14583333333333337,-1,-1
980991,2016-05-15,2016,Punjab Kings,Sunrisers Hyderabad,"Punjab Cricket Association IS Bindra Stadium, Mohali",0,-0.05440451021846365,-0.20000000000000007,7.460606060606068,0.4718816067653284,0.2838994953621867,-106.20502703203806,0.2857142857142857,-0.16666666666666669,1,1
980993,2016-05-15,2016,Mumbai Indians,Delhi Capitals,Dr. Y.S. Rajasekhara Reddy ACA-VDCA Cricket Stadium,1,0.1359558316080055,0.0,5.595928226362986,0.020358868184955803,0.06846961546773223,117.84726288839715,0.47058823529411764,-0.6666666666666667,-1,1
980995,2016-05-16,2016,Kolkata Knight Riders,Royal Challengers Bengaluru,Eden Gardens,0,0.031746031746031744,0.0,-8.142979242979237,-0.06849816849816825,-0.4452879381163495,63.39132454654077,0.5294117647058824,0.31972789115646255,-1,1
980997,2016-05-17,2016,Rising Pune Supergiant,Delhi Capitals,Dr. Y.S. Rajasekhara Reddy ACA-VDCA Cricket Stadium,1,-0.1830708661417323,-0.2,2.284776902887131,-0.8818897637795278,0.206644848765289,-12.887897017885052,1.0,-0.5,1,-1
980999,2016-05-18,2016,Royal Challengers Bengaluru,Punjab Kings,M Chinnaswamy Stadium,1,0.03458602466236049,0.4,-0.034468584850259276,-0.5889019377568996,0.2281142447758704,94.40281081433204,0.4117647058823529,0.020000000000000018,-1,1
981001,2016-05-19,2016,Gujarat Lions,Kolkata Knight Riders,Green Park,1,0.05577427821522318,-0.39999999999999997,5.280839895013116,0.8969816272965883,0.03344982606111735,-50.46746954819446,1.0,0.0,1,-1
981003,2016-05-20,2016,Delhi Capitals,Sunrisers Hyderabad,Shaheed Veer Narayan Singh International Stadium,1,-0.1060267857142857,-0.6000000000000001,0.2176339285714164,0.23995535714285676,0.09061447093233799,-133.20820655055104,0.2857142857142857,-0.25,1,-1
981007,2016-05-21,2016,Gujarat Lions,Mumbai Indians,Green Park,1,0.0398450470392917,-0.19999999999999996,-4.490315439955708,0.37465412285556177,-0.018144276261391923,-58.625826183797244,1.0,0.5,1,-1
981005,2016-05-21,2016,Rising Pune Supergiant,Punjab Kings,Dr. Y.S. Rajasekhara Reddy ACA-VDCA Cricket Stadium,1,-0.15795654726952435,0.0,-9.85965942454493,-1.475631238990017,-0.05398254364839161,23.347840340555877,0.0,-0.5,-1,-1
981011,2016-05-22,2016,Delhi Capitals,Royal Challengers Bengaluru,Shaheed Veer Narayan Singh International Stadium,0,-0.07346723044397463,-0.4,-7.141825229034538,0.3303382663847776,-0.446617118271476,-90.83794784455495,0.42857142857142855,0.30000000000000004,-1,1
981009,2016-05-22,2016,Kolkata Knight Riders,Sunrisers Hyderabad,Eden Gardens,1,-0.0028782894736841813,-0.19999999999999996,-1.4109100877192873,-0.12760416666666696,0.03274340556707145,-1.6082264742997268,0.7142857142857143,0.64,-1,1
981013,2016-05-24,2016,Gujarat Lions,Royal Challengers Bengaluru,M Chinnaswamy Stadium,0,0.13157894736842113,-0.20000000000000007,-3.631578947368439,0.5451127819548871,-0.23004881769228724,-10.005784195827118,0.5,-0.5294117647058824,-1,1
981015,2016-05-25,2016,Sunrisers Hyderabad,Kolkata Knight Riders,Feroz Shah Kotla,1,-0.00989040363539162,0.0,1.2330927559476095,0.16426089280940914,-0.04476814081886804,-28.53063797039181,0.25,0.0,-1,1
981017,2016-05-27,2016,Gujarat Lions,Sunrisers Hyderabad,Feroz Shah Kotla,0,0.07457627118644061,0.19999999999999996,3.685875706214688,0.5875706214689265,0.28752333114013773,-15.9687561242622,0.0,0.25,-1,1
981019,2016-05-29,2016,Royal Challengers Bengaluru,Sunrisers Hyderabad,M Chinnaswamy Stadium,0,-0.018407960199004925,0.4,6.7151741293532154,-0.22014925373134364,0.5264395659473555,8.862239551232278,0.5714285714285714,0.28846153846153844,-1,-1
1082591,2017-04-05,2017,Sunrisers Hyderabad,Royal Challengers Bengaluru,"Rajiv Gandhi International Stadium, Uppal",1,0.029872495446266023,-0.20000000000000007,-6.076745598057073,0.22975106253794841,-0.4966873198937316,21.902821805914073,0.5,0.2575757575757576,-1,1
1082592,2017-04-06,2017,Rising Pune Supergiant,Mumbai Indians,Maharashtra Cricket Association Stadium,1,-0.21428571428571425,0.0,-7.7928571428571445,-1.0857142857142854,0.05311447868800201,-103.87549652031225,0.5,-1.0,1,-1
1082593,2017-04-07,2017,Gujarat Lions,Kolkata Knight Riders,Saurashtra Cricket Association Stadium,0,0.039423076923076894,0.0,5.794230769230779,0.8134615384615387,0.25207754389868864,-26.35244179441156,1.0,-0.09999999999999998,-1,1
1082594,2017-04-08,2017,Punjab Kings,Rising Pune Supergiant,Holkar Cricket Stadium,1,0.06212121212121208,-0.39999999999999997,5.371212121212125,1.507575757575757,-0.07284393198294659,-70.69050699907302,0.5,0.5,1,-1
1082595,2017-04-08,2017,Royal Challengers Bengaluru,Delhi Capitals,M.Chinnaswamy Stadium,1,0.07658371040723977,0.19999999999999996,7.565723981900447,-0.3110859728506794,0.46590856666957237,98.29831050591974,0.6,0.0,1,1
1082596,2017-04-09,2017,Sunrisers Hyderabad,Gujarat Lions,"Rajiv Gandhi International Stadium, Uppal",1,0.018975332068311146,0.4,-3.914611005692592,-0.4933586337760909,-0.25453918443959633,87.8934839538174,1.0,0.6086956521739131,1,-1
1082597,2017-04-09,2017,Mumbai Indians,Kolkata Knight Riders,Wankhede Stadium,1,0.04065832927291435,0.0,7.743922906177232,0.367440853229386,0.1466039486858648,-7.0821817887197085,0.7222222222222222,0.47777777777777786,1,-1
1082598,2017-04-10,2017,Punjab Kings,Royal Challengers Bengaluru,Holkar Cricket Stadium,1,-0.04478349157565453,-0.19999999999999996,-0.8120849569178574,0.5666538609296969,-0.2678056354702445,-119.59026015754239,0.5555555555555556,0.5,-1,-1
1082599,2017-04-11,2017,Rising Pune Supergiant,Delhi Capitals,Maharashtra Cricket Association Stadium,0,-0.05248091603053434,0.39999999999999997,2.186545801526705,-1.1583969465648858,0.2668741699235797,35.10919549906953,1.0,-0.8,1,-1
1082600,2017-04-12,2017,Mumbai Indians,Sunrisers Hyderabad,Wankhede Stadium,1,0.014866979655712043,-0.6,4.734518220433728,0.22065727699530502,0.11328384066952957,-36.87286652370017,0.5,0.6521739130434783,1,-1
1082601,2017-04-13,2017,Kolkata Knight Riders,Punjab Kings,Eden Gardens,1,0.0525780189959294,0.0,-7.55461329715061,-0.5965626413387604,-0.22006876422846045,89.65219543004991,0.6842105263157895,0.3970588235294118,1,-1
1082603,2017-04-14,2017,Gujarat Lions,Rising Pune Supergiant,Saurashtra Cricket Association Stadium,1,0.14705882352941174,-0.39999999999999997,5.48366013071896,1.2189542483660132,0.008986533517081341,41.40194160214105,1.0,0.3333333333333333,1,-1
1082602,2017-04-14,2017,Royal Challengers Bengaluru,Mumbai Indians,M Chinnaswamy Stadium,0,-0.0661801966149792,-0.19999999999999996,0.6359582446538923,-0.3084017431843522,0.31466480666735563,-50.11405278833604,0.42105263157894735,-0.22169811320754718,-1,1
1082604,2017-04-15,2017,Kolkata Knight Riders,Sunrisers Hyderabad,Eden Gardens,1,-0.02055921052631582,-0.20000000000000007,-2.891212406015029,-0.19936560150375904,-0.013807451434443507,-32.60306229183129,0.6666666666666666,0.6538461538461539,-1,1
1082605,2017-04-15,2017,Delhi Capitals,Punjab Kings,Feroz Shah Kotla,1,-0.03484848484848485,0.0,-6.450673400673395,-0.25420875420875433,-0.2020788013247925,7.3155497892687436,0.4444444444444444,-0.10416666666666669,1,1
1082606,2017-04-16,2017,Mumbai Indians,Gujarat Lions,Wankhede Stadium,1,0.05007309941520466,0.39999999999999997,0.7423245614035068,-0.21637426900584789,-0.11944228586545513,89.80545961497796,0.0,-0.34042553191489366,1,-1
1082607,2017-04-16,2017,Royal Challengers Bengaluru,Rising Pune Supergiant,M Chinnaswamy Stadium,0,0.17026378896882494,-0.2,6.5307753796962515,0.3533173461231014,0.24867739060800176,81.83267689375543,1.0,0.5185185185185185,1,-1
1082608,2017-04-17,2017,Delhi Capitals,Kolkata Knight Riders,Feroz Shah Kotla,0,-0.09376052070474694,0.0,1.1518348109078715,0.3872741555380985,0.008317831419041077,-106.48207257483023,0.4117647058823529,-0.16326530612244894,1,1
1082609,2017-04-17,2017,Sunrisers Hyderabad,Punjab Kings,"Rajiv Gandhi International Stadium, Uppal",1,0.07522624434389136,0.19999999999999996,-4.398416289592774,-0.46142533936651553,-0.18414754316649162,142.9621622225461,0.75,0.0535714285714286,-1,1
1082610,2017-04-18,2017,Gujarat Lions,Royal Challengers Bengaluru,Saurashtra Cricket Association Stadium,0,0.0,0.0,-0.12857142857140502,0.40000000000000036,-0.14584690760621655,-6.7266423396542905,0.3333333333333333,0.42857142857142855,1,-1
1082611,2017-04-19,2017,Sunrisers Hyderabad,Delhi Capitals,"Rajiv Gandhi International Stadium, Uppal",1,0.11261872455902305,0.19999999999999996,1.6058344640434257,-0.1908638625056538,-0.00586798916335507,125.9738162459596,0.625,-0.16000000000000003,1,1
1082612,2017-04-20,2017,Punjab Kings,Mumbai Indians,Holkar Cricket Stadium,0,-0.11945633022904611,-0.4,-0.26992197331989587,0.32121822300528535,0.05718879759172424,-188.87699078281003,0.5,0.5,-1,1
1082613,2017-04-21,2017,Kolkata Knight Riders,Gujarat Lions,Eden Gardens,0,0.05714285714285716,0.6000000000000001,-9.175661375661377,-0.5365079365079364,-0.33538607738436177,100.91353145991638,0.33333333333333337,-0.339622641509434,-1,1
1082614,2017-04-22,2017,Mumbai Indians,Delhi Capitals,Wankhede Stadium,1,0.15256215119228816,0.6,6.2431760527650795,-0.04698122780314584,0.1452318339216907,170.9321837182829,0.5,0.5,-1,1
1082615,2017-04-22,2017,Rising Pune Supergiant,Sunrisers Hyderabad,Maharashtra Cricket Association Stadium,1,-0.18381775333857037,-0.19999999999999996,-1.5286724273369998,-0.3181461115475255,0.1492199800797387,-132.56816592188693,0.5,-0.8333333333333334,1,-1
1082616,2017-04-23,2017,Gujarat Lions,Punjab Kings,Saurashtra Cricket Association Stadium,0,0.043478260869565244,0.2,3.2424242424242493,-0.13570487483530957,0.22880922415086502,88.75041786446513,0.5,-0.625,1,-1
1082617,2017-04-23,2017,Kolkata Knight Riders,Royal Challengers Bengaluru,Eden Gardens,1,0.025865665415102268,0.19999999999999996,-7.700980392156879,-0.0671151439299118,-0.4212188265944894,45.529373057933526,0.5,0.2195767195767196,-1,1
1082618,2017-04-24,2017,Mumbai Indians,Rising Pune Supergiant,Wankhede Stadium,0,0.18503401360544214,0.6,4.229931972789132,0.5639455782312925,-0.06406165889337956,145.6533446414394,0.3333333333333333,-0.326530612244898,1,-1
1082620,2017-04-26,2017,Rising Pune Supergiant,Kolkata Knight Riders,Maharashtra Cricket Association Stadium,0,-0.10427528675703862,-0.20000000000000007,3.49635036496349,-0.20681265206812682,0.20710187188634244,-76.77392113183305,0.0,-0.7142857142857143,-1,1
1082621,2017-04-27,2017,Royal Challengers Bengaluru,Gujarat Lions,M Chinnaswamy Stadium,0,0.021739130434782594,-0.2,-3.4660134721371776,-0.4813227189222298,-0.005034860122172802,22.6125493236525,0.75,0.509090909090909,-1,1
1082623,2017-04-28,2017,Punjab Kings,Sunrisers Hyderabad,"Punjab Cricket Association IS Bindra Stadium, Mohali",0,-0.08368599238256447,-0.2,3.855162928480752,0.5399915361828178,0.16769142849730923,-139.41068914183438,0.2222222222222222,-0.7142857142857143,1,-1
1082622,2017-04-28,2017,Kolkata Knight Riders,Delhi Capitals,Eden Gardens,1,0.10976129582267696,0.4,-0.7611892583120152,-0.3826726342711,0.014900734639497593,151.06157561372788,0.6111111111111112,0.4878787878787879,1,-1
1082624,2017-04-29,2017,Rising Pune Supergiant,Royal Challengers Bengaluru,Maharashtra Cricket Association Stadium,1,-0.0874125874125874,0.39999999999999997,-2.0629370629370385,-0.31818181818181834,-0.1453120184861163,-0.9169536538870489,0.3333333333333333,-0.75,-1,1
1082627,2017-04-30,2017,Sunrisers Hyderabad,Kolkata Knight Riders,"Rajiv Gandhi International Stadium, Uppal",1,0.01115629235741844,-0.20000000000000007,3.991658846835577,0.10509852987175439,0.04119609488477938,-17.385713776730427,0.30000000000000004,-0.1461538461538462,-1,1
1082626,2017-04-30,2017,Punjab Kings,Delhi Capitals,"Punjab Cricket Association IS Bindra Stadium, Mohali",1,0.033785192909280504,0.0,6.480031282586026,0.3020333680917622,0.20916137721078787,-6.583629723335434,0.5263157894736843,0.25,1,-1
1082629,2017-05-01,2017,Rising Pune Supergiant,Gujarat Lions,Maharashtra Cricket Association Stadium,1,-0.06521739130434784,0.4,-4.519927536231876,-0.7409420289855069,-0.23534237317887552,4.785411453727875,0.0,-0.6666666666666667,1,-1
1082628,2017-05-01,2017,Mumbai Indians,Royal Challengers Bengaluru,Wankhede Stadium,1,0.08802552552552545,0.6000000000000001,0.8239489489489529,0.21865615615615575,-0.2216955181801623,129.6260032427058,0.6,0.23142857142857148,-1,-1
1082630,2017-05-02,2017,Delhi Capitals,Sunrisers Hyderabad,Feroz Shah Kotla,1,-0.13685300207039341,-0.8,-4.642857142857139,0.36335403726708115,-0.1334042759877736,-182.43053972919756,0.3333333333333333,-0.4,1,-1
1082631,2017-05-03,2017,Kolkata Knight Riders,Rising Pune Supergiant,Eden Gardens,0,0.07738095238095238,-0.20000000000000007,-5.1476190476190595,0.3059523809523812,-0.21492201544093437,63.527835576120424,1.0,0.6607142857142857,-1,1
1082632,2017-05-04,2017,Delhi Capitals,Gujarat Lions,Feroz Shah Kotla,1,-0.0555395683453237,-0.2,-8.87223021582733,-0.19913669064748252,-0.4723749114690934,-48.192096959737,0.5,-0.08823529411764708,1,-1
1082633,2017-05-05,2017,Royal Challengers Bengaluru,Punjab Kings,M Chinnaswamy Stadium,0,0.028662264612374644,-0.2,-0.3918317437025962,-0.4872584984103696,0.15513001555634887,27.198476041425693,0.42105263157894735,0.05555555555555558,1,-1
1082635,2017-05-06,2017,Delhi Capitals,Mumbai Indians,Feroz Shah Kotla,0,-0.15532118887823593,-0.4,-6.149328859060404,0.027516778523490437,-0.13397530504974942,-160.81690063015935,0.47368421052631576,0.17307692307692307,1,-1
1082634,2017-05-06,2017,Sunrisers Hyderabad,Rising Pune Supergiant,"Rajiv Gandhi International Stadium, Uppal",0,0.06929577464788739,-0.20000000000000007,-0.15549295774647476,0.29521126760563376,-0.1218483886554882,37.70538126094175,0.33333333333333337,-0.33333333333333337,1,-1
1082637,2017-05-07,2017,Punjab Kings,Gujarat Lions,"Punjab Cricket Association IS Bindra Stadium, Mohali",0,0.0032502708559046245,0.19999999999999996,-4.745937161430106,0.01516793066088784,-0.32974079753392616,-13.19221794361465,0.6666666666666667,-0.6666666666666667,-1,1
1082636,2017-05-07,2017,Royal Challengers Bengaluru,Kolkata Knight Riders,M Chinnaswamy Stadium,0,-0.04561352375400757,-0.6,5.836345088895371,0.1735645584377732,0.3268763907094705,-115.59235282967052,0.4736842105263158,-0.00877192982456143,-1,1
1082638,2017-05-08,2017,Sunrisers Hyderabad,Mumbai Indians,"Rajiv Gandhi International Stadium, Uppal",1,-0.04500000000000004,-0.4,-2.4399999999999977,-0.27000000000000046,-0.06267071422596437,-65.03724031279512,0.4444444444444444,-0.023809523809523725,-1,-1
1082639,2017-05-09,2017,Punjab Kings,Kolkata Knight Riders,"Punjab Cricket Association IS Bindra Stadium, Mohali",1,-0.07367280606717219,0.0,6.5171377917857,0.6257263862897666,0.1683392914057782,-135.06363710472056,0.30000000000000004,-0.7,-1,1
1082640,2017-05-10,2017,Gujarat Lions,Delhi Capitals,Green Park,0,0.05594956658786443,0.0,12.103230890464943,0.14499605988967712,0.5880463695380982,37.00177464739568,0.33333333333333337,0.5,-1,1
1082641,2017-05-11,2017,Mumbai Indians,Punjab Kings,Wankhede Stadium,0,0.11750367917586457,0.0,0.5064845474613549,-0.28490618101545184,-0.056424381246962696,144.56651373722366,0.5263157894736842,0.16666666666666663,1,-1
1082642,2017-05-12,2017,Delhi Capitals,Rising Pune Supergiant,Feroz Shah Kotla,1,-0.07042253521126762,-0.20000000000000007,-4.507042253521121,0.5975081256771402,-0.204642920388018,-91.75324827977715,0.3333333333333333,-0.5849056603773585,1,1
1082643,2017-05-13,2017,Gujarat Lions,Sunrisers Hyderabad,Green Park,0,-0.08365949119373772,-0.19999999999999996,8.820450097847356,0.4877690802348331,0.5270997299833624,-110.17233720338913,0.0,0.16666666666666663,-1,1
1082644,2017-05-13,2017,Kolkata Knight Riders,Mumbai Indians,Eden Gardens,0,-0.0474788369525212,0.0,-7.515182186234824,-0.3373665807876334,-0.13564560691111716,-29.70665006696754,0.2631578947368421,-0.15087719298245617,1,-1
1082646,2017-05-14,2017,Delhi Capitals,Royal Challengers Bengaluru,Feroz Shah Kotla,0,-0.049426763712478006,0.8,-5.214357071499933,0.25055896484467954,-0.3403829394250044,41.41541192011414,0.375,-0.2407407407407407,-1,-1
1082645,2017-05-14,2017,Rising Pune Supergiant,Punjab Kings,Maharashtra Cricket Association Stadium,1,0.012515964240102151,0.0,-1.8993614303959134,-0.7167305236270751,-0.02913832577930897,53.06619468511349,0.33333333333333337,0.4,1,-1
1082647,2017-05-16,2017,Mumbai Indians,Rising Pune Supergiant,Wankhede Stadium,0,0.0816993464052288,-0.20000000000000007,5.163632119514489,0.606209150326797,0.032320397704708625,50.685207196622514,0.25,-0.34615384615384615,1,-1
1082648,2017-05-17,2017,Sunrisers Hyderabad,Kolkata Knight Riders,M Chinnaswamy Stadium,0,0.026276276276276267,0.39999999999999997,4.522147147147166,-0.04166666666666696,0.0626480812645136,45.24235546906607,0.36363636363636365,-0.15555555555555556,-1,1
1082649,2017-05-19,2017,Mumbai Indians,Kolkata Knight Riders,M Chinnaswamy Stadium,1,0.04688759516345731,0.0,8.12113748320644,0.3524854455888935,0.12397751678436375,23.03263701643823,0.75,0.1777777777777778,1,-1
1082650,2017-05-21,2017,Mumbai Indians,Rising Pune Supergiant,"Rajiv Gandhi International Stadium, Uppal",1,0.06340378197997776,-0.4,4.413125695216905,0.6576195773081199,0.022534169226821277,30.34653493820133,0.2,-0.4285714285714286,1,1
1136561,2018-04-07,2018,Mumbai Indians,Chennai Super Kings,Wankhede Stadium,0,-0.024358974358974272,0.19999999999999996,-3.511538461538464,0.6551282051282055,-0.14738243432070242,24.009100565529707,0.5454545454545454,0.2415094339622641,-1,1
1136563,2018-04-08,2018,Royal Challengers Bengaluru,Kolkata Knight Riders,Eden Gardens,0,-0.04091077378748609,-0.2,6.679748241392076,0.15466493891151423,0.3146676530564365,-87.84485482833111,0.44999999999999996,-0.2629310344827587,-1,1
1136562,2018-04-08,2018,Delhi Capitals,Punjab Kings,Punjab Cricket Association IS Bindra Stadium,0,-0.03519786910197864,0.0,-5.957096651445966,-0.16457382039573876,-0.20491909569273226,-4.996650649692583,0.45,0.0,-1,1
1136564,2018-04-09,2018,Rajasthan Royals,Sunrisers Hyderabad,Rajiv Gandhi International Stadium,0,-0.011578947368421022,0.0,-2.702105263157904,0.3659649122807025,-0.16405177875364885,-40.56927345007057,0.5714285714285714,0.0,-1,1
1136565,2018-04-10,2018,Kolkata Knight Riders,Chennai Super Kings,MA Chidambaram Stadium,0,-0.08007477800280416,-0.19999999999999996,-11.322999428779156,0.3059147323051361,-0.2658994076191412,-45.47947869903942,0.375,0.0,-1,1
1136566,2018-04-11,2018,Rajasthan Royals,Delhi Capitals,Sawai Mansingh Stadium,1,0.10284857571214395,-0.2,0.6899550224887605,-0.0800599700149931,-0.10411910955019543,66.31211614566018,0.625,0.4772727272727273,-1,1
1136567,2018-04-12,2018,Mumbai Indians,Sunrisers Hyderabad,Rajiv Gandhi International Stadium,0,0.026986255447535967,0.0,3.177924907810933,0.40571572242708687,0.0787689105831415,10.083789951621839,0.5,-0.5,-1,1
1136568,2018-04-13,2018,Punjab Kings,Royal Challengers Bengaluru,M.Chinnaswamy Stadium,0,-0.0138337214080263,0.39999999999999997,0.6465324384787436,0.41793361639957993,-0.13518647512896642,38.923336995634145,0.6,-0.5,-1,1
1136570,2018-04-14,2018,Kolkata Knight Riders,Sunrisers Hyderabad,Eden Gardens,0,-0.03141453141453143,-0.4,-4.230256230256231,0.05431730431730397,-0.018134419999654483,-55.817832153554264,0.6666666666666666,0.6440677966101694,-1,1
1136569,2018-04-14,2018,Mumbai Indians,Delhi Capitals,Wankhede Stadium,0,0.15129183284203224,0.0,7.002774406103697,-0.09970521935148202,0.13272963012417982,140.2140917700956,0.55,0.4867724867724868,-1,1
1136572,2018-04-15,2018,Punjab Kings,Chennai Super Kings,Punjab Cricket Association IS Bindra Stadium,1,-0.14742014742014742,0.0,-4.398443898443901,0.9121621621621623,-0.10941735714200007,-146.6945566522927,0.375,0.5,-1,1
1136571,2018-04-15,2018,Rajasthan Royals,Royal Challengers Bengaluru,M.Chinnaswamy Stadium,1,0.04781609195402292,0.0,-4.5897701149425245,0.18517241379310345,-0.43942666443575273,66.16809824816528,0.4666666666666667,-0.5,-1,1
1136573,2018-04-16,2018,Kolkata Knight Riders,Delhi Capitals,Eden Gardens,1,0.09491850431447751,0.0,-0.7576131123590528,-0.38200246541569705,0.014862246454961259,71.8272841948583,0.631578947368421,0.49047619047619045,-1,1
1136574,2018-04-17,2018,Mumbai Indians,Royal Challengers Bengaluru,Wankhede Stadium,1,0.08888333541588567,0.0,1.039943354575371,0.16493814819442676,-0.19540990728495267,107.15975700786544,0.6190476190476191,0.24318181818181817,-1,1
1136575,2018-04-18,2018,Rajasthan Royals,Kolkata Knight Riders,Sawai Mansingh Stadium,0,0.01179487179487182,0.19999999999999996,1.9989743589743512,0.28888888888888964,-0.12659087340984687,-1.6825270941728832,0.5384615384615384,0.4852941176470589,-1,1
1136576,2018-04-19,2018,Punjab Kings,Sunrisers Hyderabad,Punjab Cricket Association IS Bindra Stadium,1,-0.0943039063844433,-0.20000000000000007,3.13190500774391,0.6677852348993287,0.1602532215157435,-122.56632253108728,0.2,0.5,1,1
1136577,2018-04-20,2018,Chennai Super Kings,Rajasthan Royals,Maharashtra Cricket Association Stadium,1,0.07512425130623168,0.19999999999999996,9.206575761437506,-0.6586593602650694,0.3974690527803899,67.87090119673803,0.6470588235294118,0.0,-1,1
1136579,2018-04-21,2018,Delhi Capitals,Royal Challengers Bengaluru,M.Chinnaswamy Stadium,0,-0.05458748221906118,-0.2,-6.1038406827880465,0.24964438122332933,-0.3194759618634393,7.008079309755203,0.35294117647058826,-0.6666666666666666,-1,1
1136578,2018-04-21,2018,Kolkata Knight Riders,Punjab Kings,Eden Gardens,0,0.05646799116997797,0.0,-7.067461368653426,-0.5638852097130238,-0.16896032203636402,48.31440650590025,0.6666666666666666,0.4171220400728598,-1,1
1136581,2018-04-22,2018,Mumbai Indians,Rajasthan Royals,Sawai Mansingh Stadium,0,0.045588235294117596,0.0,5.71659663865546,-0.053676470588235325,0.2466323399790058,54.185704749399065,0.625,-0.3142857142857143,1,1
1136580,2018-04-22,2018,Chennai Super Kings,Sunrisers Hyderabad,Rajiv Gandhi International Stadium,1,0.05497827319100701,0.0,7.507746079727951,-0.23474400151143016,0.2718100160057073,14.353236002536732,0.6666666666666666,-0.5,-1,1
1136582,2018-04-23,2018,Punjab Kings,Delhi Capitals,Arun Jaitley Stadium,1,0.0540024001066714,0.6000000000000001,6.516956309169302,0.13271700964487376,0.21030583100981826,94.70012487241615,0.5714285714285714,0.0,-1,1
1136583,2018-04-24,2018,Sunrisers Hyderabad,Mumbai Indians,Wankhede Stadium,1,-0.021428571428571352,0.39999999999999997,-3.3513198757763973,-0.40690993788819885,-0.09444517131331764,26.484869033921314,0.5454545454545454,-0.625,-1,1
1136584,2018-04-25,2018,Royal Challengers Bengaluru,Chennai Super Kings,M.Chinnaswamy Stadium,0,-0.13115468409586056,-0.4,-5.25010893246187,0.49586056644880205,0.0156634580891577,-165.16582621116186,0.368421052631579,0.25,-1,1
1136585,2018-04-26,2018,Sunrisers Hyderabad,Punjab Kings,Rajiv Gandhi International Stadium,1,0.07529239766081874,-0.20000000000000007,-2.9013157894736707,-0.5817901234567904,-0.18274162770538815,53.7970528710473,0.7272727272727273,0.16666666666666663,-1,1
1136586,2018-04-27,2018,Delhi Capitals,Kolkata Knight Riders,Arun Jaitley Stadium,1,-0.1063157894736842,-0.2,0.005263157894745518,0.4012280701754385,-0.0378952664295662,-119.87921152526633,0.35,-0.5,-1,1
1136587,2018-04-28,2018,Chennai Super Kings,Mumbai Indians,Maharashtra Cricket Association Stadium,0,0.049745824255628235,0.6000000000000001,4.7743282498184385,-0.6918119099491653,0.21040260665790989,91.82011186281215,0.4782608695652174,0.5,-1,1
1136589,2018-04-29,2018,Royal Challengers Bengaluru,Kolkata Knight Riders,M.Chinnaswamy Stadium,0,-0.04235633647398357,0.0,6.3734402852049925,0.12588065529242076,0.30479018265560676,-73.65480111520992,0.4285714285714286,0.09999999999999998,-1,1
1136588,2018-04-29,2018,Sunrisers Hyderabad,Rajasthan Royals,Sawai Mansingh Stadium,1,0.02764227642276429,0.0,1.59390243902439,-0.4012195121951221,0.10958165158997613,72.58391880156341,0.5,-0.7222222222222222,1,1
1136590,2018-04-30,2018,Chennai Super Kings,Delhi Capitals,Maharashtra Cricket Association Stadium,1,0.18929762652873788,0.19999999999999996,11.328853869579916,-0.7538550780683515,0.31327879075721654,169.28052983481007,0.6875,-0.5,-1,1
1136591,2018-05-01,2018,Royal Challengers Bengaluru,Mumbai Indians,M.Chinnaswamy Stadium,1,-0.09313279240055417,-0.2,-0.4546210172174767,-0.16667326340787625,0.22168605151023435,-120.8107752395099,0.36363636363636365,0.0,-1,1
1136592,2018-05-02,2018,Delhi Capitals,Rajasthan Royals,Arun Jaitley Stadium,1,-0.10787298825576341,-0.2,-0.880219660722048,0.02327098738582034,0.13868015334429895,-86.95777154667553,0.35294117647058826,0.0,-1,1
1136593,2018-05-03,2018,Chennai Super Kings,Kolkata Knight Riders,Eden Gardens,0,0.08996800301148122,0.20000000000000007,11.888386975343508,-0.38650479954827777,0.30250921108792994,85.71333156534934,0.6470588235294118,-0.1845878136200717,-1,1
1136594,2018-05-04,2018,Punjab Kings,Mumbai Indians,Holkar Cricket Stadium,0,-0.08994898772517129,0.4,-0.7606009883628246,0.24788777299537745,0.07498467215054916,-11.149543359589643,0.5,-0.25,-1,1
1136595,2018-05-05,2018,Royal Challengers Bengaluru,Chennai Super Kings,Maharashtra Cricket Association Stadium,0,-0.13074156059767567,-0.19999999999999996,-5.604178195904808,0.5213521490499904,-0.006114509784328703,-144.4593100166137,0.35,0.0,-1,1
1136596,2018-05-05,2018,Delhi Capitals,Sunrisers Hyderabad,Rajiv Gandhi International Stadium,0,-0.14142845893377437,-0.19999999999999996,-2.24576738325851,0.4075911489093631,0.04935554017150956,-164.68611418065052,0.4,-0.25,1,1
1136598,2018-05-06,2018,Rajasthan Royals,Punjab Kings,Holkar Cricket Stadium,0,0.05056418990845224,-0.39999999999999997,-4.762827336597837,-0.20672769853097783,-0.2718238407976896,-9.465405461451155,0.6428571428571428,-0.6,-1,1
1136597,2018-05-06,2018,Mumbai Indians,Kolkata Knight Riders,Wankhede Stadium,1,0.040664711632453554,-0.19999999999999996,6.681329423264913,0.2973607038123163,0.06855742716484414,-0.7015006007079592,0.7619047619047619,0.4711779448621554,-1,1
1136599,2018-05-07,2018,Sunrisers Hyderabad,Royal Challengers Bengaluru,Rajiv Gandhi International Stadium,1,0.09372156505914464,0.4,-3.0154686078252837,-0.22224749772520447,-0.3257886067020168,178.20828355831782,0.5555555555555556,0.30000000000000004,-1,1
1136600,2018-05-08,2018,Rajasthan Royals,Punjab Kings,Sawai Mansingh Stadium,1,0.0429058484133229,-0.39999999999999997,-4.749803304484658,-0.16800419617099394,-0.27514345459479284,-38.648298800977955,0.6,0.7027027027027027,1,1
1136601,2018-05-09,2018,Mumbai Indians,Kolkata Knight Riders,Eden Gardens,1,0.046648130985480374,0.19999999999999996,6.712388013592829,0.2833642261353111,0.07192499940704344,29.359071747952612,0.7727272727272727,0.18326118326118335,-1,1
1136602,2018-05-10,2018,Delhi Capitals,Sunrisers Hyderabad,Arun Jaitley Stadium,0,-0.15439266615737202,-0.6,-2.2180290297937404,0.3792971734148205,0.054989462832370606,-189.35992025660585,0.36363636363636365,0.16666666666666663,1,1
1136603,2018-05-11,2018,Chennai Super Kings,Rajasthan Royals,Sawai Mansingh Stadium,0,0.09009216589861757,0.19999999999999996,10.340783410138243,-0.7767281105990778,0.4181457086792264,105.84196054447511,0.6666666666666666,-0.21052631578947367,1,1
1136605,2018-05-12,2018,Delhi Capitals,Royal Challengers Bengaluru,Arun Jaitley Stadium,0,-0.05532870559412001,0.2,-4.98493262556147,0.20179665169456928,-0.26252706170779483,-2.8665651148605775,0.3333333333333333,0.0,-1,1
1136604,2018-05-12,2018,Kolkata Knight Riders,Punjab Kings,Holkar Cricket Stadium,1,0.047934019271598904,0.0,-5.985301322880929,-0.5168218193695902,-0.14513806749456037,14.193169828432929,0.6363636363636364,-0.16666666666666663,-1,1
1136606,2018-05-13,2018,Sunrisers Hyderabad,Chennai Super Kings,Maharashtra Cricket Association Stadium,0,-0.028533729176975053,0.6,-8.303892462477307,0.33630216064654483,-0.32225558573804136,50.44849537238724,0.2857142857142857,-0.25,-1,1
1136607,2018-05-13,2018,Mumbai Indians,Rajasthan Royals,Wankhede Stadium,0,0.04685029940119756,0.4,5.717988023952074,-0.10376047904191577,0.21496286525611907,56.91476159607009,0.5882352941176471,0.2873563218390805,-1,1
1136608,2018-05-14,2018,Punjab Kings,Royal Challengers Bengaluru,Holkar Cricket Stadium,0,-0.006649841765813402,-0.2,0.08885150022032917,0.3981492609061412,-0.12509112599825656,40.793788463999135,0.5714285714285714,0.5714285714285714,-1,1
1136609,2018-05-15,2018,Rajasthan Royals,Kolkata Knight Riders,Eden Gardens,0,0.006429576049829189,0.0,1.1343178621659717,0.333735181836448,-0.12952988643826657,2.9631501426822524,0.5,-0.45833333333333337,-1,1
1136610,2018-05-16,2018,Mumbai Indians,Punjab Kings,Wankhede Stadium,1,0.10307414104882456,0.39999999999999997,1.4385171790235063,-0.2962628089210364,-0.04485587552043491,84.72846354825492,0.5238095238095238,0.05461393596986819,-1,1
1136611,2018-05-17,2018,Royal Challengers Bengaluru,Sunrisers Hyderabad,M.Chinnaswamy Stadium,1,-0.09346264367816087,-0.20000000000000007,2.05775862068964,0.2015086206896548,0.3181413808133531,-152.79770111039352,0.4,0.0714285714285714,-1,1
1136612,2018-05-18,2018,Delhi Capitals,Chennai Super Kings,Arun Jaitley Stadium,1,-0.19600938967136144,-0.39999999999999997,-10.667750090285324,0.7726616106897799,-0.2854814603558413,-186.04713291240728,0.2941176470588235,-0.09999999999999998,-1,1
1136614,2018-05-19,2018,Sunrisers Hyderabad,Kolkata Knight Riders,Rajiv Gandhi International Stadium,0,0.03987993138936541,0.0,3.8141795311606757,-0.12771583762149863,-0.015390073501999169,49.458812639346206,0.3846153846153846,0.33333333333333337,1,1
1136613,2018-05-19,2018,Rajasthan Royals,Royal Challengers Bengaluru,Sawai Mansingh Stadium,1,0.04308700542866917,0.0,-4.592654179097167,0.2716290898420306,-0.4270265191214797,33.64214634441714,0.5,0.11794871794871797,1,1
1136615,2018-05-20,2018,Delhi Capitals,Mumbai Indians,Arun Jaitley Stadium,1,-0.1535823314363246,-0.4,-6.185278709531531,0.04918403497531365,-0.08721857134731081,-130.4574935588771,0.47619047619047616,0.0,1,1
1136616,2018-05-20,2018,Punjab Kings,Chennai Super Kings,Maharashtra Cricket Association Stadium,0,-0.1429828033601619,-0.2,-5.614548973039547,0.9879931389365355,-0.14034164216099576,-118.45680366675879,0.4117647058823529,-0.8,-1,1
1136617,2018-05-22,2018,Sunrisers Hyderabad,Chennai Super Kings,Wankhede Stadium,0,-0.049313358302122356,-0.19999999999999996,-7.1106429463170855,0.34753433208489426,-0.2747725290792964,-9.931954420309012,0.25,-0.20454545454545453,-1,1
1136618,2018-05-23,2018,Kolkata Knight Riders,Rajasthan Royals,Eden Gardens,1,0.0,-0.20000000000000007,-1.0500000000000114,-0.3718750000000002,0.13558646072296732,30.861629184335015,0.5333333333333333,0.4879120879120879,-1,1
1136619,2018-05-25,2018,Sunrisers Hyderabad,Kolkata Knight Riders,Eden Gardens,1,0.021394064872325758,-0.6000000000000001,3.5880607315390023,-0.0766735679779158,-0.02843355838396988,-13.025598449882182,0.3571428571428571,-0.4696969696969697,-1,1
1136620,2018-05-27,2018,Sunrisers Hyderabad,Chennai Super Kings,Wankhede Stadium,0,-0.05335354300871542,-0.39999999999999997,-6.914513073133776,0.36043956043956005,-0.2727760390982503,-23.51249710335742,0.2222222222222222,-0.3,-1,1
1175356,2019-03-23,2019,Royal Challengers Bengaluru,Chennai Super Kings,MA Chidambaram Stadium,0,-0.13495687468290213,-0.20000000000000007,-5.563250465076948,0.5688313884660916,0.016624144692391596,-145.31444000291845,0.33333333333333337,-0.5,-1,1
1175357,2019-03-24,2019,Sunrisers Hyderabad,Kolkata Knight Riders,Eden Gardens,0,0.023483628556092317,-0.6000000000000001,4.005233494363949,-0.07675791733762782,-0.011552647321979137,4.112164724754166,0.4,-0.3411513859275054,-1,1
1175358,2019-03-24,2019,Delhi Capitals,Mumbai Indians,Wankhede Stadium,1,-0.14653760238272523,-0.19999999999999996,-6.073938942665677,0.012732688011912963,-0.08441345125271482,-89.69404397060225,0.5,-0.3666666666666667,-1,1
1175359,2019-03-25,2019,Punjab Kings,Rajasthan Royals,Sawai Mansingh Stadium,1,-0.06463178294573646,-0.6,4.376647286821708,0.2247577519379842,0.25960722906461964,-68.92566654455504,0.375,-0.725,-1,1
1175360,2019-03-26,2019,Delhi Capitals,Chennai Super Kings,Arun Jaitley Stadium,0,-0.19137466307277629,-0.20000000000000007,-9.184315235528175,0.7675523039404437,-0.22461858102290044,-149.89099567548828,0.33333333333333337,0.5714285714285714,1,1
1175361,2019-03-27,2019,Kolkata Knight Riders,Punjab Kings,Eden Gardens,1,0.06790382197157341,0.6000000000000001,-5.171321876309861,-0.5482223831116864,-0.11513289107956837,108.80757928270964,0.6521739130434783,0.3323529411764706,-1,1
1175362,2019-03-28,2019,Mumbai Indians,Royal Challengers Bengaluru,M.Chinnaswamy Stadium,1,0.08872385462634091,-0.19999999999999996,2.0853514153481854,0.16266637965055786,-0.17064873906784506,65.67665306087588,0.6086956521739131,-0.625,-1,1
1175363,2019-03-29,2019,Rajasthan Royals,Sunrisers Hyderabad,Rajiv Gandhi International Stadium,0,-0.0253101736972704,0.2,-3.3278742762613547,0.4546732837055414,-0.13788629826431364,-49.51367505930898,0.4444444444444444,-0.7142857142857143,1,1
1175364,2019-03-30,2019,Mumbai Indians,Punjab Kings,Punjab Cricket Association IS Bindra Stadium,0,0.10680447889750216,0.2,1.3853000287108728,-0.21899224806201545,-0.0420430695193339,83.16958607989818,0.5454545454545454,-0.5,-1,1
1175367,2019-03-31,2019,Chennai Super Kings,Rajasthan Royals,MA Chidambaram Stadium,1,0.10253765215597277,0.8,8.794305756137817,-0.8064266556632971,0.35184890726530416,147.02380867698525,0.631578947368421,0.5,-1,1
1175366,2019-03-31,2019,Sunrisers Hyderabad,Royal Challengers Bengaluru,Rajiv Gandhi International Stadium,1,0.0775817332641412,0.0,-0.0849766476388254,-0.2363777893098078,-0.23106374508768113,112.79423124676669,0.5454545454545454,0.75,-1,1
1175368,2019-04-01,2019,Punjab Kings,Delhi Capitals,Punjab Cricket Association IS Bindra Stadium,1,0.041257668711656426,-0.19999999999999996,4.738113496932527,0.20985429447852688,0.1351435509837593,8.571096566716278,0.5909090909090908,1.0,-1,1
1175369,2019-04-02,2019,Royal Challengers Bengaluru,Rajasthan Royals,Sawai Mansingh Stadium,0,-0.04242424242424242,0.0,3.177272727272708,-0.18333333333333357,0.3616241872250807,-38.81559348996734,0.47058823529411764,-0.20731707317073167,-1,1
1175370,2019-04-03,2019,Mumbai Indians,Chennai Super Kings,Wankhede Stadium,1,-0.057687085386196935,-0.6,-3.133917833727736,0.7993948093261434,-0.13867591786818068,-122.00846137917506,0.5416666666666667,0.0680958385876419,-1,1
1175371,2019-04-04,2019,Delhi Capitals,Sunrisers Hyderabad,Arun Jaitley Stadium,0,-0.13553448839490023,0.0,-4.603203661327228,0.4617848970251712,-0.059970712631480794,-120.8634521759293,0.3333333333333333,-0.5,-1,1
1175372,2019-04-05,2019,Royal Challengers Bengaluru,Kolkata Knight Riders,M.Chinnaswamy Stadium,0,-0.0667058477813694,-0.8,4.015647957684422,0.16118131060828667,0.21363222073779653,-160.236206510785,0.40909090909090906,-0.4444444444444444,-1,1
1178394,2019-04-06,2019,Mumbai Indians,Sunrisers Hyderabad,Rajiv Gandhi International Stadium,1,0.006465517241379337,-0.19999999999999996,1.8293821839080522,0.45869252873563227,0.0431997331124947,-41.46158699702164,0.4166666666666667,-0.7777777777777778,-1,1
1178393,2019-04-06,2019,Chennai Super Kings,Punjab Kings,MA Chidambaram Stadium,1,0.1504878048780488,0.20000000000000007,4.2535772357723545,-0.9852032520325205,0.08091348740857462,133.43950536724356,0.6111111111111112,0.5,1,1
1178396,2019-04-07,2019,Rajasthan Royals,Kolkata Knight Riders,Sawai Mansingh Stadium,0,-0.02059694691273639,-0.6000000000000001,0.5794486215538939,0.33670539986329473,-0.15918320843975486,-103.29245784369255,0.4375,0.3142857142857143,-1,1
1178395,2019-04-07,2019,Royal Challengers Bengaluru,Delhi Capitals,M.Chinnaswamy Stadium,0,0.04731278184372001,-0.4,4.089044133954303,-0.2026687366008728,0.2579001877939824,-24.402237268321414,0.6842105263157895,0.5,-1,1
1178397,2019-04-08,2019,Sunrisers Hyderabad,Punjab Kings,Punjab Cricket Association IS Bindra Stadium,0,0.0900343642611684,0.0,-0.9598250546704037,-0.6154326772883474,-0.10779016219543891,85.73983540770041,0.75,-1.0,-1,1
1178398,2019-04-09,2019,Kolkata Knight Riders,Chennai Super Kings,MA Chidambaram Stadium,0,-0.08034788159259554,0.0,-9.14541610149206,0.4374451448176817,-0.1652042597822554,-27.19019542101273,0.38888888888888884,-1.0,-1,1
1178399,2019-04-10,2019,Punjab Kings,Mumbai Indians,Wankhede Stadium,0,-0.10154905335628223,0.0,-1.3945611015490442,0.1842685025817552,0.04112134828694991,-59.21310251774685,0.4782608695652174,-0.11290322580645162,-1,1
1178400,2019-04-11,2019,Rajasthan Royals,Chennai Super Kings,Sawai Mansingh Stadium,0,-0.1100746268656716,-0.6000000000000001,-8.267969363707778,0.7880989787902593,-0.33156165764234924,-165.64596595157263,0.35,0.29767441860465116,-1,1
1178401,2019-04-12,2019,Kolkata Knight Riders,Delhi Capitals,Eden Gardens,0,0.11560927225303996,0.4,-0.22585503838948284,-0.35255868630836495,0.04445668031963024,135.7929066759816,0.6190476190476191,0.5126811594202898,-1,1
1178403,2019-04-13,2019,Punjab Kings,Royal Challengers Bengaluru,Punjab Cricket Association IS Bindra Stadium,0,0.0027801539777587703,0.6,0.9848873681208943,0.3459865982321073,-0.1072871267936577,82.81812352571205,0.5454545454545454,0.5,-1,1
1178402,2019-04-13,2019,Mumbai Indians,Rajasthan Royals,Wankhede Stadium,0,0.06275252525252528,0.6000000000000001,5.83350168350168,0.01948653198653183,0.2252010063728589,98.01976114175591,0.5555555555555556,0.19047619047619052,-1,1
1178405,2019-04-14,2019,Delhi Capitals,Sunrisers Hyderabad,Rajiv Gandhi International Stadium,1,-0.12419113987058233,-0.19999999999999996,-3.631035340965667,0.430811348929816,-0.016080586473860237,-70.88939084206413,0.3076923076923077,-0.7,-1,1
1178404,2019-04-14,2019,Kolkata Knight Riders,Chennai Super Kings,Eden Gardens,0,-0.09173669467787116,-0.20000000000000007,-8.885270774976647,0.47467320261437873,-0.16095154982603965,-83.77372779858115,0.368421052631579,0.22857142857142854,-1,1
1178406,2019-04-15,2019,Royal Challengers Bengaluru,Mumbai Indians,Wankhede Stadium,0,-0.10316584762477848,-0.39999999999999997,-2.4198509009460736,-0.19740581018286374,0.14576297357499257,-129.33492079865937,0.375,-0.2760416666666667,-1,1
1178407,2019-04-16,2019,Punjab Kings,Rajasthan Royals,Punjab Cricket Association IS Bindra Stadium,1,-0.05042016806722682,0.0,4.287464985994376,0.17191876750700263,0.25644800264788525,-23.761774939364614,0.4117647058823529,0.3571428571428571,-1,1
1178408,2019-04-17,2019,Chennai Super Kings,Sunrisers Hyderabad,Rajiv Gandhi International Stadium,0,0.0844155844155845,0.4,5.421356421356421,-0.41630591630591596,0.20418783638412563,136.985093830634,0.8,0.36363636363636365,1,1
1178409,2019-04-18,2019,Mumbai Indians,Delhi Capitals,Arun Jaitley Stadium,1,0.1427306775621382,0.20000000000000007,6.460027238678919,-0.008137555328566748,0.10873135067798856,66.6060922761053,0.4782608695652174,-0.4444444444444444,1,1
1178410,2019-04-19,2019,Royal Challengers Bengaluru,Kolkata Knight Riders,Eden Gardens,1,-0.06783849634528372,-0.2,4.256352245040034,0.1256526279150716,0.209266314920308,-147.2097610627975,0.3913043478260869,-0.28638497652582157,-1,1
1178412,2019-04-20,2019,Punjab Kings,Delhi Capitals,Arun Jaitley Stadium,0,0.03974477792828118,-0.19999999999999996,5.22813146075427,0.1365224210451279,0.15617843486936422,1.5934688719760288,0.6086956521739131,0.6,-1,1
1178411,2019-04-20,2019,Mumbai Indians,Rajasthan Royals,Sawai Mansingh Stadium,0,0.06447008930391873,0.4,5.738204950454673,-0.004771031276760596,0.22157852934937416,97.61761528526631,0.5263157894736842,-0.34848484848484845,-1,1
1178414,2019-04-21,2019,Royal Challengers Bengaluru,Chennai Super Kings,M.Chinnaswamy Stadium,1,-0.15797019430296178,-0.4,-4.065723448405947,0.6059988681380872,0.07259329630971934,-212.26059815205554,0.31818181818181823,-0.5454545454545454,-1,1
1178413,2019-04-21,2019,Kolkata Knight Riders,Sunrisers Hyderabad,Rajiv Gandhi International Stadium,0,-0.020588235294117685,-0.2,-2.936470588235295,0.08529411764705941,0.054396949321720456,-11.318313575896354,0.625,0.33333333333333337,-1,1
1178415,2019-04-22,2019,Rajasthan Royals,Delhi Capitals,Sawai Mansingh Stadium,0,0.08335502907229014,-0.4,0.9021522173045184,-0.028030894732275158,-0.10025361575022895,-2.65513020758749,0.6111111111111112,0.4888888888888889,-1,1
1178416,2019-04-23,2019,Sunrisers Hyderabad,Chennai Super Kings,MA Chidambaram Stadium,0,-0.0673394262503173,-0.19999999999999996,-5.354150799695333,0.33828382838283755,-0.16464849229160272,-58.05060788373362,0.2727272727272727,-0.5,-1,1
1178417,2019-04-24,2019,Royal Challengers Bengaluru,Punjab Kings,M.Chinnaswamy Stadium,1,0.006224350205198348,0.19999999999999996,-0.706361149110819,-0.3560191518467848,0.11714942464270095,-12.24303625312018,0.4782608695652174,0.5,-1,1
1178418,2019-04-25,2019,Kolkata Knight Riders,Rajasthan Royals,Eden Gardens,0,0.015524422567209317,-0.4,-0.9821195675039007,-0.2933232361479243,0.14924003003645048,44.27842616376256,0.5882352941176471,0.48611111111111116,-1,1
1178419,2019-04-26,2019,Mumbai Indians,Chennai Super Kings,MA Chidambaram Stadium,1,-0.05198159943382874,0.0,-2.0227883934890087,0.77965322009908,-0.08491367411698114,-80.89819274184242,0.56,-0.5,-1,1
1178420,2019-04-27,2019,Sunrisers Hyderabad,Rajasthan Royals,Sawai Mansingh Stadium,0,0.03473389355742307,-0.19999999999999996,2.0001400560223885,-0.469607843137255,0.12020091912410713,55.201594673245836,0.6,-0.17391304347826086,-1,1
1178421,2019-04-28,2019,Delhi Capitals,Royal Challengers Bengaluru,Arun Jaitley Stadium,1,-0.03946462978254883,0.0,-4.490882191026685,0.20688824662813055,-0.26944222286035924,40.14417293531892,0.35,-0.5454545454545454,1,1
1178422,2019-04-28,2019,Kolkata Knight Riders,Mumbai Indians,Eden Gardens,1,-0.051329821405627585,-0.6,-6.236958756263647,-0.2770140048824361,-0.05060672718724213,-65.34283709987199,0.21739130434782608,-0.23059360730593614,-1,1
1178423,2019-04-29,2019,Sunrisers Hyderabad,Punjab Kings,Rajiv Gandhi International Stadium,1,0.08170101629478227,0.2,-1.9414069153466187,-0.617952648611821,-0.1207593769084383,81.27155013670631,0.6923076923076923,0.6923076923076923,-1,1
1178425,2019-05-01,2019,Chennai Super Kings,Delhi Capitals,MA Chidambaram Stadium,1,0.18238334207175488,-0.4,7.830761740693589,-0.7627893041719718,0.16970845990464767,91.05595320652469,0.6842105263157895,0.3571428571428571,-1,1
1178427,2019-05-03,2019,Punjab Kings,Kolkata Knight Riders,Punjab Cricket Association IS Bindra Stadium,0,-0.0667092351122463,0.0,4.60676838284715,0.5036631267643497,0.07617504914525774,-83.25116318282039,0.33333333333333337,0.375,-1,1
1178428,2019-05-04,2019,Rajasthan Royals,Delhi Capitals,Arun Jaitley Stadium,0,0.08243637880684185,0.0,1.266958698372946,-0.04739257405089692,-0.08452861295351877,-0.2792209112699311,0.5789473684210527,-0.5,1,1
1178429,2019-05-04,2019,Sunrisers Hyderabad,Royal Challengers Bengaluru,M.Chinnaswamy Stadium,0,0.0768125552608312,0.0,-0.8715738284703889,-0.24900530503978757,-0.21924065747091426,87.28623584278671,0.5833333333333333,-0.5384615384615384,-1,1
1178430,2019-05-05,2019,Chennai Super Kings,Punjab Kings,Punjab Cricket Association IS Bindra Stadium,0,0.1659941105900316,0.2,2.8534554840585997,-0.9505580397716944,0.027423678050437772,197.47156401853817,0.631578947368421,-0.7777777777777778,-1,1
1178431,2019-05-05,2019,Kolkata Knight Riders,Mumbai Indians,Wankhede Stadium,0,-0.04269293924466333,-0.19999999999999996,-5.805418719211815,-0.31912340533030203,-0.02775340365334955,-18.29327471399347,0.25,-0.4903846153846154,-1,1
1181764,2019-05-07,2019,Chennai Super Kings,Mumbai Indians,MA Chidambaram Stadium,0,0.04497950819672136,-0.19999999999999996,1.8134562841530055,-0.7258538251366113,0.06992605765371707,36.05776953518057,0.4230769230769231,-0.125,1,1
1181766,2019-05-08,2019,Sunrisers Hyderabad,Delhi Capitals,Dr. Y.S. Rajasekhara Reddy ACA-VDCA Cricket Stadium,0,0.10426065162907266,-0.4,4.172598162071864,-0.446950710108605,0.06509540775022771,-1.9296184525996978,0.6428571428571428,0.26666666666666666,-1,1
1181767,2019-05-10,2019,Delhi Capitals,Chennai Super Kings,Dr. Y.S. Rajasekhara Reddy ACA-VDCA Cricket Stadium,0,-0.17304636718185762,0.4,-8.246677740863788,0.8086450960566234,-0.1788601340354372,-44.200533823084925,0.30000000000000004,-0.5,-1,1
1181768,2019-05-12,2019,Mumbai Indians,Chennai Super Kings,Rajiv Gandhi International Stadium,1,-0.04119699409554478,0.19999999999999996,-1.7209473966720452,0.7300724637681153,-0.06318692912031842,-16.05736015276875,0.5925925925925926,0.0,1,1
1216492,2020-09-19,2020/21,Mumbai Indians,Chennai Super Kings,Sheikh Zayed Stadium,0,-0.03511855413695908,0.4,-1.6976289172608006,0.7301939976786596,-0.061958135598972675,15.328157432196576,0.6071428571428572,-0.5,-1,1
1216534,2020-09-21,2020/21,Royal Challengers Bengaluru,Sunrisers Hyderabad,Dubai International Cricket Stadium,1,-0.06345013477088945,0.6000000000000001,0.7501347708894741,0.21283018867924497,0.21852757149264868,-34.98730786688043,0.46153846153846156,-0.5,-1,1
1216496,2020-09-22,2020/21,Rajasthan Royals,Chennai Super Kings,Sharjah Cricket Stadium,1,-0.10176915149433186,0.19999999999999996,-7.057025077293048,0.7738749570594301,-0.27224141385669576,-102.44285775780259,0.33333333333333337,-1.0,-1,1
1216508,2020-09-23,2020/21,Mumbai Indians,Kolkata Knight Riders,Sheikh Zayed Stadium,1,0.04955453149001543,0.19999999999999996,5.613763440860225,0.3018740399385562,0.026828557262835062,63.297756406627286,0.76,-0.5,-1,1
1216510,2020-09-24,2020/21,Punjab Kings,Royal Challengers Bengaluru,Dubai International Cricket Stadium,1,-0.017502612330198564,-0.6000000000000001,0.661507314524556,0.36500783699059536,-0.11224624122557181,-41.05017267497328,0.5,0.33333333333333337,-1,1
1216539,2020-09-25,2020/21,Delhi Capitals,Chennai Super Kings,Dubai International Cricket Stadium,1,-0.17281485373970917,0.19999999999999996,-8.428306183219462,0.8181818181818183,-0.18873228898426042,-51.07404487253575,0.2857142857142857,-0.5,-1,1
1216545,2020-09-26,2020/21,Sunrisers Hyderabad,Kolkata Knight Riders,Sheikh Zayed Stadium,0,0.009983007646559017,-0.2,3.3349086661002616,-0.05326040781648178,-0.01774138506140055,-13.950160188363043,0.4117647058823529,-0.3333333333333333,1,1
1216527,2020-09-27,2020/21,Punjab Kings,Rajasthan Royals,Sharjah Cricket Stadium,0,-0.054625374625374645,-0.19999999999999996,4.337582417582411,0.14481518481518485,0.25878117690446434,-48.65811276930708,0.4444444444444444,0.5,-1,1
1216532,2020-09-29,2020/21,Sunrisers Hyderabad,Delhi Capitals,Sheikh Zayed Stadium,1,0.08524904214559387,-0.39999999999999997,3.892720306513411,-0.4086845466155804,0.05072164843408977,-66.7538461842887,0.6,0.0,-1,1
1216504,2020-09-30,2020/21,Kolkata Knight Riders,Rajasthan Royals,Dubai International Cricket Stadium,1,0.004590395480225995,-0.20000000000000007,-1.2981403013182842,-0.3312146892655363,0.13078920579970976,-6.960267015844238,0.5555555555555556,0.0,-1,1
1216503,2020-10-01,2020/21,Mumbai Indians,Punjab Kings,Sheikh Zayed Stadium,1,0.11731283422459893,0.4,0.38770053475934674,-0.15975935828876953,-0.07889344951028043,141.01744199467157,0.5416666666666666,-0.6666666666666667,-1,1
1216516,2020-10-02,2020/21,Sunrisers Hyderabad,Chennai Super Kings,Dubai International Cricket Stadium,1,-0.07632364319663976,-0.2,-4.167624626948168,0.3668619431855866,-0.12398644111654278,-65.6022503217514,0.25,0.0,1,1
1216515,2020-10-03,2020/21,Delhi Capitals,Kolkata Knight Riders,Sharjah Cricket Stadium,1,-0.0880898876404494,0.0,-0.7917174959871716,0.35935794542536126,-0.08469275716470115,-9.139914037030394,0.4090909090909091,-0.5,-1,1
1216514,2020-10-03,2020/21,Rajasthan Royals,Royal Challengers Bengaluru,Sheikh Zayed Stadium,0,0.04266510812390417,0.0,-2.737658289499308,0.1996493278784337,-0.33133079909410235,38.748523974448744,0.5555555555555556,1.0,1,1
1216513,2020-10-04,2020/21,Punjab Kings,Chennai Super Kings,Dubai International Cricket Stadium,0,-0.14716330051760884,0.2,-2.040698264487986,0.8987787137589232,0.018471951907066853,-99.65303269463016,0.4,0.5,1,1
1216538,2020-10-04,2020/21,Mumbai Indians,Sunrisers Hyderabad,Sharjah Cricket Stadium,1,0.04342359767891679,0.4,2.6800773694390614,0.3550290135396521,0.07402967787087,89.81939150267385,0.46153846153846156,0.0,1,1
1216519,2020-10-05,2020/21,Delhi Capitals,Royal Challengers Bengaluru,Dubai International Cricket Stadium,1,-0.03434627170582227,0.0,-4.167134831460686,0.21884576098059227,-0.2546001214080107,51.977764569881174,0.38095238095238093,0.16666666666666663,-1,1
1216511,2020-10-06,2020/21,Mumbai Indians,Rajasthan Royals,Sheikh Zayed Stadium,1,0.06831195187359562,0.4,5.139885482351218,-0.07469015003261514,0.20043855249614317,118.93180055530502,0.5,-0.16666666666666663,1,1
1216501,2020-10-07,2020/21,Kolkata Knight Riders,Chennai Super Kings,Sheikh Zayed Stadium,1,-0.08200319233838782,0.0,-7.14195929768556,0.481743814844374,-0.09039027397645683,-33.809864421182056,0.35,-0.16666666666666663,1,1
1216542,2020-10-08,2020/21,Sunrisers Hyderabad,Punjab Kings,Dubai International Cricket Stadium,1,0.07647535175625064,0.0,-1.9833485170563847,-0.5110841178256909,-0.1377417275335837,69.25449686740012,0.7142857142857143,0.08333333333333337,1,1
1216500,2020-10-09,2020/21,Delhi Capitals,Rajasthan Royals,Sharjah Cricket Stadium,1,-0.06387639801683387,0.19999999999999996,-1.0556900726392087,-0.040701026173181276,0.09152851484675395,69.39067148741742,0.45,0.0,-1,1
1216525,2020-10-10,2020/21,Royal Challengers Bengaluru,Chennai Super Kings,Dubai International Cricket Stadium,1,-0.12868996066245741,0.39999999999999997,-3.744636540940803,0.6167729992396946,0.0794055536862075,-60.45595516540243,0.34782608695652173,-0.19999999999999996,1,1
1216523,2020-10-10,2020/21,Kolkata Knight Riders,Punjab Kings,Sheikh Zayed Stadium,1,0.07526381129733084,0.39999999999999997,-4.86527001862197,-0.43389199255121014,-0.09713421390783772,115.97100674601324,0.68,-0.06666666666666665,1,1
1216529,2020-10-11,2020/21,Delhi Capitals,Mumbai Indians,Sheikh Zayed Stadium,0,-0.13477232406859851,0.0,-6.317859254878783,0.08279124778237801,-0.1138228593501136,-57.611527224408746,0.5,-0.6,1,1
1216507,2020-10-11,2020/21,Sunrisers Hyderabad,Rajasthan Royals,Dubai International Cricket Stadium,0,0.0289575289575289,0.39999999999999997,2.988175675675677,-0.46235521235521304,0.1473322717375236,40.84903887258497,0.5454545454545454,0.8,1,1
1216540,2020-10-12,2020/21,Royal Challengers Bengaluru,Kolkata Knight Riders,Sharjah Cricket Stadium,1,-0.05260896255371389,-0.20000000000000007,3.3108041743400918,0.09815837937384853,0.166836051896734,-52.14337224533347,0.41666666666666663,0.0,1,1
1216528,2020-10-13,2020/21,Chennai Super Kings,Sunrisers Hyderabad,Dubai International Cricket Stadium,1,0.0690265486725663,-0.39999999999999997,3.4372722540343545,-0.3810515356585107,0.10046777019998387,22.689577448469663,0.6923076923076923,-0.16666666666666663,1,1
1216543,2020-10-14,2020/21,Delhi Capitals,Rajasthan Royals,Dubai International Cricket Stadium,1,-0.06313973979228382,0.39999999999999997,-0.785909789659172,-0.06036519065651902,0.10290302129754991,64.1866431835183,0.47619047619047616,0.4166666666666667,1,1
1216531,2020-10-15,2020/21,Royal Challengers Bengaluru,Punjab Kings,Sharjah Cricket Stadium,0,0.030662983425414347,0.6,-1.3081338244321614,-0.34858809085328346,0.07836355209707868,101.40439200104197,0.48,0.0,1,1
1216526,2020-10-16,2020/21,Kolkata Knight Riders,Mumbai Indians,Sheikh Zayed Stadium,0,-0.05891490708244629,-0.4,-6.185978942523434,-0.2032391692077553,-0.0648966485260587,-107.22000973343052,0.23076923076923078,0.0,1,1
1216522,2020-10-17,2020/21,Rajasthan Royals,Royal Challengers Bengaluru,Dubai International Cricket Stadium,0,0.028644688644688665,-0.39999999999999997,-3.1906227106227334,0.2927472527472528,-0.3466463630296772,-14.97640632972093,0.5263157894736842,-0.25,1,1
1216509,2020-10-17,2020/21,Chennai Super Kings,Delhi Capitals,Sharjah Cricket Stadium,0,0.15233918128654972,-0.4,7.157017543859638,-0.7909356725146202,0.1421669181818821,-32.39719295766895,0.6818181818181818,-0.25,1,1
1216533,2020-10-19,2020/21,Chennai Super Kings,Rajasthan Royals,Sheikh Zayed Stadium,0,0.09552595102417982,0.2,6.40867087632833,-0.865316494686585,0.24721351814195813,57.05781079597455,0.6363636363636364,0.0,1,1
1216546,2020-10-20,2020/21,Delhi Capitals,Punjab Kings,Dubai International Cricket Stadium,0,0.0,0.6000000000000001,-5.049723756906076,-0.10497237569060758,-0.15698577161044902,150.2243318727344,0.4166666666666667,0.30000000000000004,1,1
1216494,2020-10-21,2020/21,Kolkata Knight Riders,Royal Challengers Bengaluru,Sheikh Zayed Stadium,0,0.04371584699453557,-0.19999999999999996,-3.9726775956283973,-0.049180327868852736,-0.19791675145590837,12.065896976230533,0.56,0.0714285714285714,1,1
1216518,2020-10-22,2020/21,Rajasthan Royals,Sunrisers Hyderabad,Dubai International Cricket Stadium,0,-0.019736842105263164,0.0,-2.9166666666666856,0.4407894736842106,-0.1403040796600683,-2.4884948695021194,0.5,-0.3714285714285714,-1,1
1216521,2020-10-23,2020/21,Chennai Super Kings,Mumbai Indians,Sharjah Cricket Stadium,0,0.006834055876685952,-0.8,0.8625963391136793,-0.6963812620423893,0.016152410105163995,-144.37861289155853,0.41379310344827586,-0.16666666666666669,-1,1
1216497,2020-10-24,2020/21,Kolkata Knight Riders,Delhi Capitals,Sheikh Zayed Stadium,1,0.07118967988533204,-0.19999999999999996,-0.5694577161968652,-0.26588628762541777,0.017544067681178888,-55.326834784328184,0.5652173913043479,0.5,-1,1
1216498,2020-10-24,2020/21,Punjab Kings,Sunrisers Hyderabad,Dubai International Cricket Stadium,1,-0.07439082656473966,0.0,1.685093167701865,0.518107978977544,0.12859158497176004,-47.2715502940996,0.26666666666666666,-0.025000000000000022,-1,1
1216541,2020-10-25,2020/21,Mumbai Indians,Rajasthan Royals,Sheikh Zayed Stadium,0,0.08740560127332453,0.6,5.2987910189982586,-0.1802296047952856,0.23284633194195337,190.54835205826384,0.5238095238095238,0.11428571428571432,1,1
1216544,2020-10-25,2020/21,Royal Challengers Bengaluru,Chennai Super Kings,Dubai International Cricket Stadium,0,-0.10825837081459272,0.6000000000000001,-3.176849075462286,0.5165542228885558,0.11289120625501603,28.6907323848518,0.375,0.0,1,1
1216520,2020-10-26,2020/21,Kolkata Knight Riders,Punjab Kings,Sharjah Cricket Stadium,0,0.06530793088170134,-0.19999999999999996,-5.208152414709787,-0.3737409540688228,-0.1225569292442632,53.018523221476926,0.6923076923076923,-0.4166666666666667,-1,1
1216524,2020-10-27,2020/21,Sunrisers Hyderabad,Delhi Capitals,Dubai International Cricket Stadium,1,0.07777463727152817,0.0,3.08696061805162,-0.391935179951008,0.01758581074120613,-60.39323289505114,0.625,-0.11111111111111105,-1,1
1216499,2020-10-28,2020/21,Royal Challengers Bengaluru,Mumbai Indians,Sheikh Zayed Stadium,0,-0.10654778489830036,-0.20000000000000007,-2.60337141264975,-0.12153803287823894,0.09461109347825847,-127.63809786263164,0.36,0.04166666666666663,-1,1
1216536,2020-10-29,2020/21,Kolkata Knight Riders,Chennai Super Kings,Dubai International Cricket Stadium,0,-0.0727803379416283,-0.2,-6.873118279569894,0.537910906298003,-0.08944303817652965,-6.423402437053255,0.38095238095238093,-0.125,-1,1
1216537,2020-10-30,2020/21,Punjab Kings,Rajasthan Royals,Sheikh Zayed Stadium,0,-0.04453698475437601,0.4,4.101566911349522,0.055406549971767305,0.24490628951444293,-3.188436703566367,0.42105263157894735,-0.16666666666666663,-1,1
1216502,2020-10-31,2020/21,Royal Challengers Bengaluru,Sunrisers Hyderabad,Sharjah Cricket Stadium,0,-0.05141990625861592,0.0,-0.16073890267438173,0.15949820788530467,0.1848577256966646,-2.1313463108253927,0.5,0.5,-1,1
1216535,2020-10-31,2020/21,Delhi Capitals,Mumbai Indians,Dubai International Cricket Stadium,0,-0.1440914158305463,-0.4,-6.182497212931992,0.16923076923076952,-0.1414749865976841,-119.72566844977496,0.48,0.5714285714285714,-1,1
1216506,2020-11-01,2020/21,Punjab Kings,Chennai Super Kings,Sheikh Zayed Stadium,0,-0.13713144963144958,0.4,-1.6462223587223548,0.867383292383292,0.036717804186968905,-54.48420475749708,0.38095238095238093,0.0,-1,1
1216530,2020-11-01,2020/21,Kolkata Knight Riders,Rajasthan Royals,Dubai International Cricket Stadium,1,0.009039158185268237,-0.39999999999999997,-1.188338795928928,-0.26296360186303325,0.10587475603277419,-14.297752389454445,0.5789473684210527,0.16666666666666666,-1,1
1216505,2020-11-02,2020/21,Royal Challengers Bengaluru,Delhi Capitals,Sheikh Zayed Stadium,0,0.032692585633762095,0.2,3.620927879751406,-0.29429108252637715,0.2347827209723139,-32.243330588346,0.5909090909090908,0.5,-1,1
1216495,2020-11-03,2020/21,Mumbai Indians,Sunrisers Hyderabad,Sharjah Cricket Stadium,0,0.05793842960913176,0.20000000000000007,2.4936008301625634,0.255274991352473,0.08723434840679012,140.07439805407216,0.5,0.41666666666666663,-1,1
1237177,2020-11-05,2020/21,Mumbai Indians,Delhi Capitals,Dubai International Cricket Stadium,1,0.14259592816985972,0.39999999999999997,6.111838873423949,-0.18811746083729108,0.14887861176032224,105.42662817313135,0.5384615384615384,-0.25,-1,1
1237178,2020-11-06,2020/21,Royal Challengers Bengaluru,Sunrisers Hyderabad,Sheikh Zayed Stadium,0,-0.06441087073127122,-0.6000000000000001,-0.03307706061147542,0.22452172358305056,0.1597550102137344,-66.2990660630262,0.4666666666666667,0.06666666666666671,-1,1
1237180,2020-11-08,2020/21,Delhi Capitals,Sunrisers Hyderabad,Sheikh Zayed Stadium,1,-0.09781639928698749,-0.6000000000000001,-3.4739304812834177,0.5243761140819965,-0.06407415548683915,-29.586873487243565,0.35294117647058826,-0.3,1,1
1237181,2020-11-10,2020/21,Delhi Capitals,Mumbai Indians,Dubai International Cricket Stadium,0,-0.1441005802707931,-0.19999999999999996,-6.176982591876225,0.18686868686868685,-0.15547447680124016,-110.31855236381352,0.4444444444444444,0.0444444444444444,1,1
1254058,2021-04-09,2021,Mumbai Indians,Royal Challengers Bengaluru,"MA Chidambaram Stadium, Chepauk, Chennai",0,0.12206535322113216,0.8,2.853766185424462,0.07359549068091731,-0.0628281914569353,198.03982839998434,0.6538461538461539,0.0,-1,1
1254059,2021-04-10,2021,Chennai Super Kings,Delhi Capitals,"Wankhede Stadium, Mumbai",0,0.15442561205273075,0.19999999999999996,6.860819657429829,-0.8583983499237737,0.1424103126045715,14.647750114135533,0.6521739130434783,0.0,-1,1
1254060,2021-04-11,2021,Kolkata Knight Riders,Sunrisers Hyderabad,"MA Chidambaram Stadium, Chepauk, Chennai",1,-0.015913486899947205,-0.4,-3.1731580798311825,0.20568841216810263,-0.0026453398858041766,-25.700283330223556,0.6111111111111112,0.0,-1,1
1254061,2021-04-12,2021,Punjab Kings,Rajasthan Royals,"Wankhede Stadium, Mumbai",1,-0.04942100909842845,0.0,4.160256410256409,0.044044665012407336,0.2395740040094445,-29.96301960011283,0.4,0.0,-1,1
1254062,2021-04-13,2021,Mumbai Indians,Kolkata Knight Riders,"MA Chidambaram Stadium, Chepauk, Chennai",1,0.06619047619047613,0.0,5.749126984126974,0.1054232804232802,0.09057770899109485,110.53357824589762,0.7777777777777778,-1.0,-1,1
1254063,2021-04-14,2021,Royal Challengers Bengaluru,Sunrisers Hyderabad,"MA Chidambaram Stadium, Chepauk, Chennai",1,-0.05910267471958591,-0.39999999999999997,-0.2487489214840366,0.23917169974115637,0.15121788008334924,-35.53055504209374,0.4375,1.0,-1,1
1254064,2021-04-15,2021,Delhi Capitals,Rajasthan Royals,"Wankhede Stadium, Mumbai",0,-0.055816292323164596,0.19999999999999996,-1.2659068052296334,-0.010526315789473273,0.05646108330052435,67.12950944153386,0.5,1.0,-1,1
1254065,2021-04-16,2021,Punjab Kings,Chennai Super Kings,"Wankhede Stadium, Mumbai",0,-0.13561256984918585,0.0,-1.4637084660217567,0.8801297842936968,0.04202413481710465,-47.89541953012326,0.36363636363636365,1.0,-1,1
1254066,2021-04-17,2021,Mumbai Indians,Sunrisers Hyderabad,"MA Chidambaram Stadium, Chepauk, Chennai",1,0.06358451644217933,0.19999999999999996,2.6581725518747703,0.30918577842494877,0.09347714382480099,143.95967074337068,0.4666666666666667,0.5,1,1
1254068,2021-04-18,2021,Punjab Kings,Delhi Capitals,"Wankhede Stadium, Mumbai",0,0.012420630500167062,0.0,5.113512309234693,0.04787234042553212,0.1680816704302508,-59.59421814215034,0.6,0.0,-1,1
1254067,2021-04-18,2021,Royal Challengers Bengaluru,Kolkata Knight Riders,"MA Chidambaram Stadium, Chepauk, Chennai",1,-0.04461284100303109,0.0,2.9373932212730836,0.0328465141912373,0.15432165754851468,-15.134100184681756,0.46153846153846156,0.5,1,1
1254069,2021-04-19,2021,Chennai Super Kings,Rajasthan Royals,"Wankhede Stadium, Mumbai",1,0.09143624920444093,0.20000000000000007,5.290149211512642,-0.8554911250972355,0.1892036050346224,45.5957291054558,0.6086956521739131,0.0,-1,1
1254070,2021-04-20,2021,Mumbai Indians,Delhi Capitals,"MA Chidambaram Stadium, Chepauk, Chennai",0,0.14614273927392735,0.20000000000000007,5.672493811881196,-0.1479991749174916,0.12830638797420235,117.64900952365156,0.5714285714285714,0.16666666666666663,1,1
1254072,2021-04-21,2021,Chennai Super Kings,Kolkata Knight Riders,"Wankhede Stadium, Mumbai",1,0.081675392670157,0.4,6.473821989528801,-0.5659976730657359,0.08660711182163183,53.20262709805934,0.6363636363636364,0.16666666666666663,-1,1
1254071,2021-04-21,2021,Punjab Kings,Sunrisers Hyderabad,"MA Chidambaram Stadium, Chepauk, Chennai",0,-0.06916709336064175,0.0,2.170592251237423,0.46445639187574717,0.13286481345749124,-39.952436080362986,0.3125,0.5,1,1
1254073,2021-04-22,2021,Rajasthan Royals,Royal Challengers Bengaluru,"Wankhede Stadium, Mumbai",0,0.02397798742138363,-0.19999999999999996,-2.164701257861651,0.2751572327044025,-0.27810138881720725,-34.65035497951476,0.5,-0.16666666666666669,-1,1
1254074,2021-04-23,2021,Mumbai Indians,Punjab Kings,"MA Chidambaram Stadium, Chepauk, Chennai",0,0.13850142597874,0.39999999999999997,0.6918071039668234,-0.2007518796992489,-0.028974924153528647,195.53631795945535,0.56,0.5,-1,1
1254075,2021-04-24,2021,Kolkata Knight Riders,Rajasthan Royals,"Wankhede Stadium, Mumbai",0,0.015625,0.2,-0.84375,-0.2833333333333332,0.12203365986770365,19.26661740184909,0.6,-0.25,-1,1
1254076,2021-04-25,2021,Chennai Super Kings,Royal Challengers Bengaluru,"Wankhede Stadium, Mumbai",1,0.12034465977728798,0.0,3.5596427446826624,-0.5599862594108718,-0.07529475597004165,36.24265029583489,0.64,-0.25,1,1
1254078,2021-04-26,2021,Punjab Kings,Kolkata Knight Riders,"Narendra Modi Stadium, Ahmedabad",0,-0.057455985676694854,0.2,4.577760898461889,0.25421154002658497,0.10184548686511263,-8.158029133368018,0.33333333333333337,0.0,-1,1
1254079,2021-04-27,2021,Royal Challengers Bengaluru,Delhi Capitals,"Narendra Modi Stadium, Ahmedabad",1,0.028604241226430238,0.20000000000000007,3.1601143101329967,-0.24216120933710794,0.21031371927741382,-42.07419616634638,0.5652173913043479,0.0,-1,1
1254080,2021-04-28,2021,Sunrisers Hyderabad,Chennai Super Kings,"Arun Jaitley Stadium, Delhi",0,-0.07639560439560433,-0.6000000000000001,-4.3654945054945244,0.3821538461538454,-0.13315201396327758,-72.20720492594637,0.2857142857142857,0.0,1,1
1254081,2021-04-29,2021,Rajasthan Royals,Mumbai Indians,"Arun Jaitley Stadium, Delhi",0,-0.08512970405553533,0.0,-4.446078431372541,0.17321276336621683,-0.18868951708009973,-129.68146451739972,0.5,0.0,-1,1
1254082,2021-04-29,2021,Kolkata Knight Riders,Delhi Capitals,"Narendra Modi Stadium, Ahmedabad",0,0.06701030927835044,-0.39999999999999997,0.01030927835051898,-0.195876288659794,0.044129767470174386,-55.41037170931281,0.5833333333333333,1.0,-1,1
1254083,2021-04-30,2021,Punjab Kings,Royal Challengers Bengaluru,"Narendra Modi Stadium, Ahmedabad",1,-0.02892628205128206,-0.6000000000000001,1.3985576923076906,0.3135416666666666,-0.07141127789445889,-84.40523569292009,0.5384615384615384,-1.0,-1,1
1254084,2021-05-01,2021,Chennai Super Kings,Mumbai Indians,"Arun Jaitley Stadium, Delhi",0,0.016313474610155976,0.4,1.5643076102892337,-0.70182593629215,0.036387488088383435,-31.881359909460798,0.4,0.0,-1,1
1254085,2021-05-02,2021,Rajasthan Royals,Sunrisers Hyderabad,"Arun Jaitley Stadium, Delhi",1,-0.023809523809523836,0.2,-1.6569664902998227,0.5026455026455023,-0.0913908945171169,-21.03450715988447,0.46153846153846156,0.0,-1,1
1254086,2021-05-02,2021,Punjab Kings,Delhi Capitals,"Narendra Modi Stadium, Ahmedabad",0,0.004676497940746649,-0.19999999999999996,4.642912182808544,0.08760462335591868,0.13481211523454917,-86.91789913449338,0.5769230769230769,0.0,-1,1
1254104,2021-09-19,2021,Chennai Super Kings,Mumbai Indians,Dubai International Cricket Stadium,1,0.011027859856479583,0.20000000000000007,1.5854791051076518,-0.7087906289573658,0.03750297883142828,-59.13620265682198,0.3870967741935484,0.16666666666666663,1,1
1254087,2021-09-20,2021,Royal Challengers Bengaluru,Kolkata Knight Riders,"Zayed Cricket Stadium, Abu Dhabi",0,-0.03322867608581892,0.39999999999999997,3.076321297749871,-0.02946101517530053,0.1622231712551745,41.005287710390576,0.4814814814814815,0.0,1,1
1254111,2021-09-21,2021,Rajasthan Royals,Punjab Kings,Dubai International Cricket Stadium,1,0.04945923723989626,0.0,-3.2176016697235923,-0.04123711340206171,-0.19339837394212545,34.21050658640684,0.5714285714285714,-0.5238095238095237,-1,1
1254105,2021-09-22,2021,Sunrisers Hyderabad,Delhi Capitals,Dubai International Cricket Stadium,0,0.06560340671701748,-0.6000000000000001,2.722400771332161,-0.4033424393379397,0.009032662517167722,-86.13458612594081,0.6111111111111112,0.19999999999999996,1,1
1254096,2021-09-23,2021,Mumbai Indians,Kolkata Knight Riders,"Zayed Cricket Stadium, Abu Dhabi",0,0.0740658582273489,0.0,5.955856255545683,0.10507246376811619,0.07923003933133899,129.0407257420252,0.7857142857142857,-0.5,-1,1
1254113,2021-09-24,2021,Royal Challengers Bengaluru,Chennai Super Kings,Sharjah Cricket Stadium,0,-0.12824804499931408,-0.4,-4.575689394978724,0.6259569213883935,0.017117775746607222,-97.48105253710582,0.34615384615384615,0.15000000000000002,-1,1
1254097,2021-09-25,2021,Delhi Capitals,Rajasthan Royals,"Zayed Cricket Stadium, Abu Dhabi",1,-0.04924476909743719,0.20000000000000007,-1.6545128141636667,-0.10560851801411442,0.05620403262254747,73.18290536571476,0.4782608695652174,0.0,-1,1
1254107,2021-09-25,2021,Punjab Kings,Sunrisers Hyderabad,Sharjah Cricket Stadium,1,-0.06434294871794871,0.2,2.1923477564102427,0.46826923076923066,0.13497985857925698,-25.60310264413056,0.29411764705882354,0.4,-1,1
1254108,2021-09-26,2021,Royal Challengers Bengaluru,Mumbai Indians,Dubai International Cricket Stadium,1,-0.11179098679098681,-0.2,-2.884955322455312,-0.08809246309246355,0.05883958153941471,-112.12988644353618,0.37037037037037035,0.07142857142857145,-1,1
1254098,2021-09-26,2021,Kolkata Knight Riders,Chennai Super Kings,"Zayed Cricket Stadium, Abu Dhabi",0,-0.08976038425850119,-0.20000000000000007,-7.577888761530488,0.6016320069865175,-0.11126371797470647,-95.53212378605758,0.34782608695652173,0.5,1,1
1254100,2021-09-27,2021,Rajasthan Royals,Sunrisers Hyderabad,Dubai International Cricket Stadium,0,-0.008597603946441157,0.39999999999999997,-0.8966878083157042,0.4505990133897111,-0.05153823876489483,39.87996624573498,0.5,-0.2954545454545454,1,1
1254092,2021-09-28,2021,Delhi Capitals,Kolkata Knight Riders,Sharjah Cricket Stadium,0,-0.055555555555555525,0.20000000000000007,0.18181818181815856,0.18181818181818254,-0.05198446063707607,89.11774056612353,0.44,0.55,-1,1
1254099,2021-09-28,2021,Punjab Kings,Mumbai Indians,"Zayed Cricket Stadium, Abu Dhabi",0,-0.12965042476320676,0.0,-0.7609852553461565,0.16011619958988366,0.021443350115390558,-120.79496361954102,0.46153846153846156,0.5,-1,1
1254103,2021-09-29,2021,Rajasthan Royals,Royal Challengers Bengaluru,Dubai International Cricket Stadium,0,0.022613065326633153,0.0,-1.2910032088151695,0.24922806805109943,-0.23908901005046168,-31.462354622072098,0.47619047619047616,-0.33333333333333337,-1,1
1254091,2021-09-30,2021,Sunrisers Hyderabad,Chennai Super Kings,Sharjah Cricket Stadium,0,-0.09424105306458253,-0.6000000000000001,-4.934841628959276,0.40411353352529833,-0.17059504502410405,-148.48860583583405,0.2666666666666667,-0.06666666666666671,-1,1
1254102,2021-10-01,2021,Kolkata Knight Riders,Punjab Kings,Dubai International Cricket Stadium,0,0.06581128995229957,0.19999999999999996,-4.824860342320733,-0.29181440195903363,-0.07227052075363183,69.86479737540662,0.6785714285714286,-0.0714285714285714,-1,1
1254089,2021-10-02,2021,Chennai Super Kings,Rajasthan Royals,"Zayed Cricket Stadium, Abu Dhabi",0,0.11469613963562236,0.4,5.782902280545301,-0.892311122435979,0.2255111840044961,164.63547209969033,0.625,1.0,-1,1
1254112,2021-10-02,2021,Mumbai Indians,Delhi Capitals,Sharjah Cricket Stadium,0,0.12842785355348174,-0.4,5.433046183297449,-0.06800670016750487,0.10903517208334357,19.313653148956973,0.5517241379310345,-0.16666666666666663,-1,1
1254090,2021-10-03,2021,Royal Challengers Bengaluru,Punjab Kings,Sharjah Cricket Stadium,1,0.025454545454545452,0.0,-1.801262626262627,-0.2753030303030304,0.056073943204417276,53.67880578899394,0.4444444444444444,-0.5,1,1
1254109,2021-10-03,2021,Sunrisers Hyderabad,Kolkata Knight Riders,Dubai International Cricket Stadium,0,-0.003549618320610737,-0.39999999999999997,2.502977099236631,-0.18511450381679406,-0.06533721996209074,-40.74561250827219,0.368421052631579,0.18333333333333335,1,1
1254110,2021-10-04,2021,Chennai Super Kings,Delhi Capitals,Dubai International Cricket Stadium,0,0.14846560846560847,0.0,7.63973544973544,-0.7974338624338619,0.17780363485659656,18.63290917983886,0.625,0.24545454545454543,-1,1
1254093,2021-10-05,2021,Rajasthan Royals,Mumbai Indians,Sharjah Cricket Stadium,0,-0.08293838862559244,0.2,-3.4823403294967363,0.14107989167230883,-0.14396907227514077,-90.41089628468899,0.4782608695652174,0.09999999999999998,-1,1
1254095,2021-10-06,2021,Sunrisers Hyderabad,Royal Challengers Bengaluru,"Zayed Cricket Stadium, Abu Dhabi",1,0.02498869289914063,-0.39999999999999997,-0.8580958842152882,-0.17786069651741343,-0.21247022761562917,-86.46187104520709,0.5294117647058824,0.5,-1,1
1254094,2021-10-07,2021,Chennai Super Kings,Punjab Kings,Dubai International Cricket Stadium,0,0.1530018513620735,0.19999999999999996,2.692911928061335,-0.8933086485056867,0.035974374637504525,134.83860745696938,0.6521739130434783,0.011363636363636354,-1,1
1254106,2021-10-07,2021,Kolkata Knight Riders,Rajasthan Royals,Sharjah Cricket Stadium,1,0.02037151520503988,0.39999999999999997,-1.7014042214960625,-0.2942094262415731,0.1097620159350381,41.79811843262996,0.5714285714285714,0.0,-1,1
1254088,2021-10-08,2021,Mumbai Indians,Sunrisers Hyderabad,"Zayed Cricket Stadium, Abu Dhabi",1,0.0736274648886367,0.0,3.003404738260741,0.2645056036317204,0.15005690642069958,119.56337349310706,0.5,-0.5,1,1
1254101,2021-10-08,2021,Delhi Capitals,Royal Challengers Bengaluru,Dubai International Cricket Stadium,0,-0.017511452637801073,0.20000000000000007,-3.0309836953844638,0.17792226983892423,-0.18939026284128602,87.390379048863,0.4166666666666667,-0.09999999999999998,-1,1
1254114,2021-10-10,2021,Delhi Capitals,Chennai Super Kings,Dubai International Cricket Stadium,0,-0.14169820123373594,0.19999999999999996,-7.386216370328128,0.7942823078119332,-0.16642439264602515,14.824877324655745,0.4,-0.1217948717948718,-1,1
1254115,2021-10-11,2021,Royal Challengers Bengaluru,Kolkata Knight Riders,Sharjah Cricket Stadium,0,-0.037043359508364626,0.20000000000000007,3.089986831195432,0.01609520557967148,0.13087824601328002,6.052068995346417,0.4642857142857143,-0.07142857142857145,1,1
1254116,2021-10-13,2021,Delhi Capitals,Kolkata Knight Riders,Sharjah Cricket Stadium,0,-0.0640394088669951,-0.4,0.22660098522169392,0.1970443349753701,-0.05023508981742886,25.150849644946447,0.4230769230769231,0.1428571428571429,-1,1
1254117,2021-10-15,2021,Chennai Super Kings,Kolkata Knight Riders,Dubai International Cricket Stadium,1,0.07965686274509798,-0.4,7.666666666666657,-0.5943627450980395,0.12278659747722642,25.52132211519097,0.6666666666666666,0.11538461538461542,-1,1
1304047,2022-03-26,2022,Chennai Super Kings,Kolkata Knight Riders,"Wankhede Stadium, Mumbai",0,0.08426639706811578,-0.4,7.770605332996325,-0.6213825350688742,0.12918003875832973,53.3215890552699,0.68,0.8,-1,1
1304048,2022-03-27,2022,Mumbai Indians,Delhi Capitals,"Brabourne Stadium, Mumbai",0,0.13097210715272029,0.19999999999999996,5.463684065175357,-0.053231151615576344,0.1464944086914315,43.47799372786449,0.5333333333333333,0.5,-1,1
1304049,2022-03-27,2022,Royal Challengers Bengaluru,Punjab Kings,"Dr DY Patil Sports Academy, Mumbai",0,0.025392156862745097,0.0,-1.7997058823529244,-0.26509803921568587,0.031234120612811722,43.31097833286913,0.4642857142857143,0.0,-1,1
1304050,2022-03-28,2022,Lucknow Super Giants,Gujarat Titans,"Wankhede Stadium, Mumbai",0,0.0,0.0,0.0,0.0,0.0,0.0,0.5,0.0,-1,1
1304051,2022-03-29,2022,Rajasthan Royals,Sunrisers Hyderabad,"Maharashtra Cricket Association Stadium, Pune",1,-0.01334503950834065,-0.2,-1.2512730465320487,0.4468832309043016,-0.0576511663778021,3.616121232740852,0.4666666666666667,0.0,-1,1
1304052,2022-03-30,2022,Kolkata Knight Riders,Royal Challengers Bengaluru,"Dr DY Patil Sports Academy, Mumbai",0,0.046223064172389305,0.4,-3.427066066777172,0.010987449680322392,-0.14942490409871034,60.798710826615434,0.5517241379310345,0.5,-1,1
1304053,2022-03-31,2022,Chennai Super Kings,Lucknow Super Giants,"Brabourne Stadium, Mumbai",0,0.6030927835051546,0.4,2.2628865979381487,-0.8659793814432986,0.35608720825760365,100.29401391630859,0.5,-0.5,-1,1
1304054,2022-04-01,2022,Punjab Kings,Kolkata Knight Riders,"Wankhede Stadium, Mumbai",0,-0.06402768764871292,0.0,5.356117960920017,0.24680943110534326,0.12845557871083813,-52.790748881042646,0.3448275862068966,0.0,-1,1
1304056,2022-04-02,2022,Gujarat Titans,Delhi Capitals,"Maharashtra Cricket Association Stadium, Pune",1,0.5414634146341464,0.6,8.068292682926824,-0.9268292682926829,0.09357772581829593,-58.00702566867403,0.5,0.0,-1,1
1304055,2022-04-02,2022,Rajasthan Royals,Mumbai Indians,"Dr DY Patil Sports Academy, Mumbai",1,-0.08703612614089745,-0.19999999999999996,-4.09198229217904,0.18932065365906947,-0.20085551526968715,-104.30119596941813,0.45833333333333337,0.0,-1,1
1304057,2022-04-03,2022,Punjab Kings,Chennai Super Kings,"Brabourne Stadium, Mumbai",1,-0.14455445544554452,0.19999999999999996,-2.8347804011170297,0.8910637217567903,-0.01829813034771277,-82.66698923435365,0.375,0.5,-1,1
1304058,2022-04-04,2022,Lucknow Super Giants,Sunrisers Hyderabad,"Dr DY Patil Sports Academy, Mumbai",1,-0.0037037037037036535,0.3,29.35925925925926,-0.6222222222222218,1.2885518760371628,59.068429710766395,0.5,0.0,-1,1
1304059,2022-04-05,2022,Rajasthan Royals,Royal Challengers Bengaluru,"Wankhede Stadium, Mumbai",0,0.01941747572815533,0.19999999999999996,-1.3708512079476236,0.32704899525852316,-0.2309201087158872,-25.51889953148111,0.45454545454545453,-0.09999999999999998,-1,1
1304060,2022-04-06,2022,Mumbai Indians,Kolkata Knight Riders,"Maharashtra Cricket Association Stadium, Pune",0,0.05735688729874777,-0.19999999999999996,6.034302325581393,0.11945438282647558,0.102902114623447,1.697259733558667,0.7586206896551724,0.0,-1,1
1304061,2022-04-07,2022,Delhi Capitals,Lucknow Super Giants,"Dr DY Patil Sports Academy, Mumbai",0,-0.21035598705501612,-0.4666666666666666,-26.381877022653725,0.27508090614886704,-0.9651536010594501,38.83792881246791,0.5,-0.5,-1,1
1304062,2022-04-08,2022,Punjab Kings,Gujarat Titans,"Brabourne Stadium, Mumbai",0,-0.541871921182266,-0.4,-8.206896551724128,0.5443349753694582,-0.11522596831732912,-30.564810689790647,0.5,0.5,-1,1
1304064,2022-04-09,2022,Mumbai Indians,Royal Challengers Bengaluru,"Maharashtra Cricket Association Stadium, Pune",0,0.09561191626409021,-0.19999999999999996,2.479267310789055,0.12640901771336566,-0.042721061703145935,11.063832420562903,0.6071428571428571,-0.5,-1,1
1304063,2022-04-09,2022,Chennai Super Kings,Sunrisers Hyderabad,"Dr DY Patil Sports Academy, Mumbai",0,0.09693877551020413,0.2,5.187424969988001,-0.4786914765906367,0.1910527808833784,114.90609384106324,0.75,0.5,-1,1
1304065,2022-04-10,2022,Delhi Capitals,Kolkata Knight Riders,"Brabourne Stadium, Mumbai",1,-0.07220950928044745,-0.39999999999999997,0.5113145181794891,0.17155537064003834,-0.05334377443813132,-37.89798813143193,0.4074074074074074,0.5,-1,1
1304066,2022-04-10,2022,Rajasthan Royals,Lucknow Super Giants,"Wankhede Stadium, Mumbai",1,-0.25289017341040465,-0.35,-18.677745664739888,0.8020231213872835,-0.7180087941558693,-49.43621975136966,0.5,0.3333333333333333,-1,1
1304067,2022-04-11,2022,Gujarat Titans,Sunrisers Hyderabad,"Dr DY Patil Sports Academy, Mumbai",0,0.4963503649635036,0.6,18.846715328467155,-0.6204379562043796,0.6702707586510446,93.70644295504121,0.5,0.0,-1,1
1304068,2022-04-12,2022,Chennai Super Kings,Royal Challengers Bengaluru,"Dr DY Patil Sports Academy, Mumbai",1,0.1083317063647013,-0.39999999999999997,4.386567746973839,-0.5531042561499415,-0.018587412765898037,-24.928612056049815,0.6666666666666666,-0.5,-1,1
1304069,2022-04-13,2022,Punjab Kings,Mumbai Indians,"Maharashtra Cricket Association Stadium, Pune",1,-0.12015451341827049,0.39999999999999997,-0.44101834282099617,0.1878557874762805,0.027578018335056242,-44.59431240165054,0.4444444444444444,0.5,-1,1
1304070,2022-04-14,2022,Gujarat Titans,Rajasthan Royals,"Dr DY Patil Sports Academy, Mumbai",1,0.25,0.15000000000000002,16.367816091954012,-0.5517241379310347,0.5379733754339941,26.173459032153005,0.5,-1.0,-1,1
1304071,2022-04-15,2022,Kolkata Knight Riders,Sunrisers Hyderabad,"Brabourne Stadium, Mumbai",0,0.0165631469979296,0.19999999999999996,-2.736853002070376,0.18198757763975149,0.06435160604323364,88.71509290576319,0.65,-0.5,-1,1
1304073,2022-04-16,2022,Royal Challengers Bengaluru,Delhi Capitals,"Wankhede Stadium, Mumbai",1,0.026522819285977217,0.19999999999999996,2.869709238130298,-0.17666543982333494,0.1820568527505273,-18.84177467091604,0.6,0.0,-1,1
1304072,2022-04-16,2022,Lucknow Super Giants,Mumbai Indians,"Brabourne Stadium, Mumbai",1,0.026605504587155937,0.6,12.486238532110093,-0.08532110091743128,0.3941873567102796,0.32525831504176494,0.5,0.5,-1,1
1304074,2022-04-17,2022,Punjab Kings,Sunrisers Hyderabad,"Dr DY Patil Sports Academy, Mumbai",0,-0.05225478154062119,0.0,2.7457799613967495,0.4781189682400422,0.17378793232447087,14.989490353266092,0.3333333333333333,0.33333333333333337,-1,1
1304075,2022-04-17,2022,Chennai Super Kings,Gujarat Titans,"Maharashtra Cricket Association Stadium, Pune",0,-0.20404040404040413,-0.6000000000000001,-14.609090909090895,-0.02828282828282802,-0.5161723860882947,2.777039088789934,0.5,-0.5,-1,1
1304076,2022-04-18,2022,Rajasthan Royals,Kolkata Knight Riders,"Brabourne Stadium, Mumbai",1,-0.024184157075152368,0.19999999999999996,2.0181719702098917,0.2818415707515234,-0.10298592552217123,-54.205846818276314,0.40909090909090906,0.5,-1,1
1304077,2022-04-19,2022,Royal Challengers Bengaluru,Lucknow Super Giants,"Dr DY Patil Sports Academy, Mumbai",1,-0.18095238095238092,0.0,-19.40952380952379,0.24285714285714288,-0.5613201884668104,21.23300150995783,0.5,-0.6666666666666667,-1,1
1304078,2022-04-20,2022,Punjab Kings,Delhi Capitals,"Brabourne Stadium, Mumbai",0,0.0017652250661959745,0.0,4.781437264830203,0.14458586890881264,0.15938332547574596,-50.172139422523514,0.5555555555555556,-0.5,-1,1
1304079,2022-04-21,2022,Mumbai Indians,Chennai Super Kings,"Dr DY Patil Sports Academy, Mumbai",0,-0.022188568412840448,-0.2,-2.01672747298133,0.7286891076386501,-0.03211222763982313,-27.817825782933824,0.59375,-0.5,-1,1
1304080,2022-04-22,2022,Rajasthan Royals,Delhi Capitals,"Wankhede Stadium, Mumbai",1,0.04285714285714287,0.19999999999999996,1.826731601731609,0.1577380952380949,-0.05899684862817445,-48.03103843332292,0.5,-0.07142857142857145,-1,1
1304082,2022-04-23,2022,Royal Challengers Bengaluru,Sunrisers Hyderabad,"Brabourne Stadium, Mumbai",0,-0.026134055517941734,0.0,1.002979011509808,0.18693297224102956,0.1996774485114603,60.73613464052664,0.4444444444444444,-0.5,-1,1
1304081,2022-04-23,2022,Gujarat Titans,Kolkata Knight Riders,"Dr DY Patil Sports Academy, Mumbai",1,0.3144654088050315,0.4,21.446540880503164,-0.3066037735849054,0.5919445435945896,32.15322083963315,0.5,0.5,1,1
1304083,2022-04-24,2022,Lucknow Super Giants,Mumbai Indians,"Wankhede Stadium, Mumbai",1,0.0032467532467531646,0.6,15.257142857142867,-0.04740259740259756,0.5125913562392643,30.014303788221014,1.0,-0.5,-1,1
1304084,2022-04-25,2022,Punjab Kings,Chennai Super Kings,"Wankhede Stadium, Mumbai",1,-0.14089371980676324,0.0,-2.7114492753623267,0.9117874396135273,-0.01840890483527957,-65.89374697329981,0.4,-0.41666666666666663,-1,1
1304085,2022-04-26,2022,Rajasthan Royals,Royal Challengers Bengaluru,"Maharashtra Cricket Association Stadium, Pune",1,0.01697580215328859,0.0,-0.5903155313932587,0.27539707920264345,-0.19576421234229358,-27.393852682819443,0.43478260869565216,0.0,-1,1
1304086,2022-04-27,2022,Sunrisers Hyderabad,Gujarat Titans,"Wankhede Stadium, Mumbai",0,-0.3394123606889564,0.19999999999999996,-16.934143870314102,-0.47517730496453936,-0.5160562065632579,-46.42207507494959,1.0,-0.5,-1,1
1304087,2022-04-28,2022,Kolkata Knight Riders,Delhi Capitals,"Wankhede Stadium, Mumbai",0,0.0614556215650936,-0.2,-0.5532118461161986,-0.09779053467725785,0.025848157615495637,-25.023317058783277,0.5714285714285714,0.09999999999999998,-1,1
1304088,2022-04-29,2022,Lucknow Super Giants,Punjab Kings,"Maharashtra Cricket Association Stadium, Pune",1,0.16826923076923078,0.19999999999999996,15.086538461538453,-0.20673076923076916,0.4499554342571148,36.3832462102564,0.5,-0.5,-1,1
1304089,2022-04-30,2022,Royal Challengers Bengaluru,Gujarat Titans,"Brabourne Stadium, Mumbai",0,-0.3914319248826291,-0.4,-19.359741784037567,-0.090962441314554,-0.5200656363082157,-50.06542614551404,0.5,-1.0,1,1
1304090,2022-04-30,2022,Rajasthan Royals,Mumbai Indians,"Dr DY Patil Sports Academy, Mumbai",0,-0.059992882200416875,0.8,-3.176267222532914,0.1365346484315415,-0.15763720950749693,64.31416090745802,0.48,0.5,-1,1
1304092,2022-05-01,2022,Chennai Super Kings,Sunrisers Hyderabad,"Maharashtra Cricket Association Stadium, Pune",1,0.07795529395277134,-0.4,5.623186882488966,-0.34408941209445754,0.16131517035513632,14.341519282227864,0.7058823529411765,0.0,-1,1
1304091,2022-05-01,2022,Lucknow Super Giants,Delhi Capitals,"Wankhede Stadium, Mumbai",1,0.20911949685534587,0.0,17.487945492662476,0.19601677148846886,0.460252304656283,-5.101349922515965,1.0,-0.16666666666666669,1,1
1304093,2022-05-02,2022,Rajasthan Royals,Kolkata Knight Riders,"Wankhede Stadium, Mumbai",0,-0.011225395499399493,0.6,2.4866600532553775,0.2185036286743589,-0.08013912116860133,23.469776238047416,0.4347826086956522,0.09999999999999998,-1,1
1304094,2022-05-03,2022,Gujarat Titans,Punjab Kings,"Dr DY Patil Sports Academy, Mumbai",0,0.4343434343434343,0.6,17.081339712918663,-0.42424242424242387,0.5490414858268409,114.65537698880053,1.0,0.16666666666666663,1,1
1304095,2022-05-04,2022,Royal Challengers Bengaluru,Chennai Super Kings,"Maharashtra Cricket Association Stadium, Pune",1,-0.11275099472564076,-0.19999999999999996,-5.059313407976333,0.6167298972887938,-0.018061795948529635,-19.20410806960126,0.3214285714285714,0.0,-1,1
1304096,2022-05-05,2022,Delhi Capitals,Sunrisers Hyderabad,"Brabourne Stadium, Mumbai",1,-0.05509044945664665,-0.19999999999999996,-1.7326241833284257,0.3887192619586983,0.014705086162827286,38.15071657217618,0.42105263157894735,0.0,-1,1
1304097,2022-05-06,2022,Mumbai Indians,Gujarat Titans,"Brabourne Stadium, Mumbai",1,-0.2324324324324325,-0.6000000000000001,-13.309009009009031,0.009909909909909587,-0.40239092327201575,-84.74303920718285,0.5,-0.6666666666666667,-1,1
1304098,2022-05-07,2022,Punjab Kings,Rajasthan Royals,"Wankhede Stadium, Mumbai",0,-0.04285714285714287,-0.19999999999999996,2.55714285714285,0.026984126984126888,0.18367264151490303,-3.1682571336596084,0.4090909090909091,-0.0444444444444444,1,1
1304099,2022-05-07,2022,Lucknow Super Giants,Kolkata Knight Riders,"Maharashtra Cricket Association Stadium, Pune",1,0.1837209302325581,0.6000000000000001,20.444186046511646,-0.018604651162791086,0.552957657454126,46.97350246879182,0.5,0.0,-1,1
1304101,2022-05-08,2022,Chennai Super Kings,Delhi Capitals,"Dr DY Patil Sports Academy, Mumbai",1,0.13318907969246357,-0.19999999999999996,7.068942498043356,-0.724276046222549,0.13455818191560454,-24.234594760984237,0.6153846153846154,0.6666666666666666,-1,1
1304100,2022-05-08,2022,Royal Challengers Bengaluru,Sunrisers Hyderabad,"Wankhede Stadium, Mumbai",1,-0.023223514211886287,0.0,0.3977390180878615,0.24673772609819178,0.13654426705283917,53.08752175849918,0.42105263157894735,0.75,1,1
1304102,2022-05-09,2022,Kolkata Knight Riders,Mumbai Indians,"Dr DY Patil Sports Academy, Mumbai",1,-0.05561783756851024,-0.2,-5.958250290649403,-0.07235093838232842,-0.08674562656553597,-10.206681728997637,0.26666666666666666,-0.3333333333333333,-1,1
1304103,2022-05-10,2022,Gujarat Titans,Lucknow Super Giants,"Maharashtra Cricket Association Stadium, Pune",1,0.0,-0.20000000000000007,-1.7272727272727195,-0.09090909090909083,-0.08372023456769284,-15.16786433647485,1.0,0.0,1,1
1304104,2022-05-11,2022,Rajasthan Royals,Delhi Capitals,"Dr DY Patil Sports Academy, Mumbai",0,0.04694847745085445,0.19999999999999996,1.8452010792753413,0.10756777592188094,-0.06047571745204472,-12.639760585700287,0.52,0.3333333333333333,-1,1
1304105,2022-05-12,2022,Chennai Super Kings,Mumbai Indians,"Wankhede Stadium, Mumbai",0,0.026172969187675088,0.19999999999999996,2.7471113445378137,-0.742296918767507,0.06479691190561532,45.02199804595898,0.42424242424242425,0.5714285714285714,-1,1
1304106,2022-05-13,2022,Punjab Kings,Royal Challengers Bengaluru,"Brabourne Stadium, Mumbai",1,-0.03113480779357558,0.0,1.926035632789194,0.28394330349306607,-0.01286796015210534,-62.52257997984907,0.5517241379310345,0.3333333333333333,-1,1
1304107,2022-05-14,2022,Kolkata Knight Riders,Sunrisers Hyderabad,"Maharashtra Cricket Association Stadium, Pune",1,0.01268075639599553,0.2,-2.6306372159542377,0.27322421738439484,0.030146317724231153,45.05778053465019,0.6190476190476191,0.5,1,1
1304108,2022-05-15,2022,Chennai Super Kings,Gujarat Titans,"Wankhede Stadium, Mumbai",0,-0.15975609756097564,-0.19999999999999996,-8.695121951219505,-0.45691056910569117,-0.23143209127356634,-50.573387797430996,0.0,-0.5,1,1
1304109,2022-05-15,2022,Rajasthan Royals,Lucknow Super Giants,"Brabourne Stadium, Mumbai",1,-0.16666666666666663,-0.4,-10.400183150183153,-0.21703296703296715,-0.4042205389681186,-52.44833623464842,1.0,0.0,1,1
1304110,2022-05-16,2022,Delhi Capitals,Punjab Kings,"Dr DY Patil Sports Academy, Mumbai",1,0.0007861635220125507,0.0,-4.56472746331238,-0.1727812718378754,-0.1270614233783327,42.318442835035285,0.4642857142857143,-0.3333333333333333,-1,1
1304111,2022-05-17,2022,Sunrisers Hyderabad,Mumbai Indians,"Wankhede Stadium, Mumbai",1,-0.06888888888888889,-0.6,-3.04225266362252,-0.32855403348554013,-0.11626245555049763,-54.381880781473,0.47058823529411764,-0.5,-1,1
1304112,2022-05-18,2022,Lucknow Super Giants,Kolkata Knight Riders,"Dr DY Patil Sports Academy, Mumbai",1,0.09703599153140441,0.0,12.215596330275218,0.5314043754410731,0.2710712646470448,11.534190012748695,1.0,0.3333333333333333,1,1
1304113,2022-05-19,2022,Gujarat Titans,Royal Challengers Bengaluru,"Wankhede Stadium, Mumbai",0,0.2853598014888338,0.19999999999999996,10.926267281105993,-0.3356965615030134,0.13720323760603215,55.00933051981815,1.0,0.19999999999999996,1,1
1304114,2022-05-20,2022,Chennai Super Kings,Rajasthan Royals,"Brabourne Stadium, Mumbai",0,0.08464640033954052,0.0,5.03055865032627,-0.8240490211682312,0.1896638768591945,-12.063242909907103,0.6,-1.0,1,1
1304115,2022-05-21,2022,Delhi Capitals,Mumbai Indians,"Wankhede Stadium, Mumbai",0,-0.10554218832837159,0.0,-4.560417601239749,-0.01676114350964486,-0.08473508922892492,65.19980102858335,0.4838709677419355,0.09523809523809523,-1,1
1304116,2022-05-22,2022,Sunrisers Hyderabad,Punjab Kings,"Wankhede Stadium, Mumbai",0,0.04800229951135382,-0.2,-2.8288780300852636,-0.49525725783271035,-0.14912963765944554,-16.241609900811,0.6842105263157895,0.0,1,1
1312197,2022-05-24,2022,Rajasthan Royals,Gujarat Titans,"Eden Gardens, Kolkata",0,-0.20885093167701863,0.19999999999999996,-11.457298136645989,0.5986024844720497,-0.32591580073709814,-32.33917783939273,0.0,0.0,-1,1
1312198,2022-05-25,2022,Royal Challengers Bengaluru,Lucknow Super Giants,"Eden Gardens, Kolkata",1,-0.15661861074705113,0.0,-12.076671035386653,-0.1487549148099605,-0.29726845239409805,-5.936049684271893,1.0,0.0,-1,1
1312199,2022-05-27,2022,Royal Challengers Bengaluru,Rajasthan Royals,"Narendra Modi Stadium, Ahmedabad",0,-0.014118227816857953,0.20000000000000007,0.5806738245094323,-0.25533752931013254,0.1953394122893748,40.90451685431708,0.5416666666666667,0.0,-1,1
1312200,2022-05-29,2022,Rajasthan Royals,Gujarat Titans,"Narendra Modi Stadium, Ahmedabad",0,-0.22795698924731178,0.0,-12.849462365591393,0.7440860215053764,-0.4072258910503255,-42.796949672773735,0.0,0.5,1,1
1359475,2023-03-31,2023,Chennai Super Kings,Gujarat Titans,"Narendra Modi Stadium, Ahmedabad",0,-0.1654589371980676,-0.6000000000000001,-5.819142512077292,0.08756038647343001,-0.15682895975746902,-100.13063457426165,0.0,-0.5,-1,1
1359477,2023-04-01,2023,Lucknow Super Giants,Delhi Capitals,"Bharat Ratna Shri Atal Bihari Vajpayee Ekana Cricket Stadium, Lucknow",1,0.14128440366972472,-0.19999999999999996,16.13730886850155,0.015902140672783283,0.5020637061172639,-2.5015062273955664,1.0,0.0,-1,1
1359476,2023-04-01,2023,Punjab Kings,Kolkata Knight Riders,"Punjab Cricket Association IS Bindra Stadium, Mohali, Chandigarh",1,-0.05803780992617252,0.0,5.1410404130926395,0.22577134809883503,0.11321749041048079,-8.816852693790452,0.33333333333333337,0.0,-1,1
1359479,2023-04-02,2023,Mumbai Indians,Royal Challengers Bengaluru,"M Chinnaswamy Stadium, Bengaluru",0,0.08191830196235478,0.0,1.9004004805766783,0.14329195034040776,-0.054165104650220286,-34.952245250010264,0.5862068965517241,0.0,-1,1
1359478,2023-04-02,2023,Rajasthan Royals,Sunrisers Hyderabad,"Rajiv Gandhi International Stadium, Uppal, Hyderabad",1,0.002673796791443861,0.39999999999999997,0.32779303367539114,0.41187310304957325,-0.029818005808310843,66.20765160143469,0.5,0.0,-1,1
1359480,2023-04-03,2023,Chennai Super Kings,Lucknow Super Giants,"MA Chidambaram Stadium, Chepauk, Chennai",1,-0.043269230769230727,-0.2,-10.610576923076934,-0.7163461538461542,-0.4340919055153414,-69.64312019692784,0.0,0.0,-1,1
1359481,2023-04-04,2023,Delhi Capitals,Gujarat Titans,"Arun Jaitley Stadium, Delhi",0,-0.3080848777867311,-0.4,-13.672575879666937,0.8138597904915397,-0.34746704301037745,-79.78770820464888,0.0,0.0,-1,1
1359482,2023-04-05,2023,Punjab Kings,Rajasthan Royals,"Barsapara Cricket Stadium, Guwahati",1,-0.04485403265710047,0.0,2.3993814943097505,0.06244433448787756,0.18635334487190036,-18.162552185166987,0.391304347826087,0.0,-1,1
1359483,2023-04-06,2023,Kolkata Knight Riders,Royal Challengers Bengaluru,"Eden Gardens, Kolkata",1,0.02494858083093382,-0.19999999999999996,-3.4388934594817044,0.10347593582887704,-0.12531517767240352,-61.97757629195553,0.5333333333333333,-0.5,-1,1
1359484,2023-04-07,2023,Sunrisers Hyderabad,Lucknow Super Giants,"Bharat Ratna Shri Atal Bihari Vajpayee Ekana Cricket Stadium, Lucknow",0,-0.09159099881563365,-0.2,-18.10619818397157,-0.36912751677852373,-0.694016099832119,-88.256013764807,0.0,-0.5,1,1
1359485,2023-04-08,2023,Rajasthan Royals,Delhi Capitals,"Barsapara Cricket Stadium, Guwahati",1,0.04810004810004814,0.0,2.4035113035112943,0.08554593554593559,-0.03375018991690304,7.881569576398078,0.5,-0.5,-1,1
1359486,2023-04-08,2023,Mumbai Indians,Chennai Super Kings,"Wankhede Stadium, Mumbai",0,-0.017942583732057482,0.2,-2.6423444976076667,0.7001594896331733,-0.055743986953508795,-4.06169962803574,0.5882352941176471,0.05555555555555558,-1,1
1359488,2023-04-09,2023,Punjab Kings,Sunrisers Hyderabad,"Rajiv Gandhi International Stadium, Uppal, Hyderabad",0,-0.03037037037037038,0.6000000000000001,3.5492592592592587,0.4274074074074079,0.1989661598122865,99.44948279109622,0.35,0.5,-1,1
1359487,2023-04-09,2023,Gujarat Titans,Kolkata Knight Riders,"Narendra Modi Stadium, Ahmedabad",0,0.26194067370537955,0.20000000000000007,13.875816993464042,-0.8177476118652587,0.3357586632752074,101.81098028945803,1.0,0.5,1,1
1359489,2023-04-10,2023,Royal Challengers Bengaluru,Lucknow Super Giants,"M Chinnaswamy Stadium, Bengaluru",0,-0.12462462462462465,0.0,-14.429429429429433,-0.16066066066066043,-0.463748532435309,-4.743586900333639,1.0,0.5,-1,1
1359490,2023-04-11,2023,Delhi Capitals,Mumbai Indians,"Arun Jaitley Stadium, Delhi",0,-0.11083008950977097,-0.2,-4.657985733762786,0.015886502400759284,-0.09528673827127143,16.573504300723243,0.46875,-1.0,-1,1
1359491,2023-04-12,2023,Rajasthan Royals,Chennai Super Kings,"MA Chidambaram Stadium, Chepauk, Chennai",1,-0.08045112781954888,0.19999999999999996,-4.614536340852112,0.7967418546365916,-0.17424961060702948,20.063640902535326,0.42307692307692313,-0.5,-1,1
1359492,2023-04-13,2023,Punjab Kings,Gujarat Titans,"Punjab Cricket Association IS Bindra Stadium, Mohali, Chandigarh",0,-0.27601261217560025,-0.20000000000000007,-10.614843560514203,1.0875576036866361,-0.3171122816280505,-81.63716500612213,0.5,0.5,-1,1
1359493,2023-04-14,2023,Sunrisers Hyderabad,Kolkata Knight Riders,"Eden Gardens, Kolkata",1,-0.02132927629616377,-0.19999999999999996,1.4165622576218766,-0.25586182208698727,-0.09356184343340956,-79.46338236172551,0.36363636363636365,-0.5,-1,1
1359495,2023-04-15,2023,Lucknow Super Giants,Punjab Kings,"Bharat Ratna Shri Atal Bihari Vajpayee Ekana Cricket Stadium, Lucknow",0,0.17286335103814576,0.0,14.534524384355393,0.008932882665379616,0.5692774031507266,56.85984030703867,1.0,0.5,-1,1
1359494,2023-04-15,2023,Royal Challengers Bengaluru,Delhi Capitals,"M Chinnaswamy Stadium, Bengaluru",1,0.03385448228497556,0.4,2.794853149113237,-0.20615682947521474,0.16149205524657617,43.46752865911503,0.6153846153846154,0.0,-1,1
1359496,2023-04-16,2023,Kolkata Knight Riders,Mumbai Indians,"Wankhede Stadium, Mumbai",0,-0.049522324039773746,0.0,-4.67843634236695,-0.04702671085981702,-0.034311625501805665,17.62598744473894,0.2903225806451613,0.09999999999999998,-1,1
1359497,2023-04-16,2023,Gujarat Titans,Rajasthan Royals,"Narendra Modi Stadium, Ahmedabad",0,0.2421465968586387,0.20000000000000007,11.854973821989546,-1.076178010471204,0.4427354199988365,58.60580482989053,1.0,0.16666666666666663,-1,1
1359498,2023-04-17,2023,Chennai Super Kings,Royal Challengers Bengaluru,"M Chinnaswamy Stadium, Bengaluru",1,0.09633124576844959,0.0,4.393682295192946,-0.545108327691266,-0.009668709709551138,-37.88287018988672,0.6551724137931034,-0.16666666666666663,-1,1
1359499,2023-04-18,2023,Mumbai Indians,Sunrisers Hyderabad,"Rajiv Gandhi International Stadium, Uppal, Hyderabad",1,0.0670995670995671,0.19999999999999996,3.1314935064935128,0.3145648211437688,0.12532424371116058,40.853486857327425,0.5,0.0,-1,1
1359500,2023-04-19,2023,Lucknow Super Giants,Rajasthan Royals,"Sawai Mansingh Stadium, Jaipur",1,0.08958333333333335,-0.20000000000000007,15.6875,0.16875000000000018,0.6828446504939958,-24.188969241400855,0.0,0.0,-1,1
1359501,2023-04-20,2023,Royal Challengers Bengaluru,Punjab Kings,"Punjab Cricket Association IS Bindra Stadium, Mohali, Chandigarh",1,0.023257229832572335,-0.19999999999999996,-1.5313242009132182,-0.3272450532724509,0.02929897062654163,1.5966716024413472,0.43333333333333335,0.0,-1,1
1359502,2023-04-20,2023,Kolkata Knight Riders,Delhi Capitals,"Arun Jaitley Stadium, Delhi",0,0.06496236386931448,0.4,0.11278827674567538,-0.10261851377322273,0.067380962797575,29.85523352675432,0.5517241379310345,0.5,-1,1
1359503,2023-04-21,2023,Sunrisers Hyderabad,Chennai Super Kings,"MA Chidambaram Stadium, Chepauk, Chennai",0,-0.08817363423356761,-0.19999999999999996,-5.797878899987666,0.41410778147737126,-0.18321275175156337,-58.82780777618564,0.2777777777777778,-0.25,-1,1
1359505,2023-04-22,2023,Punjab Kings,Mumbai Indians,"Wankhede Stadium, Mumbai",1,-0.10987460815047023,-0.19999999999999996,-0.2644984326018971,0.20031347962382462,0.03493996786900411,-20.417310293459877,0.4642857142857143,-0.07142857142857145,-1,1
1359504,2023-04-22,2023,Gujarat Titans,Lucknow Super Giants,"Bharat Ratna Shri Atal Bihari Vajpayee Ekana Cricket Stadium, Lucknow",1,0.09523809523809523,0.0,-2.666666666666657,-1.1904761904761907,-0.17958850353986477,31.739159713996514,1.0,-0.16666666666666663,1,1
1359506,2023-04-23,2023,Royal Challengers Bengaluru,Rajasthan Royals,"M Chinnaswamy Stadium, Bengaluru",1,-0.02104635700857449,-0.19999999999999996,0.4716172222476871,-0.26117657847677567,0.19417965122337932,-13.612128074749535,0.52,0.0,-1,1
1359507,2023-04-23,2023,Chennai Super Kings,Kolkata Knight Riders,"Eden Gardens, Kolkata",1,0.07574334898278567,0.4,7.482378716744904,-0.686259780907668,0.10702891706347906,47.394668281823215,0.6538461538461539,0.0,-1,1
1359508,2023-04-24,2023,Delhi Capitals,Sunrisers Hyderabad,"Rajiv Gandhi International Stadium, Uppal, Hyderabad",1,-0.042613636363636354,-0.2,-1.7625811688311614,0.33725649350649345,0.015218562713881667,39.11787893425685,0.45,0.16666666666666669,1,1
1359509,2023-04-25,2023,Gujarat Titans,Mumbai Indians,"Narendra Modi Stadium, Ahmedabad",1,0.1607491221225127,0.0,8.349200156067127,-0.8318376902067888,0.23718301862471414,93.80307079783734,0.0,0.0,-1,1
1359510,2023-04-26,2023,Kolkata Knight Riders,Royal Challengers Bengaluru,"M Chinnaswamy Stadium, Bengaluru",1,0.01986277338115472,-0.39999999999999997,-3.238450742661115,0.12736345561576545,-0.12016401119086595,-83.02002953639953,0.5483870967741935,-0.09999999999999998,-1,1
1359511,2023-04-27,2023,Rajasthan Royals,Chennai Super Kings,"Sawai Mansingh Stadium, Jaipur",1,-0.0836304075537142,-0.20000000000000007,-4.927208786973722,0.820647461219771,-0.1922173399922098,-7.870087434741436,0.4444444444444444,-0.5,1,1
1359512,2023-04-28,2023,Lucknow Super Giants,Punjab Kings,"Punjab Cricket Association IS Bindra Stadium, Mohali, Chandigarh",1,0.12937062937062938,0.19999999999999996,10.77108185931715,0.1415055532702585,0.3545552845770814,23.453256770642383,0.5,0.16666666666666669,-1,1
1359514,2023-04-29,2023,Sunrisers Hyderabad,Delhi Capitals,"Arun Jaitley Stadium, Delhi",1,0.036989247311827955,0.0,1.686738351254462,-0.34838709677419377,-0.01923298107776361,-65.75437034563106,0.5238095238095238,-0.3333333333333333,1,1
1359513,2023-04-29,2023,Kolkata Knight Riders,Gujarat Titans,"Eden Gardens, Kolkata",0,-0.22811721892357784,-0.39999999999999997,-14.838153610419454,0.777054204175446,-0.3666487824705218,-126.84199224863823,0.5,-0.6666666666666667,-1,1
1359515,2023-04-30,2023,Chennai Super Kings,Punjab Kings,"MA Chidambaram Stadium, Chepauk, Chennai",0,0.1265870521684475,0.19999999999999996,2.766520008380496,-0.9346951602765552,0.016186402517977427,20.122421071017015,0.5769230769230769,0.16666666666666663,1,1
1359516,2023-04-30,2023,Rajasthan Royals,Mumbai Indians,"Wankhede Stadium, Mumbai",0,-0.05641025641025643,0.0,-1.941880341880335,0.08974358974358942,-0.11751265660237564,51.33224380724755,0.46153846153846156,0.07142857142857145,1,1
1359517,2023-05-01,2023,Royal Challengers Bengaluru,Lucknow Super Giants,"Bharat Ratna Shri Atal Bihari Vajpayee Ekana Cricket Stadium, Lucknow",1,-0.12185354691075517,0.0,-16.011250953470608,-0.4235316552250188,-0.5091023218470045,-24.794087279726682,0.6666666666666667,0.0,1,1
1359518,2023-05-02,2023,Delhi Capitals,Gujarat Titans,"Narendra Modi Stadium, Ahmedabad",1,-0.29867256637168144,-0.4,-15.644911504424783,0.958333333333333,-0.5073671712248746,-143.91877023714187,0.0,0.06666666666666665,1,1
1359520,2023-05-03,2023,Punjab Kings,Mumbai Indians,"Punjab Cricket Association IS Bindra Stadium, Mohali, Chandigarh",0,-0.1040740387367618,0.0,-0.020360652609468843,0.22032248831218393,0.045496512217374274,7.068048068815187,0.48275862068965514,-0.25,-1,1
1359521,2023-05-04,2023,Kolkata Knight Riders,Sunrisers Hyderabad,"Rajiv Gandhi International Stadium, Uppal, Hyderabad",1,0.015182186234817818,-0.2,-1.34784075573549,0.25843454790823195,0.09417597493434648,27.710728748439806,0.6086956521739131,0.25,1,1
1359522,2023-05-05,2023,Rajasthan Royals,Gujarat Titans,"Sawai Mansingh Stadium, Jaipur",0,-0.2148979591836735,-0.19999999999999996,-10.457142857142856,0.9506122448979593,-0.3940069993025457,-70.6365366338598,0.25,0.0,1,1
1359523,2023-05-06,2023,Mumbai Indians,Chennai Super Kings,"MA Chidambaram Stadium, Chepauk, Chennai",0,-0.015536723163841804,0.0,-2.4934871311990037,0.7111581920903962,-0.04803389513694967,19.850210289358074,0.5714285714285714,-0.09999999999999998,-1,1
1359524,2023-05-06,2023,Royal Challengers Bengaluru,Delhi Capitals,"Arun Jaitley Stadium, Delhi",0,0.03533847604024393,0.0,3.444318334840233,-0.20095031067849067,0.19056176449947237,48.49462851422504,0.6296296296296297,0.25,1,1
1359525,2023-05-07,2023,Gujarat Titans,Lucknow Super Giants,"Narendra Modi Stadium, Ahmedabad",1,0.14743589743589736,0.4,-4.769230769230774,-1.4519230769230766,-0.14587463931015776,72.99724045048538,1.0,0.0,-1,1
1359526,2023-05-07,2023,Rajasthan Royals,Sunrisers Hyderabad,"Sawai Mansingh Stadium, Jaipur",0,0.012092211193378333,0.0,1.3454363218985463,0.3819716124025998,0.02277978304911521,84.35930190197519,0.5294117647058824,-0.16666666666666669,1,1
1359527,2023-05-08,2023,Punjab Kings,Kolkata Knight Riders,"Eden Gardens, Kolkata",0,-0.05109560199625701,0.0,5.005750935745482,0.20816437928883325,0.10875107651908245,15.859063521105327,0.3548387096774194,0.25,1,1
1359528,2023-05-09,2023,Royal Challengers Bengaluru,Mumbai Indians,"Wankhede Stadium, Mumbai",0,-0.07844432214272606,0.19999999999999996,-2.0201797835259754,-0.12827004219409321,0.04405096581104573,17.376790756590253,0.43333333333333335,0.33333333333333337,-1,1
1359529,2023-05-10,2023,Chennai Super Kings,Delhi Capitals,"MA Chidambaram Stadium, Chepauk, Chennai",1,0.12911310534400522,-0.20000000000000007,7.900881235346446,-0.7928490581291943,0.18791789094901468,8.819389838872212,0.6296296296296297,-0.4,1,1
1359530,2023-05-11,2023,Kolkata Knight Riders,Rajasthan Royals,"Eden Gardens, Kolkata",0,0.013043478260869601,0.39999999999999997,-2.8540623627580146,-0.10856389986824766,0.0626297557104536,5.220126469036359,0.5833333333333334,0.4,-1,1
1359531,2023-05-12,2023,Mumbai Indians,Gujarat Titans,"Wankhede Stadium, Mumbai",1,-0.1735138499844382,-0.20000000000000007,-8.634453781512605,1.1053532524120762,-0.35985598369500593,-96.25547485394372,0.5,-0.19444444444444442,-1,1
1359532,2023-05-13,2023,Sunrisers Hyderabad,Lucknow Super Giants,"Rajiv Gandhi International Stadium, Uppal, Hyderabad",0,-0.06632911392405066,0.0,-14.532658227848117,-0.7291139240506332,-0.5501452791703478,-75.51583434275494,0.0,-0.3,1,1
1359533,2023-05-13,2023,Punjab Kings,Delhi Capitals,"Arun Jaitley Stadium, Delhi",1,0.0036293061620572553,-0.19999999999999996,5.63932071809802,0.13341096555070386,0.19206264796773453,-11.793540731454641,0.5172413793103448,0.09999999999999998,-1,1
1359535,2023-05-14,2023,Chennai Super Kings,Kolkata Knight Riders,"MA Chidambaram Stadium, Chepauk, Chennai",0,0.07633345248024148,0.0,7.342269351443662,-0.7151396004607014,0.1119198400925221,49.567552950225036,0.6666666666666666,0.3333333333333333,1,1
1359534,2023-05-14,2023,Royal Challengers Bengaluru,Rajasthan Royals,"Sawai Mansingh Stadium, Jaipur",1,-0.017664077965585445,0.0,0.15397332985273238,-0.20415932476233944,0.15378655313589817,-0.5170795106773767,0.5384615384615384,0.25,1,1
1359536,2023-05-15,2023,Gujarat Titans,Sunrisers Hyderabad,"Narendra Modi Stadium, Ahmedabad",1,0.22371967654986524,0.19999999999999996,12.670485175202174,-0.7443845462713385,0.5400338679585381,165.0387050117629,0.5,0.0714285714285714,-1,1
1359537,2023-05-16,2023,Lucknow Super Giants,Mumbai Indians,"Bharat Ratna Shri Atal Bihari Vajpayee Ekana Cricket Stadium, Lucknow",1,0.00788542001931114,-0.4,11.4660444158352,0.35291277759897,0.419448749986584,-7.792233278608137,1.0,-0.09999999999999998,-1,1
1359538,2023-05-17,2023,Delhi Capitals,Punjab Kings,"Himachal Pradesh Cricket Association Stadium, Dharamsala",1,-0.008003078106964212,0.0,-5.750173143516747,-0.1285494420931128,-0.19796910296245684,-19.224404494552573,0.4666666666666667,0.0,-1,1
1359539,2023-05-18,2023,Sunrisers Hyderabad,Royal Challengers Bengaluru,"Rajiv Gandhi International Stadium, Uppal, Hyderabad",0,0.0004310344827586077,0.0,-1.276293103448296,-0.10366379310344875,-0.18649969028309066,-97.10199729741248,0.55,-0.33333333333333337,-1,1
1359540,2023-05-19,2023,Punjab Kings,Rajasthan Royals,"Himachal Pradesh Cricket Association Stadium, Dharamsala",0,-0.04185022026431717,0.2,2.845066079295151,0.12477973568281886,0.1734682915724548,-10.812436917941568,0.4166666666666667,-0.5,-1,1
1359541,2023-05-20,2023,Chennai Super Kings,Delhi Capitals,"Arun Jaitley Stadium, Delhi",1,0.1299294312992943,-0.19999999999999996,7.724663464389494,-0.7764929134792151,0.18270754424362856,20.612258957462245,0.6428571428571429,0.16666666666666669,1,1
1359542,2023-05-20,2023,Lucknow Super Giants,Kolkata Knight Riders,"Eden Gardens, Kolkata",1,0.07966155810983389,0.0,16.97302043422735,0.22573435504469952,0.5127179249516143,48.30694758987602,1.0,-0.3333333333333333,-1,1
1359543,2023-05-21,2023,Sunrisers Hyderabad,Mumbai Indians,"Wankhede Stadium, Mumbai",0,-0.08219461697722563,-0.39999999999999997,-3.339518633540365,-0.22305900621118013,-0.15552371598589687,-110.83184664360806,0.4736842105263158,-0.35,-1,1
1359544,2023-05-21,2023,Royal Challengers Bengaluru,Gujarat Titans,"M Chinnaswamy Stadium, Bengaluru",0,-0.23486754476838834,0.0,-11.941986088500812,0.7121503625869474,-0.37540738903899573,-73.755708655342,0.5,0.0,-1,1
1370350,2023-05-23,2023,Chennai Super Kings,Gujarat Titans,"MA Chidambaram Stadium, Chepauk, Chennai",1,-0.14696969696969697,-0.20000000000000007,-8.537878787878782,0.17575757575757578,-0.42794730641877443,-89.71475636554237,0.0,0.0714285714285714,-1,1
1370351,2023-05-24,2023,Mumbai Indians,Lucknow Super Giants,"MA Chidambaram Stadium, Chepauk, Chennai",1,-0.038678126852400685,0.0,-11.630260818020162,-0.31802015411973894,-0.41415010295709287,-25.43727945729188,0.0,0.3333333333333333,1,1
1370352,2023-05-26,2023,Gujarat Titans,Mumbai Indians,"Narendra Modi Stadium, Ahmedabad",1,0.13942948547054124,-0.20000000000000007,10.074380165289256,-0.7114102905891766,0.41484508415307,48.459117160032065,0.3333333333333333,0.625,-1,1
1370353,2023-05-29,2023,Gujarat Titans,Chennai Super Kings,"Narendra Modi Stadium, Ahmedabad",0,0.13051470588235292,-0.20000000000000007,10.027573529411768,-0.09219457013574672,0.4888571904555068,65.05717834092002,0.75,0.6666666666666666,-1,1
1422119,2024-03-22,2024,Royal Challengers Bengaluru,Chennai Super Kings,"MA Chidambaram Stadium, Chepauk, Chennai",0,-0.10291060291060289,-0.4,-4.272580272580285,0.5615615615615619,-0.010312383032250239,-44.33216311218507,0.33333333333333337,0.375,1,1
1422120,2024-03-23,2024,Delhi Capitals,Punjab Kings,"Maharaja Yadavindra Singh International Cricket Stadium, Mullanpur",0,-0.0035541439806412445,0.2,-5.817679975801582,-0.13611615245009023,-0.2020634082518633,12.85607239316073,0.4838709677419355,0.0,-1,1
1422121,2024-03-23,2024,Kolkata Knight Riders,Sunrisers Hyderabad,"Eden Gardens, Kolkata",1,0.02924813225242412,0.39999999999999997,-2.1805754252106055,0.24185344142425702,0.05685196364831313,82.84859847077541,0.625,-0.7142857142857143,-1,1
1422123,2024-03-24,2024,Gujarat Titans,Mumbai Indians,"Narendra Modi Stadium, Ahmedabad",1,0.1290684624017958,0.0,13.271230826786393,-0.8309016086793868,0.5590585726206694,56.525373496748216,0.5,0.6,-1,1
1422122,2024-03-24,2024,Rajasthan Royals,Lucknow Super Giants,"Sawai Mansingh Stadium, Jaipur",1,-0.08371933436266932,-0.19999999999999996,-12.163835992451538,-0.3199519643163491,-0.47288837567178277,-37.52245136057218,0.6666666666666667,-0.8,1,1
1422124,2024-03-25,2024,Punjab Kings,Royal Challengers Bengaluru,"M Chinnaswamy Stadium, Bengaluru",0,-0.02659109913592861,0.0,1.9766236179503949,0.36538139923813073,0.00037896493628153394,-25.273129895038892,0.5483870967741935,0.07142857142857145,-1,1
1422125,2024-03-26,2024,Chennai Super Kings,Gujarat Titans,"MA Chidambaram Stadium, Chepauk, Chennai",1,-0.11395410182010024,0.20000000000000007,-11.043392244790311,0.09311527301503641,-0.513221376187575,-28.98899909841589,0.4,0.6666666666666666,-1,1
1422126,2024-03-27,2024,Sunrisers Hyderabad,Mumbai Indians,"Rajiv Gandhi International Stadium, Uppal, Hyderabad",1,-0.08704616312984004,-0.4,-3.0960726138992243,-0.24117469576586537,-0.14996181255693664,-133.65724304558444,0.44999999999999996,-0.8571428571428572,-1,1
1422127,2024-03-28,2024,Rajasthan Royals,Delhi Capitals,"Sawai Mansingh Stadium, Jaipur",1,0.05430671822547062,0.39999999999999997,3.1052989419113715,-0.006607742319296506,0.03627980558057864,59.19153846897416,0.5185185185185186,-0.16666666666666669,-1,1
1422128,2024-03-29,2024,Royal Challengers Bengaluru,Kolkata Knight Riders,"M Chinnaswamy Stadium, Bengaluru",0,-0.025532377227292458,0.0,3.2191438504997905,-0.15196291467477963,0.11893245233569871,23.913919256326608,0.4375,-0.5,-1,1
1422129,2024-03-30,2024,Lucknow Super Giants,Punjab Kings,"Bharat Ratna Shri Atal Bihari Vajpayee Ekana Cricket Stadium, Lucknow",1,0.1101449275362319,0.19999999999999996,9.344927536231864,0.18985507246376798,0.29712699505667395,59.14386693770234,0.6666666666666666,-0.5,1,1
1422131,2024-03-31,2024,Delhi Capitals,Chennai Super Kings,"Dr. Y.S. Rajasekhara Reddy ACA-VDCA Cricket Stadium, Visakhapatnam",1,-0.14503205128205127,-0.8,-8.215430402930394,0.8028083028083026,-0.22316057481464036,-142.7690863325413,0.3448275862068966,0.0,1,1
1422130,2024-03-31,2024,Sunrisers Hyderabad,Gujarat Titans,"Narendra Modi Stadium, Ahmedabad",0,-0.204006968641115,-0.2,-14.612717770034834,0.4768292682926827,-0.6123884277944267,-178.59408944727716,0.33333333333333337,-0.6363636363636364,1,1
1422132,2024-04-01,2024,Mumbai Indians,Rajasthan Royals,"Wankhede Stadium, Mumbai",0,0.05587614356087256,-0.4,3.143420126671373,-0.07923997185080989,0.15856117024425664,-30.808864979132295,0.5555555555555556,0.18181818181818182,-1,1
1422133,2024-04-02,2024,Lucknow Super Giants,Royal Challengers Bengaluru,"M Chinnaswamy Stadium, Bengaluru",1,0.09541309377977408,0.19999999999999996,12.167006941608804,0.60650605689397,0.33508505971516733,34.55090927231822,0.25,0.5555555555555556,-1,1
1422134,2024-04-03,2024,Kolkata Knight Riders,Delhi Capitals,"Dr. Y.S. Rajasekhara Reddy ACA-VDCA Cricket Stadium, Visakhapatnam",1,0.06382978723404253,0.19999999999999996,0.5914893617021164,-0.09361702127659566,0.09139912938413453,41.184427467254864,0.5333333333333333,-0.5,1,1
1422135,2024-04-04,2024,Gujarat Titans,Punjab Kings,"Narendra Modi Stadium, Ahmedabad",0,0.2398989898989899,0.39999999999999997,12.210678210678225,-0.999639249639249,0.4720222188959742,142.82380623648396,0.6666666666666666,0.3333333333333333,-1,1
1422136,2024-04-05,2024,Chennai Super Kings,Sunrisers Hyderabad,"Rajiv Gandhi International Stadium, Uppal, Hyderabad",0,0.11232323232323238,0.6000000000000001,4.637575757575746,-0.4731313131313124,0.15823097962461397,169.16732651882444,0.7368421052631579,0.25,-1,1
1422137,2024-04-06,2024,Royal Challengers Bengaluru,Rajasthan Royals,"Sawai Mansingh Stadium, Jaipur",0,-0.026610644257703042,-0.6000000000000001,0.9019607843137294,-0.20168067226890773,0.1656754467636361,-57.44043425475934,0.5555555555555556,0.5714285714285714,-1,1
1422139,2024-04-07,2024,Lucknow Super Giants,Gujarat Titans,"Bharat Ratna Shri Atal Bihari Vajpayee Ekana Cricket Stadium, Lucknow",1,-0.08192567567567566,0.19999999999999996,-2.3690878378378386,1.235641891891892,-0.1539646922516038,-24.38401260182377,0.0,-0.4285714285714286,1,1
1422138,2024-04-07,2024,Mumbai Indians,Delhi Capitals,"Wankhede Stadium, Mumbai",1,0.11182306738321623,0.0,5.953941022461066,-0.08657158605484305,0.17737607250557552,32.03856889913732,0.5454545454545454,0.20833333333333337,-1,1
1426260,2024-04-08,2024,Kolkata Knight Riders,Chennai Super Kings,"MA Chidambaram Stadium, Chepauk, Chennai",0,-0.07154642267886613,0.20000000000000007,-7.0208489575521185,0.7069146542672868,-0.10336709457913607,-24.90046200396091,0.3571428571428571,-0.19999999999999996,-1,1
1426261,2024-04-09,2024,Sunrisers Hyderabad,Punjab Kings,"Maharaja Yadavindra Singh International Cricket Stadium, Mullanpur",1,0.025031159119235535,0.0,-2.380504777731602,-0.46151848774408055,-0.14153807237198457,-50.64230615317683,0.6666666666666667,-0.5,-1,1
1426262,2024-04-10,2024,Rajasthan Royals,Gujarat Titans,"Sawai Mansingh Stadium, Jaipur",0,-0.1456996148908858,0.6,-14.515404364569974,0.7534017971758669,-0.6095157493680858,0.07254640500127607,0.19999999999999996,-0.5,-1,1
1426263,2024-04-11,2024,Royal Challengers Bengaluru,Mumbai Indians,"Wankhede Stadium, Mumbai",0,-0.08158148832009215,0.0,-2.439804854911671,-0.15266037639964125,0.005399533577360671,-25.448008010187777,0.4193548387096774,0.09890109890109888,-1,1
1426264,2024-04-12,2024,Lucknow Super Giants,Delhi Capitals,"Bharat Ratna Shri Atal Bihari Vajpayee Ekana Cricket Stadium, Lucknow",0,0.15880322209436137,0.39999999999999997,15.795166858458003,0.26505561948599876,0.5170161263659097,124.00274764168717,1.0,0.625,1,1
1426265,2024-04-13,2024,Punjab Kings,Rajasthan Royals,"Maharaja Yadavindra Singh International Cricket Stadium, Mullanpur",0,-0.05477311554648112,-0.4,2.7753031376307433,0.165902745947748,0.1601960675534464,-87.33157531399274,0.4,0.0,-1,1
1426267,2024-04-14,2024,Chennai Super Kings,Mumbai Indians,"Wankhede Stadium, Mumbai",1,0.02579224101179478,0.19999999999999996,1.5571088532044826,-0.7203708966889302,0.0005675003922060995,46.9095589221356,0.4444444444444444,-0.1428571428571429,-1,1
1426266,2024-04-14,2024,Lucknow Super Giants,Kolkata Knight Riders,"Eden Gardens, Kolkata",0,0.07346736162819556,0.0,14.952965996525194,0.3868205510052123,0.4143095169401487,36.52669052400279,1.0,0.125,-1,1
1426268,2024-04-15,2024,Sunrisers Hyderabad,Royal Challengers Bengaluru,"M Chinnaswamy Stadium, Bengaluru",1,0.005863273453093787,0.39999999999999997,-0.3658433133732615,-0.09523453093812417,-0.13783971106152215,-22.206302416108883,0.5238095238095238,0.09999999999999998,-1,1
1426269,2024-04-16,2024,Kolkata Knight Riders,Rajasthan Royals,"Eden Gardens, Kolkata",0,0.00472942800308529,0.0,-2.1347988470750465,-0.06050826127552433,0.06999560099694158,-28.75124869996307,0.56,-0.05555555555555558,-1,1
1426270,2024-04-17,2024,Gujarat Titans,Delhi Capitals,"Narendra Modi Stadium, Ahmedabad",0,0.2170868347338935,0.0,17.897651368239593,-0.7473604826546003,0.6609210630463362,111.15053543966042,0.6666666666666667,-0.13461538461538458,-1,1
1426271,2024-04-18,2024,Mumbai Indians,Punjab Kings,"Maharaja Yadavindra Singh International Cricket Stadium, Mullanpur",1,0.10925754299248275,0.2,0.6404077849860812,-0.22186180619915596,0.013602241765925172,57.480743107558965,0.5333333333333333,0.16666666666666669,-1,1
1426272,2024-04-19,2024,Chennai Super Kings,Lucknow Super Giants,"Bharat Ratna Shri Atal Bihari Vajpayee Ekana Cricket Stadium, Lucknow",0,0.020676691729323293,0.0,-7.4953634085212855,-1.1411027568922298,-0.2806645157214547,45.785534901999426,0.5,-0.05555555555555558,-1,1
1426273,2024-04-20,2024,Sunrisers Hyderabad,Delhi Capitals,"Arun Jaitley Stadium, Delhi",1,0.03621239290695355,0.20000000000000007,4.356096832038247,-0.3363966925682407,0.07785633766897782,-26.099020637222793,0.5454545454545454,0.047619047619047616,-1,1
1426274,2024-04-21,2024,Kolkata Knight Riders,Royal Challengers Bengaluru,"Eden Gardens, Kolkata",1,0.03746592822792055,0.6,-3.1285786211566062,0.11967221653153715,-0.09920429779393203,66.1771581491978,0.5757575757575758,-0.09999999999999998,-1,1
1426275,2024-04-21,2024,Punjab Kings,Gujarat Titans,"Maharaja Yadavindra Singh International Cricket Stadium, Mullanpur",0,-0.198936170212766,-0.2,-10.125,0.7659574468085104,-0.37697738815650084,-121.47161262070222,0.5,-0.25,1,1
1426276,2024-04-22,2024,Mumbai Indians,Rajasthan Royals,"Sawai Mansingh Stadium, Jaipur",0,0.049576923076923074,-0.20000000000000007,3.190115384615382,-0.05838461538461459,0.16254267029148473,-53.685699923620405,0.5357142857142857,0.05555555555555558,1,1
1426277,2024-04-23,2024,Chennai Super Kings,Lucknow Super Giants,"MA Chidambaram Stadium, Chepauk, Chennai",0,0.006186317321688506,-0.19999999999999996,-7.716885007278023,-1.0169820475497335,-0.30179601578418236,11.854821739088266,0.3333333333333333,0.7272727272727273,-1,1
1426278,2024-04-24,2024,Delhi Capitals,Gujarat Titans,"Arun Jaitley Stadium, Delhi",1,-0.20853658536585368,0.0,-15.294207317073159,0.5984756097560968,-0.5218339699232519,-97.9516283430246,0.5,-0.75,-1,1
1426279,2024-04-25,2024,Royal Challengers Bengaluru,Sunrisers Hyderabad,"Rajiv Gandhi International Stadium, Uppal, Hyderabad",1,-0.015917648784781635,-0.8,-0.3500415668247854,0.12587412587412583,0.10219327081940044,-38.01016788704919,0.45454545454545453,0.6666666666666667,1,1
1426280,2024-04-26,2024,Kolkata Knight Riders,Punjab Kings,"Eden Gardens, Kolkata",0,0.06751412429378534,0.39999999999999997,-4.339548022598876,-0.26137005649717526,-0.06438463793661064,102.10996984854842,0.65625,0.45454545454545453,-1,1
1426282,2024-04-27,2024,Lucknow Super Giants,Rajasthan Royals,"Bharat Ratna Shri Atal Bihari Vajpayee Ekana Cricket Stadium, Lucknow",0,0.07784818311134101,-0.20000000000000007,13.525281262123372,0.19565498512866952,0.5198738378261591,-19.351994355751685,0.25,0.09999999999999998,-1,1
1426281,2024-04-27,2024,Delhi Capitals,Mumbai Indians,"Arun Jaitley Stadium, Delhi",1,-0.10947083037146016,0.0,-6.214097964986536,0.0848225355838057,-0.17516466662674723,-17.262093871400793,0.4411764705882353,-0.6666666666666667,-1,1
1426283,2024-04-28,2024,Gujarat Titans,Royal Challengers Bengaluru,"Narendra Modi Stadium, Ahmedabad",0,0.16549088771311,0.2,11.842151675484985,-0.32304526748971174,0.3679665479791723,94.05664002159301,0.6666666666666666,0.23809523809523808,-1,1
1426284,2024-04-28,2024,Chennai Super Kings,Sunrisers Hyderabad,"MA Chidambaram Stadium, Chepauk, Chennai",1,0.09872122762148344,-0.4,3.3447570332480723,-0.5058823529411764,0.09674413414940908,87.43285440058503,0.7,0.4666666666666666,-1,1
1426285,2024-04-29,2024,Delhi Capitals,Kolkata Knight Riders,"Eden Gardens, Kolkata",0,-0.059977367031308904,0.4,-1.0711566818696099,0.0994993312986523,-0.09023479425473369,-4.520506024825863,0.45161290322580644,0.08333333333333331,1,1
1426286,2024-04-30,2024,Mumbai Indians,Lucknow Super Giants,"Bharat Ratna Shri Atal Bihari Vajpayee Ekana Cricket Stadium, Lucknow",0,-0.01942355889724312,0.0,-10.691938178780305,-0.17522974101921474,-0.3750529161664691,-61.31393606194024,0.25,-0.5454545454545454,-1,1
1426287,2024-05-01,2024,Chennai Super Kings,Punjab Kings,"MA Chidambaram Stadium, Chepauk, Chennai",0,0.13726779549564366,0.39999999999999997,2.3173872540961042,-0.9740807715491258,0.015884600223250445,112.40458226745704,0.5555555555555556,0.02564102564102566,-1,1
1426288,2024-05-02,2024,Sunrisers Hyderabad,Rajasthan Royals,"Rajiv Gandhi International Stadium, Uppal, Hyderabad",1,-0.03366750208855479,-0.20000000000000007,1.1685045948203765,-0.22138680033416858,0.052061015665314514,-151.4215639034701,0.5,-0.7,1,1
1426289,2024-05-03,2024,Kolkata Knight Riders,Mumbai Indians,"Wankhede Stadium, Mumbai",1,-0.040783327344592224,0.39999999999999997,-4.990298239310107,-0.05138339920948631,-0.07179540980621546,45.93256799032247,0.28125,-0.17142857142857143,-1,1
1426290,2024-05-04,2024,Gujarat Titans,Royal Challengers Bengaluru,"M Chinnaswamy Stadium, Bengaluru",0,0.1483987800228746,0.0,12.325962638200537,-0.361418223408311,0.3785344844705154,56.12789002231284,0.5,0.6363636363636364,-1,1
1426292,2024-05-05,2024,Kolkata Knight Riders,Lucknow Super Giants,"Bharat Ratna Shri Atal Bihari Vajpayee Ekana Cricket Stadium, Lucknow",1,-0.07122507122507127,0.0,-15.006331117442215,-0.20227920227920304,-0.4184100214070412,-27.112977297310863,0.25,-0.08333333333333337,-1,1
1426291,2024-05-05,2024,Chennai Super Kings,Punjab Kings,"Himachal Pradesh Cricket Association Stadium, Dharamsala",1,0.13242538394668207,0.0,2.3033541002608047,-0.9529846421327157,0.01141640844050329,73.02382176521542,0.5357142857142857,0.5,-1,1
1426293,2024-05-06,2024,Sunrisers Hyderabad,Mumbai Indians,"Wankhede Stadium, Mumbai",0,-0.06674601721296469,0.39999999999999997,-1.7426295550265536,-0.2612616736861382,-0.09249497662117889,4.136202264636495,0.47619047619047616,-0.3625,-1,1
1426294,2024-05-07,2024,Delhi Capitals,Rajasthan Royals,"Arun Jaitley Stadium, Delhi",1,-0.06391278060577693,-0.20000000000000007,-3.054395100735263,0.07557583913560695,-0.020229235236810084,-88.42162248132604,0.4642857142857143,-0.09999999999999998,-1,1
1426295,2024-05-08,2024,Lucknow Super Giants,Sunrisers Hyderabad,"Rajiv Gandhi International Stadium, Uppal, Hyderabad",0,0.0894508670520231,0.19999999999999996,10.939450867052045,0.49667630057803436,0.4342845843540193,93.97652749598274,1.0,0.6363636363636364,1,1
1426296,2024-05-09,2024,Royal Challengers Bengaluru,Punjab Kings,"Himachal Pradesh Cricket Association Stadium, Dharamsala",1,0.02974980787293996,0.19999999999999996,-1.2238237554436182,-0.35909828366493013,0.05019091059403635,37.496947594140465,0.46875,0.5,-1,1
1426297,2024-05-10,2024,Gujarat Titans,Chennai Super Kings,"Narendra Modi Stadium, Ahmedabad",1,0.025653531018337894,-0.2,8.161334373780704,0.33086227077643393,0.3721154492255021,-37.98958223783279,0.5,0.033333333333333326,-1,1
1426298,2024-05-11,2024,Kolkata Knight Riders,Mumbai Indians,"Eden Gardens, Kolkata",1,-0.036370941819350744,0.6000000000000001,-4.601639344262281,-0.03847637415621996,-0.06065006052323163,72.97900276727,0.30303030303030304,-0.038461538461538436,-1,1
1426299,2024-05-12,2024,Rajasthan Royals,Chennai Super Kings,"MA Chidambaram Stadium, Chepauk, Chennai",0,-0.07131914207385903,0.19999999999999996,-4.629414610546689,0.7404854055797454,-0.15288998351567074,25.924113656610416,0.4642857142857143,0.3571428571428571,1,1
1426300,2024-05-12,2024,Royal Challengers Bengaluru,Delhi Capitals,"M Chinnaswamy Stadium, Bengaluru",1,0.028821804611488755,0.20000000000000007,4.171464747434385,-0.23204051712648344,0.21175033222120376,-4.268459685002654,0.6071428571428572,0.4166666666666667,-1,1
1426302,2024-05-14,2024,Delhi Capitals,Lucknow Super Giants,"Arun Jaitley Stadium, Delhi",1,-0.1079143852663017,0.19999999999999996,-14.945744151319047,-0.11358885017421638,-0.491272814427969,-35.589373723162225,0.25,-0.04545454545454547,-1,1
1426303,2024-05-15,2024,Rajasthan Royals,Punjab Kings,"Barsapara Cricket Stadium, Guwahati",0,0.06173708920187787,0.0,-2.243779342723002,-0.2167253521126753,-0.1446865191327209,103.37037227119572,0.6153846153846154,-0.5,1,1
1426305,2024-05-17,2024,Lucknow Super Giants,Mumbai Indians,"Wankhede Stadium, Mumbai",1,-0.007068452380952328,0.0,9.62481398809524,0.26543898809523814,0.3424749744545039,44.158053559058544,0.8,-0.08823529411764708,-1,1
1426306,2024-05-18,2024,Royal Challengers Bengaluru,Chennai Super Kings,"M Chinnaswamy Stadium, Bengaluru",1,-0.10140408303902143,0.4,-3.256628477905082,0.5963304332845203,0.04744920805422481,-30.224593161396797,0.32258064516129037,-0.5384615384615384,-1,1
1426307,2024-05-19,2024,Punjab Kings,Sunrisers Hyderabad,"Rajiv Gandhi International Stadium, Uppal, Hyderabad",0,-0.036223589450088245,0.19999999999999996,0.9650403014260576,0.47887156007058707,0.03713625336453141,-13.555385277225014,0.3181818181818182,-0.4166666666666667,1,1
1426309,2024-05-21,2024,Sunrisers Hyderabad,Kolkata Knight Riders,"Narendra Modi Stadium, Ahmedabad",0,-0.031020408163265345,-0.20000000000000007,3.2457142857142856,-0.2334693877551013,0.02581237631454769,-77.71848874798593,0.36,-0.6666666666666666,1,1
1426310,2024-05-22,2024,Royal Challengers Bengaluru,Rajasthan Royals,"Narendra Modi Stadium, Ahmedabad",0,-0.021442568586071742,0.8,1.6797558034368478,-0.1580871269219175,0.218623353156433,11.72290930784493,0.5357142857142857,-0.16666666666666663,-1,1
1426311,2024-05-24,2024,Sunrisers Hyderabad,Rajasthan Royals,"MA Chidambaram Stadium, Chepauk, Chennai",1,-0.02299154334038056,0.39999999999999997,1.519978858350953,-0.2551532769556024,0.12056822316123572,-63.933991726252316,0.5263157894736843,-0.33333333333333337,-1,1
1426312,2024-05-26,2024,Sunrisers Hyderabad,Kolkata Knight Riders,"MA Chidambaram Stadium, Chepauk, Chennai",0,-0.032864820173625464,-0.4,3.29647237150337,-0.1745211519911809,0.012007597461041186,-83.38795753510044,0.34615384615384615,-0.11428571428571432,1,1
1473438,2025-03-22,2025,Kolkata Knight Riders,Royal Challengers Bengaluru,"Eden Gardens, Kolkata",0,0.04037201437328258,0.19999999999999996,-3.518413735915317,0.07147618815342405,-0.0939105610373474,67.93984685581563,0.5882352941176471,0.16666666666666669,-1,1
1473440,2025-03-23,2025,Mumbai Indians,Chennai Super Kings,"MA Chidambaram Stadium, Chepauk, Chennai",0,-0.032216579832486936,-0.2,-1.8187693728154102,0.7397117984567698,-0.004669367540262925,-78.22665266327931,0.5405405405405406,-0.23809523809523808,-1,1
1473439,2025-03-23,2025,Sunrisers Hyderabad,Rajasthan Royals,"Rajiv Gandhi International Stadium, Uppal, Hyderabad",1,-0.020495214315439103,0.39999999999999997,1.4314398668331023,-0.21743653766125703,0.11613834828690273,-39.94239105725478,0.55,-0.038461538461538436,-1,1
1473441,2025-03-24,2025,Lucknow Super Giants,Delhi Capitals,"Dr. Y.S. Rajasekhara Reddy ACA-VDCA Cricket Stadium, Visakhapatnam",0,0.10285498203819249,-0.19999999999999996,16.18321043675553,0.18377765173000604,0.5460354122630928,15.630786611329768,0.6,0.0,-1,1
1473442,2025-03-25,2025,Punjab Kings,Gujarat Titans,"Narendra Modi Stadium, Ahmedabad",1,-0.17180899908172637,0.0,-11.662901744719903,0.6805325987144171,-0.4351278344705314,-83.92050071124117,0.4,-0.0625,-1,1
1473443,2025-03-26,2025,Rajasthan Royals,Kolkata Knight Riders,"Barsapara Cricket Stadium, Guwahati",0,-0.017281105990783363,-0.6000000000000001,2.0892857142857224,0.07430875576036833,-0.11047545815063486,-65.20093468178857,0.46153846153846156,-0.16666666666666669,-1,1
1473444,2025-03-27,2025,Sunrisers Hyderabad,Lucknow Super Giants,"Rajiv Gandhi International Stadium, Uppal, Hyderabad",0,-0.05383443372270186,0.39999999999999997,-12.222194007110204,-0.5073641442356527,-0.43472805695722627,-11.257854116838416,0.25,0.0,-1,1
1473445,2025-03-28,2025,Royal Challengers Bengaluru,Chennai Super Kings,"MA Chidambaram Stadium, Chepauk, Chennai",1,-0.09849789029535871,0.20000000000000007,-3.002413502109704,0.5797130801687764,0.06328060123809465,-6.9095276453881525,0.34375,0.0625,-1,1
1473446,2025-03-29,2025,Gujarat Titans,Mumbai Indians,"Narendra Modi Stadium, Ahmedabad",1,0.0583080552746883,0.0,12.449106841927858,-0.50623525446579,0.49291356694624966,66.81313737968435,0.6,0.5294117647058824,-1,1
1473447,2025-03-30,2025,Sunrisers Hyderabad,Delhi Capitals,"Dr. Y.S. Rajasekhara Reddy ACA-VDCA Cricket Stadium, Visakhapatnam",0,0.031399010346378764,-0.19999999999999996,4.7479082321187605,-0.27739541160593806,0.1452277847530361,-41.489957667918816,0.5652173913043479,-0.16666666666666663,1,1
1473448,2025-03-30,2025,Rajasthan Royals,Chennai Super Kings,"Barsapara Cricket Stadium, Guwahati",1,-0.07944645748207546,-0.2,-4.392221108626956,0.7475136843728318,-0.14785470168368775,-36.88273230514574,0.4482758620689655,-0.25,-1,1
1473449,2025-03-31,2025,Kolkata Knight Riders,Mumbai Indians,"Wankhede Stadium, Mumbai",0,-0.022158130591865555,0.6000000000000001,-4.706020995177624,-0.0929897194957432,-0.02922376914858482,151.18958245747945,0.3235294117647059,-0.05555555555555558,-1,1
1473450,2025-04-01,2025,Lucknow Super Giants,Punjab Kings,"Bharat Ratna Shri Atal Bihari Vajpayee Ekana Cricket Stadium, Lucknow",0,0.10288065843621402,0.0,11.990946502057625,0.07983539094650194,0.4802960828419778,60.88270392072127,0.75,0.038461538461538436,-1,1
1473451,2025-04-02,2025,Royal Challengers Bengaluru,Gujarat Titans,"M Chinnaswamy Stadium, Bengaluru",0,-0.12698143595829448,0.4,-13.961685174196845,0.28880223785708203,-0.4373804621982256,31.009012982506647,0.6,0.0,-1,1
1473452,2025-04-03,2025,Kolkata Knight Riders,Sunrisers Hyderabad,"Eden Gardens, Kolkata",1,0.03781215469613264,0.19999999999999996,-4.194961325966858,0.10137016574585633,-0.03274017612736024,90.5141520284435,0.6666666666666666,-0.033333333333333326,-1,1
1473453,2025-04-04,2025,Lucknow Super Giants,Mumbai Indians,"Bharat Ratna Shri Atal Bihari Vajpayee Ekana Cricket Stadium, Lucknow",1,-0.006521739130434856,0.2,11.934615384615398,0.29163879598662223,0.48343027767744573,54.28810338969947,0.8333333333333334,0.5,-1,1
1473455,2025-04-05,2025,Rajasthan Royals,Punjab Kings,"Maharaja Yadavindra Singh International Cricket Stadium, Mullanpur",1,0.05193128228160793,-0.19999999999999996,-2.4293547421214043,-0.13840856351523279,-0.16479103283371188,28.386148435386076,0.5925925925925926,0.8,-1,1
1473454,2025-04-05,2025,Delhi Capitals,Chennai Super Kings,"MA Chidambaram Stadium, Chepauk, Chennai",1,-0.12191253880415714,0.4,-7.202675799703087,0.7973410716695915,-0.1451775382478555,25.60573134292008,0.3666666666666667,-0.1470588235294118,1,1
1473457,2025-04-06,2025,Sunrisers Hyderabad,Gujarat Titans,"Rajiv Gandhi International Stadium, Uppal, Hyderabad",0,-0.14148351648351648,-0.39999999999999997,-13.738324175824175,0.37133699633699635,-0.5352405744914783,-79.09651278089586,0.25,-0.033333333333333326,-1,1
1473458,2025-04-07,2025,Royal Challengers Bengaluru,Mumbai Indians,"Wankhede Stadium, Mumbai",1,-0.05979748221127529,0.39999999999999997,-0.9578544061302523,-0.13615216201423141,0.06812557667898922,97.31862958218721,0.40625,0.046052631578947345,-1,1
1473456,2025-04-08,2025,Lucknow Super Giants,Kolkata Knight Riders,"Eden Gardens, Kolkata",1,0.02729507501907269,0.0,17.112401457997777,0.3895058065609902,0.5423204202720608,-53.115955718327086,0.6,-0.16666666666666669,-1,1
1473459,2025-04-08,2025,Punjab Kings,Chennai Super Kings,"Maharaja Yadavindra Singh International Cricket Stadium, Mullanpur",1,-0.1261054421768708,0.39999999999999997,-1.9144557823129276,0.9091836734693874,0.01849037380690355,-31.976761312643248,0.4482758620689655,-0.33333333333333337,1,1
1473460,2025-04-09,2025,Gujarat Titans,Rajasthan Royals,"Narendra Modi Stadium, Ahmedabad",1,0.1235621521335808,0.4,14.732653061224482,-0.591836734693878,0.6641366175669248,27.175287601524815,0.8333333333333334,-0.19444444444444442,-1,1
1473461,2025-04-10,2025,Royal Challengers Bengaluru,Delhi Capitals,"M Chinnaswamy Stadium, Bengaluru",0,0.02827118751686586,-0.20000000000000007,4.526707620997826,-0.22210581456259781,0.22323111632102588,-4.659093617970257,0.6206896551724138,0.4666666666666667,-1,1
1473462,2025-04-11,2025,Chennai Super Kings,Kolkata Knight Riders,"MA Chidambaram Stadium, Chepauk, Chennai",0,0.05295396166765454,-0.2,6.332641770401096,-0.6637357570967533,0.024393344400934325,-72.37145841569554,0.6551724137931034,0.11111111111111116,-1,1
1473464,2025-04-12,2025,Punjab Kings,Sunrisers Hyderabad,"Rajiv Gandhi International Stadium, Uppal, Hyderabad",0,-0.025589764094362255,0.39999999999999997,1.0505797680927742,0.317006530721045,0.044165907435507634,35.643210725517065,0.30434782608695654,-0.4375,1,1
1473463,2025-04-12,2025,Gujarat Titans,Lucknow Super Giants,"Bharat Ratna Shri Atal Bihari Vajpayee Ekana Cricket Stadium, Lucknow",0,0.07750000000000001,0.20000000000000007,-0.4791666666666572,-0.809166666666667,-0.005778365027090615,27.538352666782657,0.8,-0.033333333333333326,-1,1
1473465,2025-04-13,2025,Rajasthan Royals,Royal Challengers Bengaluru,"Sawai Mansingh Stadium, Jaipur",0,0.01859835393878928,-0.19999999999999996,-1.5719884561941058,0.18739088609398902,-0.21708872399736734,-23.806158683059266,0.4827586206896552,0.0,-1,1
1473466,2025-04-13,2025,Mumbai Indians,Delhi Capitals,"Arun Jaitley Stadium, Delhi",1,0.0818015267175572,-0.8,5.3745954198473385,-0.06290076335877881,0.1478055452047755,-138.58650350998528,0.5428571428571429,0.25,-1,1
1473467,2025-04-14,2025,Lucknow Super Giants,Chennai Super Kings,"Bharat Ratna Shri Atal Bihari Vajpayee Ekana Cricket Stadium, Lucknow",0,-0.002951593860684776,0.8,12.286726260752232,0.9192106594703997,0.5923901441727626,81.91283794919855,0.75,0.5625,-1,1
1473468,2025-04-15,2025,Punjab Kings,Kolkata Knight Riders,"Maharaja Yadavindra Singh International Cricket Stadium, Mullanpur",1,-0.07225040405818434,0.0,5.031652557968357,0.26066153526107794,0.053331668048230085,-100.04825210922877,0.36363636363636365,-0.2142857142857143,1,1
1473470,2025-04-17,2025,Sunrisers Hyderabad,Mumbai Indians,"Wankhede Stadium, Mumbai",0,-0.06383286493635315,-0.2,-0.778517110266165,-0.15273185650520738,-0.008522403582341909,14.994142318978447,0.4545454545454546,-0.3833333333333334,-1,1
1473471,2025-04-18,2025,Royal Challengers Bengaluru,Punjab Kings,"M Chinnaswamy Stadium, Bengaluru",0,0.034550917141049964,0.0,-0.9342979127134754,-0.36162239089184123,0.04923218842071364,60.84429765362438,0.48484848484848486,0.4375,-1,1
1473472,2025-04-19,2025,Delhi Capitals,Gujarat Titans,"Narendra Modi Stadium, Ahmedabad",0,-0.16529958596984612,0.0,-18.472384969924207,0.6244043434106707,-0.6961933192708116,-1.2690427547590843,0.6,0.2210526315789474,-1,1
1473473,2025-04-19,2025,Lucknow Super Giants,Rajasthan Royals,"Sawai Mansingh Stadium, Jaipur",1,0.055495495495495595,0.19999999999999996,16.056036036036033,0.19099099099099082,0.7052669396757079,38.98309728073946,0.2,0.04545454545454547,1,1
1473475,2025-04-20,2025,Chennai Super Kings,Mumbai Indians,"Wankhede Stadium, Mumbai",0,0.026889263000374197,-0.39999999999999997,1.3928170594837468,-0.7101103628881411,-0.02855831685344512,24.232844930691954,0.47368421052631576,-0.025974025974025983,-1,1
1473474,2025-04-20,2025,Punjab Kings,Royal Challengers Bengaluru,"Maharaja Yadavindra Singh International Cricket Stadium, Mullanpur",0,-0.030449924698795205,0.19999999999999996,0.9353978413654715,0.34445594879518104,-0.04412327274965122,-25.64363562527933,0.5294117647058824,-0.125,-1,1
1473476,2025-04-21,2025,Gujarat Titans,Kolkata Knight Riders,"Eden Gardens, Kolkata",1,0.11099333737129013,0.4,18.779376135675363,-0.5287704421562687,0.6171890784638183,15.016141904025972,0.6666666666666666,0.5294117647058824,-1,1
1473477,2025-04-22,2025,Lucknow Super Giants,Delhi Capitals,"Bharat Ratna Shri Atal Bihari Vajpayee Ekana Cricket Stadium, Lucknow",0,0.10830999066293184,0.20000000000000007,18.796218487394952,0.11297852474323111,0.6927319483125292,15.90041668447111,0.5,0.02941176470588236,-1,1
1473478,2025-04-23,2025,Sunrisers Hyderabad,Mumbai Indians,"Rajiv Gandhi International Stadium, Uppal, Hyderabad",0,-0.06986231514533398,-0.39999999999999997,-0.8470168281489237,-0.13850076491585916,-0.023802165820034915,-32.34427559764163,0.4347826086956522,-0.02941176470588236,-1,1
1473479,2025-04-24,2025,Royal Challengers Bengaluru,Rajasthan Royals,"M Chinnaswamy Stadium, Bengaluru",1,-0.01196977892551171,0.19999999999999996,1.2191551360122617,-0.1912547329483001,0.21170150483260386,61.37232271547191,0.5333333333333333,0.4117647058823529,-1,1
1473480,2025-04-25,2025,Chennai Super Kings,Sunrisers Hyderabad,"MA Chidambaram Stadium, Chepauk, Chennai",0,0.09527586814736466,0.0,2.3305129561078957,-0.5656619072800986,-0.007235626908764559,38.09568042682781,0.7142857142857143,0.32894736842105265,-1,1
1473482,2025-04-27,2025,Mumbai Indians,Lucknow Super Giants,"Wankhede Stadium, Mumbai",1,-0.005060728744939236,0.20000000000000007,-13.262579525737436,-0.22946790052053245,-0.5165211966033816,-37.18682531168997,0.1428571428571429,-0.009090909090909038,-1,1
1473483,2025-04-27,2025,Delhi Capitals,Royal Challengers Bengaluru,"Arun Jaitley Stadium, Delhi",0,-0.029797469130128373,0.0,-4.101939516499698,0.2373533106596808,-0.20515863841401938,-8.333224447112798,0.4,0.46153846153846156,-1,1
1473484,2025-04-28,2025,Gujarat Titans,Rajasthan Royals,"Sawai Mansingh Stadium, Jaipur",0,0.14150943396226412,0.6000000000000001,16.39841644204853,-0.6782345013477089,0.7406169010991075,107.61979712617494,0.8571428571428571,0.5833333333333333,-1,1
1473485,2025-04-29,2025,Kolkata Knight Riders,Delhi Capitals,"Arun Jaitley Stadium, Delhi",1,0.06093870619113789,0.0,0.04171684421800137,-0.1335494827852397,0.09821168998728425,0.7455164171954038,0.5625,-0.42857142857142855,-1,1
1473486,2025-04-30,2025,Chennai Super Kings,Punjab Kings,"MA Chidambaram Stadium, Chepauk, Chennai",0,0.11542857142857138,-0.39999999999999997,1.7631020408163067,-0.8863673469387754,-0.041791297158260576,-33.28263527082322,0.5333333333333333,-0.19999999999999996,-1,1
1473487,2025-05-01,2025,Mumbai Indians,Rajasthan Royals,"Sawai Mansingh Stadium, Jaipur",1,0.0520848938826467,0.8,2.3053183520599134,-0.052434456928838635,0.14671668433390117,22.231994509116475,0.5172413793103449,-0.46153846153846156,-1,1
1473488,2025-05-02,2025,Gujarat Titans,Sunrisers Hyderabad,"Narendra Modi Stadium, Ahmedabad",1,0.14834620716973662,0.19999999999999996,15.591206179441485,-0.5087145969498907,0.6409570586319777,105.90209072958464,0.8,0.6,-1,1
1473489,2025-05-03,2025,Royal Challengers Bengaluru,Chennai Super Kings,"M Chinnaswamy Stadium, Bengaluru",1,-0.07489719684841634,0.6000000000000001,-2.605581190947049,0.502275794958722,0.09084594492053455,127.30134396019594,0.36363636363636365,-0.05555555555555558,-1,1
1473491,2025-05-04,2025,Punjab Kings,Lucknow Super Giants,"Himachal Pradesh Cricket Association Stadium, Dharamsala",1,-0.08900248064346389,0.19999999999999996,-13.224460647974126,-0.07795234157708819,-0.49582499292578497,-11.839325100173255,0.4,-0.5,-1,1
1473490,2025-05-04,2025,Kolkata Knight Riders,Rajasthan Royals,"Eden Gardens, Kolkata",1,0.0234375,0.2,-2.6623686393805315,-0.08410536504424737,0.09356123331607691,73.40552696267537,0.5555555555555556,-0.2222222222222222,1,1
1473493,2025-05-06,2025,Mumbai Indians,Gujarat Titans,"Wankhede Stadium, Mumbai",0,-0.08039348710990502,0.4,-15.139416553595652,0.6055630936227949,-0.6283252475231862,-42.90427681692586,0.33333333333333337,0.008695652173913104,-1,1
1473494,2025-05-07,2025,Kolkata Knight Riders,Chennai Super Kings,"Eden Gardens, Kolkata",0,-0.04150979063942406,0.39999999999999997,-6.477008144425724,0.6264748972101009,-0.012595527193171918,127.015398999132,0.3666666666666667,-0.5263157894736843,1,1
1473497,2025-05-18,2025,Punjab Kings,Rajasthan Royals,"Sawai Mansingh Stadium, Jaipur",1,-0.037479896510733524,0.6000000000000001,2.165303125655555,0.13626669463673924,0.15125033611399274,55.81031145814018,0.39285714285714285,0.07142857142857145,1,1
1473498,2025-05-18,2025,Delhi Capitals,Gujarat Titans,"Arun Jaitley Stadium, Delhi",0,-0.18403361344537822,-0.6000000000000001,-20.059453781512588,0.7095238095238097,-0.7718799245146286,-63.65187089110373,0.5,-0.09999999999999998,-1,1
1473499,2025-05-19,2025,Lucknow Super Giants,Sunrisers Hyderabad,"Bharat Ratna Shri Atal Bihari Vajpayee Ekana Cricket Stadium, Lucknow",0,0.05831363278171792,-0.2,14.2340425531915,0.4347911741528767,0.5482313525604621,58.56218714231545,0.8,0.5,-1,1
1473500,2025-05-20,2025,Chennai Super Kings,Rajasthan Royals,"Arun Jaitley Stadium, Delhi",0,0.07293435200905496,0.0,3.6676570458404,-0.7202178834182229,0.09917092280016426,3.007220049619491,0.5333333333333333,0.3333333333333333,-1,1
1473501,2025-05-21,2025,Mumbai Indians,Delhi Capitals,"Wankhede Stadium, Mumbai",1,0.09687209572490707,0.6000000000000001,5.265494307620827,-0.11416705390334592,0.15824279573209488,6.715796077182176,0.5555555555555556,0.25000000000000006,-1,1
1473502,2025-05-22,2025,Lucknow Super Giants,Gujarat Titans,"Narendra Modi Stadium, Ahmedabad",1,-0.12185007974481665,-0.6000000000000001,-1.5071770334928374,1.00956937799043,-0.11033768741819294,-111.41259283124236,0.33333333333333337,-0.6190476190476191,-1,1
1473503,2025-05-23,2025,Sunrisers Hyderabad,Royal Challengers Bengaluru,"Bharat Ratna Shri Atal Bihari Vajpayee Ekana Cricket Stadium, Lucknow",1,-0.014672364672364713,-0.4,0.3437525437525437,0.014814814814815058,-0.07591124164637542,-121.35033687288274,0.5217391304347826,-0.5,-1,1
1485779,2025-05-24,2025,Punjab Kings,Delhi Capitals,"Sawai Mansingh Stadium, Jaipur",0,0.007197674597437753,0.6000000000000001,5.324449024161424,0.08806385629258262,0.1768162123246455,40.81211690125315,0.53125,1.0,-1,1
1473504,2025-05-25,2025,Chennai Super Kings,Gujarat Titans,"Narendra Modi Stadium, Ahmedabad",1,-0.07166597424179477,-0.39999999999999997,-14.049023680930617,-0.006301066334302163,-0.6919865255917728,-135.6175690197599,0.42857142857142855,-0.2575757575757576,1,1
1473505,2025-05-25,2025,Sunrisers Hyderabad,Kolkata Knight Riders,"Arun Jaitley Stadium, Delhi",1,-0.03904528763769893,0.19999999999999996,4.505467156262739,-0.11056711546307607,0.04145638033408794,-61.30186126695162,0.3214285714285714,0.0,1,1
1473506,2025-05-26,2025,Mumbai Indians,Punjab Kings,"Sawai Mansingh Stadium, Jaipur",0,0.09492563429571305,0.20000000000000007,-0.027092446777487567,-0.22831729367162445,-0.01723500337730499,12.077803865806118,0.5483870967741935,0.0,-1,1
1473507,2025-05-27,2025,Lucknow Super Giants,Royal Challengers Bengaluru,"Bharat Ratna Shri Atal Bihari Vajpayee Ekana Cricket Stadium, Lucknow",0,0.0414614121510673,-0.6000000000000001,15.837027914614112,0.38033661740558244,0.5267613925286412,-58.109781904442116,0.4,-0.026315789473684237,-1,1
1473508,2025-05-29,2025,Punjab Kings,Royal Challengers Bengaluru,"Maharaja Yadavindra Singh International Cricket Stadium, Mullanpur",0,-0.033438108067654515,0.0,1.0832959137853777,0.3437808711270769,-0.039129023198121615,-42.21031657097569,0.5142857142857142,-0.6666666666666667,-1,1
1473509,2025-05-30,2025,Mumbai Indians,Gujarat Titans,"Maharaja Yadavindra Singh International Cricket Stadium, New Chandigarh",1,-0.073613109012446,0.0,-14.892300956907889,0.5341797485771469,-0.6309768843057917,-42.08525675863257,0.2857142857142857,0.0,1,1
1473510,2025-06-01,2025,Mumbai Indians,Punjab Kings,"Narendra Modi Stadium, Ahmedabad",0,0.09420955882352944,0.0,0.43727022058823195,-0.23046875,-0.004819937678785635,11.03002175238953,0.53125,-0.6,-1,1
1473511,2025-06-03,2025,Royal Challengers Bengaluru,Punjab Kings,"Narendra Modi Stadium, Ahmedabad",1,0.0350638398603364,0.20000000000000007,-1.2293796511369806,-0.36874731842996855,0.04283997657980443,53.107367387886825,0.5,-0.2666666666666666,-1,1
1527674,2026-03-28,2026,Sunrisers Hyderabad,Royal Challengers Bengaluru,"M Chinnaswamy Stadium, Bengaluru",0,-0.01308900523560208,0.0,1.0486871331112013,-0.00577106139933381,-0.06106107749536882,-102.08463784309606,0.5416666666666667,0.5263157894736843,-1,1
1527675,2026-03-29,2026,Kolkata Knight Riders,Mumbai Indians,"Wankhede Stadium, Mumbai",0,-0.031878031878031954,0.0,-5.5540045540045355,0.0043560043560040285,-0.0741326346658937,9.73254514952282,0.3142857142857143,-0.15555555555555556,-1,1
1527676,2026-03-30,2026,Chennai Super Kings,Rajasthan Royals,"Barsapara Cricket Stadium, Guwahati",0,0.07018340611353707,0.0,3.9052401746724854,-0.7018340611353713,0.1038014327425536,-6.677654465244586,0.5161290322580645,-0.4,-1,1
1527677,2026-03-31,2026,Gujarat Titans,Punjab Kings,"Maharaja Yadavindra Singh International Cricket Stadium, New Chandigarh",0,0.15542635658914733,0.0,15.343798449612393,-0.75,0.625065903718605,16.747832925284,0.5,-0.5,-1,1
1527678,2026-04-01,2026,Lucknow Super Giants,Delhi Capitals,"Bharat Ratna Shri Atal Bihari Vajpayee Ekana Cricket Stadium, Lucknow",0,0.06895144838841288,0.0,20.770297837617306,0.07833537331701379,0.7735022865221115,-18.102666910780044,0.4285714285714286,-0.21666666666666662,-1,1
1527679,2026-04-02,2026,Sunrisers Hyderabad,Kolkata Knight Riders,"Eden Gardens, Kolkata",1,-0.034855769230769273,0.19999999999999996,5.03365384615384,-0.11690705128205181,0.06599872812561003,-21.358059998522776,0.3448275862068966,-0.1166666666666667,-1,1
1527680,2026-04-03,2026,Chennai Super Kings,Punjab Kings,"MA Chidambaram Stadium, Chepauk, Chennai",0,0.1024165884723654,-0.19999999999999996,1.4032057099786073,-0.8312387515574766,-0.0654763532949687,-91.34627829957708,0.5161290322580645,-0.2761904761904762,-1,1
1527682,2026-04-04,2026,Rajasthan Royals,Gujarat Titans,"Narendra Modi Stadium, Ahmedabad",1,-0.10655737704918034,0.2,-17.572986457590872,0.5781183178902349,-0.7600675199034246,-40.547975716443716,0.25,0.034782608695652195,1,1
1527681,2026-04-04,2026,Mumbai Indians,Delhi Capitals,"Arun Jaitley Stadium, Delhi",0,0.09528506608798576,0.19999999999999996,6.014105346222124,-0.12339711974748546,0.18860944699595805,6.393821907793608,0.5675675675675675,0.42500000000000004,-1,1
1527683,2026-04-05,2026,Sunrisers Hyderabad,Lucknow Super Giants,"Rajiv Gandhi International Stadium, Uppal, Hyderabad",0,-0.03019474718599252,0.6000000000000001,-14.343934250491344,-0.37788100768268684,-0.5534985874347864,26.390063064271317,0.33333333333333337,-0.2222222222222222,-1,1
1527684,2026-04-05,2026,Royal Challengers Bengaluru,Chennai Super Kings,"M Chinnaswamy Stadium, Bengaluru",1,-0.0616052710392333,0.4,-2.6397873614854745,0.46269841269841283,0.11735204290613943,176.0408095790208,0.38235294117647056,0.16666666666666669,-1,1
1527686,2026-04-07,2026,Rajasthan Royals,Mumbai Indians,"Barsapara Cricket Stadium, Guwahati",1,-0.05056277056277059,0.19999999999999996,-2.8128138528138606,0.07341991341991339,-0.1414100530065756,-15.726814323306598,0.4666666666666667,0.0,-1,1
1527687,2026-04-08,2026,Gujarat Titans,Delhi Capitals,"Arun Jaitley Stadium, Delhi",1,0.13523573200992556,-0.6,20.957444168734497,-0.578411910669975,0.8116719109137307,-32.82242525848915,0.5714285714285714,0.2549019607843137,-1,1
1527688,2026-04-09,2026,Kolkata Knight Riders,Lucknow Super Giants,"Eden Gardens, Kolkata",0,-0.008182349503214503,-0.2,-19.40768881096173,-0.236249107084876,-0.6114788767653874,-0.2309250411449284,0.3333333333333333,-0.07142857142857145,-1,1
1527689,2026-04-10,2026,Royal Challengers Bengaluru,Rajasthan Royals,"Barsapara Cricket Stadium, Guwahati",0,-0.0005509463313455587,0.19999999999999996,1.5966748768472883,-0.20190562613430085,0.19446517411814312,104.36339139118968,0.5483870967741935,-0.0714285714285714,-1,1
1527690,2026-04-11,2026,Sunrisers Hyderabad,Punjab Kings,"Maharaja Yadavindra Singh International Cricket Stadium, New Chandigarh",0,0.019151467089611407,0.0,0.1499206978588461,-0.320023790642348,-0.0090058902005552,-61.32621243273138,0.7083333333333333,-0.5,-1,1
1527691,2026-04-11,2026,Chennai Super Kings,Delhi Capitals,"MA Chidambaram Stadium, Chepauk, Chennai",1,0.1014947071918586,-0.39999999999999997,7.000923780533952,-0.6979086214468522,0.12810848580461176,-95.45028364722748,0.6129032258064516,-0.16666666666666663,-1,1
1527693,2026-04-12,2026,Royal Challengers Bengaluru,Mumbai Indians,"Wankhede Stadium, Mumbai",1,-0.048851978505129456,0.4,-0.9666992346523386,-0.14427617651848212,0.07173504013039889,100.61868051292436,0.4242424242424242,0.05128205128205121,-1,1
1527692,2026-04-12,2026,Lucknow Super Giants,Gujarat Titans,"Bharat Ratna Shri Atal Bihari Vajpayee Ekana Cricket Stadium, Lucknow",0,-0.06984126984126982,0.39999999999999997,-1.5079365079365061,0.7555555555555555,-0.1047393657281308,-14.280219753422216,0.4285714285714286,0.09523809523809523,-1,1
1529264,2026-04-13,2026,Sunrisers Hyderabad,Rajasthan Royals,"Rajiv Gandhi International Stadium, Uppal, Hyderabad",1,-0.024386486189061307,-0.6,2.761483437878269,-0.1366787718719049,0.1216255361017744,-59.11200982207856,0.5714285714285714,0.08771929824561403,-1,1
1529265,2026-04-14,2026,Chennai Super Kings,Kolkata Knight Riders,"MA Chidambaram Stadium, Chepauk, Chennai",1,0.04772495041173286,0.4,6.8349462042435505,-0.6002284065636827,0.026220477121697172,-31.94208698073703,0.6451612903225806,-0.0496894409937888,-1,1
1529266,2026-04-15,2026,Lucknow Super Giants,Royal Challengers Bengaluru,"M Chinnaswamy Stadium, Bengaluru",0,0.020858820650844212,-0.4,14.589613408367995,0.43846342060190846,0.43698334541962325,-116.6290156513976,0.3333333333333333,0.47619047619047616,-1,1
1529267,2026-04-16,2026,Mumbai Indians,Punjab Kings,"Wankhede Stadium, Mumbai",0,0.08130351190229196,-0.6000000000000001,0.191072935253203,-0.21845996376059862,-0.005301549412356721,-72.75179017123241,0.5151515151515151,0.09259259259259256,-1,1
1529268,2026-04-17,2026,Kolkata Knight Riders,Gujarat Titans,"Narendra Modi Stadium, Ahmedabad",0,-0.09606701520912553,-0.4,-20.698788022813687,0.5405180608365017,-0.712312676473184,-75.25020385392668,0.25,0.20833333333333337,1,1
1529269,2026-04-18,2026,Royal Challengers Bengaluru,Delhi Capitals,"M Chinnaswamy Stadium, Bengaluru",0,0.04756094100286612,0.20000000000000007,4.794843781038054,-0.28059820085700427,0.27079561887390646,117.13424662328066,0.6129032258064516,0.2121212121212121,-1,1
1529270,2026-04-18,2026,Sunrisers Hyderabad,Chennai Super Kings,"Rajiv Gandhi International Stadium, Uppal, Hyderabad",1,-0.08001200480192078,0.0,-1.1580032012805361,0.5057623049219693,0.062053867470057256,30.05183214494423,0.31818181818181823,0.45,-1,1
1529272,2026-04-19,2026,Punjab Kings,Lucknow Super Giants,"Maharaja Yadavindra Singh International Cricket Stadium, New Chandigarh",1,-0.046663383403102665,0.4,-13.265451859147987,-0.14528441270622938,-0.4659861616270664,89.2650986803078,0.5,0.5,-1,1
1529271,2026-04-19,2026,Rajasthan Royals,Kolkata Knight Riders,"Eden Gardens, Kolkata",0,-0.007090132090132095,0.8,2.652486402486403,0.03787878787878807,-0.041272850867677846,66.71770958418665,0.4285714285714286,0.09090909090909088,1,1
1529273,2026-04-20,2026,Mumbai Indians,Gujarat Titans,"Narendra Modi Stadium, Ahmedabad",1,-0.06862202545655782,-0.39999999999999997,-15.141283895960157,0.5388489208633089,-0.6226517382721415,-72.28964213252175,0.375,-0.56,-1,1
1529274,2026-04-21,2026,Sunrisers Hyderabad,Delhi Capitals,"Rajiv Gandhi International Stadium, Uppal, Hyderabad",1,0.02723359904267436,0.0,6.092779525583381,-0.19789233946459195,0.20224471289384738,-17.150745360275323,0.5416666666666667,-0.5238095238095238,-1,1
1529275,2026-04-22,2026,Rajasthan Royals,Lucknow Super Giants,"Bharat Ratna Shri Atal Bihari Vajpayee Ekana Cricket Stadium, Lucknow",1,-0.005808848362039876,0.19999999999999996,-16.361972306653172,-0.2570753123944609,-0.6290276314706222,26.243203861829443,0.6666666666666667,0.5909090909090908,-1,1
1529276,2026-04-23,2026,Chennai Super Kings,Mumbai Indians,"Wankhede Stadium, Mumbai",1,0.014112903225806495,0.2,1.2776657706093317,-0.583921370967742,-0.060885695794011596,-45.73585236003123,0.46153846153846156,-0.0714285714285714,-1,1
1529277,2026-04-24,2026,Gujarat Titans,Royal Challengers Bengaluru,"M Chinnaswamy Stadium, Bengaluru",0,0.10235690235690242,0.0,14.962962962962962,-0.326599326599327,0.5042402864224371,-70.12870786733242,0.5,0.14492753623188404,-1,1
1529279,2026-04-25,2026,Rajasthan Royals,Sunrisers Hyderabad,"Sawai Mansingh Stadium, Jaipur",0,0.01433829823660332,0.0,-3.6179592535524705,0.16927752097243598,-0.16203623707023418,-9.36549018498863,0.4090909090909091,-0.6,-1,1
1529278,2026-04-25,2026,Delhi Capitals,Punjab Kings,"Arun Jaitley Stadium, Delhi",0,-0.013149556400506968,-0.6,-5.795641779006814,-0.076319276414333,-0.21734265949840825,-76.57370104832694,0.48484848484848486,-0.6111111111111112,1,1
1529280,2026-04-26,2026,Chennai Super Kings,Gujarat Titans,"MA Chidambaram Stadium, Chepauk, Chennai",0,-0.03281259074278409,0.0,-12.806260526162959,-0.07875021778268199,-0.6459651044535413,-52.896039588651774,0.5,0.5416666666666666,-1,1
1529282,2026-04-27,2026,Delhi Capitals,Royal Challengers Bengaluru,"Arun Jaitley Stadium, Delhi",0,-0.04893128176564787,-0.39999999999999997,-4.376606558518404,0.2632458400055695,-0.2534920794279074,-116.88578133535793,0.40625,-0.13157894736842107,-1,1
1529283,2026-04-28,2026,Punjab Kings,Rajasthan Royals,"Maharaja Yadavindra Singh International Cricket Stadium, New Chandigarh",0,-0.028624856156501677,0.6,3.1655638665132244,0.12749328730341425,0.17264144042779073,97.95253730034915,0.41379310344827586,0.5,-1,1
1529284,2026-04-29,2026,Mumbai Indians,Sunrisers Hyderabad,"Wankhede Stadium, Mumbai",0,0.05396625987078241,-0.6000000000000001,-1.1367910983488798,0.1108040201005025,-0.05262666936237537,-59.02640990619625,0.5833333333333334,0.4088669950738916,1,1
1529285,2026-04-30,2026,Royal Challengers Bengaluru,Gujarat Titans,"Narendra Modi Stadium, Ahmedabad",0,-0.09558823529411764,0.20000000000000007,-15.308823529411768,0.39338235294117574,-0.5102509192346325,91.55622766563033,0.5714285714285714,-0.038461538461538436,-1,1
1529286,2026-05-01,2026,Rajasthan Royals,Delhi Capitals,"Sawai Mansingh Stadium, Jaipur",0,0.04931446262715611,0.2,3.2087571870853537,-0.06722689075630228,0.07582789460251327,31.370411257354363,0.5172413793103448,-0.125,1,1
1529287,2026-05-02,2026,Mumbai Indians,Chennai Super Kings,"MA Chidambaram Stadium, Chepauk, Chennai",0,-0.017531518110844413,-0.39999999999999997,-1.344188805208404,0.5861541008027809,0.05778853666200767,12.067269377314915,0.525,-0.14500000000000002,1,1
1529288,2026-05-03,2026,Sunrisers Hyderabad,Kolkata Knight Riders,"Rajiv Gandhi International Stadium, Uppal, Hyderabad",0,-0.018207547169811322,0.8,6.985188679245283,-0.13226415094339572,0.16058730394599507,81.3328716462654,0.3666666666666667,-0.5,1,1
1529289,2026-05-03,2026,Punjab Kings,Gujarat Titans,"Narendra Modi Stadium, Ahmedabad",0,-0.1369975389663659,0.20000000000000007,-13.097019414820892,0.740771123872026,-0.5589339927378028,26.617350308951245,0.5714285714285714,0.015873015873015817,-1,1
1529290,2026-05-04,2026,Lucknow Super Giants,Mumbai Indians,"Wankhede Stadium, Mumbai",0,-0.04255319148936165,0.0,12.389295212765944,0.37777039007092217,0.45373004464566336,9.080319151825279,0.75,-0.033333333333333326,-1,1
1529291,2026-05-05,2026,Delhi Capitals,Chennai Super Kings,"Arun Jaitley Stadium, Delhi",0,-0.10677772475525282,-0.19999999999999996,-6.802409150723776,0.7124347461426117,-0.12102789197034802,33.59240809330345,0.375,-0.15000000000000002,1,1
1529292,2026-05-06,2026,Sunrisers Hyderabad,Punjab Kings,"Rajiv Gandhi International Stadium, Uppal, Hyderabad",1,0.02261250140276061,0.20000000000000007,0.70407361687802,-0.2921108742004268,0.012407383655386184,-30.101047552874206,0.6799999999999999,0.4782608695652174,-1,1
1529293,2026-05-07,2026,Lucknow Super Giants,Royal Challengers Bengaluru,"Bharat Ratna Shri Atal Bihari Vajpayee Ekana Cricket Stadium, Lucknow",1,-0.01318681318681314,-0.6,14.565567765567778,0.5164835164835164,0.4022325827171187,-160.82117478181794,0.2857142857142857,-0.27536231884057966,-1,1
1529294,2026-05-08,2026,Delhi Capitals,Kolkata Knight Riders,"Arun Jaitley Stadium, Delhi",0,-0.0598137133879475,-0.2,0.17974974750308093,0.11230501627202383,-0.08561619276274612,-0.49380342758695406,0.42424242424242425,0.0,-1,1
1529295,2026-05-09,2026,Gujarat Titans,Rajasthan Royals,"Sawai Mansingh Stadium, Jaipur",1,0.11219366407650933,0.19999999999999996,15.790017931858955,-0.6041841004184096,0.7049455829557871,65.59209466912989,0.6666666666666666,0.31372549019607837,-1,1
1529296,2026-05-10,2026,Lucknow Super Giants,Chennai Super Kings,"MA Chidambaram Stadium, Chepauk, Chennai",0,-0.06538461538461537,-0.39999999999999997,12.372960372960364,0.9229603729603735,0.5737480452858676,-20.24526710784562,0.6,-0.20512820512820512,-1,1
1529297,2026-05-10,2026,Mumbai Indians,Royal Challengers Bengaluru,"Shaheed Veer Narayan Singh International Stadium, Raipur",0,0.040519976270924074,0.0,1.4501044595187125,0.1514920946067937,-0.08345419494433237,-117.63117921036815,0.5588235294117647,0.0,-1,1
1529298,2026-05-11,2026,Punjab Kings,Delhi Capitals,"Himachal Pradesh Cricket Association Stadium, Dharamsala",0,0.014633195494479445,0.2,6.26243682385865,0.07543544547011383,0.24166392857174834,73.71276776536979,0.5294117647058824,-0.8,-1,1
1529299,2026-05-12,2026,Gujarat Titans,Sunrisers Hyderabad,"Narendra Modi Stadium, Ahmedabad",1,0.12466880490865984,0.0,12.644191883977129,-0.46130246827499644,0.5553991043230351,31.68254557334035,0.8333333333333334,0.5714285714285714,-1,1
1529300,2026-05-13,2026,Kolkata Knight Riders,Royal Challengers Bengaluru,"Shaheed Veer Narayan Singh International Stadium, Raipur",0,0.011399387129724214,0.0,-4.4909227102485545,0.13632958801498152,-0.18093521986781802,-91.53674235353174,0.5714285714285714,-0.5,-1,1
1529301,2026-05-14,2026,Punjab Kings,Mumbai Indians,"Himachal Pradesh Cricket Association Stadium, Dharamsala",0,-0.07583561067899941,0.0,0.6638112255623128,0.19460794618457022,0.0541936790682751,71.43451154530726,0.5,-0.33333333333333337,-1,1
1529302,2026-05-15,2026,Chennai Super Kings,Lucknow Super Giants,"Bharat Ratna Shri Atal Bihari Vajpayee Ekana Cricket Stadium, Lucknow",0,0.07451249499628299,0.6000000000000001,-12.597529593412247,-0.9502487562189055,-0.5817268126830868,48.49912609283524,0.5,0.08333333333333331,-1,1
1529303,2026-05-16,2026,Kolkata Knight Riders,Gujarat Titans,"Eden Gardens, Kolkata",1,-0.1100746268656716,-0.4,-19.71849087893864,0.5541044776119399,-0.7076900983730141,-102.2086950298069,0.19999999999999996,-0.5652173913043479,-1,1
1529304,2026-05-17,2026,Royal Challengers Bengaluru,Punjab Kings,"Himachal Pradesh Cricket Association Stadium, Dharamsala",1,0.04256236194170576,0.6,-2.122205161359858,-0.3552206238887985,0.029314734276109533,95.58902100781575,0.5135135135135135,0.8571428571428572,-1,1
1529305,2026-05-17,2026,Rajasthan Royals,Delhi Capitals,"Arun Jaitley Stadium, Delhi",0,0.04444444444444445,0.0,3.035648148148141,-0.053240740740741366,0.07355338411869461,-0.2433740266985751,0.5,0.18181818181818182,-1,1
1529306,2026-05-18,2026,Chennai Super Kings,Sunrisers Hyderabad,"MA Chidambaram Stadium, Chepauk, Chennai",0,0.0722746587447825,0.0,0.3172075358176869,-0.5300078968149506,-0.10788564697620728,-51.244017965448165,0.6521739130434783,0.22222222222222227,1,1
1529307,2026-05-19,2026,Lucknow Super Giants,Rajasthan Royals,"Sawai Mansingh Stadium, Jaipur",0,0.0020746887966804906,0.2,16.387661703685637,0.206248474493532,0.6636872085412406,-5.916610105075506,0.2857142857142857,0.3333333333333333,-1,1
1529308,2026-05-20,2026,Mumbai Indians,Kolkata Knight Riders,"Eden Gardens, Kolkata",0,0.02713102458749106,-0.4,5.616200352181579,0.02585273592904258,0.08499454098490489,-36.419754466795894,0.6944444444444444,-0.4583333333333333,-1,1
1529309,2026-05-21,2026,Gujarat Titans,Chennai Super Kings,"Narendra Modi Stadium, Ahmedabad",1,0.053700713578832215,0.20000000000000007,13.085004427313919,0.01776134173654853,0.6889817651669272,103.71228593686851,0.5555555555555556,0.08620689655172409,-1,1
1529310,2026-05-22,2026,Sunrisers Hyderabad,Royal Challengers Bengaluru,"Rajiv Gandhi International Stadium, Uppal, Hyderabad",1,-0.013927231542436469,0.0,2.2034048276350404,0.07083952714659869,-0.03754401402670915,-68.72711983021372,0.52,-0.5,1,1
1529311,2026-05-23,2026,Lucknow Super Giants,Punjab Kings,"Bharat Ratna Shri Atal Bihari Vajpayee Ekana Cricket Stadium, Lucknow",0,0.029790660225442855,0.4,13.694202898550742,0.06183574879227027,0.5223193283351399,-44.320268268764494,0.42857142857142855,-0.22666666666666663,-1,1
1529313,2026-05-24,2026,Delhi Capitals,Kolkata Knight Riders,"Eden Gardens, Kolkata",1,-0.06095394287276201,-0.20000000000000007,0.09667896678965349,0.1552958862921967,-0.095816997045155,-18.912164515606264,0.4117647058823529,-0.48,-1,1
1529312,2026-05-24,2026,Rajasthan Royals,Mumbai Indians,"Wankhede Stadium, Mumbai",1,-0.04195804195804198,0.0,-2.209154481881768,0.0689764780673876,-0.09323012741264414,28.896548123759885,0.4838709677419355,-0.048387096774193505,-1,1
1535462,2026-05-26,2026,Royal Challengers Bengaluru,Gujarat Titans,"Himachal Pradesh Cricket Association Stadium, Dharamsala",1,-0.1144273770173051,-0.20000000000000007,-16.13844059887225,0.44273770173050764,-0.5669662271906457,13.286012391533404,0.5,0.5,-1,1
1535463,2026-05-27,2026,Rajasthan Royals,Sunrisers Hyderabad,"Maharaja Yadavindra Singh International Cricket Stadium, New Chandigarh",1,0.004496637558968231,-0.19999999999999996,-3.4776472949914705,0.17591087021981355,-0.16408296154112811,-61.89848946981101,0.391304347826087,1.0,-1,1
1535464,2026-05-29,2026,Rajasthan Royals,Gujarat Titans,"Maharaja Yadavindra Singh International Cricket Stadium, New Chandigarh",0,-0.10923497267759563,0.0,-16.55251366120217,0.6327868852459009,-0.7262983090595725,-49.41030219410209,0.30000000000000004,1.0,1,1
1535465,2026-05-31,2026,Gujarat Titans,Royal Challengers Bengaluru,"Narendra Modi Stadium, Ahmedabad",0,0.10946047915487644,-0.20000000000000007,16.12639124693453,-0.4093567251461989,0.5743513536388996,-29.258313003125522,0.4444444444444444,0.17142857142857143,-1,1
